o 
v 0 0.31945592164993286 0
v 0 0.31945592164993286 0
v 0 0.31945592164993286 0
v 0 0.31945592164993286 0
v 0 0.31945592164993286 0
v 0 0.31945592164993286 0
v 0 0.31945592164993286 0
v 0 0.31945592164993286 0
v 0 0.31945592164993286 0
v 0 0.31945592164993286 0
v 0 0.31945592164993286 0
v 0 0.31945592164993286 0
v 0 0.31945592164993286 0
v 0 0.31945592164993286 0
v 0 0.31945592164993286 0
v 0 0.31945592164993286 0
v 0 0.31945592164993286 0
v 0 0.31945592164993286 0
v 0 0.31945592164993286 0
v 0 0.31945592164993286 0
v 0 0.31945592164993286 0
v 0 0.31945592164993286 0
v 0 0.31945592164993286 0
v 0 0.31945592164993286 0
v 0 0.31945592164993286 0
v 0 0.31945592164993286 0
v 0 0.31945592164993286 0
v 0 0.31945592164993286 0
v 0 0.31945592164993286 0
v 0 0.31945592164993286 0
v 0 0.31945592164993286 0
v 0 0.31945592164993286 0
v 0 0.31945592164993286 0
v 0 0.31945592164993286 0
v 0 0.31945592164993286 0
v 0 0.31945592164993286 0
v 0 0.31945592164993286 0
v 0 0.31945592164993286 0
v 0 0.31945592164993286 0
v 0 0.31945592164993286 0
v 0 0.31945592164993286 0
v 0 0.31945592164993286 0
v 0 0.31945592164993286 0
v 0 0.31945592164993286 0
v 0 0.31945592164993286 0
v 0 0.31945592164993286 0
v 0 0.31945592164993286 0
v 0 0.31945592164993286 0
v 0 0.31945592164993286 0
v 0 0.31945592164993286 0
v 0 0.31945592164993286 0
v 0 0.31945592164993286 0
v 0 0.31945592164993286 0
v 0 0.31945592164993286 0
v 0 0.31945592164993286 0
v 0 0.31945592164993286 0
v 0 0.31945592164993286 0
v 0 0.31945592164993286 0
v 0 0.31945592164993286 0
v 0 0.31945592164993286 0
v 0 0.31945592164993286 0
v 0 0.31945592164993286 0
v 0 0.31945592164993286 0
v 0 0.31945592164993286 0
v 0 0.31945592164993286 0
v -0.038474250584840775 0.411672979593277 0
v -0.038308050483465195 0.41187795996665955 0.004567332100123167
v -0.03774416446685791 0.4117732048034668 0.009088367223739624
v -0.036792583763599396 0.4113937020301819 0.013510572724044323
v -0.03547064587473869 0.41080528497695923 0.017785565927624702
v -0.03373373672366142 0.40927654504776 0.02182706817984581
v -0.031433843076229095 0.40451374650001526 0.025425195693969727
v -0.028841596096754074 0.39922356605529785 0.028652779757976532
v -0.02600798010826111 0.39355355501174927 0.03148334473371506
v -0.022981880232691765 0.3876226544380188 0.03389897570014
v -0.019808821380138397 0.38150641322135925 0.035887252539396286
v -0.016531111672520638 0.3752301335334778 0.037438590079545975
v -0.01318911649286747 0.3687722682952881 0.03854478523135185
v -0.009822951629757881 0.3620763421058655 0.039199184626340866
v -0.006473895162343979 0.35506850481033325 0.03939835727214813
v -0.003184903645887971 0.34767740964889526 0.03914463520050049
v -1.9448641611025347e-18 0.33985263109207153 0.038448791950941086
v 0.0031819145660847425 0.3473511338233948 0.03910789638757706
v 0.006459556054323912 0.35428208112716675 0.03931109234690666
v 0.009782341308891773 0.3605794310569763 0.03903711959719658
v 0.013098244555294514 0.3662314713001251 0.0382792130112648
v 0.016356850042939186 0.3712746798992157 0.03704393655061722
v 0.019511526450514793 0.37578073143959045 0.03534865379333496
v 0.02252032235264778 0.37983784079551697 0.03321816399693489
v 0.025345580652356148 0.3835300803184509 0.030681492760777473
v 0.027952585369348526 0.3869178891181946 0.02776958793401718
v 0.03030792623758316 0.39002466201782227 0.02451450191438198
v 0.03237830847501755 0.3928317725658417 0.02095005474984646
v 0.033910177648067474 0.3927325904369354 0.017003120854496956
v 0.035065554082393646 0.3920830190181732 0.012876391410827637
v 0.03589842841029167 0.39163702726364136 0.00864393450319767
v 0.03639567270874977 0.39131659269332886 0.004339326173067093
v 0.03654675558209419 0.3910488486289978 5.4179362320906626e-18
v 0.03634514659643173 0.39077335596084595 -0.00433330237865448
v 0.03578922897577286 0.39044567942619324 -0.008617640472948551
v 0.03488264977931976 0.3900379240512848 -0.012809228152036667
v 0.03363432362675667 0.3895377814769745 -0.016864802688360214
v 0.03199004754424095 0.3881211578845978 -0.02069883421063423
v 0.029792726039886475 0.38339468836784363 -0.024097783491015434
v 0.027306368574500084 0.3779730200767517 -0.027127603068947792
v 0.024579491466283798 0.3719376027584076 -0.029754120856523514
v 0.021663423627614975 0.3653849959373474 -0.031954213976860046
v 0.018610335886478424 0.35842427611351013 -0.03371598199009895
v 0.015471258200705051 0.35117316246032715 -0.035038311034440994
v 0.01229431014508009 0.3437531888484955 -0.03592974320054054
v 0.009123212657868862 0.33628377318382263 -0.036406826227903366
v 0.005996342282742262 0.3288765251636505 -0.03649210184812546
v 0.002946295076981187 0.32162994146347046 -0.03621197119355202
v 5.401500153319234e-18 0.31462591886520386 -0.03559479862451553
v -0.0029652537778019905 0.3236995339393616 -0.03644498810172081
v -0.006071044597774744 0.3329736888408661 -0.03694671764969826
v -0.009287221357226372 0.34232914447784424 -0.037061311304569244
v -0.012576333247125149 0.35163864493370056 -0.03675394505262375
v -0.01589418202638626 0.36077287793159485 -0.03599612042307854
v -0.01919092796742916 0.3696061670780182 -0.03476783260703087
v -0.02241259627044201 0.37802085280418396 -0.033059261739254
v -0.025502856820821762 0.3859099745750427 -0.030871879309415817
v -0.028404826298356056 0.3931778073310852 -0.028218869119882584
v -0.031062789261341095 0.3997388184070587 -0.02512507140636444
v -0.033423759043216705 0.40551576018333435 -0.02162650227546692
v -0.03521871566772461 0.4078875184059143 -0.01765924133360386
v -0.036598868668079376 0.40922775864601135 -0.013439441099762917
v -0.03761160001158714 0.4103270173072815 -0.009056447073817253
v -0.0382404662668705 0.41115131974220276 -0.004559274297207594
v -0.038474250584840775 0.411672979593277 -1.1407362450407474e-17
v -0.07806457579135895 0.41505712270736694 0
v -0.078701451420784 0.42046794295310974 0.009383292868733406
v -0.07846084237098694 0.4253367781639099 0.018892481923103333
v -0.07720315456390381 0.428947389125824 0.028349705040454865
v -0.07482551783323288 0.4306141436100006 0.03751874342560768
v -0.07130835205316544 0.4298970699310303 0.046139348298311234
v -0.06675078719854355 0.42683881521224976 0.053991228342056274
v -0.061369843780994415 0.42210787534713745 0.0609680637717247
v -0.05544847995042801 0.4169255197048187 0.06712184101343155
v -0.049245793372392654 0.412728488445282 0.07263905555009842
v -0.04291270673274994 0.410677433013916 0.07774412631988525
v -0.03646158054471016 0.4112470746040344 0.08257583528757095
v -0.029065163806080818 0.4038192331790924 0.0849420502781868
v -0.021478962153196335 0.3934078514575958 0.08571330457925797
v -0.014048902317881584 0.3828781247138977 0.08549778163433075
v -0.00684741884469986 0.37143152952194214 0.08415944129228592
v -4.129065587821775e-18 0.3585294485092163 0.08162912726402283
v 0.006913530174642801 0.3750176727771759 0.08497199416160583
v 0.01428530365228653 0.38932082056999207 0.08693645149469376
v 0.02190769650042057 0.4012605547904968 0.08742421120405197
v 0.029584888368844986 0.4110400676727295 0.08646091818809509
v 0.03684169054031372 0.4155343174934387 0.08343668282032013
v 0.04284337908029556 0.41001397371292114 0.07761852443218231
v 0.04843869432806969 0.4059642255306244 0.07144856452941895
v 0.05374794453382492 0.40413898229599 0.06506330519914627
v 0.05881974846124649 0.4045681357383728 0.05843467265367508
v 0.06358451396226883 0.4065919816493988 0.05143019184470177
v 0.06787236779928207 0.4091825485229492 0.04391612485051155
v 0.07147923856973648 0.4113565981388092 0.03584086522459984
v 0.07423894852399826 0.4124780595302582 0.027261221781373024
v 0.07606640458106995 0.4123564660549164 0.018315928056836128
v 0.07696124911308289 0.4111708104610443 0.009175814688205719
v 0.07698340713977814 0.4093087315559387 1.1412537292319606e-17
v 0.07621932774782181 0.40720707178115845 -0.009087358601391315
v 0.07475350797176361 0.4052392840385437 -0.017999796196818352
v 0.07265175879001617 0.40365949273109436 -0.02667839080095291
v 0.06995570659637451 0.40258878469467163 -0.035076942294836044
v 0.0666852742433548 0.40202587842941284 -0.04314802587032318
v 0.06284547597169876 0.40186619758605957 -0.05083242431282997
v 0.05843563377857208 0.4019261300563812 -0.05805307254195213
v 0.05346004292368889 0.4019742012023926 -0.06471478939056396
v 0.047939054667949677 0.4017767310142517 -0.07071156799793243
v 0.04191799834370613 0.40115800499916077 -0.0759420245885849
v 0.035469841212034225 0.4000612795352936 -0.08032980561256409
v 0.027947362512350082 0.3882889449596405 -0.08167530596256256
v 0.020309584215283394 0.3719896078109741 -0.08104682713747025
v 0.013041341677308083 0.3554188311100006 -0.079366035759449
v 0.006249577272683382 0.33900219202041626 -0.07681155949831009
v 1.1160982569055492e-17 0.32303839921951294 -0.07354862242937088
v -0.006245849188417196 0.33879995346069336 -0.07676573842763901
v -0.013017937541007996 0.35478097200393677 -0.07922361046075821
v -0.02023017778992653 0.3705351948738098 -0.08072995394468307
v -0.02775598131120205 0.3856299817562103 -0.08111599087715149
v -0.03510505333542824 0.3959469199180603 -0.07950367033481598
v -0.04133432358503342 0.3955722153186798 -0.07488460093736649
v -0.04712585359811783 0.39496129751205444 -0.06951207667589188
v -0.052450329065322876 0.3943819999694824 -0.06349250674247742
v -0.05730295181274414 0.39413541555404663 -0.05692780017852783
v -0.06169237568974495 0.3944927155971527 -0.049899742007255554
v -0.06562922894954681 0.39565929770469666 -0.0424647256731987
v -0.06911715120077133 0.3977629840373993 -0.034656476229429245
v -0.07214632630348206 0.4008512496948242 -0.026492789387702942
v -0.07468795031309128 0.40488386154174805 -0.01798401027917862
v -0.0766885057091713 0.4097136855125427 -0.00914329756051302
v -0.07806457579135895 0.41505712270736694 -2.314563354178311e-17
v -0.10750793665647507 0.37709707021713257 0
v -0.10889052599668503 0.38379475474357605 0.012982630170881748
v -0.10975377261638641 0.39251670241355896 0.026427462697029114
v -0.10997646301984787 0.4031136631965637 0.040384355932474136
v -0.1091994047164917 0.4145887792110443 0.05475436896085739
v -0.10680756717920303 0.424800306558609 0.0691087394952774
v -0.10210976004600525 0.43075817823410034 0.08259126543998718
v -0.0947430357336998 0.42990708351135254 0.09412278980016708
v -0.08508757501840591 0.42207902669906616 0.10300074517726898
v -0.07427459955215454 0.41067132353782654 0.10955730080604553
v -0.06357137113809586 0.4013610780239105 0.11517102271318436
v -0.053565457463264465 0.3985757529735565 0.12131159007549286
v -0.04392634704709053 0.4026225209236145 0.1283733993768692
v -0.03376420587301254 0.4079858362674713 0.13473846018314362
v -0.021867573261260986 0.3931674063205719 0.13308008015155792
v -0.010505177080631256 0.3759360611438751 0.1291157603263855
v -6.224966311331592e-18 0.3565897047519684 0.12306381016969681
v 0.010659441351890564 0.38145652413368225 0.13101176917552948
v 0.022466173395514488 0.4039298892021179 0.13672298192977905
v 0.03496871888637543 0.4225403666496277 0.13954514265060425
v 0.04555819183588028 0.4175797998905182 0.1331424117088318
v 0.05500632897019386 0.4092971682548523 0.12457478046417236
v 0.06403568387031555 0.4042925238609314 0.11601220071315765
v 0.07335707545280457 0.4055982232093811 0.10820391774177551
v 0.08310021460056305 0.41222065687179565 0.10059498995542526
v 0.09250291436910629 0.41974228620529175 0.09189733117818832
v 0.10038615763187408 0.4234870374202728 0.08119713515043259
v 0.10590960085391998 0.42122888565063477 0.06852772831916809
v 0.1089523434638977 0.4136507511138916 0.05463049188256264
v 0.10997439920902252 0.40310612320899963 0.04038360342383385
v 0.10964296758174896 0.3921204209327698 0.02640078216791153
v 0.10852455347776413 0.38250482082366943 0.012938995845615864
v 0.1069534420967102 0.3751521110534668 1.5855495588728716e-17
v 0.10503822565078735 0.370216965675354 -0.012523333542048931
v 0.10273011773824692 0.3673977255821228 -0.024736247956752777
v 0.09990113228559494 0.36618298292160034 -0.03668460622429848
v 0.09641218185424805 0.36604052782058716 -0.04834264889359474
v 0.09216618537902832 0.3665679097175598 -0.059635188430547714
v 0.08714094012975693 0.36761102080345154 -0.07048376649618149
v 0.08139104396104813 0.36932092905044556 -0.08085820078849792
v 0.07500936090946198 0.3720858097076416 -0.09080080687999725
v 0.06805549561977386 0.3762853145599365 -0.1003839299082756
v 0.06049131602048874 0.38191497325897217 -0.10959093272686005
v 0.05218535289168358 0.38830652832984924 -0.11818601191043854
v 0.04301213473081589 0.3942429721355438 -0.1257016360759735
v 0.03279561176896095 0.396281898021698 -0.1308732032775879
v 0.020916607230901718 0.37606948614120483 -0.12729275226593018
v 0.00987254362553358 0.3532967269420624 -0.12134026736021042
v 1.721064242521719e-17 0.32863032817840576 -0.11341466754674911
v -0.009732892736792564 0.3482992351055145 -0.11962386220693588
v -0.02036951668560505 0.36623314023017883 -0.12396330386400223
v -0.03163051977753639 0.38220372796058655 -0.1262238323688507
v -0.041153136640787125 0.37720367312431335 -0.12026877701282501
v -0.04974493384361267 0.37014755606651306 -0.11265911161899567
v -0.057738520205020905 0.36453506350517273 -0.10460375249385834
v -0.06530770659446716 0.36109253764152527 -0.09633086621761322
v -0.07252397388219833 0.3597569763660431 -0.08779218047857285
v -0.07932153344154358 0.35993024706840515 -0.07880223542451859
v -0.08555727452039719 0.3609301745891571 -0.06920281797647476
v -0.09109524637460709 0.3623085021972656 -0.05894225090742111
v -0.09585773199796677 0.36393553018569946 -0.048064641654491425
v -0.09983222186565399 0.3659304082393646 -0.036659304052591324
v -0.1030540019273758 0.36855605244636536 -0.02481423318386078
v -0.10558661073446274 0.3721497654914856 -0.012588715180754662
v -0.10750793665647507 0.37709707021713257 -3.187539828728602e-17
v -0.1454971581697464 0.37708988785743713 0
v -0.14560352265834808 0.37919142842292786 0.017359787598252296
v -0.1443052738904953 0.38132795691490173 0.03474707528948784
v -0.1420140266418457 0.38462430238723755 0.05214884504675865
v -0.1392613649368286 0.39066606760025024 0.06982793658971786
v -0.13621604442596436 0.4003029763698578 0.0881372019648552
v -0.132147416472435 0.4119102954864502 0.10688714683055878
v -0.1253688633441925 0.42033419013023376 0.12454812228679657
v -0.11430744081735611 0.418967068195343 0.13837216794490814
v -0.0993821993470192 0.4060133993625641 0.14659178256988525
v -0.08351590484380722 0.3896014392375946 0.15130415558815002
v -0.06954272091388702 0.3823450207710266 0.15749584138393402
v -0.057270873337984085 0.3878684639930725 0.16737234592437744
v -0.044509727507829666 0.3973939120769501 0.17761921882629395
v -0.029528092592954636 0.3922744393348694 0.17969991266727448
v -0.013690270483493805 0.3619931638240814 0.16826273500919342
v -7.82834550015386e-18 0.33134424686431885 0.1547616422176361
v 0.013734034262597561 0.36315032839775085 0.16880063712596893
v 0.02979341521859169 0.3957992196083069 0.18131457269191742
v 0.04525144025683403 0.40401607751846313 0.1805790662765503
v 0.05844753980636597 0.3958374857902527 0.17081111669540405
v 0.07057183980941772 0.3880031406879425 0.15982653200626373
v 0.08380136638879776 0.3909331262111664 0.1518213152885437
v 0.09907272458076477 0.4047490954399109 0.14613528549671173
v 0.11414949595928192 0.41838812828063965 0.13818097114562988
v 0.12584590911865234 0.4219335615634918 0.1250220090150833
v 0.13301846385002136 0.414625346660614 0.10759168863296509
v 0.1367981731891632 0.4020136892795563 0.08851386606693268
v 0.1389520764350891 0.3897984027862549 0.0696728527545929
v 0.14059610664844513 0.3807840645313263 0.051628172397613525
v 0.14196614921092987 0.3751468062400818 0.03418383747339249
v 0.14279688894748688 0.3718821704387665 0.017025163397192955
v 0.14276549220085144 0.370010107755661 2.116451612238391e-17
v 0.14173638820648193 0.36912035942077637 -0.01689872331917286
v 0.13976047933101654 0.36931830644607544 -0.033652737736701965
v 0.13691206276416779 0.37080639600753784 -0.05027536302804947
v 0.13311801850795746 0.3734322786331177 -0.06674756109714508
v 0.12811745703220367 0.3765034079551697 -0.0828971117734909
v 0.1215713694691658 0.3789442181587219 -0.0983327329158783
v 0.11322692036628723 0.3796249032020569 -0.11248565465211868
v 0.10305475443601608 0.37772297859191895 -0.12475048750638962
v 0.09136012941598892 0.37324023246765137 -0.13475897908210754
v 0.07882283627986908 0.36770832538604736 -0.14280182123184204
v 0.06625671684741974 0.3642786145210266 -0.15005390346050262
v 0.054040126502513885 0.36598819494247437 -0.15793059766292572
v 0.041774481534957886 0.37297293543815613 -0.16670401394367218
v 0.028026198968291283 0.37232211232185364 -0.17055977880954742
v 0.013212061487138271 0.3493485152721405 -0.16238521039485931
v 2.275277072729595e-17 0.321012943983078 -0.14993618428707123
v -0.013102849945425987 0.3464607894420624 -0.1610429435968399
v -0.027669642120599747 0.36758536100387573 -0.16838988661766052
v -0.04123853147029877 0.3681878447532654 -0.1645652800798416
v -0.05358126387000084 0.36288052797317505 -0.1565895825624466
v -0.06611102819442749 0.36347758769989014 -0.14972396194934845
v -0.07899218797683716 0.3684983551502228 -0.14310862123966217
v -0.09161872416734695 0.37429672479629517 -0.13514041900634766
v -0.10313621908426285 0.37802156805992126 -0.1248491108417511
v -0.11299607157707214 0.37885090708732605 -0.11225631833076477
v -0.12108904123306274 0.37744075059890747 -0.09794260561466217
v -0.12762175500392914 0.37504664063453674 -0.08257635682821274
v -0.13295194506645203 0.37296637892723083 -0.06666428595781326
v -0.13740946352481842 0.37215349078178406 -0.05045800283551216
v -0.1411181390285492 0.3729059100151062 -0.03397964686155319
v -0.14392170310020447 0.3748115301132202 -0.017159271985292435
v -0.1454971581697464 0.37708988785743713 -4.313895456102054e-17
v -0.1840246021747589 0.37412604689598083 0
v -0.18478894233703613 0.37749773263931274 0.02203172631561756
v -0.18230459094047546 0.37789028882980347 0.0438968762755394
v -0.1774955838918686 0.3770897686481476 0.06517799943685532
v -0.17163221538066864 0.37768131494522095 0.08605921268463135
v -0.16573946177959442 0.3820657730102539 0.10724002122879028
v -0.1599210649728775 0.39102211594581604 0.12935179471969604
v -0.15266890823841095 0.40152010321617126 0.151669442653656
v -0.14106738567352295 0.4055866301059723 0.17076577246189117
v -0.123426653444767 0.39554184675216675 0.18205809593200684
v -0.10292219370603561 0.3766275942325592 0.1864621639251709
v -0.0853753313422203 0.36820346117019653 0.19335255026817322
v -0.07103580236434937 0.3773806691169739 0.2075999230146408
v -0.05505477637052536 0.38557863235473633 0.21969996392726898
v -0.03643731027841568 0.37971052527427673 0.2217475026845932
v -0.016314661130309105 0.33839043974876404 0.20051828026771545
v -9.02338656599902e-18 0.29959237575531006 0.1783868819475174
v 0.016461854800581932 0.3414434492588043 0.20232738554477692
v 0.03659147396683693 0.3813170790672302 0.22268569469451904
v 0.05434952303767204 0.38063937425613403 0.21688559651374817
v 0.0692458301782608 0.36787137389183044 0.20236879587173462
v 0.08396784961223602 0.36213335394859314 0.1901649832725525
v 0.10275748372077942 0.37602487206459045 0.1861637532711029
v 0.12302878499031067 0.3942667841911316 0.18147121369838715
v 0.13886038959026337 0.39924126863479614 0.16809415817260742
v 0.1490369290113449 0.3919679522514343 0.14806123077869415
v 0.15651501715183258 0.3826940357685089 0.1265968233346939
v 0.1639920175075531 0.3780375123023987 0.10610935091972351
v 0.1721143126487732 0.3787422180175781 0.08630094677209854
v 0.18002241849899292 0.38245803117752075 0.06610587984323502
v 0.18625515699386597 0.38607925176620483 0.044848132878541946
v 0.18935148417949677 0.3868183195590973 0.022575698792934418
v 0.18830999732017517 0.3828383684158325 2.791633982203982e-17
v 0.183071106672287 0.37398841977119446 -0.021826915442943573
v 0.17483772337436676 0.36241257190704346 -0.04209894314408302
v 0.16576486825942993 0.3521678149700165 -0.060870375484228134
v 0.15780697762966156 0.3472585082054138 -0.07912701368331909
v 0.1514429748058319 0.3491092324256897 -0.09798962622880936
v 0.14553821086883545 0.35585469007492065 -0.11771826446056366
v 0.13854534924030304 0.3643750548362732 -0.13763833045959473
v 0.12965868413448334 0.37278515100479126 -0.15695524215698242
v 0.11872140318155289 0.3804630637168884 -0.17511770129203796
v 0.10540574789047241 0.3857157826423645 -0.1909615695476532
v 0.08923447132110596 0.3848470151424408 -0.2020924687385559
v 0.07087236642837524 0.37651240825653076 -0.20712228119373322
v 0.05235949158668518 0.36670204997062683 -0.20894423127174377
v 0.03487686067819595 0.36344918608665466 -0.21225103735923767
v 0.016192711889743805 0.3358610272407532 -0.1990194469690323
v 2.7387129518463094e-17 0.3031004071235657 -0.18047566711902618
v -0.016214419156312943 0.33631131052970886 -0.19928628206253052
v -0.034712210297584534 0.3617333769798279 -0.21124900877475739
v -0.0515136756002903 0.3607783913612366 -0.20556895434856415
v -0.06929707527160645 0.36814361810684204 -0.2025185525417328
v -0.08772288262844086 0.3783279061317444 -0.19866912066936493
v -0.10488900542259216 0.3838248550891876 -0.19002540409564972
v -0.1196017861366272 0.38328438997268677 -0.1764162927865982
v -0.13195312023162842 0.3793819546699524 -0.15973271429538727
v -0.1421557068824768 0.373870313167572 -0.14122503995895386
v -0.15010826289653778 0.3670288920402527 -0.12141472846269608
v -0.1561029702425003 0.35985156893730164 -0.10100483149290085
v -0.16132663190364838 0.35500362515449524 -0.08089182525873184
v -0.16713543236255646 0.3550795912742615 -0.06137366220355034
v -0.17376430332660675 0.36018750071525574 -0.04184047132730484
v -0.1799807995557785 0.3676753342151642 -0.021458465605974197
v -0.1840246021747589 0.37412604689598083 -5.4562087209806336e-17
v -0.2183081954717636 0.3608033359050751 0
v -0.21498700976371765 0.35703355073928833 0.025632133707404137
v -0.2091446965932846 0.35243043303489685 0.05035966634750366
v -0.20294305682182312 0.35050147771835327 0.07452253997325897
v -0.1973520666360855 0.3530423939228058 0.09895556420087814
v -0.19223752617835999 0.3602540194988251 0.12438532710075378
v -0.18659710884094238 0.370901882648468 0.15092866122722626
v -0.17849141359329224 0.38162118196487427 0.1773228794336319
v -0.16509443521499634 0.3858761489391327 0.1998511552810669
v -0.14468775689601898 0.3769412934780121 0.2134188711643219
v -0.1210644394159317 0.36014559864997864 0.2193301022052765
v -0.1018461063504219 0.3570740818977356 0.2306544929742813
v -0.08569078892469406 0.3700794577598572 0.2504286766052246
v -0.06477202475070953 0.3687770366668701 0.2584773302078247
v -0.04155518487095833 0.3520383834838867 0.25289350748062134
v -0.019116681069135666 0.3223375976085663 0.2349570095539093
v -1.0704609654317123e-17 0.2889285683631897 0.2116236537694931
v 0.02038523741066456 0.3437274992465973 0.25054842233657837
v 0.04479954019188881 0.37952321767807007 0.2726377844810486
v 0.06549113988876343 0.3728712797164917 0.2613470256328583
v 0.08162379264831543 0.35251501202583313 0.23854300379753113
v 0.10034725069999695 0.35181909799575806 0.22725997865200043
v 0.12323984503746033 0.3666170537471771 0.22327125072479248
v 0.14158283174037933 0.3688523471355438 0.2088390290737152
v 0.1529351770877838 0.357456237077713 0.18513205647468567
v 0.1617809534072876 0.34589362144470215 0.1607218086719513
v 0.17134326696395874 0.3405815660953522 0.13859063386917114
v 0.18187065422534943 0.34082645177841187 0.11767754703760147
v 0.1923712193965912 0.3441321551799774 0.09645809233188629
v 0.20178046822547913 0.3484935462474823 0.07409562915563583
v 0.2093012034893036 0.35269415378570557 0.0503973513841629
v 0.21443787217140198 0.35612159967422485 0.02556666173040867
v 0.21680903434753418 0.35832563042640686 3.214122435765851e-17
v 0.21567519009113312 0.35817644000053406 -0.02571418508887291
v 0.2097373604774475 0.3534291386604309 -0.05050237476825714
v 0.1983994096517563 0.34265416860580444 -0.07285407930612564
v 0.1841336190700531 0.32939594984054565 -0.09232761710882187
v 0.17214131355285645 0.322593629360199 -0.11138228327035904
v 0.1651766300201416 0.3283240497112274 -0.13360275328159332
v 0.1599525362253189 0.3419843912124634 -0.15890537202358246
v 0.15126259624958038 0.3535469174385071 -0.18310734629631042
v 0.13770122826099396 0.358739972114563 -0.20311354100704193
v 0.12166249006986618 0.3619247078895569 -0.22041359543800354
v 0.1056169643998146 0.3702947795391083 -0.23919448256492615
v 0.08871214836835861 0.38312801718711853 -0.259258508682251
v 0.06809214502573013 0.3876799941062927 -0.2717265188694
v 0.04460814222693443 0.37790176272392273 -0.2714729607105255
v 0.020243223756551743 0.34133291244506836 -0.24880298972129822
v 3.2380266319796536e-17 0.29132571816444397 -0.2133794128894806
v -0.019247792661190033 0.3245483934879303 -0.23656848073005676
v -0.04068729653954506 0.34468600153923035 -0.24761180579662323
v -0.061940036714076996 0.3526532053947449 -0.24717608094215393
v -0.08453695476055145 0.3650962710380554 -0.24705661833286285
v -0.10504583269357681 0.3682923913002014 -0.2379010170698166
v -0.12208118289709091 0.36317023634910583 -0.22117212414741516
v -0.13787153363227844 0.3591836392879486 -0.20336474478244781
v -0.15392880141735077 0.35977867245674133 -0.18633487820625305
v -0.16866576671600342 0.3606135845184326 -0.16756156086921692
v -0.17890401184558868 0.355610191822052 -0.1447061151266098
v -0.18440702557563782 0.3455796241760254 -0.11931867152452469
v -0.18964287638664246 0.33925145864486694 -0.09509005397558212
v -0.19844092428684235 0.34272584319114685 -0.07286931574344635
v -0.20904280245304108 0.35225874185562134 -0.05033513158559799
v -0.21659180521965027 0.35969865322113037 -0.02582346834242344
v -0.2183081954717636 0.3608033359050751 -6.472694248927852e-17
v -0.23878958821296692 0.3281424641609192 0
v -0.229482501745224 0.31687861680984497 0.027360383421182632
v -0.2235684096813202 0.3132445812225342 0.05383273586630821
v -0.220883309841156 0.3171941041946411 0.08111037313938141
v -0.21920008957386017 0.32604116201400757 0.1099105179309845
v -0.2161845862865448 0.3368541896343231 0.13988003134727478
v -0.21010711789131165 0.3472493290901184 0.16994468867778778
v -0.19949409365653992 0.3546432852745056 0.19818805158138275
v -0.18292668461799622 0.3554995656013489 0.22143755853176117
v -0.1606355458498001 0.3479606509208679 0.2369423508644104
v -0.13759416341781616 0.3403361439704895 0.24927666783332825
v -0.11960936337709427 0.3486788868904114 0.27088356018066406
v -0.09991979598999023 0.3588053584098816 0.2920125126838684
v -0.07226286828517914 0.3420882225036621 0.2883700430393219
v -0.04705919325351715 0.33147886395454407 0.28638941049575806
v -0.02335989847779274 0.3275035321712494 0.28710904717445374
v -1.3126630056638728e-17 0.2945909798145294 0.2595055103302002
v 0.025068635120987892 0.3514598309993744 0.3081105649471283
v 0.05373803898692131 0.3785237669944763 0.3270350396633148
v 0.077267587184906 0.3657802939414978 0.30834171175956726
v 0.09794163703918457 0.351701945066452 0.2862314283847809
v 0.12451975792646408 0.36299341917037964 0.28200429677963257
v 0.14836488664150238 0.3669773042201996 0.26878979802131653
v 0.16356261074543 0.3543011248111725 0.2412598580121994
v 0.1763439178466797 0.3427066504955292 0.21346895396709442
v 0.19069305062294006 0.33899757266044617 0.1894446313381195
v 0.2059629261493683 0.3404001295566559 0.16659267246723175
v 0.220508873462677 0.34359222650527954 0.14267802238464355
v 0.23312528431415558 0.34675368666648865 0.11689284443855286
v 0.2426321804523468 0.34842604398727417 0.08909676969051361
v 0.2473854273557663 0.34661489725112915 0.05956760421395302
v 0.24582387506961823 0.33944347500801086 0.029308706521987915
v 0.2382015436887741 0.3273344039916992 3.531259843023987e-17
v 0.22839327156543732 0.31537455320358276 -0.0272305179387331
v 0.2231166660785675 0.3126116394996643 -0.053723957389593124
v 0.2259838730096817 0.3245186507701874 -0.0829833447933197
v 0.23039735853672028 0.3426961302757263 -0.1155250146985054
v 0.22465738654136658 0.35005635023117065 -0.1453622728586197
v 0.20923131704330444 0.3458018898963928 -0.16923630237579346
v 0.19595696032047272 0.3483552634716034 -0.1946740746498108
v 0.18649616837501526 0.36243653297424316 -0.22575852274894714
v 0.17239698767662048 0.37343770265579224 -0.2542908191680908
v 0.15064609050750732 0.3726198077201843 -0.2729226052761078
v 0.12416824698448181 0.3619686961174011 -0.28120821714401245
v 0.09797122329473495 0.35180819034576416 -0.2863178849220276
v 0.07553563266992569 0.35758131742477417 -0.30143025517463684
v 0.052704475820064545 0.3712434768676758 -0.320745050907135
v 0.025212835520505905 0.3534815311431885 -0.30988287925720215
v 3.929230332357539e-17 0.29393577575683594 -0.2589283585548401
v -0.02305690199136734 0.3232555389404297 -0.2833849787712097
v -0.047743216156959534 0.33629703521728516 -0.29055219888687134
v -0.07390628010034561 0.3498680591583252 -0.2949282228946686
v -0.09988746047019958 0.35868924856185913 -0.291918009519577
v -0.12027733027935028 0.3506261110305786 -0.2723963260650635
v -0.13705314695835114 0.3389979600906372 -0.24829651415348053
v -0.15468472242355347 0.33507031202316284 -0.2281647026538849
v -0.17625205218791962 0.3425281047821045 -0.21335774660110474
v -0.19927717745304108 0.3542576730251312 -0.19797256588935852
v -0.21427376568317413 0.3541356921195984 -0.1733148694038391
v -0.220038041472435 0.34285858273506165 -0.14237336814403534
v -0.22782309353351593 0.3388671278953552 -0.11423423886299133
v -0.24078398942947388 0.3457719683647156 -0.08841808140277863
v -0.24948665499687195 0.34955894947052 -0.06007355451583862
v -0.2476920187473297 0.3420230746269226 -0.029531437903642654
v -0.23878958821296692 0.3281424641609192 -7.079954668127121e-17
v -0.26008322834968567 0.3014516830444336 0
v -0.2546510100364685 0.2965835630893707 0.030361134558916092
v -0.2544833719730377 0.30073970556259155 0.06127670779824257
v -0.2540447413921356 0.3077022433280945 0.09328754246234894
v -0.24903397262096405 0.31242698431015015 0.12486971914768219
v -0.23853302001953125 0.31349027156829834 0.15434037148952484
v -0.22405323386192322 0.31232744455337524 0.1812249720096588
v -0.2075318843126297 0.31117507815361023 0.20617322623729706
v -0.18980549275875092 0.311120867729187 0.22976455092430115
v -0.17120014131069183 0.31278857588768005 0.2525254487991333
v -0.1538606733083725 0.3209918439388275 0.2787463963031769
v -0.13720445334911346 0.337354838848114 0.3107317388057709
v -0.11071203649044037 0.3353208005428314 0.32355251908302307
v -0.07878399640321732 0.31457141041755676 0.3143931031227112
v -0.05469140782952309 0.3249291777610779 0.33283695578575134
v -0.027517078444361687 0.32539108395576477 0.3382036089897156
v -1.4426519573847434e-17 0.2730776071548462 0.28520357608795166
v 0.027640683576464653 0.3268527388572693 0.33972281217575073
v 0.05791036784648895 0.3440534472465515 0.3524266481399536
v 0.08249818533658981 0.32940155267715454 0.32921484112739563
v 0.11071807146072388 0.3353390693664551 0.3235701322555542
v 0.1432519257068634 0.3522242307662964 0.32442766427993774
v 0.1648360788822174 0.3438892960548401 0.29863032698631287
v 0.17964036762714386 0.32820916175842285 0.26497504115104675
v 0.19361558556556702 0.31736618280410767 0.23437675833702087
v 0.20688338577747345 0.3102027177810669 0.20552897453308105
v 0.21972548961639404 0.30629462003707886 0.17772448062896729
v 0.23304077982902527 0.30627214908599854 0.15078668296337128
v 0.2465827316045761 0.3093518018722534 0.12364062666893005
v 0.2587803900241852 0.3134381175041199 0.09502652287483215
v 0.26796552538871765 0.3166724741458893 0.06452305614948273
v 0.27388301491737366 0.31898242235183716 0.03265409544110298
v 0.2774325907230377 0.3215605616569519 4.1128468921153253e-17
v 0.27808937430381775 0.3238814175128937 -0.03315560519695282
v 0.2732117772102356 0.3228723406791687 -0.06578629463911057
v 0.26381438970565796 0.31953537464141846 -0.09687504172325134
v 0.25950250029563904 0.3255603611469269 -0.13011880218982697
v 0.2641249895095825 0.3471243381500244 -0.1708994060754776
v 0.25746750831604004 0.3589065670967102 -0.20825204253196716
v 0.22737577557563782 0.34092918038368225 -0.2258872091770172
v 0.19872209429740906 0.3257365822792053 -0.24055832624435425
v 0.18220356106758118 0.33289220929145813 -0.26875582337379456
v 0.16407276690006256 0.3422968089580536 -0.2972474694252014
v 0.14094240963459015 0.34654563665390015 -0.31919723749160767
v 0.11351987719535828 0.343825101852417 -0.3317583203315735
v 0.08206185698509216 0.32765933871269226 -0.32747361063957214
v 0.053823087364435196 0.31977036595344543 -0.32755258679389954
v 0.027041543275117874 0.31976786255836487 -0.3323589861392975
v 4.34480388687071e-17 0.2741406261920929 -0.2863138020038605
v -0.026441050693392754 0.31266698241233826 -0.3249785006046295
v -0.05457669869065285 0.32424768805503845 -0.33213889598846436
v -0.08547390252351761 0.3412831127643585 -0.3410896360874176
v -0.11345973610877991 0.3436429500579834 -0.33158257603645325
v -0.13503526151180267 0.3320212960243225 -0.3058191239833832
v -0.1537114977836609 0.3206806480884552 -0.27847614884376526
v -0.17056100070476532 0.311620831489563 -0.25158268213272095
v -0.19408279657363892 0.3181320130825043 -0.23494233191013336
v -0.22704046964645386 0.34042641520500183 -0.22555409371852875
v -0.2483096867799759 0.34614065289497375 -0.20084474980831146
v -0.25605839490890503 0.3365228474140167 -0.16567999124526978
v -0.26957666873931885 0.3381989598274231 -0.13517016172409058
v -0.2838965356349945 0.34385913610458374 -0.10424939543008804
v -0.28414011001586914 0.3357870578765869 -0.06841772049665451
v -0.27225279808044434 0.31708377599716187 -0.03245973214507103
v -0.26008322834968567 0.3014516830444336 -7.711297292808014e-17
v -0.2960638403892517 0.29191258549690247 0
v -0.29883745312690735 0.2960730195045471 0.03562932834029198
v -0.30214107036590576 0.303740918636322 0.07275214046239853
v -0.2970570921897888 0.30607128143310547 0.10908208787441254
v -0.2818547785282135 0.30079978704452515 0.14132660627365112
v -0.26103475689888 0.2918340563774109 0.16889986395835876
v -0.23881784081459045 0.28319650888442993 0.1931672990322113
v -0.21705198287963867 0.2768508493900299 0.21563099324703217
v -0.1977468878030777 0.27573513984680176 0.23937781155109406
v -0.18232481181621552 0.2833705544471741 0.2689346969127655
v -0.16861912608146667 0.2992507815361023 0.30548399686813354
v -0.1495549976825714 0.31281086802482605 0.3387024998664856
v -0.11699773371219635 0.30144304037094116 0.34192225337028503
v -0.08605179935693741 0.2922828495502472 0.34339576959609985
v -0.06129775941371918 0.30979639291763306 0.37304142117500305
v -0.029410267248749733 0.2958451211452484 0.3614721894264221
v -1.4795073204492886e-17 0.2382339984178543 0.2924896478652954
v 0.029759321361780167 0.2993563711643219 0.36576229333877563
v 0.060861986130476 0.3075940012931824 0.3703894019126892
v 0.08500601351261139 0.2887307405471802 0.3392224609851837
v 0.11726133525371552 0.30212220549583435 0.34269264340400696
v 0.14750990271568298 0.30853334069252014 0.33407095074653625
v 0.1648942530155182 0.29264023900032043 0.29873570799827576
v 0.18000386655330658 0.27976328134536743 0.2655112147331238
v 0.19850695133209229 0.276794970035553 0.24029789865016937
v 0.22084660828113556 0.28169089555740356 0.2194007784128189
v 0.24455586075782776 0.2900007367134094 0.19780845940113068
v 0.26749780774116516 0.2990596890449524 0.17308171093463898
v 0.28763270378112793 0.306966096162796 0.14422376453876495
v 0.3006282448768616 0.3097507655620575 0.11039343476295471
v 0.3028848171234131 0.3044886291027069 0.07293123006820679
v 0.2974591851234436 0.2947074770927429 0.035464998334646225
v 0.29369041323661804 0.28957244753837585 4.353863830683881e-17
v 0.2994912266731262 0.2967207133769989 -0.0357072688639164
v 0.3131449520587921 0.3148030638694763 -0.07540175318717957
v 0.320762038230896 0.33049553632736206 -0.11778675019741058
v 0.3069269359111786 0.32755717635154724 -0.1538982093334198
v 0.27877748012542725 0.3116702437400818 -0.18038012087345123
v 0.2615354061126709 0.3101356029510498 -0.21154235303401947
v 0.2433326244354248 0.31037193536758423 -0.24173961579799652
v 0.2049870640039444 0.2858307361602783 -0.24814224243164062
v 0.17906183004379272 0.27829915285110474 -0.2641216814517975
v 0.16377434134483337 0.29065269231796265 -0.29670679569244385
v 0.1406063288450241 0.2940937280654907 -0.3184361457824707
v 0.116291344165802 0.299623042345047 -0.33985787630081177
v 0.09129393845796585 0.31008827686309814 -0.3643149137496948
v 0.05920637026429176 0.2992265820503235 -0.3603138029575348
v 0.028099581599235535 0.2826606333255768 -0.34536296129226685
v 4.3580334827156384e-17 0.233913853764534 -0.2871856093406677
v -0.027857335284352303 0.2802238166332245 -0.34238559007644653
v -0.0578932948410511 0.29259034991264343 -0.3523227870464325
v -0.09036432951688766 0.3069307506084442 -0.3606052100658417
v -0.11665145307779312 0.3005508482456207 -0.34091025590896606
v -0.1410108208656311 0.294939786195755 -0.31935223937034607
v -0.16535937786102295 0.2934657037258148 -0.29957839846611023
v -0.18125145137310028 0.28170228004455566 -0.2673514187335968
v -0.20444443821907043 0.2850741147994995 -0.24748536944389343
v -0.24535474181175232 0.31295114755630493 -0.24374845623970032
v -0.2671981155872345 0.31685054302215576 -0.2161225974559784
v -0.2786601185798645 0.31153902411460876 -0.18030418455600739
v -0.3014618754386902 0.3217248320579529 -0.151157945394516
v -0.31702104210853577 0.3266409933567047 -0.11641301214694977
v -0.31334972381591797 0.3150089383125305 -0.07545106112957001
v -0.30173227190971375 0.298941045999527 -0.03597446158528328
v -0.2960638403892517 0.29191258549690247 -8.778098232183363e-17
v -0.3278966248035431 0.2761234641075134 0
v -0.3406336009502411 0.2882373034954071 0.04061253368854523
v -0.35141727328300476 0.30172795057296753 0.08461728692054749
v -0.3452306389808655 0.30380216240882874 0.12677185237407684
v -0.32118093967437744 0.29275259375572205 0.1610454022884369
v -0.2929111421108246 0.2796871066093445 0.18952515721321106
v -0.26987171173095703 0.27332377433776855 0.21828515827655792
v -0.24907156825065613 0.27133458852767944 0.24744094908237457
v -0.22482474148273468 0.26774755120277405 0.2721562683582306
v -0.19965358078479767 0.2650238275527954 0.294495165348053
v -0.17864684760570526 0.27078384160995483 0.3236510157585144
v -0.15525777637958527 0.2773531973361969 0.3516177833080292
v -0.12067636102437973 0.2655515968799591 0.3526729345321655
v -0.09146319329738617 0.2653313875198364 0.3649902939796448
v -0.06493861973285675 0.2803068459033966 0.3951987028121948
v -0.03076874651014805 0.2643468677997589 0.3781687915325165
v -1.5486028750687005e-17 0.21297350525856018 0.3061493933200836
v 0.03229229152202606 0.277436226606369 0.3968941867351532
v 0.0657690092921257 0.2838911712169647 0.40025219321250916
v 0.09009352326393127 0.2613580524921417 0.35952457785606384
v 0.12350527942180634 0.2717766761779785 0.3609403371810913
v 0.15384235978126526 0.27482467889785767 0.34841224551200867
v 0.17510375380516052 0.26541340351104736 0.31723204255104065
v 0.1996382772922516 0.265003502368927 0.2944725751876831
v 0.22665008902549744 0.26992136240005493 0.2743659019470215
v 0.24966420233249664 0.2719801962375641 0.2480297088623047
v 0.2710908055305481 0.27455848455429077 0.2192712277173996
v 0.29698655009269714 0.2835785150527954 0.19216209650039673
v 0.32510825991630554 0.29633232951164246 0.16301463544368744
v 0.3443381190299988 0.3030167520046234 0.12644411623477936
v 0.3481980264186859 0.29896390438079834 0.08384213596582413
v 0.34255072474479675 0.28985950350761414 0.040841106325387955
v 0.3359513282775879 0.2829063832759857 4.980368441398074e-17
v 0.3325938880443573 0.28143423795700073 -0.03965398669242859
v 0.3341332674026489 0.2868878245353699 -0.08045549690723419
v 0.33748477697372437 0.29698583483695984 -0.12392750382423401
v 0.32941868901252747 0.3002611994743347 -0.16517594456672668
v 0.29693591594696045 0.28353017568588257 -0.19212935864925385
v 0.2592735290527344 0.2625899910926819 -0.20971284806728363
v 0.24648717045783997 0.26851919293403625 -0.24487346410751343
v 0.22391608357429504 0.26666539907455444 -0.27105632424354553
v 0.19331073760986328 0.25660422444343567 -0.285139262676239
v 0.1815713495016098 0.27521663904190063 -0.3289492726325989
v 0.1569410264492035 0.2803601622581482 -0.3554299473762512
v 0.12380023300647736 0.27242574095726013 -0.3618023693561554
v 0.09682919085025787 0.28089794516563416 -0.38640373945236206
v 0.06779950112104416 0.2926557958126068 -0.4126092791557312
v 0.032290976494550705 0.2774249315261841 -0.39687803387641907
v 4.718846026316574e-17 0.21632170677185059 -0.310962438583374
v -0.030812276527285576 0.2647208571434021 -0.3787038326263428
v -0.06472991406917572 0.27940595149993896 -0.39392855763435364
v -0.09670741111040115 0.2805446982383728 -0.3859177529811859
v -0.12132281810045242 0.26697415113449097 -0.3545621931552887
v -0.151346817612648 0.2703666388988495 -0.34276053309440613
v -0.18107819557189941 0.27446916699409485 -0.32805585861206055
v -0.19334310293197632 0.25664716958999634 -0.2851870059967041
v -0.2185669094324112 0.26029497385025024 -0.26458099484443665
v -0.2576030194759369 0.28062862157821655 -0.255916565656662
v -0.27069950103759766 0.2741621136665344 -0.21895469725131989
v -0.2929413318634033 0.2797159254550934 -0.1895446926355362
v -0.32453373074531555 0.2958086431026459 -0.1627265363931656
v -0.3380655348300934 0.29749685525894165 -0.12414075434207916
v -0.33305081725120544 0.2859584391117096 -0.080194853246212
v -0.32550859451293945 0.2754388451576233 -0.03880923241376877
v -0.3278966248035431 0.2761234641075134 -9.721919913784739e-17
v -0.35980501770973206 0.2587810754776001 0
v -0.3670991361141205 0.26530471444129944 0.04376792162656784
v -0.37495625019073486 0.27496153116226196 0.09028520435094833
v -0.3754046559333801 0.282150000333786 0.1378520131111145
v -0.3535709083080292 0.2752494215965271 0.17728625237941742
v -0.31645482778549194 0.2580757439136505 0.20475886762142181
v -0.2860754728317261 0.2474568635225296 0.2313915193080902
v -0.2675092816352844 0.24889647960662842 0.2657579779624939
v -0.2521831691265106 0.2565053105354309 0.3052743673324585
v -0.22918114066123962 0.25982779264450073 0.3380492031574249
v -0.19743652641773224 0.255595862865448 0.3576919436454773
v -0.16526715457439423 0.2521536648273468 0.37428638339042664
v -0.12810751795768738 0.24076882004737854 0.37439027428627014
v -0.09592918306589127 0.2376796007156372 0.38281217217445374
v -0.06983650475740433 0.2574613392353058 0.42500585317611694
v -0.033221662044525146 0.2437724620103836 0.40831682085990906
v -1.645956904646394e-17 0.19333162903785706 0.32539573311805725
v 0.03300897777080536 0.24221178889274597 0.40570273995399475
v 0.06952250003814697 0.25630372762680054 0.4230949282646179
v 0.09595763683319092 0.2377500981092453 0.38292571902275085
v 0.12735185027122498 0.2393486052751541 0.37218186259269714
v 0.16474100947380066 0.25135090947151184 0.3730948269367218
v 0.19724512100219727 0.2553480565547943 0.35734519362449646
v 0.22964687645435333 0.26035577058792114 0.3387361764907837
v 0.25368431210517883 0.2580321729183197 0.30709153413772583
v 0.2692454159259796 0.2505118250846863 0.2674827575683594
v 0.2870166003704071 0.2482709437608719 0.23215274512767792
v 0.31648188829421997 0.2580978274345398 0.20477637648582458
v 0.3540562689304352 0.2756272852420807 0.17752960324287415
v 0.37720662355422974 0.28350430727005005 0.1385136991739273
v 0.3762553930282593 0.2759142518043518 0.09059803187847137
v 0.36602097749710083 0.26452550292015076 0.04363938048481941
v 0.3572538495063782 0.2569462060928345 5.296171440892039e-17
v 0.3509485423564911 0.2536325752735138 -0.041842348873615265
v 0.34849950671195984 0.25556036829948425 -0.08391472697257996
v 0.3487517535686493 0.26211798191070557 -0.128064826130867
v 0.34181296825408936 0.2660960555076599 -0.17139063775539398
v 0.3155862092971802 0.2573673725128174 -0.20419682562351227
v 0.28069648146629333 0.24280400574207306 -0.22704070806503296
v 0.2690545618534088 0.250334233045578 -0.2672930955886841
v 0.2517845928668976 0.2560999095439911 -0.3047918677330017
v 0.21867625415325165 0.24791815876960754 -0.32255417108535767
v 0.2095104604959488 0.2712264358997345 -0.3795660436153412
v 0.17797625064849854 0.27154436707496643 -0.4030691385269165
v 0.13675519824028015 0.2570215165615082 -0.3996628522872925
v 0.10325508564710617 0.25583067536354065 -0.4120466709136963
v 0.07358869165182114 0.2712942957878113 -0.44784069061279297
v 0.03554174304008484 0.26079660654067993 -0.43683215975761414
v 5.2376672722718786e-17 0.20506949722766876 -0.3451516926288605
v -0.03575365990400314 0.2623516023159027 -0.43943673372268677
v -0.07367981970310211 0.2716302275657654 -0.4483952522277832
v -0.10322467237710953 0.25575530529022217 -0.4119253158569336
v -0.13758905231952667 0.25858867168426514 -0.40209975838661194
v -0.1791568100452423 0.2733455300331116 -0.4057427644729614
v -0.20971059799194336 0.27148550748825073 -0.3799286186695099
v -0.2193620353937149 0.24869565665721893 -0.3235657215118408
v -0.2525881230831146 0.25691720843315125 -0.3057645559310913
v -0.26729658246040344 0.24869859218597412 -0.26554667949676514
v -0.2799093723297119 0.24212315678596497 -0.22640405595302582
v -0.3156217932701111 0.257396399974823 -0.20421986281871796
v -0.3408268988132477 0.26532843708992004 -0.17089620232582092
v -0.34729132056236267 0.26102033257484436 -0.12752853333950043
v -0.348249614238739 0.2553771138191223 -0.0838545560836792
v -0.352674275636673 0.25487977266311646 -0.042048100382089615
v -0.35980501770973206 0.2587810754776001 -1.0667982923973887e-16
v -0.39690572023391724 0.24283695220947266 0
v -0.3999577462673187 0.24588826298713684 0.04768553748726845
v -0.37458959221839905 0.2336733639240265 0.09019692987203598
v -0.3551836609840393 0.22708868980407715 0.13042667508125305
v -0.361479789018631 0.23938453197479248 0.1812519133090973
v -0.3552892804145813 0.246478870511055 0.22988630831241608
v -0.3224045932292938 0.23723693192005157 0.26077625155448914
v -0.2875107526779175 0.2275601327419281 0.2856285274028778
v -0.25731369853019714 0.22264108061790466 0.31148502230644226
v -0.2339627742767334 0.2256397306919098 0.3451022207736969
v -0.2148793488740921 0.23663726449012756 0.38929277658462524
v -0.1873370260000229 0.24314451217651367 0.42426878213882446
v -0.15002384781837463 0.2398546040058136 0.4384400546550751
v -0.10697272419929504 0.22546355426311493 0.42688217759132385
v -0.07685655355453491 0.24103084206581116 0.46772798895835876
v -0.03721630945801735 0.23230507969856262 0.45741376280784607
v -1.835782282082003e-17 0.18342889845371246 0.3629230856895447
v 0.03476720303297043 0.21701768040657043 0.42731255292892456
v 0.06954407691955566 0.21809807419776917 0.4232262074947357
v 0.10615694522857666 0.22374418377876282 0.4236268103122711
v 0.1321367472410202 0.21125712990760803 0.3861655294895172
v 0.17043624818325043 0.22120901942253113 0.38599303364753723
v 0.21512466669082642 0.23690743744373322 0.38973721861839294
v 0.2588978409767151 0.24968776106834412 0.3818822503089905
v 0.289286732673645 0.25030580163002014 0.350189208984375
v 0.309691846370697 0.24511608481407166 0.3076643943786621
v 0.3227115869522095 0.23746280372142792 0.2610245645046234
v 0.3408333659172058 0.2364501953125 0.22053274512290955
v 0.37897905707359314 0.2509731650352478 0.19002631306648254
v 0.4024351239204407 0.25729918479919434 0.14777785539627075
v 0.3851916193962097 0.24028702080249786 0.09274977445602417
v 0.3602752685546875 0.22149205207824707 0.04295433685183525
v 0.35485994815826416 0.21711227297782898 5.260682414763309e-17
v 0.3652020990848541 0.22452101111412048 -0.043541744351387024
v 0.3782344162464142 0.23594704270362854 -0.09107455611228943
v 0.3822796940803528 0.24441270530223846 -0.14037659764289856
v 0.3701223134994507 0.24510791897773743 -0.1855853945016861
v 0.34401750564575195 0.23865918815135956 -0.2225930243730545
v 0.3213087320327759 0.2364305555820465 -0.2598898708820343
v 0.31292960047721863 0.2476787120103836 -0.31088095903396606
v 0.27739495038986206 0.24001643061637878 -0.3357938826084137
v 0.23884275555610657 0.23034612834453583 -0.35230037569999695
v 0.22398333251476288 0.24666309356689453 -0.40578627586364746
v 0.1796921342611313 0.23322220146656036 -0.40695512294769287
v 0.1419317126274109 0.2269170731306076 -0.4147910177707672
v 0.10966715216636658 0.2311425507068634 -0.43763452768325806
v 0.07747416198253632 0.24296769499778748 -0.47148653864860535
v 0.03683466091752052 0.2299228012561798 -0.4527229964733124
v 5.710236879712403e-17 0.19018638134002686 -0.3762930929660797
v -0.03883509710431099 0.24240955710411072 -0.4773097336292267
v -0.07308598607778549 0.2292058914899826 -0.4447813332080841
v -0.11178366094827652 0.2356034517288208 -0.44608059525489807
v -0.15673387050628662 0.25058239698410034 -0.45804986357688904
v -0.19852793216705322 0.2576691508293152 -0.4496132731437683
v -0.22384531795978546 0.24651110172271729 -0.4055362343788147
v -0.2612513303756714 0.251957505941391 -0.385353684425354
v -0.28807029128074646 0.2492533028125763 -0.348716676235199
v -0.2904636859893799 0.22989730536937714 -0.2885621190071106
v -0.3210982382297516 0.23627564311027527 -0.2597196102142334
v -0.34012851119041443 0.23596122860908508 -0.22007669508457184
v -0.3381764590740204 0.2239522486925125 -0.16956722736358643
v -0.33484941720962524 0.21408788859844208 -0.12295977026224136
v -0.34503987431526184 0.21523988246917725 -0.0830816924571991
v -0.3705560266971588 0.2278124988079071 -0.04418007284402847
v -0.39690572023391724 0.24283695220947266 -1.1767994172326505e-16
v -0.387360543012619 0.19989462196826935 0
v -0.377695769071579 0.19585023820400238 0.04503132030367851
v -0.3820808529853821 0.2010328322649002 0.09200072288513184
v -0.37714746594429016 0.20338174700737 0.13849200308322906
v -0.36633041501045227 0.20461776852607727 0.1836840808391571
v -0.377882182598114 0.2211119830608368 0.24450480937957764
v -0.3703323304653168 0.22984281182289124 0.29954248666763306
v -0.3333311080932617 0.22252364456653595 0.3311488926410675
v -0.29773247241973877 0.21728356182575226 0.36041298508644104
v -0.2585309147834778 0.21030017733573914 0.38134104013442993
v -0.21686671674251556 0.20143716037273407 0.3928932249546051
v -0.18896277248859406 0.20685943961143494 0.4279506802558899
v -0.16215306520462036 0.21866092085838318 0.47388729453086853
v -0.11766419559717178 0.20917312800884247 0.4695472717285156
v -0.07731150090694427 0.20450034737586975 0.47049662470817566
v -0.03946242481470108 0.20776262879371643 0.4850200116634369
v -1.9324593470463833e-17 0.16286027431488037 0.3820354640483856
v 0.03926205635070801 0.20670771598815918 0.48255735635757446
v 0.07311436533927917 0.19339832663536072 0.4449540674686432
v 0.11755789816379547 0.2089841663837433 0.46912309527397156
v 0.1519455760717392 0.20489628612995148 0.4440562129020691
v 0.18052887916564941 0.19762678444385529 0.40885013341903687
v 0.221818208694458 0.20603637397289276 0.4018637239933014
v 0.26791128516197205 0.21793055534362793 0.39517736434936523
v 0.30251407623291016 0.22077317535877228 0.366201251745224
v 0.3355439305305481 0.22400085628032684 0.3333472013473511
v 0.35902005434036255 0.22282198071479797 0.29039260745048523
v 0.3626488447189331 0.2121984213590622 0.2346482276916504
v 0.3830472230911255 0.2139551192522049 0.19206617772579193
v 0.39957675337791443 0.21547706425189972 0.1467282474040985
v 0.3748374581336975 0.19722172617912292 0.09025660902261734
v 0.3590221405029297 0.18616721034049988 0.04280493035912514
v 0.38124027848243713 0.19673629105091095 5.651762489594295e-17
v 0.4126180410385132 0.21395881474018097 -0.049194980412721634
v 0.42456570267677307 0.22338636219501495 -0.10223060101270676
v 0.4137449264526367 0.2231174260377884 -0.15193092823028564
v 0.39152178168296814 0.21868865191936493 -0.1963154524564743
v 0.37083667516708374 0.2169894278049469 -0.23994609713554382
v 0.3587019741535187 0.22262457013130188 -0.29013532400131226
v 0.33925437927246094 0.22647789120674133 -0.33703336119651794
v 0.2847764790058136 0.2078283578157425 -0.3447294235229492
v 0.2513388395309448 0.2044498175382614 -0.37073248624801636
v 0.2151515781879425 0.19984404742717743 -0.38978591561317444
v 0.17460183799266815 0.1911384016275406 -0.3954269587993622
v 0.14839431643486023 0.20010748505592346 -0.4336777925491333
v 0.11685655266046524 0.20773737132549286 -0.4663242697715759
v 0.08113996684551239 0.2146272212266922 -0.4937956631183624
v 0.03820841759443283 0.2011605054140091 -0.469607412815094
v 5.956973606780641e-17 0.1673436462879181 -0.39255252480506897
v -0.037820037454366684 0.19911575317382812 -0.4648340046405792
v -0.07709554582834244 0.203929141163826 -0.46918243169784546
v -0.11869680881500244 0.21100881695747375 -0.4736679792404175
v -0.1524278223514557 0.20554658770561218 -0.4454655945301056
v -0.18183189630508423 0.19905319809913635 -0.41180115938186646
v -0.21170447766780853 0.196642205119133 -0.38354089856147766
v -0.26794490218162537 0.21795789897441864 -0.39522692561149597
v -0.2890125811100006 0.2109198272228241 -0.3498573303222656
v -0.33519333600997925 0.22376680374145508 -0.3329989016056061
v -0.36881229281425476 0.22889943420886993 -0.2983130216598511
v -0.3780328035354614 0.2212001383304596 -0.2446022629737854
v -0.38385650515556335 0.21440716087818146 -0.1924719661474228
v -0.39350706338882446 0.21220389008522034 -0.14449939131736755
v -0.4025937020778656 0.21182572841644287 -0.09693998843431473
v -0.40121889114379883 0.20804791152477264 -0.047835901379585266
v -0.387360543012619 0.19989462196826935 -1.1484987229759043e-16
v -0.43819841742515564 0.18801957368850708 0
v -0.3951329290866852 0.17036163806915283 0.04711029306054115
v -0.38053497672080994 0.16647647321224213 0.09162850677967072
v -0.4041675627231598 0.1812211275100708 0.1484140157699585
v -0.39368975162506104 0.18283990025520325 0.1974024921655655
v -0.35796841979026794 0.17415949702262878 0.23161980509757996
v -0.35418903827667236 0.1827767789363861 0.28648504614830017
v -0.33121269941329956 0.18384584784507751 0.3290443420410156
v -0.29818350076675415 0.1809384524822235 0.360958993434906
v -0.2755383849143982 0.18636132776737213 0.4064275622367859
v -0.2416040003299713 0.1865938901901245 0.4377093017101288
v -0.1973264515399933 0.17961019277572632 0.44689223170280457
v -0.16517898440361023 0.1852027326822281 0.4827304780483246
v -0.12556688487529755 0.18560227751731873 0.5010835528373718
v -0.08021742850542068 0.17642708122730255 0.48818135261535645
v -0.04274849221110344 0.1871332824230194 0.5254080295562744
v -2.0571186086444522e-17 0.14414869248867035 0.4066798985004425
v 0.042063161730766296 0.18413323163986206 0.5169848799705505
v 0.0826166495680809 0.1817038357257843 0.50278240442276
v 0.12479826807975769 0.184466153383255 0.49801626801490784
v 0.17029179632663727 0.19093532860279083 0.4976724684238434
v 0.20006388425827026 0.18210186064243317 0.4530917704105377
v 0.2395734190940857 0.1850256472826004 0.43403053283691406
v 0.2788670063018799 0.18861263990402222 0.41133734583854675
v 0.3013792037963867 0.18287761509418488 0.3648274838924408
v 0.3314966559410095 0.18400350213050842 0.32932648062705994
v 0.36663901805877686 0.1892014890909195 0.29655519127845764
v 0.36789312958717346 0.17898808419704437 0.23804150521755219
v 0.3801328241825104 0.1765437126159668 0.19060483574867249
v 0.39789384603500366 0.17840811610221863 0.14611025154590607
v 0.38564422726631165 0.16871167719364166 0.09285875409841537
v 0.39750707149505615 0.1713852435350418 0.047393351793289185
v 0.4375933110713959 0.18775993585586548 6.48717718883692e-17
v 0.4599202871322632 0.1982947140932083 -0.05483465641736984
v 0.4487098455429077 0.1963016241788864 -0.10804424434900284
v 0.42172133922576904 0.18909190595149994 -0.15485991537570953
v 0.397563099861145 0.18463881313800812 -0.1993446797132492
v 0.3812176287174225 0.18547074496746063 -0.24666297435760498
v 0.36635199189186096 0.18905338644981384 -0.2963230311870575
v 0.33526191115379333 0.18609344959259033 -0.33306702971458435
v 0.28449392318725586 0.17263157665729523 -0.34438738226890564
v 0.26284945011138916 0.17777910828590393 -0.38771095871925354
v 0.21633581817150116 0.16707894206047058 -0.3919313848018646
v 0.18671008944511414 0.16994698345661163 -0.4228489100933075
v 0.15795306861400604 0.17710085213184357 -0.4616129398345947
v 0.12188468873500824 0.1801595389842987 -0.4863894283771515
v 0.08438434451818466 0.1855916529893875 -0.5135400891304016
v 0.040007803589105606 0.1751358062028885 -0.49172309041023254
v 6.24912254947804e-17 0.14596512913703918 -0.41180455684661865
v -0.04119976982474327 0.18035368621349335 -0.5063731670379639
v -0.0868069976568222 0.1909199059009552 -0.5282836556434631
v -0.12158957123756409 0.1797233521938324 -0.4852117598056793
v -0.15895813703536987 0.1782277524471283 -0.4645502269268036
v -0.1841602921485901 0.16762611269950867 -0.4170743227005005
v -0.22080305218696594 0.17052903771400452 -0.4000246226787567
v -0.2508268654346466 0.16964760422706604 -0.36997729539871216
v -0.2823038697242737 0.1713026463985443 -0.3417362570762634
v -0.33254197239875793 0.18458369374275208 -0.3303648829460144
v -0.3527398109436035 0.1820289045572281 -0.28531283140182495
v -0.36705803871154785 0.17858178913593292 -0.23750115931034088
v -0.39080557227134705 0.18150043487548828 -0.19595634937286377
v -0.4232943654060364 0.18979722261428833 -0.15543754398822784
v -0.4536373019218445 0.19845730066299438 -0.10923071950674057
v -0.46294134855270386 0.19959723949432373 -0.05519484728574753
v -0.43819841742515564 0.18801957368850708 -1.299229559428787e-16
v -0.4763944745063782 0.1661718338727951 0
v -0.4433804452419281 0.1554044783115387 0.05286267399787903
v -0.41181132197380066 0.14645865559577942 0.09915950149297714
v -0.42449983954429626 0.15473315119743347 0.15588021278381348
v -0.422363817691803 0.1594637781381607 0.2117801308631897
v -0.36799293756484985 0.14554603397846222 0.23810607194900513
v -0.351666659116745 0.14752835035324097 0.28444480895996094
v -0.3241291046142578 0.14625923335552216 0.32200708985328674
v -0.285605788230896 0.1408875733613968 0.34573331475257874
v -0.2675066292285919 0.14708441495895386 0.3945804834365845
v -0.24752192199230194 0.15540514886379242 0.4484306871891022
v -0.2062823325395584 0.152639240026474 0.4671749174594879
v -0.17038875818252563 0.155307337641716 0.49795591831207275
v -0.12776394188404083 0.1535235196352005 0.5098510384559631
v -0.0842345654964447 0.15060704946517944 0.5126285552978516
v -0.04426740109920502 0.1575334221124649 0.5440764427185059
v -2.1153541090016555e-17 0.12050162255764008 0.41819268465042114
v 0.043553777039051056 0.15499386191368103 0.5353055000305176
v 0.08520908653736115 0.15234944224357605 0.5185592770576477
v 0.1267555207014084 0.152311772108078 0.5058268308639526
v 0.17171429097652435 0.15651555359363556 0.5018297433853149
v 0.20652832090854645 0.15282124280929565 0.4677319824695587
v 0.2492993175983429 0.1565210521221161 0.4516507089138031
v 0.2727891504764557 0.14998893439769745 0.4023723602294922
v 0.2873070240020752 0.1417267769575119 0.34779271483421326
v 0.3233243525028229 0.14589610695838928 0.32120761275291443
v 0.3597946763038635 0.15093816816806793 0.29101914167404175
v 0.37126797437667847 0.146841362118721 0.2402251660823822
v 0.416586309671402 0.15728247165679932 0.20888321101665497
v 0.42422258853912354 0.1546320915222168 0.1557784080505371
v 0.4105355441570282 0.14600493013858795 0.09885230660438538
v 0.4422096014022827 0.15499410033226013 0.052723076194524765
v 0.47949495911598206 0.167253315448761 7.108355418150762e-17
v 0.4766935706138611 0.16708070039749146 -0.05683447793126106
v 0.4399401843547821 0.15646253526210785 -0.10593260824680328
v 0.39950069785118103 0.14562077820301056 -0.14670029282569885
v 0.374697744846344 0.14146742224693298 -0.18787959218025208
v 0.3654719293117523 0.1445489376783371 -0.2364748865365982
v 0.36127468943595886 0.1515590250492096 -0.2922162413597107
v 0.34362274408340454 0.15505552291870117 -0.34137314558029175
v 0.30000826716423035 0.14799222350120544 -0.3631678819656372
v 0.2767638564109802 0.15217436850070953 -0.40823519229888916
v 0.23961158096790314 0.15043869614601135 -0.4340996742248535
v 0.2056545615196228 0.1521746963262558 -0.4657531678676605
v 0.17404761910438538 0.15864233672618866 -0.5086488127708435
v 0.1288963109254837 0.1548841893672943 -0.5143698453903198
v 0.09161385893821716 0.16380083560943604 -0.5575369000434875
v 0.043441083282232285 0.15459281206130981 -0.533920407295227
v 6.62505760903767e-17 0.125799298286438 -0.4365779161453247
v -0.04439118131995201 0.15797390043735504 -0.5455977916717529
v -0.0924067348241806 0.16521847248077393 -0.5623621344566345
v -0.12965209782123566 0.15579234063625336 -0.5173858404159546
v -0.17612770199775696 0.16053831577301025 -0.514727771282196
v -0.2051493525505066 0.15180088579654694 -0.4646090269088745
v -0.2428997904062271 0.15250316262245178 -0.44005683064460754
v -0.27058663964271545 0.14877791702747345 -0.39912354946136475
v -0.29922688007354736 0.1476067751646042 -0.36222201585769653
v -0.3408316969871521 0.15379607677459717 -0.3386003375053406
v -0.35284215211868286 0.14802148938179016 -0.2853955924510956
v -0.35651206970214844 0.14100518822669983 -0.23067748546600342
v -0.3693816363811493 0.13946031033992767 -0.18521399796009064
v -0.398457407951355 0.14524051547050476 -0.14631719887256622
v -0.4396759867668152 0.15636858344078064 -0.10586898773908615
v -0.47366416454315186 0.16601890325546265 -0.056473296135663986
v -0.4763944745063782 0.1661718338727951 -1.412478393872279e-16
v -0.478862464427948 0.13102471828460693 0
v -0.45886626839637756 0.12616091966629028 0.05470898747444153
v -0.4332231283187866 0.1208593100309372 0.10431522130966187
v -0.4454047977924347 0.1273539513349533 0.16355670988559723
v -0.43725958466529846 0.12949900329113007 0.21924912929534912
v -0.40483227372169495 0.1255994588136673 0.261942595243454
v -0.39330580830574036 0.1294274628162384 0.3181245028972626
v -0.3331702649593353 0.11792971938848495 0.3309890627861023
v -0.29768162965774536 0.1151885837316513 0.36035141348838806
v -0.2841218411922455 0.12254299968481064 0.4190884232521057
v -0.2556469142436981 0.12590530514717102 0.46315059065818787
v -0.20771095156669617 0.12056334316730499 0.47041037678718567
v -0.16843856871128082 0.12043267488479614 0.4922565221786499
v -0.12241057306528091 0.11538179218769073 0.48848801851272583
v -0.08714035153388977 0.12221541255712509 0.5303123593330383
v -0.041224170476198196 0.11507801711559296 0.5066731572151184
v -2.1538054343400605e-17 0.0962427482008934 0.4257943034172058
v 0.04581541568040848 0.1278945505619049 0.5631026029586792
v 0.08381982147693634 0.11755833774805069 0.5101045370101929
v 0.13018830120563507 0.12271292507648468 0.5195255875587463
v 0.168747216463089 0.12065335363149643 0.4931585490703583
v 0.20774957537651062 0.12058575451374054 0.4704977869987488
v 0.2333931028842926 0.11494537442922592 0.42283380031585693
v 0.25529181957244873 0.11010847985744476 0.37656325101852417
v 0.29731684923171997 0.11504743248224258 0.35990986227989197
v 0.3430575728416443 0.12142946571111679 0.3408116400241852
v 0.35044851899147034 0.11532415449619293 0.28345951437950134
v 0.39963656663894653 0.12398748099803925 0.2585807740688324
v 0.4505719244480133 0.13344159722328186 0.22592416405677795
v 0.44735777378082275 0.12791237235069275 0.16427385807037354
v 0.45837604999542236 0.1278764009475708 0.11037176102399826
v 0.4581308364868164 0.12595871090888977 0.05462130159139633
v 0.4426923990249634 0.12112798541784286 6.562768923678956e-17
v 0.4343593716621399 0.11942298710346222 -0.051787119358778
v 0.4257977604866028 0.11878780275583267 -0.10252726823091507
v 0.40703102946281433 0.11638180911540985 -0.14946551620960236
v 0.3866870701313019 0.11452142149209976 -0.193891242146492
v 0.3728375732898712 0.11567308008670807 -0.2412407547235489
v 0.3650040328502655 0.12011401355266571 -0.29523271322250366
v 0.3572278618812561 0.1264452040195465 -0.3548891544342041
v 0.32641375064849854 0.12630654871463776 -0.3951324224472046
v 0.27938276529312134 0.12049901485443115 -0.41209810972213745
v 0.26658615469932556 0.13129284977912903 -0.4829690158367157
v 0.21569974720478058 0.1252003312110901 -0.4885028302669525
v 0.18492938578128815 0.13222351670265198 -0.540450394153595
v 0.13397160172462463 0.12627899646759033 -0.5346231460571289
v 0.08983172476291656 0.1259901076555252 -0.5466912984848022
v 0.04654247313737869 0.12992414832115173 -0.5720386505126953
v 6.575668309023353e-17 0.09794453531503677 -0.4333232641220093
v -0.04132269322872162 0.11535303294658661 -0.5078840255737305
v -0.08849376440048218 0.12411359697580338 -0.5385488271713257
v -0.12600913643836975 0.11877372115850449 -0.5028483271598816
v -0.17035789787769318 0.12180498987436295 -0.4978657066822052
v -0.21576841175556183 0.12524019181728363 -0.4886583685874939
v -0.2474352866411209 0.12186110019683838 -0.4482737183570862
v -0.30627283453941345 0.1320968121290207 -0.45176181197166443
v -0.3266012668609619 0.1263791024684906 -0.39535942673683167
v -0.36776506900787354 0.13017497956752777 -0.3653573989868164
v -0.39648833870887756 0.1304747462272644 -0.32069870829582214
v -0.4039314091205597 0.1253199577331543 -0.26135969161987305
v -0.3999447226524353 0.11844781786203384 -0.20053884387016296
v -0.39879292249679565 0.11402629315853119 -0.14644040167331696
v -0.4182168245315552 0.11667289584875107 -0.10070186853408813
v -0.45664751529693604 0.12555089592933655 -0.05444445461034775
v -0.478862464427948 0.13102471828460693 -1.4197956997453722e-16
v -0.44216829538345337 0.08939386904239655 0
v -0.4433383643627167 0.09006410092115402 0.052857656031847
v -0.45475515723228455 0.09373975545167923 0.10949988663196564
v -0.4539984464645386 0.09591569006443024 0.16671237349510193
v -0.414187490940094 0.09063621610403061 0.20768040418624878
v -0.42177653312683105 0.09668803215026855 0.27290621399879456
v -0.4173751771450043 0.10148464143276215 0.3375930190086365
v -0.36661481857299805 0.09588368982076645 0.364214688539505
v -0.34793326258659363 0.09947891533374786 0.4211823642253876
v -0.31038713455200195 0.0989157110452652 0.457830548286438
v -0.25509896874427795 0.09283031523227692 0.46215787529945374
v -0.2042032778263092 0.08757825195789337 0.46246641874313354
v -0.1674964725971222 0.08848835527896881 0.48950326442718506
v -0.13109667599201202 0.09130354970693588 0.5231505036354065
v -0.08922263979911804 0.09246118366718292 0.5429846048355103
v -0.04270566627383232 0.08808532357215881 0.5248816013336182
v -2.359345258180707e-17 0.0778987929224968 0.4664282500743866
v 0.045491382479667664 0.09383119642734528 0.5591200590133667
v 0.08805077522993088 0.09124679118394852 0.5358530282974243
v 0.13650938868522644 0.09507329016923904 0.5447502732276917
v 0.17046251893043518 0.09005531668663025 0.4981714189052582
v 0.20310606062412262 0.08710768073797226 0.4599815309047699
v 0.23932461440563202 0.08709004521369934 0.43357977271080017
v 0.2972833216190338 0.09473972022533417 0.4385020136833191
v 0.352186381816864 0.100694939494133 0.4263308644294739
v 0.37406304478645325 0.09783168882131577 0.37161415815353394
v 0.39439818263053894 0.09589779376983643 0.31900811195373535
v 0.42252856492996216 0.09686042368412018 0.27339279651641846
v 0.4139092266559601 0.09057532250881195 0.20754088461399078
v 0.45977306365966797 0.09713568538427353 0.16883288323879242
v 0.4737038016319275 0.09764568507671356 0.11406251043081284
v 0.4366733133792877 0.08871010690927505 0.05206300690770149
v 0.41605162620544434 0.08411382138729095 6.167829224109798e-17
v 0.43431881070137024 0.08823178708553314 -0.051782287657260895
v 0.4662487208843231 0.09610895067453384 -0.1122673973441124
v 0.47823065519332886 0.10103519260883331 -0.17561066150665283
v 0.4621698558330536 0.10113613307476044 -0.23173955082893372
v 0.4315313994884491 0.09892423450946808 -0.27921798825263977
v 0.3966081738471985 0.09643515199422836 -0.32079562544822693
v 0.36503949761390686 0.09547168761491776 -0.3626496493816376
v 0.34271547198295593 0.09798707813024521 -0.4148660898208618
v 0.2959444522857666 0.09431304037570953 -0.4365271329879761
v 0.25984328985214233 0.0945567712187767 -0.4707530438899994
v 0.21524710953235626 0.0923147052526474 -0.4874778091907501
v 0.1701129972934723 0.08987066894769669 -0.4971499741077423
v 0.13703247904777527 0.09543760120868683 -0.5468377470970154
v 0.08687470108270645 0.09002801775932312 -0.5286956429481506
v 0.04547770693898201 0.09380297362804413 -0.5589519143104553
v 7.111650243966683e-17 0.07826875150203705 -0.4686433970928192
v -0.04271223023533821 0.08809886872768402 -0.524962306022644
v -0.08715914934873581 0.09032279253005981 -0.5304267406463623
v -0.1311693638563156 0.09135417640209198 -0.5234405398368835
v -0.16121599078178406 0.08517037332057953 -0.4711487293243408
v -0.21466682851314545 0.09206583350896835 -0.48616358637809753
v -0.24846605956554413 0.09041660279035568 -0.45014113187789917
v -0.30828967690467834 0.09824728220701218 -0.45473673939704895
v -0.34008780121803284 0.0972357913851738 -0.4116852283477783
v -0.3657945394515991 0.09566916525363922 -0.36339977383613586
v -0.40481215715408325 0.09842994809150696 -0.32743144035339355
v -0.43946573138237 0.10074310004711151 -0.28435179591178894
v -0.46192407608032227 0.10108234733343124 -0.2316163033246994
v -0.46541446447372437 0.09832753241062164 -0.17090444266796112
v -0.4534735083580017 0.09347555786371231 -0.10919126868247986
v -0.443878173828125 0.09017376601696014 -0.05292201414704323
v -0.44216829538345337 0.08939386904239655 -1.3110001410220697e-16
v -0.44807085394859314 0.05976206064224243 0
v -0.44677847623825073 0.059878021478652954 0.05326780676841736
v -0.46502992510795593 0.06323912739753723 0.11197393387556076
v -0.4495542347431183 0.06265793740749359 0.16508044302463531
v -0.3962042033672333 0.057198237627744675 0.19866329431533813
v -0.4075089693069458 0.06162915751338005 0.2636745274066925
v -0.39888742566108704 0.06398569047451019 0.32263922691345215
v -0.3804190456867218 0.06563806533813477 0.37792855501174927
v -0.3678891062736511 0.06939221918582916 0.44533947110176086
v -0.3179991841316223 0.06685691326856613 0.4690585434436798
v -0.2592828869819641 0.06224633380770683 0.46973782777786255
v -0.21443340182304382 0.060671500861644745 0.4856349229812622
v -0.1810551881790161 0.06310302764177322 0.5291281342506409
v -0.1448555439710617 0.0665564090013504 0.5780562162399292
v -0.09276755154132843 0.06342189759016037 0.5645579099655151
v -0.04768547788262367 0.06488779187202454 0.5860869288444519
v -2.482359919284898e-17 0.054070793092250824 0.4907475411891937
v 0.045203689485788345 0.061510711908340454 0.5555840730667114
v 0.09340786188840866 0.06385965645313263 0.5684547424316406
v 0.13953860104084015 0.06411345303058624 0.5568386912345886
v 0.17702820897102356 0.061699509620666504 0.5173594951629639
v 0.21667176485061646 0.06130481883883476 0.490704208612442
v 0.2733890116214752 0.06563280522823334 0.49529358744621277
v 0.3266400098800659 0.06867358088493347 0.4818040132522583
v 0.3615618050098419 0.06819874793291092 0.43768006563186646
v 0.3732339143753052 0.06439833343029022 0.3707904815673828
v 0.41754958033561707 0.0669792890548706 0.33773407340049744
v 0.40584278106689453 0.06137717515230179 0.2625964283943176
v 0.4005678594112396 0.05782819911837578 0.20085132122039795
v 0.4405217170715332 0.06139900162816048 0.16176359355449677
v 0.44722822308540344 0.06081828474998474 0.10768748074769974
v 0.45650166273117065 0.06118113920092583 0.05442706495523453
v 0.4725464880466461 0.0630265325307846 7.005346947341778e-17
v 0.4782855212688446 0.06410064548254013 -0.0570242740213871
v 0.48187005519866943 0.06552921235561371 -0.11602885276079178
v 0.4807001054286957 0.06699898093938828 -0.17651747167110443
v 0.45957091450691223 0.06634620577096939 -0.23043641448020935
v 0.4228672981262207 0.06395185738801956 -0.27361196279525757
v 0.3843872547149658 0.061659712344408035 -0.31091079115867615
v 0.35040926933288574 0.06046013906598091 -0.3481152653694153
v 0.3306728005409241 0.06237238645553589 -0.4002881348133087
v 0.30413007736206055 0.06394103914499283 -0.4486011862754822
v 0.2492196410894394 0.0598304383456707 -0.4515064060688019
v 0.21911121904850006 0.06199503690004349 -0.4962289333343506
v 0.16727612912654877 0.058300621807575226 -0.48885929584503174
v 0.13820676505565643 0.0635015219449997 -0.5515238642692566
v 0.09383207559585571 0.06414967775344849 -0.5710363388061523
v 0.04566429182887077 0.06213747337460518 -0.5612452030181885
v 7.66567662766449e-17 0.05565795302391052 -0.5051525831222534
v -0.04785390943288803 0.0651169866323471 -0.588157057762146
v -0.09308093041181564 0.06363614648580551 -0.5664651393890381
v -0.14391274750232697 0.06612322479486465 -0.5742939710617065
v -0.17511659860610962 0.061033256351947784 -0.511772871017456
v -0.21980400383472443 0.06219105049967766 -0.4977979362010956
v -0.2594504952430725 0.06228657439351082 -0.4700414836406708
v -0.2952136993408203 0.06206643581390381 -0.4354492723941803
v -0.33521008491516113 0.06322821974754333 -0.4057806432247162
v -0.3541869521141052 0.0611119382083416 -0.3518681824207306
v -0.3835775554180145 0.06152982637286186 -0.31025588512420654
v -0.42073434591293335 0.06362928450107574 -0.2722318768501282
v -0.46265068650245667 0.06679081916809082 -0.23198066651821136
v -0.49565941095352173 0.06908398121595383 -0.18201065063476562
v -0.4984169602394104 0.06777940690517426 -0.12001314759254456
v -0.4733099341392517 0.06343381106853485 -0.056431058794260025
v -0.44807085394859314 0.05976206064224243 -1.3285006358057316e-16
v -0.48831722140312195 0.03236328810453415 0
v -0.48342424631118774 0.032194025814533234 0.05763694643974304
v -0.47997739911079407 0.03243376687169075 0.11557310819625854
v -0.4615289270877838 0.0319642573595047 0.169477641582489
v -0.4001619219779968 0.028705885633826256 0.2006477564573288
v -0.3927578628063202 0.029515191912651062 0.25412994623184204
v -0.3963913917541504 0.031595729291439056 0.3206203281879425
v -0.35923832654953003 0.03079979680478573 0.35688644647598267
v -0.35342028737068176 0.03312508389353752 0.42782455682754517
v -0.31806084513664246 0.03322784975171089 0.46914950013160706
v -0.26879531145095825 0.032065149396657944 0.48697128891944885
v -0.21780824661254883 0.03062233328819275 0.49327805638313293
v -0.1834242045879364 0.031766362488269806 0.5360515713691711
v -0.1481836438179016 0.03383192420005798 0.5913373231887817
v -0.09734251350164413 0.033068716526031494 0.5923998951911926
v -0.0487368144094944 0.032953813672065735 0.5990086197853088
v -2.6293085551049433e-17 0.028458449989557266 0.5197983980178833
v 0.049061957746744156 0.033173661679029465 0.6030048727989197
v 0.09728575497865677 0.033049434423446655 0.5920544862747192
v 0.14892266690731049 0.03400065749883652 0.5942864418029785
v 0.18404489755630493 0.03187385946512222 0.5378655195236206
v 0.21739809215068817 0.030564669519662857 0.49234914779663086
v 0.26701608300209045 0.03185289725661278 0.48374781012535095
v 0.31716012954711914 0.033133748918771744 0.4678208827972412
v 0.35443606972694397 0.03322029113769531 0.4290541708469391
v 0.36020374298095703 0.030882567167282104 0.35784557461738586
v 0.39409539103507996 0.03141271695494652 0.31876322627067566
v 0.3929766118526459 0.029531633481383324 0.2542715072631836
v 0.3993271589279175 0.02864600345492363 0.2002291977405548
v 0.46304041147232056 0.03206893801689148 0.17003266513347626
v 0.4823351204395294 0.03259308636188507 0.11614082753658295
v 0.48188847303390503 0.03209174796938896 0.05745384469628334
v 0.4850696325302124 0.032148052006959915 7.19099870227869e-17
v 0.48532626032829285 0.03232068940997124 -0.057863716036081314
v 0.48319587111473083 0.032651253044605255 -0.11634808778762817
v 0.4693148136138916 0.03250348940491676 -0.17233669757843018
v 0.4372774660587311 0.03136839345097542 -0.219258114695549
v 0.4025444984436035 0.03025064431130886 -0.26046231389045715
v 0.3774453103542328 0.030085567384958267 -0.3052958548069
v 0.36001843214035034 0.030866682529449463 -0.35766151547431946
v 0.34987160563468933 0.032792478799819946 -0.423528790473938
v 0.31890952587127686 0.03331650793552399 -0.4704013168811798
v 0.2716894745826721 0.0324104018509388 -0.492214560508728
v 0.2338871955871582 0.032882921397686005 -0.5296926498413086
v 0.181437149643898 0.03142223507165909 -0.5302444100379944
v 0.14922699332237244 0.034070130437612534 -0.5955008268356323
v 0.09884093701839447 0.033577755093574524 -0.601518988609314
v 0.0489063486456871 0.033068444579839706 -0.6010923385620117
v 8.081793474403986e-17 0.02915789559483528 -0.5325738787651062
v -0.0486428439617157 0.03289027512073517 -0.5978536605834961
v -0.09897024184465408 0.03362168371677399 -0.6023058891296387
v -0.14845053851604462 0.03389286249876022 -0.5924023389816284
v -0.18042045831680298 0.031246159225702286 -0.5272731781005859
v -0.23379094898700714 0.03286939114332199 -0.529474675655365
v -0.2703287601470947 0.03224807605147362 -0.48974937200546265
v -0.31992658972740173 0.03342276066541672 -0.4719015061855316
v -0.34907495975494385 0.032717809081077576 -0.42256441712379456
v -0.3591409921646118 0.030791452154517174 -0.356789767742157
v -0.3771010935306549 0.030058126896619797 -0.3050174117088318
v -0.402587354183197 0.030253862962126732 -0.2604900300502777
v -0.4368113577365875 0.03133495897054672 -0.2190244048833847
v -0.46718209981918335 0.03235577791929245 -0.17155353724956512
v -0.48066166043281555 0.03248000517487526 -0.11573787778615952
v -0.4856918156147003 0.032345034182071686 -0.05790730193257332
v -0.48831722140312195 0.03236328810453415 -1.4478285198325493e-16
v -0.5069018006324768 2.6137923011746736e-17 0
v -0.49979525804519653 2.5896179477728114e-17 0.05958881229162216
v -0.4605152904987335 2.42112588920719e-17 0.11088686436414719
v -0.4559231996536255 2.4567110337230987e-17 0.1674191653728485
v -0.45847123861312866 2.5588451746246137e-17 0.2298850119113922
v -0.41819310188293457 2.4450868300110135e-17 0.2705875635147095
v -0.4097954332828522 2.5413704878760634e-17 0.33146214485168457
v -0.3454555869102478 2.3043800990932933e-17 0.34319397807121277
v -0.3119785785675049 2.2750294148541967e-17 0.37765827775001526
v -0.29796648025512695 2.421899303079927e-17 0.43950968980789185
v -0.2728671133518219 2.5325586982466585e-17 0.49434807896614075
v -0.22364680469036102 2.4463770663304737e-17 0.5065008997917175
v -0.17341448366641998 2.3366462641193943e-17 0.506798505783081
v -0.13014823198318481 2.3118594661919978e-17 0.5193657279014587
v -0.09348180890083313 2.4708060259248798e-17 0.56890469789505
v -0.04371471703052521 2.2997090101742064e-17 0.5372835993766785
v -2.4100271106201985e-17 2.029496566449469e-17 0.4764477610588074
v 0.05008859187364578 2.6350207335429895e-17 0.615622878074646
v 0.09253447502851486 2.445767103346777e-17 0.5631394982337952
v 0.14492692053318024 2.574377475858767e-17 0.5783411264419556
v 0.1861444115638733 2.5081735792247178e-17 0.5440012812614441
v 0.21480652689933777 2.349676840308942e-17 0.4864799380302429
v 0.2386714220046997 2.2151784307606774e-17 0.43239638209342957
v 0.281765341758728 2.2902151274116902e-17 0.41561251878738403
v 0.33308398723602295 2.4289357976786706e-17 0.4032069444656372
v 0.36447691917419434 2.4312628221779048e-17 0.3620907664299011
v 0.36580225825309753 2.268544318851781e-17 0.2958783507347107
v 0.42222726345062256 2.468673885177963e-17 0.27319782972335815
v 0.4405766427516937 2.458970725720471e-17 0.22091235220432281
v 0.48773273825645447 2.6281146026087843e-17 0.1790999174118042
v 0.5068060159683228 2.6644959911823366e-17 0.12203314155340195
v 0.46812665462493896 2.4255314531496474e-17 0.05581307038664818
v 0.4430982172489166 2.2847951091659978e-17 6.568786166326912e-17
v 0.45879361033439636 2.3771736473591848e-17 -0.054700326174497604
v 0.47403913736343384 2.492226695067553e-17 -0.1141432523727417
v 0.4585544764995575 2.4708895711667476e-17 -0.16838538646697998
v 0.43265435099601746 2.4147546132570615e-17 -0.2169399857521057
v 0.4176878333091736 2.4421326371713416e-17 -0.27026063203811646
v 0.4068017303943634 2.5228047498995557e-17 -0.3290407061576843
v 0.38927942514419556 2.596709201728106e-17 -0.3867309093475342
v 0.3577423393726349 2.6087508007772854e-17 -0.433056503534317
v 0.3033195436000824 2.4654094996085838e-17 -0.4474055767059326
v 0.2854487895965576 2.6493327779375045e-17 -0.5171420574188232
v 0.22954964637756348 2.510945792329628e-17 -0.5198692679405212
v 0.19369667768478394 2.6099353234144614e-17 -0.5660724639892578
v 0.14592257142066956 2.5920634245357632e-17 -0.5823143124580383
v 0.09097126126289368 2.404449928058121e-17 -0.5536261796951294
v 0.048717282712459564 2.56288032708877e-17 -0.5987685918807983
v 7.079916948691189e-17 1.9873450967949918e-17 -0.4665522575378418
v -0.04371197521686554 2.299564749875377e-17 -0.5372498631477356
v -0.09368407726287842 2.47615209422381e-17 -0.5701356530189514
v -0.13054315745830536 2.318874454094815e-17 -0.5209416747093201
v -0.17384295165538788 2.3424196539227694e-17 -0.5080506205558777
v -0.22765083611011505 2.4901752871484215e-17 -0.5155689120292664
v -0.25859612226486206 2.4001052446087474e-17 -0.4684935510158539
v -0.3222958445549011 2.6196508905811417e-17 -0.4753962457180023
v -0.3406979739665985 2.48445880737119e-17 -0.41242384910583496
v -0.36950796842575073 2.4648226976820387e-17 -0.3670888841152191
v -0.3973928391933441 2.46445509861782e-17 -0.32143035531044006
v -0.4175422787666321 2.441281633757147e-17 -0.27016645669937134
v -0.42366883158683777 2.364604141643074e-17 -0.21243451535701752
v -0.41597622632980347 2.2414596131827122e-17 -0.15275025367736816
v -0.42213156819343567 2.2193264106603858e-17 -0.10164450109004974
v -0.46413540840148926 2.4048514415274542e-17 -0.05533721670508385
v -0.5069018006324768 2.6137923011746736e-17 -1.5029305276805037e-16
v -0.462001770734787 -0.03061922825872898 0
v -0.4606586992740631 -0.030677935108542442 0.054922692477703094
v -0.44659584760665894 -0.03017805516719818 0.10753520578145981
v -0.44330617785453796 -0.030702199786901474 0.1627860814332962
v -0.47568753361701965 -0.03412376716732979 0.23851753771305084
v -0.44227051734924316 -0.033236000686883926 0.28616663813591003
v -0.3933432698249817 -0.03135276585817337 0.31815484166145325
v -0.37185341119766235 -0.03188136965036392 0.3694189786911011
v -0.3152017295360565 -0.029542967677116394 0.38155996799468994
v -0.2836185097694397 -0.029629653319716454 0.41834598779678345
v -0.25912216305732727 -0.030911218374967575 0.4694465696811676
v -0.22903279960155487 -0.03220042958855629 0.5186986923217773
v -0.17837683856487274 -0.030892234295606613 0.521300733089447
v -0.1259962022304535 -0.028766293078660965 0.5027967095375061
v -0.0874795913696289 -0.02971813641488552 0.5323768854141235
v -0.0437682643532753 -0.029594283550977707 0.5379417538642883
v -2.1260596459254393e-17 -0.02301150932908058 0.4203090965747833
v 0.044093403965234756 -0.029814133420586586 0.5419379472732544
v 0.08742283284664154 -0.029698854312300682 0.5320314764976501
v 0.12673522531986237 -0.02893502078950405 0.5057458877563477
v 0.17899753153324127 -0.03099972940981388 0.5231147408485413
v 0.22862263023853302 -0.0321427658200264 0.5177697539329529
v 0.2573429048061371 -0.03069896623492241 0.4662231206893921
v 0.2827177941799164 -0.029535556212067604 0.4170174300670624
v 0.3162175416946411 -0.029638174921274185 0.38278964161872864
v 0.37281882762908936 -0.03196414187550545 0.3703781068325043
v 0.39104726910591125 -0.03116975724697113 0.3162977397441864
v 0.4424893260002136 -0.03325244039297104 0.2863081991672516
v 0.4748527705669403 -0.03406388312578201 0.23809897899627686
v 0.4448176622390747 -0.030806880444288254 0.16334111988544464
v 0.4489535689353943 -0.0303373783826828 0.10810292512178421
v 0.4591229259967804 -0.03057565912604332 0.05473959073424339
v 0.45875421166419983 -0.030403992161154747 6.800880473063981e-17
v 0.45678314566612244 -0.030419837683439255 -0.05446062237024307
v 0.44815492630004883 -0.030283411964774132 -0.1079106256365776
v 0.4390530586242676 -0.03040764108300209 -0.16122430562973022
v 0.4381338655948639 -0.031429827213287354 -0.21968750655651093
v 0.43265044689178467 -0.03251306340098381 -0.2799420654773712
v 0.41038256883621216 -0.03271094709634781 -0.3319370746612549
v 0.3729941248893738 -0.031979165971279144 -0.3705522119998932
v 0.3206486105918884 -0.03005349077284336 -0.3881535828113556
v 0.28092628717422485 -0.02934839390218258 -0.41437485814094543
v 0.2558625042438507 -0.030522366985678673 -0.4635411202907562
v 0.2126709669828415 -0.029900070279836655 -0.4816434979438782
v 0.18201495707035065 -0.03152230381965637 -0.531933069229126
v 0.12647125124931335 -0.028874751180410385 -0.5046924352645874
v 0.0857933759689331 -0.02914530411362648 -0.5221150517463684
v 0.04418540373444557 -0.029876336455345154 -0.5430686473846436
v 6.183871895781897e-17 -0.02231048047542572 -0.40750470757484436
v -0.04392189532518387 -0.029698163270950317 -0.5398300290107727
v -0.08592268079519272 -0.029189232736825943 -0.5229019522666931
v -0.12569479644298553 -0.028697481378912926 -0.5015939474105835
v -0.18099826574325562 -0.03134622797369957 -0.5289618372917175
v -0.21257472038269043 -0.029886538162827492 -0.48142552375793457
v -0.2545017600059509 -0.030360039323568344 -0.46107590198516846
v -0.28194335103034973 -0.02945464476943016 -0.41587504744529724
v -0.31985193490982056 -0.02997882105410099 -0.38718917965888977
v -0.37211665511131287 -0.031903937458992004 -0.3696805238723755
v -0.4100383520126343 -0.03268350660800934 -0.33165863156318665
v -0.4326933026313782 -0.03251628205180168 -0.2799697816371918
v -0.4376677870750427 -0.031396396458148956 -0.2194538116455078
v -0.4369203448295593 -0.030259931460022926 -0.16044113039970398
v -0.44562071561813354 -0.030112162232398987 -0.10730040818452835
v -0.4571487307548523 -0.030444184318184853 -0.05450420826673508
v -0.462001770734787 -0.03061922825872898 -1.3698050063385054e-16
v -0.46575745940208435 -0.062121033668518066 0
v -0.4553025960922241 -0.061020441353321075 0.05428410694003105
v -0.43808767199516296 -0.059575267136096954 0.10548654198646545
v -0.42299485206604004 -0.05895615369081497 0.15532758831977844
v -0.4443817436695099 -0.06415341049432755 0.22282031178474426
v -0.4178617596626282 -0.06319484859704971 0.2703731656074524
v -0.3754921555519104 -0.060232847929000854 0.3037160038948059
v -0.37536078691482544 -0.0647653117775917 0.37290340662002563
v -0.32806119322776794 -0.061879776418209076 0.3971267342567444
v -0.29167985916137695 -0.06132347136735916 0.43023669719696045
v -0.26480570435523987 -0.06357219815254211 0.4797433614730835
v -0.23593910038471222 -0.06675629317760468 0.5343396663665771
v -0.18699543178081512 -0.06517337262630463 0.546488344669342
v -0.13435310125350952 -0.06173088029026985 0.5361455082893372
v -0.08954782038927078 -0.061220683157444 0.5449635982513428
v -0.04637744277715683 -0.06310789287090302 0.5700103044509888
v -2.1975768545061615e-17 -0.04786764830350876 0.43444764614105225
v 0.0438956581056118 -0.05973081663250923 0.5395074486732483
v 0.09018813818693161 -0.06165844947099686 0.5488603711128235
v 0.12903615832328796 -0.05928792431950569 0.5149279236793518
v 0.18296846747398376 -0.0637698620557785 0.5347196459770203
v 0.23817744851112366 -0.06738961488008499 0.5394089221954346
v 0.2789117991924286 -0.06695866584777832 0.5052990913391113
v 0.30032068490982056 -0.0631401389837265 0.44298219680786133
v 0.32173389196395874 -0.060686301440000534 0.38946732878685
v 0.3681756854057312 -0.06352557986974716 0.3657653331756592
v 0.39415431022644043 -0.06322644650936127 0.3188108801841736
v 0.4161955714225769 -0.06294286996126175 0.2692950963973999
v 0.44874536991119385 -0.06478337198495865 0.2250083088874817
v 0.41396233439445496 -0.05769721418619156 0.1520107537508011
v 0.4202859699726105 -0.057154424488544464 0.10120009630918503
v 0.46502578258514404 -0.06232355907559395 0.05544336512684822
v 0.49023309350013733 -0.06538550555706024 7.267544672675367e-17
v 0.4824572205543518 -0.06465975195169449 -0.05752165615558624
v 0.45681649446487427 -0.06212218478322029 -0.10999622941017151
v 0.4366258382797241 -0.06085600331425667 -0.16033299267292023
v 0.4261592626571655 -0.0615227110683918 -0.21368326246738434
v 0.4105815291404724 -0.0620938315987587 -0.2656625807285309
v 0.38372310996055603 -0.06155317276716232 -0.31037360429763794
v 0.3478558361530304 -0.060019560158252716 -0.34557849168777466
v 0.3021290898323059 -0.056988395750522614 -0.3657352328300476
v 0.2769738733768463 -0.058231644332408905 -0.4085448980331421
v 0.24494226276874542 -0.058803558349609375 -0.44375714659690857
v 0.2122119516134262 -0.06004296615719795 -0.4806039035320282
v 0.17900650203227997 -0.06238899752497673 -0.5231409668922424
v 0.12694606184959412 -0.05832758545875549 -0.5065872073173523
v 0.0900714173913002 -0.061578650027513504 -0.5481500625610352
v 0.04450468719005585 -0.06055954843759537 -0.546992838382721
v 6.562150192580767e-17 -0.04764561727643013 -0.43243247270584106
v -0.046694304794073105 -0.0635390654206276 -0.5739047527313232
v -0.08932027220726013 -0.06106511875987053 -0.5435788035392761
v -0.13265202939510345 -0.06094928830862045 -0.5293572545051575
v -0.18684697151184082 -0.06512163579463959 -0.546054482460022
v -0.21290473639965057 -0.06023897975683212 -0.4821728765964508
v -0.25517311692237854 -0.06125969439744949 -0.4622921943664551
v -0.2680574655532837 -0.056357044726610184 -0.3953929841518402
v -0.3066663444042206 -0.05784422904253006 -0.3712276816368103
v -0.3516334593296051 -0.0606713593006134 -0.34933143854141235
v -0.38291338086128235 -0.06142329052090645 -0.30971866846084595
v -0.40844857692718506 -0.06177125498652458 -0.2642824649810791
v -0.42923903465270996 -0.06196732446551323 -0.21522752940654755
v -0.4515851140022278 -0.06294099986553192 -0.16582618653774261
v -0.47336336970329285 -0.06437238305807114 -0.11398052424192429
v -0.4774816632270813 -0.06399291753768921 -0.05692844092845917
v -0.46575745940208435 -0.062121033668518066 -1.3809401808724493e-16
v -0.5076997876167297 -0.1026424765586853 0
v -0.4817018508911133 -0.09785763919353485 0.057431600987911224
v -0.43081173300743103 -0.088804230093956 0.1037345752120018
v -0.4227181077003479 -0.08930712938308716 0.1552259624004364
v -0.4385441541671753 -0.0959661528468132 0.21989323198795319
v -0.39191877841949463 -0.08984343707561493 0.253587007522583
v -0.37415578961372375 -0.09097586572170258 0.3026350736618042
v -0.34095385670661926 -0.0891723781824112 0.33872169256210327
v -0.3021067976951599 -0.08637650310993195 0.36570823192596436
v -0.28974202275276184 -0.09233642369508743 0.4273783564567566
v -0.2746482193470001 -0.09994427859783173 0.49757489562034607
v -0.23284031450748444 -0.0998600423336029 0.5273217558860779
v -0.18330582976341248 -0.09684042632579803 0.53570556640625
v -0.13175003230571747 -0.091758593916893 0.5257577896118164
v -0.09219054877758026 -0.09553681313991547 0.5610464811325073
v -0.04505102336406708 -0.09292289614677429 0.5537076592445374
v -2.787563922717976e-17 -0.09203734248876572 0.5510845184326172
v 0.04783674329519272 -0.09866876900196075 0.5879461169242859
v 0.0910186842083931 -0.09432242065668106 0.5539148449897766
v 0.13716274499893188 -0.09552831947803497 0.5473575592041016
v 0.18627186119556427 -0.09840738773345947 0.5443737506866455
v 0.23174312710762024 -0.09938947856426239 0.5248368978500366
v 0.2588738799095154 -0.09420400857925415 0.4689968228340149
v 0.2766382098197937 -0.0881604254245758 0.4080497920513153
v 0.3063599467277527 -0.08759253472089767 0.37085679173469543
v 0.34840208292007446 -0.09112037718296051 0.3461211621761322
v 0.3511787950992584 -0.08538901805877686 0.28405022621154785
v 0.39267078042030334 -0.09001582860946655 0.2540736198425293
v 0.438265860080719 -0.09590525925159454 0.2197537124156952
v 0.4284927546977997 -0.09052713215351105 0.1573464423418045
v 0.4497603476047516 -0.09271015971899033 0.1082971915602684
v 0.4750367999076843 -0.09650363773107529 0.05663695186376572
v 0.4815830886363983 -0.09736242145299911 7.139311825394946e-17
v 0.4763531982898712 -0.09677106142044067 -0.05679389834403992
v 0.4540146291255951 -0.09358710050582886 -0.10932157188653946
v 0.42004427313804626 -0.0887422263622284 -0.15424410998821259
v 0.3924926519393921 -0.08588875085115433 -0.1968022584915161
v 0.37543901801109314 -0.0860656201839447 -0.24292397499084473
v 0.36277639865875244 -0.08820896595716476 -0.293430894613266
v 0.3473275899887085 -0.09083934873342514 -0.34505367279052734
v 0.3120008111000061 -0.08920533955097198 -0.37768521904945374
v 0.2767283320426941 -0.08818915486335754 -0.4081827402114868
v 0.2639787197113037 -0.09606164693832397 -0.4782451093196869
v 0.2202935665845871 -0.0944790169596672 -0.498906672000885
v 0.19202440977096558 -0.10144646465778351 -0.5611854195594788
v 0.13687299191951752 -0.09532652795314789 -0.5462013483047485
v 0.0930294543504715 -0.09640617668628693 -0.5661518573760986
v 0.04783231392502785 -0.09865962713956833 -0.5878916382789612
v 8.331273132383449e-17 -0.09169156104326248 -0.5490140318870544
v -0.04506684094667435 -0.09295551478862762 -0.5539020299911499
v -0.09331390261650085 -0.09670095145702362 -0.5678829550743103
v -0.13100986182689667 -0.09124310314655304 -0.5228040814399719
v -0.18312740325927734 -0.09674616903066635 -0.5351841449737549
v -0.21971328556537628 -0.09423014521598816 -0.4975924789905548
v -0.2526014447212219 -0.09192147850990295 -0.4576331675052643
v -0.2890735864639282 -0.09212339669466019 -0.4263923764228821
v -0.309373140335083 -0.08845405280590057 -0.37450432777404785
v -0.34808263182640076 -0.0910368263721466 -0.34580379724502563
v -0.3709803819656372 -0.09020376205444336 -0.30006664991378784
v -0.38337334990501404 -0.08788448572158813 -0.2480577975511551
v -0.39224687218666077 -0.08583496510982513 -0.1966790109872818
v -0.40722811222076416 -0.08603457361459732 -0.14953787624835968
v -0.4412393867969513 -0.09095371514558792 -0.10624543577432632
v -0.48591259121894836 -0.09871304780244827 -0.05793362855911255
v -0.5076997876167297 -0.1026424765586853 -1.5052966612790993e-16
v -0.4608113169670105 -0.12608560919761658 0
v -0.461397647857666 -0.12685690820217133 0.05501079931855202
v -0.46070563793182373 -0.12852630019187927 0.11093269288539886
v -0.450785368680954 -0.1288924217224121 0.16553249955177307
v -0.40741732716560364 -0.12066090106964111 0.20428572595119476
v -0.40433263778686523 -0.1254444420337677 0.26161932945251465
v -0.3921579122543335 -0.12904970347881317 0.3171960711479187
v -0.3358139097690582 -0.1188654750585556 0.33361542224884033
v -0.3176017701625824 -0.12289673089981079 0.3844653069972992
v -0.2951289713382721 -0.12729041278362274 0.43532422184944153
v -0.25039294362068176 -0.12331774085760117 0.45363208651542664
v -0.20563945174217224 -0.11936094611883163 0.46571895480155945
v -0.16956304013729095 -0.12123666703701019 0.4955427646636963
v -0.1283355951309204 -0.1209665983915329 0.5121322870254517
v -0.0909138023853302 -0.12750773131847382 0.553276538848877
v -0.04228285700082779 -0.11803334951400757 0.5196850895881653
v -2.858381832808846e-17 -0.1277267336845398 0.5650848150253296
v 0.04687409847974777 -0.13084988296031952 0.5761145353317261
v 0.08759327232837677 -0.12285064160823822 0.5330687165260315
v 0.13611333072185516 -0.12829773128032684 0.5431697964668274
v 0.16987168788909912 -0.12145735323429108 0.4964447617530823
v 0.2056780606508255 -0.11938335746526718 0.46580636501312256
v 0.22813913226127625 -0.11235781013965607 0.4133152961730957
v 0.26629891991615295 -0.11485590040683746 0.3927990794181824
v 0.317236989736557 -0.12275558710098267 0.3840237259864807
v 0.3457012474536896 -0.12236521393060684 0.3434379994869232
v 0.3493006229400635 -0.1149464100599289 0.2825310528278351
v 0.3991369307041168 -0.12383246421813965 0.2582574784755707
v 0.4207296669483185 -0.12460349500179291 0.2109607607126236
v 0.45273837447166443 -0.12945082783699036 0.16624966263771057
v 0.48585858941078186 -0.13554339110851288 0.11698924005031586
v 0.46066221594810486 -0.126654714345932 0.05492311716079712
v 0.4246412515640259 -0.1161888837814331 6.295166731095191e-17
v 0.42213016748428345 -0.11606067419052124 -0.050329070538282394
v 0.43498772382736206 -0.12135158479213715 -0.10474010556936264
v 0.4322621822357178 -0.12359611690044403 -0.1587306261062622
v 0.41152316331863403 -0.12187689542770386 -0.20634445548057556
v 0.38573765754699707 -0.11967532336711884 -0.24958761036396027
v 0.3633769452571869 -0.11957858502864838 -0.29391664266586304
v 0.35019904375076294 -0.12395727634429932 -0.3479063808917999
v 0.3362273573875427 -0.1301039308309555 -0.40701204538345337
v 0.28965967893600464 -0.12493149191141129 -0.42725691199302673
v 0.27269813418388367 -0.1343029886484146 -0.49404194951057434
v 0.22265997529029846 -0.12924030423164368 -0.5042659640312195
v 0.18284359574317932 -0.1307321935892105 -0.5343547463417053
v 0.14001350104808807 -0.1319739669561386 -0.5587337613105774
v 0.08930227905511856 -0.1252475380897522 -0.5434691905975342
v 0.04769672825932503 -0.1331462562084198 -0.5862252712249756
v 8.594480679808842e-17 -0.1280147284269333 -0.5663589835166931
v -0.042476948350667953 -0.11857517063617706 -0.522070586681366
v -0.08796431124210358 -0.12337102741003036 -0.5353267192840576
v -0.1320510357618332 -0.12446869909763336 -0.5269589424133301
v -0.16827210783958435 -0.12031365931034088 -0.49177005887031555
v -0.2227286398410797 -0.1292801797389984 -0.5044214129447937
v -0.2535472512245178 -0.12487123161554337 -0.4593466520309448
v -0.31654977798461914 -0.13652929663658142 -0.4669205844402313
v -0.3364148437976837 -0.13017649948596954 -0.40723901987075806
v -0.36073628067970276 -0.12768706679344177 -0.35837462544441223
v -0.39486125111579895 -0.12993931770324707 -0.3193826675415039
v -0.41683146357536316 -0.12932220101356506 -0.2697065472602844
v -0.42478078603744507 -0.12580327689647675 -0.21299205720424652
v -0.4240240752696991 -0.12124060094356537 -0.1557055115699768
v -0.42740678787231445 -0.11923668533563614 -0.1029147058725357
v -0.4444183111190796 -0.12218859046697617 -0.05298640951514244
v -0.4608113169670105 -0.12608560919761658 -1.3662752612286192e-16
v -0.39819055795669556 -0.13889342546463013 0
v -0.4351094365119934 -0.15250548720359802 0.05187654867768288
v -0.45659804344177246 -0.16238683462142944 0.10994363576173782
v -0.4222557544708252 -0.1539151519536972 0.1550561636686325
v -0.39911022782325745 -0.15068437159061432 0.20012041926383972
v -0.40466535091400146 -0.16005045175552368 0.26183459162712097
v -0.3688502907752991 -0.15473708510398865 0.2983437776565552
v -0.3517906665802002 -0.15874119102954865 0.3494875729084015
v -0.3288976848125458 -0.16224320232868195 0.3981392979621887
v -0.2795880138874054 -0.153727188706398 0.41240090131759644
v -0.2345876842737198 -0.14728444814682007 0.4249979555606842
v -0.20446211099624634 -0.1512923538684845 0.4630526006221771
v -0.16236859560012817 -0.14799705147743225 0.47451719641685486
v -0.1269865781068802 -0.15258941054344177 0.5067489147186279
v -0.08549652248620987 -0.15286335349082947 0.5203084349632263
v -0.04226761311292648 -0.1504168063402176 0.5194976925849915
v -2.7634977645402357e-17 -0.15742328763008118 0.5463268160820007
v 0.041553985327482224 -0.14787724614143372 0.5107266902923584
v 0.08647104352712631 -0.15460574626922607 0.5262390971183777
v 0.12597814202308655 -0.15137767791748047 0.5027247071266174
v 0.1636941283941269 -0.1492052525281906 0.47839102149009705
v 0.20470809936523438 -0.15147437155246735 0.4636096656322479
v 0.23636505007743835 -0.14840036630630493 0.42821797728538513
v 0.28487053513526917 -0.1566317081451416 0.42019277811050415
v 0.33059895038604736 -0.16308240592479706 0.40019872784614563
v 0.35098591446876526 -0.15837804973125458 0.3486880958080292
v 0.37697833776474 -0.1581469029188156 0.3049180805683136
v 0.40794041752815247 -0.16134577989578247 0.26395368576049805
v 0.39333271980285645 -0.14850306510925293 0.1972234845161438
v 0.4219784736633301 -0.15381410717964172 0.15495435893535614
v 0.455322265625 -0.16193309426307678 0.10963644087314606
v 0.43393856287002563 -0.15209510922431946 0.051736947149038315
v 0.4012910723686218 -0.139974907040596 5.94900885009849e-17
v 0.3959352970123291 -0.13877500593662262 -0.047205958515405655
v 0.41483256220817566 -0.14753314852714539 -0.09988697618246078
v 0.43484967947006226 -0.15850572288036346 -0.15968075394630432
v 0.4366733133792877 -0.16486632823944092 -0.2189551591873169
v 0.41565367579460144 -0.1643964946269989 -0.26894447207450867
v 0.3780505955219269 -0.15859673917293549 -0.3057854175567627
v 0.34097355604171753 -0.15386010706424713 -0.338741272687912
v 0.3258032500743866 -0.1607167273759842 -0.3943934142589569
v 0.29063183069229126 -0.15979944169521332 -0.4286908209323883
v 0.24844518303871155 -0.1559848040342331 -0.4501033127307892
v 0.2113364189863205 -0.15637901425361633 -0.47862106561660767
v 0.16154083609580994 -0.14724257588386536 -0.47209811210632324
v 0.12616312503814697 -0.1515999436378479 -0.5034628510475159
v 0.07934357970952988 -0.14186221361160278 -0.48286330699920654
v 0.04184389486908913 -0.14890892803668976 -0.5142898559570312
v 8.081923176324034e-17 -0.15346285700798035 -0.5325824022293091
v -0.042793989181518555 -0.15229001641273499 -0.5259671807289124
v -0.08013645559549332 -0.14327983558177948 -0.4876885414123535
v -0.12691889703273773 -0.15250809490680695 -0.5064788460731506
v -0.16362091898918152 -0.14913854002952576 -0.47817710041999817
v -0.21083122491836548 -0.15600518882274628 -0.47747695446014404
v -0.25173336267471313 -0.15804927051067352 -0.4560604691505432
v -0.2844545841217041 -0.15640299022197723 -0.41957923769950867
v -0.3250218629837036 -0.16033127903938293 -0.39344751834869385
v -0.3381824493408203 -0.15260066092014313 -0.3359684944152832
v -0.36961808800697327 -0.15505918860435486 -0.29896479845046997
v -0.40669381618499756 -0.16085274517536163 -0.2631470859050751
v -0.43135717511177063 -0.1628592312335968 -0.21628956496715546
v -0.4338063895702362 -0.15812546014785767 -0.15929767489433289
v -0.41456839442253113 -0.14743918180465698 -0.09982336312532425
v -0.39290592074394226 -0.13771319389343262 -0.04684477299451828
v -0.39819055795669556 -0.13889342546463013 -1.1806089479129267e-16
v -0.4088628888130188 -0.1754324585199356 0
v -0.42782366275787354 -0.1844562441110611 0.051007892936468124
v -0.4162852466106415 -0.18211650848388672 0.10023675858974457
v -0.381808340549469 -0.17119568586349487 0.14020350575447083
v -0.37837621569633484 -0.17572790384292603 0.18972404301166534
v -0.36737513542175293 -0.17873606085777283 0.23770633339881897
v -0.33917558193206787 -0.17502917349338531 0.2743414044380188
v -0.3353281021118164 -0.18613019585609436 0.333132803440094
v -0.315530389547348 -0.19146457314491272 0.38195785880088806
v -0.2777753472328186 -0.18787430226802826 0.4097271263599396
v -0.24830085039138794 -0.1917659491300583 0.44984185695648193
v -0.2128148376941681 -0.19370801746845245 0.48196929693222046
v -0.16342583298683167 -0.18323704600334167 0.47760695219039917
v -0.12715880572795868 -0.1879553198814392 0.507436215877533
v -0.08604372292757034 -0.1892412155866623 0.5236386060714722
v -0.04245461896061897 -0.18584685027599335 0.5217961668968201
v -2.7515618791733406e-17 -0.19281050562858582 0.5439671874046326
v 0.04176929593086243 -0.1828468143939972 0.5133730173110962
v 0.08844295144081116 -0.19451798498630524 0.5382396578788757
v 0.12639018893241882 -0.1868191957473755 0.5043689608573914
v 0.1685386300086975 -0.18896964192390442 0.49254894256591797
v 0.21555228531360626 -0.1961996853351593 0.488168865442276
v 0.24627026915550232 -0.19019772112369537 0.4461630880832672
v 0.2811039388179779 -0.19012561440467834 0.4146369397640228
v 0.3187260925769806 -0.19340373575687408 0.38582634925842285
v 0.33561208844184875 -0.18628783524036407 0.3334149122238159
v 0.35162553191185 -0.1814538985490799 0.28441154956817627
v 0.37729984521865845 -0.1835646629333496 0.24412801861763
v 0.3648192882537842 -0.16943171620368958 0.18292637169361115
v 0.37553465366363525 -0.1683826744556427 0.1378997564315796
v 0.4213944673538208 -0.18435169756412506 0.10146700590848923
v 0.4301977753639221 -0.18547984957695007 0.05129094794392586
v 0.40825778245925903 -0.175172820687294 6.052287974403901e-17
v 0.3964884281158447 -0.17094606161117554 -0.04727190360426903
v 0.4048168361186981 -0.1770993173122406 -0.09747530519962311
v 0.4170196056365967 -0.18698374927043915 -0.15313340723514557
v 0.41473251581192017 -0.19261273741722107 -0.20795369148254395
v 0.3906891345977783 -0.19007883965969086 -0.2527914345264435
v 0.3490507900714874 -0.18012522161006927 -0.2823289930820465
v 0.30927222967147827 -0.17166738212108612 -0.30724748969078064
v 0.2978564202785492 -0.18073996901512146 -0.3605630397796631
v 0.26650306582450867 -0.18025024235248566 -0.39310017228126526
v 0.2318543940782547 -0.17906413972377777 -0.4200461208820343
v 0.2009943723678589 -0.18294879794120789 -0.45519909262657166
v 0.15517379343509674 -0.17398466169834137 -0.45349058508872986
v 0.11787986755371094 -0.17423996329307556 -0.4704079329967499
v 0.07480346411466599 -0.16451981663703918 -0.4552334249019623
v 0.040216874331235886 -0.17605100572109222 -0.4942927360534668
v 7.624286495045807e-17 -0.1780858188867569 -0.5024250745773315
v -0.04140884056687355 -0.18126890063285828 -0.5089427828788757
v -0.07722610235214233 -0.16984808444976807 -0.4699769616127014
v -0.11758476495742798 -0.17380377650260925 -0.4692302942276001
v -0.15617884695529938 -0.1751115620136261 -0.4564278721809387
v -0.19844457507133484 -0.18062792718410492 -0.4494244456291199
v -0.2363216131925583 -0.1825142353773117 -0.4281392991542816
v -0.2544804811477661 -0.17211872339248657 -0.3753664493560791
v -0.29566633701324463 -0.17941102385520935 -0.3579118847846985
v -0.30655229091644287 -0.17015764117240906 -0.3045453727245331
v -0.33543860912323 -0.17310073971748352 -0.27131879329681396
v -0.3765295445919037 -0.18318988382816315 -0.243629589676857
v -0.4079749882221222 -0.18947435915470123 -0.2045653611421585
v -0.418592631816864 -0.18768906593322754 -0.15371105074882507
v -0.4097443222999573 -0.17925497889518738 -0.09866178035736084
v -0.3995095193386078 -0.17224860191345215 -0.04763209819793701
v -0.4088628888130188 -0.1754324585199356 -1.2122515841932852e-16
v -0.4287678599357605 -0.22126254439353943 0
v -0.43843647837638855 -0.22734670341014862 0.0522732175886631
v -0.40505313873291016 -0.213119775056839 0.09753219783306122
v -0.35947471857070923 -0.193851500749588 0.13200239837169647
v -0.35206058621406555 -0.19664719700813293 0.1765289604663849
v -0.3442307114601135 -0.2014213353395462 0.22273097932338715
v -0.3136034607887268 -0.19463464617729187 0.2536574900150299
v -0.29535308480262756 -0.1971704512834549 0.2934194803237915
v -0.2785867154598236 -0.20331108570098877 0.33723652362823486
v -0.2556556761264801 -0.2079613208770752 0.3770999610424042
v -0.23748865723609924 -0.22059190273284912 0.4302535951137543
v -0.20911066234111786 -0.22891554236412048 0.4735803008079529
v -0.1639375239610672 -0.22106723487377167 0.47910231351852417
v -0.12162759900093079 -0.21621891856193542 0.4853634834289551
v -0.08736932277679443 -0.2311048060655594 0.5317058563232422
v -0.04127716273069382 -0.2173169106245041 0.5073243975639343
v -2.6505202784248856e-17 -0.22337572276592255 0.5239918231964111
v 0.04107679799199104 -0.21626201272010803 0.5048617720603943
v 0.08317220211029053 -0.22000277042388916 0.5061632990837097
v 0.12152129411697388 -0.21602995693683624 0.484939306974411
v 0.15373003482818604 -0.20730261504650116 0.4492712914943695
v 0.20067676901817322 -0.21968285739421844 0.45447975397109985
v 0.2424401342868805 -0.2251911163330078 0.43922412395477295
v 0.265036016702652 -0.215591698884964 0.3909362554550171
v 0.283368319272995 -0.2068006694316864 0.3430248200893402
v 0.29756587743759155 -0.1986476480960846 0.2956177890300751
v 0.30229121446609497 -0.1876138150691986 0.2445075958967209
v 0.32899734377861023 -0.1925077736377716 0.2128743976354599
v 0.36877739429473877 -0.20598454773426056 0.18491102755069733
v 0.3819040060043335 -0.20594677329063416 0.14023864269256592
v 0.397809773683548 -0.2093086689710617 0.09578807651996613
v 0.41976282000541687 -0.2176636904478073 0.050046827644109726
v 0.4226475954055786 -0.21810421347618103 6.265611236936427e-17
v 0.41353797912597656 -0.21443584561347961 -0.04930465668439865
v 0.4064038395881653 -0.21383044123649597 -0.09785743057727814
v 0.3977004587650299 -0.21446523070335388 -0.14603924751281738
v 0.37773555517196655 -0.21098823845386505 -0.18940280377864838
v 0.3438144624233246 -0.20117779076099396 -0.22246164083480835
v 0.3055585026741028 -0.18964162468910217 -0.24715033173561096
v 0.2861992418766022 -0.19105955958366394 -0.2843255400657654
v 0.2754111588001251 -0.2009935826063156 -0.3333924412727356
v 0.23621556162834167 -0.192147895693779 -0.3484251797199249
v 0.22902151942253113 -0.21272718906402588 -0.4149138331413269
v 0.1921989619731903 -0.21040216088294983 -0.43527981638908386
v 0.15164248645305634 -0.20448756217956543 -0.4431704580783844
v 0.11238361150026321 -0.1997857689857483 -0.4484747350215912
v 0.07847025245428085 -0.20756542682647705 -0.4775485396385193
v 0.04043010622262955 -0.21285732090473175 -0.49691352248191833
v 7.374974920166814e-17 -0.2071782350540161 -0.4859960079193115
v -0.0400417298078537 -0.21081256866455078 -0.4921400845050812
v -0.0744258388876915 -0.19686736166477203 -0.4529353082180023
v -0.11422387510538101 -0.2030572146177292 -0.45581844449043274
v -0.1556759774684906 -0.20992667973041534 -0.4549582302570343
v -0.19942902028560638 -0.2183169573545456 -0.45165395736694336
v -0.22557441890239716 -0.20952534675598145 -0.40866878628730774
v -0.2528216242790222 -0.20565597712993622 -0.37291961908340454
v -0.2796472907066345 -0.2040850818157196 -0.3385203778743744
v -0.2821381688117981 -0.18834850192070007 -0.2802910804748535
v -0.31566885113716125 -0.19591650366783142 -0.25532805919647217
v -0.3510105609893799 -0.20538847148418427 -0.22711780667304993
v -0.37007027864456177 -0.2067067176103592 -0.18555933237075806
v -0.37746256589889526 -0.20355169475078583 -0.1386077105998993
v -0.3844318389892578 -0.20226982235908508 -0.09256681799888611
v -0.4021388590335846 -0.2085249423980713 -0.04794558137655258
v -0.4287678599357605 -0.22126254439353943 -1.2712686047932286e-16
v -0.4137061834335327 -0.2531159222126007 0
v -0.4149807393550873 -0.25512418150901794 0.04947667568922043
v -0.3863733112812042 -0.2410241663455963 0.09303431212902069
v -0.353287011384964 -0.2258760631084442 0.129730224609375
v -0.34877604246139526 -0.23097164928913116 0.17488202452659607
v -0.34847491979599 -0.24175147712230682 0.2254771590232849
v -0.3201724588871002 -0.23559442162513733 0.25897079706192017
v -0.2812541723251343 -0.22260811924934387 0.2794128954410553
v -0.24600334465503693 -0.2128547728061676 0.29779350757598877
v -0.21795684099197388 -0.21020320057868958 0.321492999792099
v -0.20077332854270935 -0.22110292315483093 0.36373719573020935
v -0.18190596997737885 -0.23609551787376404 0.4119688868522644
v -0.15396088361740112 -0.24614903330802917 0.44994592666625977
v -0.11110889911651611 -0.2341812551021576 0.443387895822525
v -0.07666607946157455 -0.2404334843158722 0.4665687680244446
v -0.03876460716128349 -0.24196955561637878 0.4764433205127716
v -2.3359474619379095e-17 -0.2334047108888626 0.4618026316165924
v 0.036315497010946274 -0.2266821563243866 0.4463421106338501
v 0.06935359537601471 -0.2175007164478302 0.4220670163631439
v 0.11029312014579773 -0.23246188461780548 0.4401324689388275
v 0.1360737681388855 -0.2175515592098236 0.3976714313030243
v 0.16500519216060638 -0.2141600400209427 0.3736930787563324
v 0.20101866126060486 -0.2213730812072754 0.36418160796165466
v 0.24289195239543915 -0.2342512607574463 0.3582730293273926
v 0.2779763638973236 -0.24051949381828308 0.3364977240562439
v 0.30343523621559143 -0.24016408622264862 0.3014487326145172
v 0.32047945261001587 -0.23582032322883606 0.25921911001205444
v 0.3340190052986145 -0.23172280192375183 0.21612359583377838
v 0.3662753105163574 -0.2425602674484253 0.18365642428398132
v 0.40053850412368774 -0.2560865581035614 0.1470813900232315
v 0.3969753086566925 -0.2476378232240677 0.09558714926242828
v 0.37529826164245605 -0.23072798550128937 0.04474547505378723
v 0.37166041135787964 -0.22739124298095703 5.5097435193528205e-17
v 0.3839186131954193 -0.23602764308452606 -0.04577324539422989
v 0.3909918963909149 -0.24390530586242676 -0.09414641559123993
v 0.3803723454475403 -0.24319322407245636 -0.13967619836330414
v 0.3541935384273529 -0.2345593273639679 -0.17759846150875092
v 0.32619285583496094 -0.22629347443580627 -0.21105976402759552
v 0.31409648060798645 -0.23112352192401886 -0.25405627489089966
v 0.306809663772583 -0.2428348809480667 -0.3048010766506195
v 0.2635563313961029 -0.22804252803325653 -0.3190418481826782
v 0.2370404154062271 -0.2286078929901123 -0.3496418595314026
v 0.2142416089773178 -0.23593494296073914 -0.3881373703479767
v 0.17372900247573853 -0.22548265755176544 -0.39345023036003113
v 0.14540357887744904 -0.23246781527996063 -0.4249374568462372
v 0.11715643852949142 -0.24692749977111816 -0.4675210416316986
v 0.08058349788188934 -0.2527189552783966 -0.49040910601615906
v 0.038298413157463074 -0.23905959725379944 -0.4707135260105133
v 7.469937239721372e-17 -0.24879534542560577 -0.49225378036499023
v -0.04029884934425354 -0.25154635310173035 -0.4953002333641052
v -0.07619532197713852 -0.23895713686943054 -0.4637039005756378
v -0.11927293986082077 -0.25138840079307556 -0.4759671092033386
v -0.16020572185516357 -0.25613313913345337 -0.4681962728500366
v -0.19256480038166046 -0.24992962181568146 -0.4361083209514618
v -0.2141035795211792 -0.2357829511165619 -0.3878873288631439
v -0.25944897532463074 -0.25021928548812866 -0.38269513845443726
v -0.2742316722869873 -0.23727938532829285 -0.3319646418094635
v -0.2843437194824219 -0.22505345940589905 -0.28248223662376404
v -0.31388598680496216 -0.2309686243534088 -0.25388598442077637
v -0.3223038613796234 -0.223595529794693 -0.20854341983795166
v -0.3222476840019226 -0.21340367197990417 -0.16158029437065125
v -0.33294206857681274 -0.21286840736865997 -0.12225936353206635
v -0.3577973544597626 -0.22319814562797546 -0.086153544485569
v -0.3892725110054016 -0.23931913077831268 -0.04641157388687134
v -0.4137061834335327 -0.2531159222126007 -1.2266117043250018e-16
v -0.36513182520866394 -0.2626122236251831 0
v -0.36510080099105835 -0.2638604938983917 0.04352967068552971
v -0.3534865081310272 -0.25921744108200073 0.08511554449796677
v -0.33905917406082153 -0.2548331320285797 0.12450562417507172
v -0.33644741773605347 -0.2619190812110901 0.16870024800300598
v -0.33746543526649475 -0.2752103805541992 0.21835358440876007
v -0.3220694661140442 -0.2785918414592743 0.26050516963005066
v -0.28928878903388977 -0.2691606283187866 0.2873948812484741
v -0.25067055225372314 -0.2549667954444885 0.3034433126449585
v -0.2181287258863449 -0.24729740619659424 0.3217465579509735
v -0.19202959537506104 -0.24859619140625 0.3478963375091553
v -0.16413387656211853 -0.2504245638847351 0.3717197775840759
v -0.13911539316177368 -0.26145732402801514 0.4065604507923126
v -0.10609100759029388 -0.2628571093082428 0.42336365580558777
v -0.06631360948085785 -0.24447374045848846 0.40356650948524475
v -0.035268962383270264 -0.25879499316215515 0.4334794580936432
v -2.2221694304257306e-17 -0.26101264357566833 0.43930941820144653
v 0.03505627438426018 -0.2572343647480011 0.43086543679237366
v 0.06599961221218109 -0.2433161437511444 0.4016555845737457
v 0.10611945390701294 -0.2629275918006897 0.4234771728515625
v 0.13835974037647247 -0.2600371241569519 0.4043520390987396
v 0.16360773146152496 -0.24962182343006134 0.3705282211303711
v 0.19183818995952606 -0.2483483999967575 0.34754955768585205
v 0.21859444677829742 -0.24782542884349823 0.3224335312843323
v 0.25217166543006897 -0.25649362802505493 0.30526044964790344
v 0.29102492332458496 -0.2707759737968445 0.289119690656662
v 0.32301056385040283 -0.2794059216976166 0.2612663805484772
v 0.33749252557754517 -0.2752324342727661 0.21837109327316284
v 0.3369327783584595 -0.2622969150543213 0.1689436137676239
v 0.34086114168167114 -0.25618746876716614 0.12516731023788452
v 0.35478565096855164 -0.2601701319217682 0.08542836457490921
v 0.3640226423740387 -0.26308128237724304 0.043401122093200684
v 0.36258062720298767 -0.2607773542404175 5.3751390652500265e-17
v 0.35401830077171326 -0.2558510899543762 -0.042208340018987656
v 0.33901888132095337 -0.2486080825328827 -0.08163189888000488
v 0.3190029263496399 -0.23975908756256104 -0.11714078485965729
v 0.3034641146659851 -0.23624208569526672 -0.1521618813276291
v 0.3046053946018219 -0.24841228127479553 -0.19709181785583496
v 0.3122881054878235 -0.2701309323310852 -0.2525935471057892
v 0.29099252820014954 -0.27074581384658813 -0.2890874743461609
v 0.2646646201610565 -0.2692006826400757 -0.3203834891319275
v 0.2494155615568161 -0.28276798129081726 -0.36789560317993164
v 0.2036866545677185 -0.2636870741844177 -0.3690151870250702
v 0.17302878201007843 -0.26399582624435425 -0.3918644189834595
v 0.1488337367773056 -0.27972227334976196 -0.43496203422546387
v 0.11412166804075241 -0.2827543616294861 -0.45541059970855713
v 0.07234496623277664 -0.2667091190814972 -0.4402717053890228
v 0.037580762058496475 -0.27575844526290894 -0.46189308166503906
v 7.309370894912988e-17 -0.28618258237838745 -0.48167282342910767
v -0.03779267892241478 -0.2773134112358093 -0.4644976854324341
v -0.07243609428405762 -0.2670450806617737 -0.44082626700401306
v -0.11409125477075577 -0.2826789915561676 -0.45528921484947205
v -0.14966757595539093 -0.28128939867019653 -0.43739888072013855
v -0.1742093414068222 -0.26579704880714417 -0.3945380747318268
v -0.20388679206371307 -0.26394617557525635 -0.3693777620792389
v -0.25010135769844055 -0.28354549407958984 -0.3689071536064148
v -0.26546815037727356 -0.2700180113315582 -0.3213561773300171
v -0.28923454880714417 -0.26911017298698425 -0.28734102845191956
v -0.31150099635124207 -0.2694500684738159 -0.25195688009262085
v -0.3046410083770752 -0.24844130873680115 -0.19711484014987946
v -0.30247804522514343 -0.23547443747520447 -0.15166744589805603
v -0.31754249334335327 -0.23866143822669983 -0.11660449206829071
v -0.33876898884773254 -0.24842484295368195 -0.08157173544168472
v -0.35574400424957275 -0.2570982873439789 -0.042414091527462006
v -0.36513182520866394 -0.2626122236251831 -1.0825918172689862e-16
v -0.33580008149147034 -0.2827790379524231 0
v -0.32590821385383606 -0.2757769227027893 0.0388568714261055
v -0.31054362654685974 -0.26663368940353394 0.07477537542581558
v -0.29836371541023254 -0.26255935430526733 0.10956188291311264
v -0.29538798332214355 -0.26924264430999756 0.14811238646507263
v -0.2953478991985321 -0.28201383352279663 0.1911018341779709
v -0.28738847374916077 -0.2910645604133606 0.23245355486869812
v -0.2695835828781128 -0.2936800420284271 0.2678186893463135
v -0.24836014211177826 -0.29577621817588806 0.30064648389816284
v -0.2265501618385315 -0.30072683095932007 0.3341684341430664
v -0.1981479823589325 -0.30034270882606506 0.35898086428642273
v -0.16286884248256683 -0.29094964265823364 0.3688548505306244
v -0.13360853493213654 -0.29400914907455444 0.3904667794704437
v -0.10494247823953629 -0.30443429946899414 0.4187803268432617
v -0.06530869752168655 -0.28190430998802185 0.3974509537220001
v -0.03350529447197914 -0.28785765171051025 0.41180285811424255
v -2.1953042584912333e-17 -0.3019118905067444 0.43399834632873535
v 0.035028837621212006 -0.30094704031944275 0.4305282235145569
v 0.0661390870809555 -0.28548866510391235 0.40250441431999207
v 0.10357280820608139 -0.30046096444129944 0.4133146107196808
v 0.13643743097782135 -0.30023425817489624 0.3987341821193695
v 0.16145341098308563 -0.288421094417572 0.3656492829322815
v 0.19460490345954895 -0.2949722409248352 0.352561891078949
v 0.2265348732471466 -0.30070653557777405 0.33414584398269653
v 0.250185489654541 -0.29795005917549133 0.30285611748695374
v 0.2701762318611145 -0.29432564973831177 0.2684074342250824
v 0.28860756754875183 -0.2922992706298828 0.2334396243095398
v 0.29942330718040466 -0.28590527176856995 0.19373877346515656
v 0.29931533336639404 -0.2728223502635956 0.15008161962032318
v 0.29747119545936584 -0.2617739737033844 0.10923414677381516
v 0.3073243796825409 -0.26386967301368713 0.07400022447109222
v 0.32782530784606934 -0.2773991525173187 0.03908544406294823
v 0.3438548147678375 -0.289561927318573 5.09753460469927e-17
v 0.34306600689888 -0.2902955412864685 -0.04090254008769989
v 0.32589542865753174 -0.27981480956077576 -0.07847192138433456
v 0.3048847019672394 -0.26829785108566284 -0.11195645481348038
v 0.2962048649787903 -0.26998719573020935 -0.14852197468280792
v 0.29958802461624146 -0.2860625386238098 -0.19384536147117615
v 0.28790298104286194 -0.29158568382263184 -0.2328697293996811
v 0.26169097423553467 -0.28508198261260986 -0.2599777579307556
v 0.25642287731170654 -0.305378258228302 -0.3104066550731659
v 0.23277762532234192 -0.30899327993392944 -0.34335413575172424
v 0.1920802742242813 -0.29114556312561035 -0.347988098859787
v 0.16526485979557037 -0.29522988200187683 -0.3742811679840088
v 0.13569968938827515 -0.2986108660697937 -0.39657819271087646
v 0.09825488179922104 -0.28503382205963135 -0.3920930325984955
v 0.06629678606987 -0.2861693799495697 -0.4034641981124878
v 0.03495938330888748 -0.3003503680229187 -0.4296746253967285
v 6.508002949683045e-17 -0.298340380191803 -0.4288642704486847
v -0.0334806889295578 -0.28764623403549194 -0.41150039434432983
v -0.06322719901800156 -0.27291953563690186 -0.38478347659111023
v -0.09813309460878372 -0.2846805453300476 -0.39160704612731934
v -0.1332222819328308 -0.29315921664237976 -0.3893379867076874
v -0.1596706509590149 -0.2852363586425781 -0.3616117835044861
v -0.19158713519573212 -0.2903980612754822 -0.34709465503692627
v -0.23280999064445496 -0.3090362548828125 -0.34340187907218933
v -0.2510736882686615 -0.2990078330039978 -0.303931325674057
v -0.2728068232536316 -0.29719141125679016 -0.2710208296775818
v -0.29932892322540283 -0.303157776594162 -0.24211156368255615
v -0.29559341073036194 -0.28224828839302063 -0.1912606954574585
v -0.29131990671157837 -0.2655346393585205 -0.14607256650924683
v -0.305465430021286 -0.26880887150764465 -0.11216970533132553
v -0.32481297850608826 -0.2788854241371155 -0.07821127772331238
v -0.33598071336746216 -0.28430014848709106 -0.04005778580904007
v -0.33580008149147034 -0.2827790379524231 -9.956252902131621e-17
v -0.32328522205352783 -0.31875231862068176 0
v -0.30787885189056396 -0.3050307631492615 0.03670729696750641
v -0.28665223717689514 -0.2881700396537781 0.06902260333299637
v -0.27027761936187744 -0.2784791588783264 0.09924840182065964
v -0.2623874545097351 -0.2800239324569702 0.1315653771162033
v -0.25917765498161316 -0.2897578477859497 0.16769824922084808
v -0.2555679976940155 -0.30305927991867065 0.20671561360359192
v -0.24859561026096344 -0.3170848786830902 0.2469681054353714
v -0.23537199199199677 -0.32819899916648865 0.2849240005016327
v -0.2130681574344635 -0.3311520218849182 0.31428202986717224
v -0.18221241235733032 -0.32337501645088196 0.33011069893836975
v -0.14893752336502075 -0.3115193247795105 0.33730408549308777
v -0.12454624474048615 -0.32089167833328247 0.36398258805274963
v -0.09901008009910583 -0.33629682660102844 0.395106703042984
v -0.06305675953626633 -0.318686306476593 0.3837462067604065
v -0.032073188573122025 -0.3226321339607239 0.39420127868652344
v -2.0753298170104197e-17 -0.3341748118400574 0.41028013825416565
v 0.03242224454879761 -0.326143354177475 0.39849141240119934
v 0.06262098252773285 -0.31648391485214233 0.38109418749809265
v 0.09796428680419922 -0.33274468779563904 0.3909333646297455
v 0.1248098611831665 -0.32157084345817566 0.3647529184818268
v 0.14689242839813232 -0.3072417974472046 0.33267250657081604
v 0.17848753929138184 -0.3167644143104553 0.32336243987083435
v 0.21074719727039337 -0.32754480838775635 0.3108585774898529
v 0.23613207042217255 -0.32925885915756226 0.285844087600708
v 0.2523902356624603 -0.32192495465278625 0.25073790550231934
v 0.2613059878349304 -0.30986350774765015 0.21135678887367249
v 0.2656407058238983 -0.2969834804534912 0.1718801110982895
v 0.2681654095649719 -0.2861902713775635 0.13446252048015594
v 0.2738487422466278 -0.28215864300727844 0.10055974870920181
v 0.28739598393440247 -0.28891775012016296 0.06920169293880463
v 0.3065005838871002 -0.3036652207374573 0.036542970687150955
v 0.32091179490089417 -0.31641218066215515 4.757412495196246e-17
v 0.3209391236305237 -0.3179702162742615 -0.038264431059360504
v 0.3073544502258301 -0.30898192524909973 -0.07400746643543243
v 0.29289087653160095 -0.3017786145210266 -0.10755220800638199
v 0.2885403037071228 -0.3079347014427185 -0.14467884600162506
v 0.28291231393814087 -0.316292941570282 -0.18305552005767822
v 0.2586710751056671 -0.3067389726638794 -0.20922552049160004
v 0.23906034231185913 -0.30492261052131653 -0.23749525845050812
v 0.23421192169189453 -0.3265814185142517 -0.2835196852684021
v 0.20848695933818817 -0.32403191924095154 -0.3075246214866638
v 0.17308056354522705 -0.307168573141098 -0.3135666847229004
v 0.14422236382961273 -0.3016570508480072 -0.3266254961490631
v 0.11375368386507034 -0.2930848002433777 -0.33244162797927856
v 0.08381672948598862 -0.2846912145614624 -0.3344765603542328
v 0.05891991779208183 -0.2977788746356964 -0.35857051610946655
v 0.030272165313363075 -0.30451518297195435 -0.3720654845237732
v 5.604713118096769e-17 -0.30082839727401733 -0.36933934688568115
v -0.030029918998479843 -0.30207836627960205 -0.3690881133079529
v -0.05760683864355087 -0.29114264249801636 -0.35057950019836426
v -0.08288711309432983 -0.28153368830680847 -0.330766886472702
v -0.11411378532648087 -0.2940126061439514 -0.33349400758743286
v -0.14462685585021973 -0.3025031089782715 -0.3275415897369385
v -0.17466561496257782 -0.3099816143512726 -0.31643834710121155
v -0.21067658066749573 -0.32743504643440247 -0.3107543885707855
v -0.23366928100585938 -0.3258247971534729 -0.2828628122806549
v -0.24108242988586426 -0.30750179290771484 -0.2395041286945343
v -0.2643337547779083 -0.31345391273498535 -0.21380576491355896
v -0.2827950119972229 -0.31616178154945374 -0.18297961354255676
v -0.2830752730369568 -0.30210229754447937 -0.14193858206272125
v -0.2891498804092407 -0.29792410135269165 -0.10617848485708237
v -0.3075592517852783 -0.30918779969215393 -0.07405678182840347
v -0.3231801688671112 -0.32019054889678955 -0.03853162005543709
v -0.32328522205352783 -0.31875231862068176 -9.585195561208094e-17
v -0.28096339106559753 -0.3256530165672302 0
v -0.2745836079120636 -0.31979838013648987 0.032737623900175095
v -0.2664702236652374 -0.3149053752422333 0.06416300684213638
v -0.25853103399276733 -0.31313613057136536 0.09493495523929596
v -0.25104060769081116 -0.31494444608688354 0.12587587535381317
v -0.2423420399427414 -0.3184962570667267 0.15680496394634247
v -0.23048068583011627 -0.32128724455833435 0.18642379343509674
v -0.21464963257312775 -0.32184746861457825 0.21324436366558075
v -0.19523927569389343 -0.3200276792049408 0.23634228110313416
v -0.17224127054214478 -0.3146907687187195 0.25406116247177124
v -0.14578016102313995 -0.3041338622570038 0.2641070783138275
v -0.12209228426218033 -0.30019742250442505 0.2765066921710968
v -0.10585185885429382 -0.3206004798412323 0.30934879183769226
v -0.08243683725595474 -0.3291566073894501 0.3289700448513031
v -0.05323617905378342 -0.3162834644317627 0.32398083806037903
v -0.02741626463830471 -0.32419896125793457 0.33696454763412476
v -1.7452973257470724e-17 -0.3303649127483368 0.34503471851348877
v 0.027539869770407677 -0.3256605863571167 0.3384837210178375
v 0.056455135345458984 -0.33540773391723633 0.3435705304145813
v 0.08615102618932724 -0.34398674964904785 0.34379175305366516
v 0.10585788637399673 -0.32061874866485596 0.3093664050102234
v 0.12813976407051086 -0.3150668144226074 0.29020264744758606
v 0.15675555169582367 -0.32703131437301636 0.2839910089969635
v 0.1806814968585968 -0.3301113247871399 0.2665107250213623
v 0.19904936850070953 -0.32627299427986145 0.24095448851585388
v 0.2140011340379715 -0.3208751082420349 0.21260012686252594
v 0.2261529415845871 -0.31525442004203796 0.1829233169555664
v 0.2368497997522354 -0.3112781047821045 0.1532512605190277
v 0.24858935177326202 -0.31186920404434204 0.12464678287506104
v 0.2632666826248169 -0.31887197494506836 0.09667392820119858
v 0.27995237708091736 -0.330838143825531 0.06740935891866684
v 0.29381561279296875 -0.3421972393989563 0.03503058850765228
v 0.2983127534389496 -0.3457619249820709 4.422388465244509e-17
v 0.2906948924064636 -0.33856263756752014 -0.034658513963222504
v 0.27675727009773254 -0.32706230878829956 -0.06664001941680908
v 0.26749536395072937 -0.32399383187294006 -0.09822674095630646
v 0.2645812928676605 -0.331932008266449 -0.13266541063785553
v 0.25348132848739624 -0.3331359624862671 -0.16401252150535583
v 0.23006275296211243 -0.3207046389579773 -0.1860857605934143
v 0.21471840143203735 -0.32195061445236206 -0.21331268548965454
v 0.20675353705883026 -0.3389013409614563 -0.25028058886528015
v 0.1860426962375641 -0.3399064242839813 -0.2744186818599701
v 0.1561286449432373 -0.32572340965270996 -0.28285524249076843
v 0.12607264518737793 -0.3099842369556427 -0.28552114963531494
v 0.09734813123941422 -0.29484468698501587 -0.28449690341949463
v 0.0737786665558815 -0.2945859432220459 -0.29441896080970764
v 0.05215206369757652 -0.30984261631965637 -0.31738319993019104
v 0.026223409920930862 -0.31009337306022644 -0.32230356335639954
v 4.76012167713848e-17 -0.30034559965133667 -0.3136824369430542
v -0.025622917339205742 -0.3029925227165222 -0.31492307782173157
v -0.05290567874908447 -0.314319908618927 -0.32196950912475586
v -0.07719071209430695 -0.30820968747138977 -0.3080349862575531
v -0.09728799015283585 -0.2946625351905823 -0.284321129322052
v -0.12016549706459045 -0.29545989632606506 -0.27214300632476807
v -0.14576739072799683 -0.3041072487831116 -0.26408395171165466
v -0.17440013587474823 -0.31863507628440857 -0.2572455406188965
v -0.20211422443389893 -0.33129677176475525 -0.24466459453105927
v -0.2143830955028534 -0.32144781947135925 -0.21297958493232727
v -0.22090493142604828 -0.30793875455856323 -0.1786784827709198
v -0.24541470408439636 -0.3225344717502594 -0.15879309177398682
v -0.27465546131134033 -0.3445706069469452 -0.13771675527095795
v -0.2875775098800659 -0.34831756353378296 -0.10560107976198196
v -0.2876856327056885 -0.3399770259857178 -0.06927143782377243
v -0.2848583459854126 -0.33176499605178833 -0.033962640911340714
v -0.28096339106559753 -0.3256530165672302 -8.330380439066382e-17
v -0.25817206501960754 -0.3547777235507965 0
v -0.24671296775341034 -0.3406711518764496 0.02941470965743065
v -0.2367667704820633 -0.3317369520664215 0.057010751217603683
v -0.22881866991519928 -0.3285894989967346 0.08402431011199951
v -0.22150461375713348 -0.3294689357280731 0.1110660508275032
v -0.21333232522010803 -0.33240991830825806 0.13803452253341675
v -0.2032412886619568 -0.33590200543403625 0.16439126431941986
v -0.19013981521129608 -0.33801406621932983 0.18889500200748444
v -0.17252413928508759 -0.3352832794189453 0.20884500443935394
v -0.14994046092033386 -0.3247935175895691 0.22116677463054657
v -0.12663348019123077 -0.3132251501083374 0.22941942512989044
v -0.1091633215546608 -0.3182271420955658 0.2472260296344757
v -0.09200572967529297 -0.3303864896297455 0.26888391375541687
v -0.06696178764104843 -0.31699320673942566 0.2672157287597656
v -0.0432630255818367 -0.3047391474246979 0.2632869780063629
v -0.02251225709915161 -0.31561967730522156 0.27669093012809753
v -1.460063282098372e-17 -0.3276708722114563 0.2886456549167633
v 0.024220991879701614 -0.33957597613334656 0.2976924479007721
v 0.04994187131524086 -0.3517840504646301 0.3039326071739197
v 0.0719665065407753 -0.34068527817726135 0.2871874272823334
v 0.0900275781750679 -0.3232830762863159 0.26310279965400696
v 0.11407371610403061 -0.33254164457321167 0.2583467662334442
v 0.13740421831607819 -0.3398663401603699 0.24893255531787872
v 0.15286752581596375 -0.33113399147987366 0.22548428177833557
v 0.16594138741493225 -0.3224903643131256 0.2008763998746872
v 0.18133875727653503 -0.322368323802948 0.1801515817642212
v 0.19909706711769104 -0.32905274629592896 0.16103924810886383
v 0.21765662729740143 -0.3391479253768921 0.14083249866962433
v 0.2354297935962677 -0.3501814603805542 0.11804836988449097
v 0.25056755542755127 -0.3598214387893677 0.09201069921255112
v 0.2605837881565094 -0.3651072680950165 0.06274561583995819
v 0.26305434107780457 -0.3632360100746155 0.03136303275823593
v 0.2575840353965759 -0.35396963357925415 3.818599226767757e-17
v 0.24773800373077393 -0.3420865535736084 -0.02953691966831684
v 0.2400330901145935 -0.3363134264945984 -0.05779723823070526
v 0.23776502907276154 -0.3414366841316223 -0.08730950206518173
v 0.23472590744495392 -0.3491344749927521 -0.11769542098045349
v 0.22164565324783325 -0.3453635573387146 -0.14341357350349426
v 0.20196124911308289 -0.3337864577770233 -0.16335591673851013
v 0.18729394674301147 -0.33295494318008423 -0.18606778979301453
v 0.17685824632644653 -0.3437061905860901 -0.21409155428409576
v 0.1616043746471405 -0.35005930066108704 -0.23837138712406158
v 0.1394893229007721 -0.3450238108634949 -0.25271013379096985
v 0.11401742696762085 -0.3323775827884674 -0.25821930170059204
v 0.0900731012225151 -0.3234465718269348 -0.263235867023468
v 0.07004367560148239 -0.3315826952457428 -0.27951422333717346
v 0.048931099474430084 -0.3446643054485321 -0.2977813184261322
v 0.024318154901266098 -0.34093818068504333 -0.29888665676116943
v 4.347779751842431e-17 -0.3252463936805725 -0.2865099310874939
v -0.022162221372127533 -0.31071218848228455 -0.272388756275177
v -0.04396983981132507 -0.3097178339958191 -0.26758846640586853
v -0.06841432303190231 -0.3238694369792938 -0.2730121612548828
v -0.09198933839797974 -0.3303276002407074 -0.26883599162101746
v -0.11012650281190872 -0.3210349678993225 -0.24940739572048187
v -0.1258963942527771 -0.31140196323394775 -0.2280840426683426
v -0.1438921093940735 -0.31169191002845764 -0.21224527060985565
v -0.1666141152381897 -0.3237977623939514 -0.20169077813625336
v -0.19061416387557983 -0.33885735273361206 -0.18936626613140106
v -0.20700369775295258 -0.3421202301979065 -0.1674344837665558
v -0.21702630817890167 -0.3381657898426056 -0.1404246687889099
v -0.23215165734291077 -0.34530550241470337 -0.11640465259552002
v -0.2525651454925537 -0.3626900315284729 -0.09274423867464066
v -0.26640307903289795 -0.3732607662677765 -0.06414683163166046
v -0.2670367658138275 -0.36873504519462585 -0.03183784335851669
v -0.25817206501960754 -0.3547777235507965 -7.654632773870172e-17
v -0.21448193490505219 -0.3544796109199524 0
v -0.21729974448680878 -0.36087438464164734 0.02590787410736084
v -0.21844953298568726 -0.3681100904941559 0.05260017141699791
v -0.2173675298690796 -0.37541383504867554 0.07981933653354645
v -0.2135152965784073 -0.3819567561149597 0.10706008970737457
v -0.2062080055475235 -0.38643476366996765 0.1334247887134552
v -0.19463640451431274 -0.3868817090988159 0.1574312448501587
v -0.1781740039587021 -0.38094258308410645 0.1770075559616089
v -0.15750181674957275 -0.3681299090385437 0.19066010415554047
v -0.13630105555057526 -0.35509225726127625 0.20104825496673584
v -0.11950873583555222 -0.3555176556110382 0.21651166677474976
v -0.10511325299739838 -0.3685287833213806 0.23805372416973114
v -0.08479666709899902 -0.3662179112434387 0.24781562387943268
v -0.06051220744848251 -0.34452396631240845 0.24147826433181763
v -0.03976579010486603 -0.3368793725967407 0.24200373888015747
v -0.020679891109466553 -0.34869584441185 0.25416994094848633
v -1.343069503236832e-17 -0.36250847578048706 0.2655167281627655
v 0.021948449313640594 -0.3700857162475586 0.2697613835334778
v 0.04301014542579651 -0.3643642067909241 0.2617480158805847
v 0.061231326311826706 -0.34861820936203003 0.2443479299545288
v 0.0807296633720398 -0.3486534655094147 0.235929936170578
v 0.10361439734697342 -0.3632737696170807 0.23465919494628906
v 0.12168413400650024 -0.3619891107082367 0.22045280039310455
v 0.1331961452960968 -0.347003310918808 0.19646839797496796
v 0.14534255862236023 -0.33970996737480164 0.17594099044799805
v 0.16146354377269745 -0.34521499276161194 0.16040648519992828
v 0.1793825626373291 -0.3565613925457001 0.14509317278862
v 0.19584111869335175 -0.36700719594955444 0.1267170011997223
v 0.20853446424007416 -0.37304651737213135 0.10456261038780212
v 0.2162049263715744 -0.37340596318244934 0.07939242571592331
v 0.21860603988170624 -0.3683737814426422 0.05263785272836685
v 0.2167506217956543 -0.3599624037742615 0.02584240399301052
v 0.21298277378082275 -0.3520018756389618 3.157399683312885e-17
v 0.21009893715381622 -0.34891584515571594 -0.025049349293112755
v 0.20921413600444794 -0.35254746675491333 -0.050376392900943756
v 0.20785056054592133 -0.35897716879844666 -0.07632461935281754
v 0.20139238238334656 -0.36027008295059204 -0.1009814590215683
v 0.18824371695518494 -0.3527696132659912 -0.12180117517709732
v 0.17232702672481537 -0.342536985874176 -0.1393863409757614
v 0.1581641137599945 -0.3381606638431549 -0.15712864696979523
v 0.1455717533826828 -0.34024566411972046 -0.1762184351682663
v 0.13146072626113892 -0.34248217940330505 -0.19390860199928284
v 0.11439510434865952 -0.34030550718307495 -0.20724740624427795
v 0.09611198306083679 -0.33697018027305603 -0.21766823530197144
v 0.07913842052221298 -0.3417811989784241 -0.23127956688404083
v 0.06245093047618866 -0.3555620014667511 -0.24921485781669617
v 0.043028753250837326 -0.3645218312740326 -0.26186123490333557
v 0.021462803706526756 -0.36189696192741394 -0.2637924551963806
v 3.940671563718128e-17 -0.3545427620410919 -0.259682297706604
v -0.020467374473810196 -0.3451124429702759 -0.25155794620513916
v -0.03910790756344795 -0.3313060700893402 -0.2380000650882721
v -0.05629882216453552 -0.32053518295288086 -0.22466443479061127
v -0.07496322691440582 -0.32374948263168335 -0.2190776914358139
v -0.095540851354599 -0.33496779203414917 -0.21637476980686188
v -0.11481378972530365 -0.3415510058403015 -0.20800593495368958
v -0.1316310316324234 -0.3429258465766907 -0.19415980577468872
v -0.14823797345161438 -0.3464774489402771 -0.17944596707820892
v -0.16687734425067902 -0.35678985714912415 -0.1657848209142685
v -0.18605439364910126 -0.3698231279850006 -0.1504897028207779
v -0.2005094289779663 -0.3757556080818176 -0.12973757088184357
v -0.2069016546010971 -0.37012559175491333 -0.10374388843774796
v -0.20789209008216858 -0.35904887318611145 -0.07633986324071884
v -0.2085195928812027 -0.35137706995010376 -0.05020914971828461
v -0.21101553738117218 -0.35043805837631226 -0.025158630684018135
v -0.21448193490505219 -0.3544796109199524 -6.359248744021919e-17
v -0.17523925006389618 -0.35626524686813354 0
v -0.17570187151432037 -0.35893410444259644 0.02094830758869648
v -0.17650644481182098 -0.3658716082572937 0.04250074923038483
v -0.17644102871418 -0.3748493790626526 0.0647907555103302
v -0.17395617067813873 -0.3827952444553375 0.08722447603940964
v -0.1676427572965622 -0.3864533305168152 0.10847153514623642
v -0.15682922303676605 -0.3834622800350189 0.12685097754001617
v -0.14246255159378052 -0.37467730045318604 0.1415298879146576
v -0.12761835753917694 -0.36691898107528687 0.15448538959026337
v -0.11567184329032898 -0.3706901967525482 0.17061950266361237
v -0.10583409667015076 -0.38728323578834534 0.1917375922203064
v -0.09259481728076935 -0.39933937788009644 0.2097027748823166
v -0.0737510621547699 -0.39180558919906616 0.21553516387939453
v -0.05389611795544624 -0.3774639070034027 0.2150762528181076
v -0.036040060222148895 -0.37557080388069153 0.21932993829250336
v -0.01850420981645584 -0.38380497694015503 0.2274293303489685
v -1.1738864179874838e-17 -0.38975101709365845 0.23207023739814758
v 0.018651403486728668 -0.3868579864501953 0.22923845052719116
v 0.036194223910570145 -0.37717732787132263 0.2202681452035904
v 0.053190864622592926 -0.3725246489048004 0.2122618854045868
v 0.07196108996868134 -0.3822963237762451 0.21030405163764954
v 0.09118733555078506 -0.39326927065849304 0.20651520788669586
v 0.10566938668489456 -0.3866805136203766 0.1914391815662384
v 0.11527397483587265 -0.36941519379615784 0.17003263533115387
v 0.12541136145591736 -0.36057358980178833 0.15181376039981842
v 0.13883057236671448 -0.3651251792907715 0.13792169094085693
v 0.15342319011688232 -0.3751342296600342 0.12409601360559464
v 0.16589531302452087 -0.38242506980895996 0.10734086483716965
v 0.1744382679462433 -0.3838561177253723 0.08746621012687683
v 0.17896786332130432 -0.38021761178970337 0.0657186359167099
v 0.1804570108652115 -0.3740605413913727 0.043452002108097076
v 0.180264413356781 -0.36825472116470337 0.021492280066013336
v 0.17952466011047363 -0.36497753858566284 2.6613942293213852e-17
v 0.1785632222890854 -0.36477944254875183 -0.021289454773068428
v 0.1766016185283661 -0.36606886982917786 -0.042523667216300964
v 0.17219102382659912 -0.3658202290534973 -0.06323011964559555
v 0.1643543243408203 -0.36166614294052124 -0.08240996301174164
v 0.15350592136383057 -0.3538648188114166 -0.09932444244623184
v 0.14110782742500305 -0.3450219929218292 -0.11413475126028061
v 0.12839959561824799 -0.33769163489341736 -0.12755899131298065
v 0.11570444703102112 -0.33266502618789673 -0.14006328582763672
v 0.10296402126550674 -0.3299658000469208 -0.1518750786781311
v 0.09047369658946991 -0.3310742676258087 -0.1639094352722168
v 0.07846632599830627 -0.3384065628051758 -0.17770548164844513
v 0.06595460325479507 -0.3503865599632263 -0.19275027513504028
v 0.051306240260601044 -0.3593255877494812 -0.20474116504192352
v 0.034506142139434814 -0.3595859706401825 -0.20999494194984436
v 0.017110515385866165 -0.354897677898407 -0.21029987931251526
v 3.187102084748439e-17 -0.35272473096847534 -0.21002361178398132
v -0.017132224515080452 -0.3553479313850403 -0.2105666995048523
v -0.034341491758823395 -0.3578701615333557 -0.20899292826652527
v -0.05046042799949646 -0.35340186953544617 -0.2013658881187439
v -0.06437931209802628 -0.34201779961586 -0.18814653158187866
v -0.07695473730564117 -0.331887423992157 -0.17428211867809296
v -0.08995695412158966 -0.32918334007263184 -0.1629732847213745
v -0.10384439677000046 -0.3327871263027191 -0.15317367017269135
v -0.1179988905787468 -0.33926182985305786 -0.14284075796604156
v -0.13200993835926056 -0.3471868932247162 -0.13114571571350098
v -0.1456778645515442 -0.35619619488716125 -0.11783122271299362
v -0.15816593170166016 -0.36460715532302856 -0.10233964771032333
v -0.16787397861480713 -0.3694112300872803 -0.08417477458715439
v -0.17356160283088684 -0.3687320053577423 -0.06373340636491776
v -0.17552818357944489 -0.3638438284397125 -0.04226519912481308
v -0.1754729151725769 -0.35846635699272156 -0.02092100866138935
v -0.17523925006389618 -0.35626524686813354 -5.195728884343195e-17
v -0.1508006602525711 -0.39083510637283325 0
v -0.15160802006721497 -0.39482876658439636 0.01807568222284317
v -0.15029305219650269 -0.3971506953239441 0.03618886321783066
v -0.1464253067970276 -0.39657163619995117 0.05376870930194855
v -0.13969874382019043 -0.3918929696083069 0.07004723697900772
v -0.13038544356822968 -0.38316839933395386 0.08436457812786102
v -0.11971495300531387 -0.37315765023231506 0.09683117270469666
v -0.1096373125910759 -0.3675897419452667 0.10891955345869064
v -0.10152202099561691 -0.37210512161254883 0.12289507687091827
v -0.0945025384426117 -0.3860781788825989 0.1393941342830658
v -0.0856916531920433 -0.39975133538246155 0.15524591505527496
v -0.07315903902053833 -0.4022274911403656 0.16568586230278015
v -0.05814459174871445 -0.3937857747077942 0.1699257642030716
v -0.04311981424689293 -0.38498443365097046 0.17207267880439758
v -0.02884296141564846 -0.3831726312637329 0.17553037405014038
v -0.014603056013584137 -0.38612866401672363 0.17948149144649506
v -9.171230211241848e-18 -0.3881835341453552 0.18130967020988464
v 0.014646818861365318 -0.38728585839271545 0.18001936376094818
v 0.029108284041285515 -0.386697381734848 0.17714504897594452
v 0.04386152699589729 -0.3916065990924835 0.17503251135349274
v 0.05932125449180603 -0.401754766702652 0.1733645349740982
v 0.07418816536664963 -0.4078856110572815 0.16801655292510986
v 0.08597711473703384 -0.40108299255371094 0.15576308965682983
v 0.09419306367635727 -0.3848138451576233 0.13893765211105347
v 0.10136407613754272 -0.37152618169784546 0.12270388007164001
v 0.11011432856321335 -0.3691890835762024 0.10939344763755798
v 0.12058599293231964 -0.37587273120880127 0.09753572195768356
v 0.13096757233142853 -0.38487908244132996 0.08474123477935791
v 0.13938944041728973 -0.3910253345966339 0.06989215314388275
v 0.14500738680362701 -0.3927313983440399 0.05324804037809372
v 0.14795392751693726 -0.39096954464912415 0.035625629127025604
v 0.14880138635635376 -0.3875195384025574 0.01774105802178383
v 0.14806899428367615 -0.3837553560733795 2.195074136844821e-17
v 0.14597849547863007 -0.38016799092292786 -0.017404496669769287
v 0.14247334003448486 -0.37648704648017883 -0.034305963665246964
v 0.1374197155237198 -0.3721812665462494 -0.050461772829294205
v 0.13083675503730774 -0.3670327067375183 -0.06560369580984116
v 0.12299906462430954 -0.3614617586135864 -0.07958529889583588
v 0.11436022073030472 -0.356466680765152 -0.09250000864267349
v 0.1053801029920578 -0.3533162474632263 -0.10469020903110504
v 0.09635747224092484 -0.35317564010620117 -0.1166432574391365
v 0.08727879822254181 -0.35656648874282837 -0.1287388801574707
v 0.07770802080631256 -0.3625076711177826 -0.14078211784362793
v 0.06693035364151001 -0.36798223853111267 -0.15157952904701233
v 0.05451240390539169 -0.3691866993904114 -0.15931081771850586
v 0.04082571342587471 -0.36450210213661194 -0.1629178822040558
v 0.026807252317667007 -0.35612866282463074 -0.16314159333705902
v 0.013170805759727955 -0.3482576310634613 -0.16187815368175507
v 2.439605600399992e-17 -0.3441976308822632 -0.16076509654521942
v -0.01306159421801567 -0.3453699052333832 -0.16053588688373566
v -0.02645069733262062 -0.35139188170433044 -0.16097170114517212
v -0.04028976336121559 -0.3597170114517212 -0.16077914834022522
v -0.054053544998168945 -0.36607903242111206 -0.15796980261802673
v -0.06678465753793716 -0.3671812415122986 -0.15124958753585815
v -0.07787736505270004 -0.3632976710796356 -0.14108891785144806
v -0.08753739297389984 -0.3576229512691498 -0.129120334982872
v -0.0964389368891716 -0.3534742295742035 -0.11674186587333679
v -0.10514925420284271 -0.35254228115081787 -0.10446087270975113
v -0.11387789249420166 -0.3549632430076599 -0.09210988134145737
v -0.12250334769487381 -0.3600049912929535 -0.0792645588517189
v -0.1306706666946411 -0.36656680703163147 -0.06552042067050934
v -0.13791710138320923 -0.3735283613204956 -0.050644416362047195
v -0.14383099973201752 -0.380074679851532 -0.03463287279009819
v -0.1481638252735138 -0.3858591616153717 -0.017665043473243713
v -0.1508006602525711 -0.39083510637283325 -4.471140505314914e-17
v -0.11481965333223343 -0.4027438163757324 0
v -0.11326193809509277 -0.3992021977901459 0.013503817841410637
v -0.10996673256158829 -0.3932783007621765 0.026478741317987442
v -0.10524088144302368 -0.38575559854507446 0.03864540904760361
v -0.09965554624795914 -0.37835437059402466 0.04996892437338829
v -0.09391779452562332 -0.37353450059890747 0.060768548399209976
v -0.0885634645819664 -0.37361201643943787 0.07163435965776443
v -0.08358163386583328 -0.37926095724105835 0.0830344557762146
v -0.07827242463827133 -0.38827234506607056 0.09475083649158478
v -0.0716225653886795 -0.3960079550743103 0.10564546287059784
v -0.06305535137653351 -0.39810317754745483 0.11423616111278534
v -0.05290013551712036 -0.3936251997947693 0.11980481445789337
v -0.0420767106115818 -0.3856690227985382 0.12296788394451141
v -0.031337130814790726 -0.37865856289863586 0.1250530481338501
v -0.020864715799689293 -0.37513652443885803 0.12697695195674896
v -0.010478612035512924 -0.37498539686203003 0.1287892609834671
v -6.580880208626927e-18 -0.376977801322937 0.13010001182556152
v 0.010632875375449657 -0.38050585985183716 0.13068526983261108
v 0.021463314071297646 -0.38589900732040405 0.1306198686361313
v 0.03254164010286331 -0.39321309328079224 0.12985973060131073
v 0.04370855540037155 -0.4006262719631195 0.127736896276474
v 0.05434101074934006 -0.40434661507606506 0.12306801974773407
v 0.06351965665817261 -0.4010345935821533 0.11507733911275864
v 0.07070503383874893 -0.39093485474586487 0.10429207980632782
v 0.07628506422042847 -0.37841397523880005 0.09234508126974106
v 0.08134151250123978 -0.36909618973731995 0.08080900460481644
v 0.08683984726667404 -0.36634084582328796 0.07024022936820984
v 0.09301982820034027 -0.3699630796909332 0.060187533497810364
v 0.09940847754478455 -0.37741637229919434 0.04984503984451294
v 0.10523881018161774 -0.385748028755188 0.03864465281367302
v 0.10985592752695084 -0.3928820490837097 0.026452060788869858
v 0.11289595812559128 -0.39791226387023926 0.013460182584822178
v 0.11426515877246857 -0.40079885721206665 1.6939434717779428e-17
v 0.11403730511665344 -0.40193504095077515 -0.013596261851489544
v 0.1123598963022232 -0.4018370509147644 -0.027054987847805023
v 0.10939975082874298 -0.4009997248649597 -0.04017258808016777
v 0.10531764477491379 -0.3998512029647827 -0.052807990461587906
v 0.10025017708539963 -0.3987199664115906 -0.0648658499121666
v 0.09428828209638596 -0.39776262640953064 -0.0762648731470108
v 0.0874597430229187 -0.3968583345413208 -0.0868871733546257
v 0.07973790913820267 -0.3955419063568115 -0.09652484208345413
v 0.07109538465738297 -0.3930931091308594 -0.1048678532242775
v 0.061591506004333496 -0.38886111974716187 -0.1115841418504715
v 0.051434826105833054 -0.3827219605445862 -0.11648628115653992
v 0.0409497432410717 -0.3753393888473511 -0.11967435479164124
v 0.03044840134680271 -0.3679197132587433 -0.12150650471448898
v 0.020110201090574265 -0.3615707755088806 -0.1223851889371872
v 0.009970429353415966 -0.3567996919155121 -0.12254335731267929
v 1.851689957878133e-17 -0.3535727858543396 -0.12202263623476028
v -0.009830779395997524 -0.35180217027664185 -0.12082695215940475
v -0.019563112407922745 -0.35173436999320984 -0.11905575543642044
v -0.0292833149433136 -0.35384151339530945 -0.1168571412563324
v -0.03909074515104294 -0.3583000898361206 -0.11424149572849274
v -0.048994407057762146 -0.36456298828125 -0.11095937341451645
v -0.05883871391415596 -0.3714812099933624 -0.10659695416688919
v -0.06834759563207626 -0.3779003322124481 -0.10081478208303452
v -0.07725252211093903 -0.383213073015213 -0.09351621568202972
v -0.08539023250341415 -0.3874676823616028 -0.08483120799064636
v -0.09270460903644562 -0.3910817801952362 -0.07498392462730408
v -0.09917924553155899 -0.3944605886936188 -0.06417291611433029
v -0.10476319491863251 -0.39774617552757263 -0.05252998322248459
v -0.10933084040880203 -0.400747150182724 -0.04014728218317032
v -0.11268377304077148 -0.40299534797668457 -0.027132973074913025
v -0.11458568274974823 -0.4038678705692291 -0.0136616425588727
v -0.11481965333223343 -0.4027438163757324 -3.4043273236664996e-17
v -0.07162933051586151 -0.3808419406414032 0
v -0.07129983603954315 -0.3809243440628052 0.008500825613737106
v -0.07040120661258698 -0.38164547085762024 0.01695181429386139
v -0.06899775564670563 -0.3833574652671814 0.025336604565382004
v -0.06710929423570633 -0.3862079381942749 0.03364970162510872
v -0.06468729674816132 -0.38998064398765564 0.04185525327920914
v -0.06161852926015854 -0.3940204977989197 0.049840010702610016
v -0.05776774138212204 -0.3973323404788971 0.057389553636312485
v -0.05304891616106033 -0.3988828957080841 0.06421711295843124
v -0.04749002680182457 -0.3980134129524231 0.0700492411851883
v -0.04124942421913147 -0.3947596848011017 0.074730783700943
v -0.034567587077617645 -0.389884889125824 0.07828643918037415
v -0.02768106199800968 -0.3845890760421753 0.08089704811573029
v -0.020750371739268303 -0.3800630569458008 0.0828058198094368
v -0.013838212005794048 -0.37713611125946045 0.08421556651592255
v -0.006934692617505789 -0.37616559863090515 0.08523208647966385
v -4.343249531781662e-18 -0.37712717056274414 0.08586341887712479
v 0.007000803481787443 -0.3797517418861389 0.08604463934898376
v 0.014074613340198994 -0.3835788369178772 0.08565425127744675
v 0.021179107949137688 -0.38791579008102417 0.0845167264342308
v 0.0282007846981287 -0.39180988073349 0.08241592347621918
v 0.03494769707322121 -0.3941720724105835 0.07914728671312332
v 0.041180092841386795 -0.3940961956977844 0.07460518926382065
v 0.0466829277575016 -0.3912491202354431 0.06885875016450882
v 0.05134838446974754 -0.3860962986946106 0.06215856969356537
v 0.05521765351295471 -0.37979254126548767 0.054856155067682266
v 0.05845225229859352 -0.3737736940383911 0.04727897420525551
v 0.061251312494277954 -0.3692660927772522 0.03963203355669975
v 0.06376301497220993 -0.3669503927230835 0.031971823424100876
v 0.06603354960680008 -0.3668881058692932 0.024248123168945312
v 0.06800676882266998 -0.3686651587486267 0.016375258564949036
v 0.06955964118242264 -0.37162724137306213 0.008293348364531994
v 0.0705481618642807 -0.375093549489975 1.045853417543056e-17
v 0.07084466516971588 -0.378492534160614 -0.008446557447314262
v 0.07035880535840988 -0.38141554594039917 -0.016941603273153305
v 0.06904403120279312 -0.38361459970474243 -0.025353599339723587
v 0.06689485907554626 -0.3849738538265228 -0.03354217857122421
v 0.06394056975841522 -0.3854788541793823 -0.041372090578079224
v 0.0602385438978672 -0.38519614934921265 -0.04872380942106247
v 0.05586796998977661 -0.3842654824256897 -0.05550221726298332
v 0.05092296376824379 -0.3828975260257721 -0.06164358928799629
v 0.045503273606300354 -0.3813624680042267 -0.06711871922016144
v 0.03970250114798546 -0.37995555996894836 -0.07192826271057129
v 0.03359678387641907 -0.3789352774620056 -0.0760878324508667
v 0.02723916433751583 -0.37844955921173096 -0.07960562407970428
v 0.02066401205956936 -0.37848129868507385 -0.08246119320392609
v 0.01390091609209776 -0.3788450360298157 -0.08459717780351639
v 0.0069914693012833595 -0.379245400428772 -0.08592991530895233
v 1.3107558580435705e-17 -0.3793792128562927 -0.08637616038322449
v -0.006987741217017174 -0.3790431618690491 -0.08588409423828125
v -0.013877511955797672 -0.37820717692375183 -0.0844547376036644
v -0.020584605634212494 -0.37702685594558716 -0.08214432001113892
v -0.027047783136367798 -0.3757905662059784 -0.07904630899429321
v -0.03323200345039368 -0.37482091784477234 -0.07526169717311859
v -0.03911883011460304 -0.3743698000907898 -0.07087083160877228
v -0.044690072536468506 -0.3745470345020294 -0.06591922044754028
v -0.04991324990987778 -0.37530532479286194 -0.060421302914619446
v -0.05473528429865837 -0.3764747977256775 -0.05437694489955902
v -0.05908544361591339 -0.3778226375579834 -0.04779113084077835
v -0.06288452446460724 -0.3791123032569885 -0.04068879410624504
v -0.06605629622936249 -0.3801480531692505 -0.03312171250581741
v -0.0685385912656784 -0.3808063864707947 -0.025167997926473618
v -0.07029324024915695 -0.3810601532459259 -0.016925817355513573
v -0.07131384313106537 -0.3809991478919983 -0.008502495475113392
v -0.07162933051586151 -0.3808419406414032 -2.123762730800502e-17
v -0.03798938915133476 -0.406484991312027 0
v -0.0378502793610096 -0.40695613622665405 0.0045127542689442635
v -0.037340160459280014 -0.40736570954322815 0.008991086855530739
v -0.036456163972616196 -0.407632052898407 0.013387036509811878
v -0.0351998545229435 -0.4076690077781677 0.017649784684181213
v -0.03357884660363197 -0.4073973596096039 0.021726850420236588
v -0.03160828351974487 -0.4067586362361908 0.02556629665195942
v -0.029311614111065865 -0.4057295322418213 0.029119720682501793
v -0.026720263063907623 -0.40433183312416077 0.03234558179974556
v -0.023872017860412598 -0.4026361405849457 0.0352119579911232
v -0.020808324217796326 -0.400756299495697 0.037698034197092056
v -0.01757105067372322 -0.39883512258529663 0.03979377821087837
v -0.014199560508131981 -0.39702466130256653 0.04149777814745903
v -0.010728749446570873 -0.3954642415046692 0.04281383007764816
v -0.007188491057604551 -0.39426136016845703 0.0437471866607666
v -0.003604457015171647 -0.3934776186943054 0.04430123046040535
v -2.249708134173999e-18 -0.3931221663951874 0.04447536915540695
v 0.0036014681681990623 -0.39315134286880493 0.04426449164748192
v 0.007174151483923197 -0.39347487688064575 0.04365992546081543
v 0.010688139125704765 -0.39396733045578003 0.04265177249908447
v 0.0141086895018816 -0.39448386430740356 0.04123220592737198
v 0.01739679090678692 -0.39487966895103455 0.039399124681949615
v 0.02051103115081787 -0.39503058791160583 0.03715943545103073
v 0.023410461843013763 -0.39485132694244385 0.03453114628791809
v 0.026057863608002663 -0.3943083882331848 0.03154372796416283
v 0.028422603383660316 -0.393423855304718 0.028236526995897293
v 0.030482372269034386 -0.3922695517539978 0.024655601009726524
v 0.0322234220802784 -0.39095255732536316 0.020849836990237236
v 0.03363938629627228 -0.3895964026451111 0.016867339611053467
v 0.03472913056612015 -0.3883213996887207 0.012752855196595192
v 0.035494428128004074 -0.3872295022010803 0.008546655997633934
v 0.03593790903687477 -0.38639479875564575 0.004284748341888189
v 0.03606189414858818 -0.3858608603477478 5.346056718401642e-18
v 0.03586804121732712 -0.3856436610221863 -0.0042764185927808285
v 0.03535770624876022 -0.38573795557022095 -0.008513735607266426
v 0.034532688558101654 -0.386124849319458 -0.012680718675255775
v 0.03339608013629913 -0.3867785632610321 -0.016745343804359436
v 0.03195297718048096 -0.38767141103744507 -0.020674847066402435
v 0.030210917815566063 -0.3887762725353241 -0.02443603426218033
v 0.0281800776720047 -0.39006686210632324 -0.02799559198319912
v 0.025873329490423203 -0.3915160298347473 -0.031320344656705856
v 0.023306220769882202 -0.39309316873550415 -0.034377384930849075
v 0.02049707993865013 -0.39476191997528076 -0.037134163081645966
v 0.017467230558395386 -0.396478533744812 -0.03955865278840065
v 0.014241315424442291 -0.3981921076774597 -0.04161980003118515
v 0.010847644880414009 -0.39984673261642456 -0.04328829050064087
v 0.007318380754441023 -0.4013853073120117 -0.04453766718506813
v 0.003689439268782735 -0.40275463461875916 -0.045345716178417206
v 6.934345237718799e-18 -0.40391087532043457 -0.04569593444466591
v -0.003708397736772895 -0.40482425689697266 -0.045578733086586
v -0.007393083069473505 -0.4054824709892273 -0.04499228298664093
v -0.011011652648448944 -0.40589213371276855 -0.04394277185201645
v -0.01452333852648735 -0.4060775637626648 -0.04244400933384895
v -0.01789015159010887 -0.4060782492160797 -0.04051646217703819
v -0.021077675744891167 -0.4059438109397888 -0.03818601369857788
v -0.024055391550064087 -0.4057289958000183 -0.035482436418533325
v -0.026796694844961166 -0.40548840165138245 -0.03243810310959816
v -0.029278535395860672 -0.40527161955833435 -0.02908685803413391
v -0.031480979174375534 -0.4051203727722168 -0.025463324040174484
v -0.03338668867945671 -0.40506595373153687 -0.021602516993880272
v -0.034980472177267075 -0.4051283001899719 -0.01753978431224823
v -0.036248911172151566 -0.40531468391418457 -0.013310931622982025
v -0.03718007728457451 -0.4056192934513092 -0.008952541276812553
v -0.037763357162475586 -0.4060215950012207 -0.004502390511333942
v -0.03798938915133476 -0.406484991312027 -1.1263603423029433e-17
v -5.941326658313588e-17 -0.40854412317276 0
v -5.912716797031094e-17 -0.40854412317276 7.049521866210683e-18
v -5.827165807613919e-17 -0.40854412317276 1.403115371082669e-17
v -5.685494253229717e-17 -0.40854412317276 2.087765650339542e-17
v -5.489069959739405e-17 -0.40854412317276 2.7523096504470885e-17
v -5.239781876789809e-17 -0.40854412317276 3.3903476404421084e-17
v -4.9400324677520283e-17 -0.40854412317276 3.9957343301178226e-17
v -4.5927076003471375e-17 -0.40854412317276 4.562640246825325e-17
v -4.201152062100056e-17 -0.40854412317276 5.0856053367772755e-17
v -3.769137465731781e-17 -0.40854412317276 5.559593393532206e-17
v -3.3008241988512094e-17 -0.40854412317276 5.98003937272556e-17
v -2.8007217192857345e-17 -0.40854412317276 6.342893728950521e-17
v -2.2736471960506206e-17 -0.40854412317276 6.644663774788646e-17
v -1.724675878512248e-17 -0.40854412317276 6.882440481461709e-17
v -1.1590953533002393e-17 -0.40854412317276 7.053937521756613e-17
v -5.823518189266744e-18 -0.40854412317276 7.157499872703762e-17
v -3.638012854446927e-33 -0.40854412317276 7.192132270590133e-17
v 5.823518189266744e-18 -0.40854412317276 7.157499872703762e-17
v 1.1590953533002393e-17 -0.40854412317276 7.053937521756613e-17
v 1.724675878512248e-17 -0.40854412317276 6.882440481461709e-17
v 2.2736471960506206e-17 -0.40854412317276 6.644663774788646e-17
v 2.8007217192857345e-17 -0.40854412317276 6.342893728950521e-17
v 3.3008241988512094e-17 -0.40854412317276 5.98003937272556e-17
v 3.769137465731781e-17 -0.40854412317276 5.559593393532206e-17
v 4.201152062100056e-17 -0.40854412317276 5.0856053367772755e-17
v 4.5927076003471375e-17 -0.40854412317276 4.562640246825325e-17
v 4.9400324677520283e-17 -0.40854412317276 3.9957343301178226e-17
v 5.239781876789809e-17 -0.40854412317276 3.3903476404421084e-17
v 5.489069959739405e-17 -0.40854412317276 2.7523096504470885e-17
v 5.685494253229717e-17 -0.40854412317276 2.087765650339542e-17
v 5.827165807613919e-17 -0.40854412317276 1.403115371082669e-17
v 5.912716797031094e-17 -0.40854412317276 7.049521866210683e-18
v 5.941326658313588e-17 -0.40854412317276 8.807820478974039e-33
v 5.912716797031094e-17 -0.40854412317276 -7.049521866210683e-18
v 5.827165807613919e-17 -0.40854412317276 -1.403115371082669e-17
v 5.685494253229717e-17 -0.40854412317276 -2.087765650339542e-17
v 5.489069959739405e-17 -0.40854412317276 -2.7523096504470885e-17
v 5.239781876789809e-17 -0.40854412317276 -3.3903476404421084e-17
v 4.9400324677520283e-17 -0.40854412317276 -3.9957343301178226e-17
v 4.5927076003471375e-17 -0.40854412317276 -4.562640246825325e-17
v 4.201152062100056e-17 -0.40854412317276 -5.0856053367772755e-17
v 3.769137465731781e-17 -0.40854412317276 -5.559593393532206e-17
v 3.3008241988512094e-17 -0.40854412317276 -5.98003937272556e-17
v 2.8007217192857345e-17 -0.40854412317276 -6.342893728950521e-17
v 2.2736471960506206e-17 -0.40854412317276 -6.644663774788646e-17
v 1.724675878512248e-17 -0.40854412317276 -6.882440481461709e-17
v 1.1590953533002393e-17 -0.40854412317276 -7.053937521756613e-17
v 5.823518189266744e-18 -0.40854412317276 -7.157499872703762e-17
v 1.0914039665366736e-32 -0.40854412317276 -7.192132270590133e-17
v -5.823518189266744e-18 -0.40854412317276 -7.157499872703762e-17
v -1.1590953533002393e-17 -0.40854412317276 -7.053937521756613e-17
v -1.724675878512248e-17 -0.40854412317276 -6.882440481461709e-17
v -2.2736471960506206e-17 -0.40854412317276 -6.644663774788646e-17
v -2.8007217192857345e-17 -0.40854412317276 -6.342893728950521e-17
v -3.3008241988512094e-17 -0.40854412317276 -5.98003937272556e-17
v -3.769137465731781e-17 -0.40854412317276 -5.559593393532206e-17
v -4.201152062100056e-17 -0.40854412317276 -5.0856053367772755e-17
v -4.5927076003471375e-17 -0.40854412317276 -4.562640246825325e-17
v -4.9400324677520283e-17 -0.40854412317276 -3.9957343301178226e-17
v -5.239781876789809e-17 -0.40854412317276 -3.3903476404421084e-17
v -5.489069959739405e-17 -0.40854412317276 -2.7523096504470885e-17
v -5.685494253229717e-17 -0.40854412317276 -2.087765650339542e-17
v -5.827165807613919e-17 -0.40854412317276 -1.403115371082669e-17
v -5.912716797031094e-17 -0.40854412317276 -7.049521866210683e-18
v -5.941326658313588e-17 -0.40854412317276 -1.7615640957948079e-32
vt 0.0078125 1
vt 0.0234375 1
vt 0.0390625 1
vt 0.0546875 1
vt 0.0703125 1
vt 0.0859375 1
vt 0.1015625 1
vt 0.1171875 1
vt 0.1328125 1
vt 0.1484375 1
vt 0.1640625 1
vt 0.1796875 1
vt 0.1953125 1
vt 0.2109375 1
vt 0.2265625 1
vt 0.2421875 1
vt 0.2578125 1
vt 0.2734375 1
vt 0.2890625 1
vt 0.3046875 1
vt 0.3203125 1
vt 0.3359375 1
vt 0.3515625 1
vt 0.3671875 1
vt 0.3828125 1
vt 0.3984375 1
vt 0.4140625 1
vt 0.4296875 1
vt 0.4453125 1
vt 0.4609375 1
vt 0.4765625 1
vt 0.4921875 1
vt 0.5078125 1
vt 0.5234375 1
vt 0.5390625 1
vt 0.5546875 1
vt 0.5703125 1
vt 0.5859375 1
vt 0.6015625 1
vt 0.6171875 1
vt 0.6328125 1
vt 0.6484375 1
vt 0.6640625 1
vt 0.6796875 1
vt 0.6953125 1
vt 0.7109375 1
vt 0.7265625 1
vt 0.7421875 1
vt 0.7578125 1
vt 0.7734375 1
vt 0.7890625 1
vt 0.8046875 1
vt 0.8203125 1
vt 0.8359375 1
vt 0.8515625 1
vt 0.8671875 1
vt 0.8828125 1
vt 0.8984375 1
vt 0.9140625 1
vt 0.9296875 1
vt 0.9453125 1
vt 0.9609375 1
vt 0.9765625 1
vt 0.9921875 1
vt 1.0078125 1
vt 0 0.9750000238418579
vt 0.015625 0.9750000238418579
vt 0.03125 0.9750000238418579
vt 0.046875 0.9750000238418579
vt 0.0625 0.9750000238418579
vt 0.078125 0.9750000238418579
vt 0.09375 0.9750000238418579
vt 0.109375 0.9750000238418579
vt 0.125 0.9750000238418579
vt 0.140625 0.9750000238418579
vt 0.15625 0.9750000238418579
vt 0.171875 0.9750000238418579
vt 0.1875 0.9750000238418579
vt 0.203125 0.9750000238418579
vt 0.21875 0.9750000238418579
vt 0.234375 0.9750000238418579
vt 0.25 0.9750000238418579
vt 0.265625 0.9750000238418579
vt 0.28125 0.9750000238418579
vt 0.296875 0.9750000238418579
vt 0.3125 0.9750000238418579
vt 0.328125 0.9750000238418579
vt 0.34375 0.9750000238418579
vt 0.359375 0.9750000238418579
vt 0.375 0.9750000238418579
vt 0.390625 0.9750000238418579
vt 0.40625 0.9750000238418579
vt 0.421875 0.9750000238418579
vt 0.4375 0.9750000238418579
vt 0.453125 0.9750000238418579
vt 0.46875 0.9750000238418579
vt 0.484375 0.9750000238418579
vt 0.5 0.9750000238418579
vt 0.515625 0.9750000238418579
vt 0.53125 0.9750000238418579
vt 0.546875 0.9750000238418579
vt 0.5625 0.9750000238418579
vt 0.578125 0.9750000238418579
vt 0.59375 0.9750000238418579
vt 0.609375 0.9750000238418579
vt 0.625 0.9750000238418579
vt 0.640625 0.9750000238418579
vt 0.65625 0.9750000238418579
vt 0.671875 0.9750000238418579
vt 0.6875 0.9750000238418579
vt 0.703125 0.9750000238418579
vt 0.71875 0.9750000238418579
vt 0.734375 0.9750000238418579
vt 0.75 0.9750000238418579
vt 0.765625 0.9750000238418579
vt 0.78125 0.9750000238418579
vt 0.796875 0.9750000238418579
vt 0.8125 0.9750000238418579
vt 0.828125 0.9750000238418579
vt 0.84375 0.9750000238418579
vt 0.859375 0.9750000238418579
vt 0.875 0.9750000238418579
vt 0.890625 0.9750000238418579
vt 0.90625 0.9750000238418579
vt 0.921875 0.9750000238418579
vt 0.9375 0.9750000238418579
vt 0.953125 0.9750000238418579
vt 0.96875 0.9750000238418579
vt 0.984375 0.9750000238418579
vt 1 0.9750000238418579
vt 0 0.949999988079071
vt 0.015625 0.949999988079071
vt 0.03125 0.949999988079071
vt 0.046875 0.949999988079071
vt 0.0625 0.949999988079071
vt 0.078125 0.949999988079071
vt 0.09375 0.949999988079071
vt 0.109375 0.949999988079071
vt 0.125 0.949999988079071
vt 0.140625 0.949999988079071
vt 0.15625 0.949999988079071
vt 0.171875 0.949999988079071
vt 0.1875 0.949999988079071
vt 0.203125 0.949999988079071
vt 0.21875 0.949999988079071
vt 0.234375 0.949999988079071
vt 0.25 0.949999988079071
vt 0.265625 0.949999988079071
vt 0.28125 0.949999988079071
vt 0.296875 0.949999988079071
vt 0.3125 0.949999988079071
vt 0.328125 0.949999988079071
vt 0.34375 0.949999988079071
vt 0.359375 0.949999988079071
vt 0.375 0.949999988079071
vt 0.390625 0.949999988079071
vt 0.40625 0.949999988079071
vt 0.421875 0.949999988079071
vt 0.4375 0.949999988079071
vt 0.453125 0.949999988079071
vt 0.46875 0.949999988079071
vt 0.484375 0.949999988079071
vt 0.5 0.949999988079071
vt 0.515625 0.949999988079071
vt 0.53125 0.949999988079071
vt 0.546875 0.949999988079071
vt 0.5625 0.949999988079071
vt 0.578125 0.949999988079071
vt 0.59375 0.949999988079071
vt 0.609375 0.949999988079071
vt 0.625 0.949999988079071
vt 0.640625 0.949999988079071
vt 0.65625 0.949999988079071
vt 0.671875 0.949999988079071
vt 0.6875 0.949999988079071
vt 0.703125 0.949999988079071
vt 0.71875 0.949999988079071
vt 0.734375 0.949999988079071
vt 0.75 0.949999988079071
vt 0.765625 0.949999988079071
vt 0.78125 0.949999988079071
vt 0.796875 0.949999988079071
vt 0.8125 0.949999988079071
vt 0.828125 0.949999988079071
vt 0.84375 0.949999988079071
vt 0.859375 0.949999988079071
vt 0.875 0.949999988079071
vt 0.890625 0.949999988079071
vt 0.90625 0.949999988079071
vt 0.921875 0.949999988079071
vt 0.9375 0.949999988079071
vt 0.953125 0.949999988079071
vt 0.96875 0.949999988079071
vt 0.984375 0.949999988079071
vt 1 0.949999988079071
vt 0 0.925000011920929
vt 0.015625 0.925000011920929
vt 0.03125 0.925000011920929
vt 0.046875 0.925000011920929
vt 0.0625 0.925000011920929
vt 0.078125 0.925000011920929
vt 0.09375 0.925000011920929
vt 0.109375 0.925000011920929
vt 0.125 0.925000011920929
vt 0.140625 0.925000011920929
vt 0.15625 0.925000011920929
vt 0.171875 0.925000011920929
vt 0.1875 0.925000011920929
vt 0.203125 0.925000011920929
vt 0.21875 0.925000011920929
vt 0.234375 0.925000011920929
vt 0.25 0.925000011920929
vt 0.265625 0.925000011920929
vt 0.28125 0.925000011920929
vt 0.296875 0.925000011920929
vt 0.3125 0.925000011920929
vt 0.328125 0.925000011920929
vt 0.34375 0.925000011920929
vt 0.359375 0.925000011920929
vt 0.375 0.925000011920929
vt 0.390625 0.925000011920929
vt 0.40625 0.925000011920929
vt 0.421875 0.925000011920929
vt 0.4375 0.925000011920929
vt 0.453125 0.925000011920929
vt 0.46875 0.925000011920929
vt 0.484375 0.925000011920929
vt 0.5 0.925000011920929
vt 0.515625 0.925000011920929
vt 0.53125 0.925000011920929
vt 0.546875 0.925000011920929
vt 0.5625 0.925000011920929
vt 0.578125 0.925000011920929
vt 0.59375 0.925000011920929
vt 0.609375 0.925000011920929
vt 0.625 0.925000011920929
vt 0.640625 0.925000011920929
vt 0.65625 0.925000011920929
vt 0.671875 0.925000011920929
vt 0.6875 0.925000011920929
vt 0.703125 0.925000011920929
vt 0.71875 0.925000011920929
vt 0.734375 0.925000011920929
vt 0.75 0.925000011920929
vt 0.765625 0.925000011920929
vt 0.78125 0.925000011920929
vt 0.796875 0.925000011920929
vt 0.8125 0.925000011920929
vt 0.828125 0.925000011920929
vt 0.84375 0.925000011920929
vt 0.859375 0.925000011920929
vt 0.875 0.925000011920929
vt 0.890625 0.925000011920929
vt 0.90625 0.925000011920929
vt 0.921875 0.925000011920929
vt 0.9375 0.925000011920929
vt 0.953125 0.925000011920929
vt 0.96875 0.925000011920929
vt 0.984375 0.925000011920929
vt 1 0.925000011920929
vt 0 0.8999999761581421
vt 0.015625 0.8999999761581421
vt 0.03125 0.8999999761581421
vt 0.046875 0.8999999761581421
vt 0.0625 0.8999999761581421
vt 0.078125 0.8999999761581421
vt 0.09375 0.8999999761581421
vt 0.109375 0.8999999761581421
vt 0.125 0.8999999761581421
vt 0.140625 0.8999999761581421
vt 0.15625 0.8999999761581421
vt 0.171875 0.8999999761581421
vt 0.1875 0.8999999761581421
vt 0.203125 0.8999999761581421
vt 0.21875 0.8999999761581421
vt 0.234375 0.8999999761581421
vt 0.25 0.8999999761581421
vt 0.265625 0.8999999761581421
vt 0.28125 0.8999999761581421
vt 0.296875 0.8999999761581421
vt 0.3125 0.8999999761581421
vt 0.328125 0.8999999761581421
vt 0.34375 0.8999999761581421
vt 0.359375 0.8999999761581421
vt 0.375 0.8999999761581421
vt 0.390625 0.8999999761581421
vt 0.40625 0.8999999761581421
vt 0.421875 0.8999999761581421
vt 0.4375 0.8999999761581421
vt 0.453125 0.8999999761581421
vt 0.46875 0.8999999761581421
vt 0.484375 0.8999999761581421
vt 0.5 0.8999999761581421
vt 0.515625 0.8999999761581421
vt 0.53125 0.8999999761581421
vt 0.546875 0.8999999761581421
vt 0.5625 0.8999999761581421
vt 0.578125 0.8999999761581421
vt 0.59375 0.8999999761581421
vt 0.609375 0.8999999761581421
vt 0.625 0.8999999761581421
vt 0.640625 0.8999999761581421
vt 0.65625 0.8999999761581421
vt 0.671875 0.8999999761581421
vt 0.6875 0.8999999761581421
vt 0.703125 0.8999999761581421
vt 0.71875 0.8999999761581421
vt 0.734375 0.8999999761581421
vt 0.75 0.8999999761581421
vt 0.765625 0.8999999761581421
vt 0.78125 0.8999999761581421
vt 0.796875 0.8999999761581421
vt 0.8125 0.8999999761581421
vt 0.828125 0.8999999761581421
vt 0.84375 0.8999999761581421
vt 0.859375 0.8999999761581421
vt 0.875 0.8999999761581421
vt 0.890625 0.8999999761581421
vt 0.90625 0.8999999761581421
vt 0.921875 0.8999999761581421
vt 0.9375 0.8999999761581421
vt 0.953125 0.8999999761581421
vt 0.96875 0.8999999761581421
vt 0.984375 0.8999999761581421
vt 1 0.8999999761581421
vt 0 0.875
vt 0.015625 0.875
vt 0.03125 0.875
vt 0.046875 0.875
vt 0.0625 0.875
vt 0.078125 0.875
vt 0.09375 0.875
vt 0.109375 0.875
vt 0.125 0.875
vt 0.140625 0.875
vt 0.15625 0.875
vt 0.171875 0.875
vt 0.1875 0.875
vt 0.203125 0.875
vt 0.21875 0.875
vt 0.234375 0.875
vt 0.25 0.875
vt 0.265625 0.875
vt 0.28125 0.875
vt 0.296875 0.875
vt 0.3125 0.875
vt 0.328125 0.875
vt 0.34375 0.875
vt 0.359375 0.875
vt 0.375 0.875
vt 0.390625 0.875
vt 0.40625 0.875
vt 0.421875 0.875
vt 0.4375 0.875
vt 0.453125 0.875
vt 0.46875 0.875
vt 0.484375 0.875
vt 0.5 0.875
vt 0.515625 0.875
vt 0.53125 0.875
vt 0.546875 0.875
vt 0.5625 0.875
vt 0.578125 0.875
vt 0.59375 0.875
vt 0.609375 0.875
vt 0.625 0.875
vt 0.640625 0.875
vt 0.65625 0.875
vt 0.671875 0.875
vt 0.6875 0.875
vt 0.703125 0.875
vt 0.71875 0.875
vt 0.734375 0.875
vt 0.75 0.875
vt 0.765625 0.875
vt 0.78125 0.875
vt 0.796875 0.875
vt 0.8125 0.875
vt 0.828125 0.875
vt 0.84375 0.875
vt 0.859375 0.875
vt 0.875 0.875
vt 0.890625 0.875
vt 0.90625 0.875
vt 0.921875 0.875
vt 0.9375 0.875
vt 0.953125 0.875
vt 0.96875 0.875
vt 0.984375 0.875
vt 1 0.875
vt 0 0.8500000238418579
vt 0.015625 0.8500000238418579
vt 0.03125 0.8500000238418579
vt 0.046875 0.8500000238418579
vt 0.0625 0.8500000238418579
vt 0.078125 0.8500000238418579
vt 0.09375 0.8500000238418579
vt 0.109375 0.8500000238418579
vt 0.125 0.8500000238418579
vt 0.140625 0.8500000238418579
vt 0.15625 0.8500000238418579
vt 0.171875 0.8500000238418579
vt 0.1875 0.8500000238418579
vt 0.203125 0.8500000238418579
vt 0.21875 0.8500000238418579
vt 0.234375 0.8500000238418579
vt 0.25 0.8500000238418579
vt 0.265625 0.8500000238418579
vt 0.28125 0.8500000238418579
vt 0.296875 0.8500000238418579
vt 0.3125 0.8500000238418579
vt 0.328125 0.8500000238418579
vt 0.34375 0.8500000238418579
vt 0.359375 0.8500000238418579
vt 0.375 0.8500000238418579
vt 0.390625 0.8500000238418579
vt 0.40625 0.8500000238418579
vt 0.421875 0.8500000238418579
vt 0.4375 0.8500000238418579
vt 0.453125 0.8500000238418579
vt 0.46875 0.8500000238418579
vt 0.484375 0.8500000238418579
vt 0.5 0.8500000238418579
vt 0.515625 0.8500000238418579
vt 0.53125 0.8500000238418579
vt 0.546875 0.8500000238418579
vt 0.5625 0.8500000238418579
vt 0.578125 0.8500000238418579
vt 0.59375 0.8500000238418579
vt 0.609375 0.8500000238418579
vt 0.625 0.8500000238418579
vt 0.640625 0.8500000238418579
vt 0.65625 0.8500000238418579
vt 0.671875 0.8500000238418579
vt 0.6875 0.8500000238418579
vt 0.703125 0.8500000238418579
vt 0.71875 0.8500000238418579
vt 0.734375 0.8500000238418579
vt 0.75 0.8500000238418579
vt 0.765625 0.8500000238418579
vt 0.78125 0.8500000238418579
vt 0.796875 0.8500000238418579
vt 0.8125 0.8500000238418579
vt 0.828125 0.8500000238418579
vt 0.84375 0.8500000238418579
vt 0.859375 0.8500000238418579
vt 0.875 0.8500000238418579
vt 0.890625 0.8500000238418579
vt 0.90625 0.8500000238418579
vt 0.921875 0.8500000238418579
vt 0.9375 0.8500000238418579
vt 0.953125 0.8500000238418579
vt 0.96875 0.8500000238418579
vt 0.984375 0.8500000238418579
vt 1 0.8500000238418579
vt 0 0.824999988079071
vt 0.015625 0.824999988079071
vt 0.03125 0.824999988079071
vt 0.046875 0.824999988079071
vt 0.0625 0.824999988079071
vt 0.078125 0.824999988079071
vt 0.09375 0.824999988079071
vt 0.109375 0.824999988079071
vt 0.125 0.824999988079071
vt 0.140625 0.824999988079071
vt 0.15625 0.824999988079071
vt 0.171875 0.824999988079071
vt 0.1875 0.824999988079071
vt 0.203125 0.824999988079071
vt 0.21875 0.824999988079071
vt 0.234375 0.824999988079071
vt 0.25 0.824999988079071
vt 0.265625 0.824999988079071
vt 0.28125 0.824999988079071
vt 0.296875 0.824999988079071
vt 0.3125 0.824999988079071
vt 0.328125 0.824999988079071
vt 0.34375 0.824999988079071
vt 0.359375 0.824999988079071
vt 0.375 0.824999988079071
vt 0.390625 0.824999988079071
vt 0.40625 0.824999988079071
vt 0.421875 0.824999988079071
vt 0.4375 0.824999988079071
vt 0.453125 0.824999988079071
vt 0.46875 0.824999988079071
vt 0.484375 0.824999988079071
vt 0.5 0.824999988079071
vt 0.515625 0.824999988079071
vt 0.53125 0.824999988079071
vt 0.546875 0.824999988079071
vt 0.5625 0.824999988079071
vt 0.578125 0.824999988079071
vt 0.59375 0.824999988079071
vt 0.609375 0.824999988079071
vt 0.625 0.824999988079071
vt 0.640625 0.824999988079071
vt 0.65625 0.824999988079071
vt 0.671875 0.824999988079071
vt 0.6875 0.824999988079071
vt 0.703125 0.824999988079071
vt 0.71875 0.824999988079071
vt 0.734375 0.824999988079071
vt 0.75 0.824999988079071
vt 0.765625 0.824999988079071
vt 0.78125 0.824999988079071
vt 0.796875 0.824999988079071
vt 0.8125 0.824999988079071
vt 0.828125 0.824999988079071
vt 0.84375 0.824999988079071
vt 0.859375 0.824999988079071
vt 0.875 0.824999988079071
vt 0.890625 0.824999988079071
vt 0.90625 0.824999988079071
vt 0.921875 0.824999988079071
vt 0.9375 0.824999988079071
vt 0.953125 0.824999988079071
vt 0.96875 0.824999988079071
vt 0.984375 0.824999988079071
vt 1 0.824999988079071
vt 0 0.800000011920929
vt 0.015625 0.800000011920929
vt 0.03125 0.800000011920929
vt 0.046875 0.800000011920929
vt 0.0625 0.800000011920929
vt 0.078125 0.800000011920929
vt 0.09375 0.800000011920929
vt 0.109375 0.800000011920929
vt 0.125 0.800000011920929
vt 0.140625 0.800000011920929
vt 0.15625 0.800000011920929
vt 0.171875 0.800000011920929
vt 0.1875 0.800000011920929
vt 0.203125 0.800000011920929
vt 0.21875 0.800000011920929
vt 0.234375 0.800000011920929
vt 0.25 0.800000011920929
vt 0.265625 0.800000011920929
vt 0.28125 0.800000011920929
vt 0.296875 0.800000011920929
vt 0.3125 0.800000011920929
vt 0.328125 0.800000011920929
vt 0.34375 0.800000011920929
vt 0.359375 0.800000011920929
vt 0.375 0.800000011920929
vt 0.390625 0.800000011920929
vt 0.40625 0.800000011920929
vt 0.421875 0.800000011920929
vt 0.4375 0.800000011920929
vt 0.453125 0.800000011920929
vt 0.46875 0.800000011920929
vt 0.484375 0.800000011920929
vt 0.5 0.800000011920929
vt 0.515625 0.800000011920929
vt 0.53125 0.800000011920929
vt 0.546875 0.800000011920929
vt 0.5625 0.800000011920929
vt 0.578125 0.800000011920929
vt 0.59375 0.800000011920929
vt 0.609375 0.800000011920929
vt 0.625 0.800000011920929
vt 0.640625 0.800000011920929
vt 0.65625 0.800000011920929
vt 0.671875 0.800000011920929
vt 0.6875 0.800000011920929
vt 0.703125 0.800000011920929
vt 0.71875 0.800000011920929
vt 0.734375 0.800000011920929
vt 0.75 0.800000011920929
vt 0.765625 0.800000011920929
vt 0.78125 0.800000011920929
vt 0.796875 0.800000011920929
vt 0.8125 0.800000011920929
vt 0.828125 0.800000011920929
vt 0.84375 0.800000011920929
vt 0.859375 0.800000011920929
vt 0.875 0.800000011920929
vt 0.890625 0.800000011920929
vt 0.90625 0.800000011920929
vt 0.921875 0.800000011920929
vt 0.9375 0.800000011920929
vt 0.953125 0.800000011920929
vt 0.96875 0.800000011920929
vt 0.984375 0.800000011920929
vt 1 0.800000011920929
vt 0 0.7749999761581421
vt 0.015625 0.7749999761581421
vt 0.03125 0.7749999761581421
vt 0.046875 0.7749999761581421
vt 0.0625 0.7749999761581421
vt 0.078125 0.7749999761581421
vt 0.09375 0.7749999761581421
vt 0.109375 0.7749999761581421
vt 0.125 0.7749999761581421
vt 0.140625 0.7749999761581421
vt 0.15625 0.7749999761581421
vt 0.171875 0.7749999761581421
vt 0.1875 0.7749999761581421
vt 0.203125 0.7749999761581421
vt 0.21875 0.7749999761581421
vt 0.234375 0.7749999761581421
vt 0.25 0.7749999761581421
vt 0.265625 0.7749999761581421
vt 0.28125 0.7749999761581421
vt 0.296875 0.7749999761581421
vt 0.3125 0.7749999761581421
vt 0.328125 0.7749999761581421
vt 0.34375 0.7749999761581421
vt 0.359375 0.7749999761581421
vt 0.375 0.7749999761581421
vt 0.390625 0.7749999761581421
vt 0.40625 0.7749999761581421
vt 0.421875 0.7749999761581421
vt 0.4375 0.7749999761581421
vt 0.453125 0.7749999761581421
vt 0.46875 0.7749999761581421
vt 0.484375 0.7749999761581421
vt 0.5 0.7749999761581421
vt 0.515625 0.7749999761581421
vt 0.53125 0.7749999761581421
vt 0.546875 0.7749999761581421
vt 0.5625 0.7749999761581421
vt 0.578125 0.7749999761581421
vt 0.59375 0.7749999761581421
vt 0.609375 0.7749999761581421
vt 0.625 0.7749999761581421
vt 0.640625 0.7749999761581421
vt 0.65625 0.7749999761581421
vt 0.671875 0.7749999761581421
vt 0.6875 0.7749999761581421
vt 0.703125 0.7749999761581421
vt 0.71875 0.7749999761581421
vt 0.734375 0.7749999761581421
vt 0.75 0.7749999761581421
vt 0.765625 0.7749999761581421
vt 0.78125 0.7749999761581421
vt 0.796875 0.7749999761581421
vt 0.8125 0.7749999761581421
vt 0.828125 0.7749999761581421
vt 0.84375 0.7749999761581421
vt 0.859375 0.7749999761581421
vt 0.875 0.7749999761581421
vt 0.890625 0.7749999761581421
vt 0.90625 0.7749999761581421
vt 0.921875 0.7749999761581421
vt 0.9375 0.7749999761581421
vt 0.953125 0.7749999761581421
vt 0.96875 0.7749999761581421
vt 0.984375 0.7749999761581421
vt 1 0.7749999761581421
vt 0 0.75
vt 0.015625 0.75
vt 0.03125 0.75
vt 0.046875 0.75
vt 0.0625 0.75
vt 0.078125 0.75
vt 0.09375 0.75
vt 0.109375 0.75
vt 0.125 0.75
vt 0.140625 0.75
vt 0.15625 0.75
vt 0.171875 0.75
vt 0.1875 0.75
vt 0.203125 0.75
vt 0.21875 0.75
vt 0.234375 0.75
vt 0.25 0.75
vt 0.265625 0.75
vt 0.28125 0.75
vt 0.296875 0.75
vt 0.3125 0.75
vt 0.328125 0.75
vt 0.34375 0.75
vt 0.359375 0.75
vt 0.375 0.75
vt 0.390625 0.75
vt 0.40625 0.75
vt 0.421875 0.75
vt 0.4375 0.75
vt 0.453125 0.75
vt 0.46875 0.75
vt 0.484375 0.75
vt 0.5 0.75
vt 0.515625 0.75
vt 0.53125 0.75
vt 0.546875 0.75
vt 0.5625 0.75
vt 0.578125 0.75
vt 0.59375 0.75
vt 0.609375 0.75
vt 0.625 0.75
vt 0.640625 0.75
vt 0.65625 0.75
vt 0.671875 0.75
vt 0.6875 0.75
vt 0.703125 0.75
vt 0.71875 0.75
vt 0.734375 0.75
vt 0.75 0.75
vt 0.765625 0.75
vt 0.78125 0.75
vt 0.796875 0.75
vt 0.8125 0.75
vt 0.828125 0.75
vt 0.84375 0.75
vt 0.859375 0.75
vt 0.875 0.75
vt 0.890625 0.75
vt 0.90625 0.75
vt 0.921875 0.75
vt 0.9375 0.75
vt 0.953125 0.75
vt 0.96875 0.75
vt 0.984375 0.75
vt 1 0.75
vt 0 0.7250000238418579
vt 0.015625 0.7250000238418579
vt 0.03125 0.7250000238418579
vt 0.046875 0.7250000238418579
vt 0.0625 0.7250000238418579
vt 0.078125 0.7250000238418579
vt 0.09375 0.7250000238418579
vt 0.109375 0.7250000238418579
vt 0.125 0.7250000238418579
vt 0.140625 0.7250000238418579
vt 0.15625 0.7250000238418579
vt 0.171875 0.7250000238418579
vt 0.1875 0.7250000238418579
vt 0.203125 0.7250000238418579
vt 0.21875 0.7250000238418579
vt 0.234375 0.7250000238418579
vt 0.25 0.7250000238418579
vt 0.265625 0.7250000238418579
vt 0.28125 0.7250000238418579
vt 0.296875 0.7250000238418579
vt 0.3125 0.7250000238418579
vt 0.328125 0.7250000238418579
vt 0.34375 0.7250000238418579
vt 0.359375 0.7250000238418579
vt 0.375 0.7250000238418579
vt 0.390625 0.7250000238418579
vt 0.40625 0.7250000238418579
vt 0.421875 0.7250000238418579
vt 0.4375 0.7250000238418579
vt 0.453125 0.7250000238418579
vt 0.46875 0.7250000238418579
vt 0.484375 0.7250000238418579
vt 0.5 0.7250000238418579
vt 0.515625 0.7250000238418579
vt 0.53125 0.7250000238418579
vt 0.546875 0.7250000238418579
vt 0.5625 0.7250000238418579
vt 0.578125 0.7250000238418579
vt 0.59375 0.7250000238418579
vt 0.609375 0.7250000238418579
vt 0.625 0.7250000238418579
vt 0.640625 0.7250000238418579
vt 0.65625 0.7250000238418579
vt 0.671875 0.7250000238418579
vt 0.6875 0.7250000238418579
vt 0.703125 0.7250000238418579
vt 0.71875 0.7250000238418579
vt 0.734375 0.7250000238418579
vt 0.75 0.7250000238418579
vt 0.765625 0.7250000238418579
vt 0.78125 0.7250000238418579
vt 0.796875 0.7250000238418579
vt 0.8125 0.7250000238418579
vt 0.828125 0.7250000238418579
vt 0.84375 0.7250000238418579
vt 0.859375 0.7250000238418579
vt 0.875 0.7250000238418579
vt 0.890625 0.7250000238418579
vt 0.90625 0.7250000238418579
vt 0.921875 0.7250000238418579
vt 0.9375 0.7250000238418579
vt 0.953125 0.7250000238418579
vt 0.96875 0.7250000238418579
vt 0.984375 0.7250000238418579
vt 1 0.7250000238418579
vt 0 0.699999988079071
vt 0.015625 0.699999988079071
vt 0.03125 0.699999988079071
vt 0.046875 0.699999988079071
vt 0.0625 0.699999988079071
vt 0.078125 0.699999988079071
vt 0.09375 0.699999988079071
vt 0.109375 0.699999988079071
vt 0.125 0.699999988079071
vt 0.140625 0.699999988079071
vt 0.15625 0.699999988079071
vt 0.171875 0.699999988079071
vt 0.1875 0.699999988079071
vt 0.203125 0.699999988079071
vt 0.21875 0.699999988079071
vt 0.234375 0.699999988079071
vt 0.25 0.699999988079071
vt 0.265625 0.699999988079071
vt 0.28125 0.699999988079071
vt 0.296875 0.699999988079071
vt 0.3125 0.699999988079071
vt 0.328125 0.699999988079071
vt 0.34375 0.699999988079071
vt 0.359375 0.699999988079071
vt 0.375 0.699999988079071
vt 0.390625 0.699999988079071
vt 0.40625 0.699999988079071
vt 0.421875 0.699999988079071
vt 0.4375 0.699999988079071
vt 0.453125 0.699999988079071
vt 0.46875 0.699999988079071
vt 0.484375 0.699999988079071
vt 0.5 0.699999988079071
vt 0.515625 0.699999988079071
vt 0.53125 0.699999988079071
vt 0.546875 0.699999988079071
vt 0.5625 0.699999988079071
vt 0.578125 0.699999988079071
vt 0.59375 0.699999988079071
vt 0.609375 0.699999988079071
vt 0.625 0.699999988079071
vt 0.640625 0.699999988079071
vt 0.65625 0.699999988079071
vt 0.671875 0.699999988079071
vt 0.6875 0.699999988079071
vt 0.703125 0.699999988079071
vt 0.71875 0.699999988079071
vt 0.734375 0.699999988079071
vt 0.75 0.699999988079071
vt 0.765625 0.699999988079071
vt 0.78125 0.699999988079071
vt 0.796875 0.699999988079071
vt 0.8125 0.699999988079071
vt 0.828125 0.699999988079071
vt 0.84375 0.699999988079071
vt 0.859375 0.699999988079071
vt 0.875 0.699999988079071
vt 0.890625 0.699999988079071
vt 0.90625 0.699999988079071
vt 0.921875 0.699999988079071
vt 0.9375 0.699999988079071
vt 0.953125 0.699999988079071
vt 0.96875 0.699999988079071
vt 0.984375 0.699999988079071
vt 1 0.699999988079071
vt 0 0.675000011920929
vt 0.015625 0.675000011920929
vt 0.03125 0.675000011920929
vt 0.046875 0.675000011920929
vt 0.0625 0.675000011920929
vt 0.078125 0.675000011920929
vt 0.09375 0.675000011920929
vt 0.109375 0.675000011920929
vt 0.125 0.675000011920929
vt 0.140625 0.675000011920929
vt 0.15625 0.675000011920929
vt 0.171875 0.675000011920929
vt 0.1875 0.675000011920929
vt 0.203125 0.675000011920929
vt 0.21875 0.675000011920929
vt 0.234375 0.675000011920929
vt 0.25 0.675000011920929
vt 0.265625 0.675000011920929
vt 0.28125 0.675000011920929
vt 0.296875 0.675000011920929
vt 0.3125 0.675000011920929
vt 0.328125 0.675000011920929
vt 0.34375 0.675000011920929
vt 0.359375 0.675000011920929
vt 0.375 0.675000011920929
vt 0.390625 0.675000011920929
vt 0.40625 0.675000011920929
vt 0.421875 0.675000011920929
vt 0.4375 0.675000011920929
vt 0.453125 0.675000011920929
vt 0.46875 0.675000011920929
vt 0.484375 0.675000011920929
vt 0.5 0.675000011920929
vt 0.515625 0.675000011920929
vt 0.53125 0.675000011920929
vt 0.546875 0.675000011920929
vt 0.5625 0.675000011920929
vt 0.578125 0.675000011920929
vt 0.59375 0.675000011920929
vt 0.609375 0.675000011920929
vt 0.625 0.675000011920929
vt 0.640625 0.675000011920929
vt 0.65625 0.675000011920929
vt 0.671875 0.675000011920929
vt 0.6875 0.675000011920929
vt 0.703125 0.675000011920929
vt 0.71875 0.675000011920929
vt 0.734375 0.675000011920929
vt 0.75 0.675000011920929
vt 0.765625 0.675000011920929
vt 0.78125 0.675000011920929
vt 0.796875 0.675000011920929
vt 0.8125 0.675000011920929
vt 0.828125 0.675000011920929
vt 0.84375 0.675000011920929
vt 0.859375 0.675000011920929
vt 0.875 0.675000011920929
vt 0.890625 0.675000011920929
vt 0.90625 0.675000011920929
vt 0.921875 0.675000011920929
vt 0.9375 0.675000011920929
vt 0.953125 0.675000011920929
vt 0.96875 0.675000011920929
vt 0.984375 0.675000011920929
vt 1 0.675000011920929
vt 0 0.6499999761581421
vt 0.015625 0.6499999761581421
vt 0.03125 0.6499999761581421
vt 0.046875 0.6499999761581421
vt 0.0625 0.6499999761581421
vt 0.078125 0.6499999761581421
vt 0.09375 0.6499999761581421
vt 0.109375 0.6499999761581421
vt 0.125 0.6499999761581421
vt 0.140625 0.6499999761581421
vt 0.15625 0.6499999761581421
vt 0.171875 0.6499999761581421
vt 0.1875 0.6499999761581421
vt 0.203125 0.6499999761581421
vt 0.21875 0.6499999761581421
vt 0.234375 0.6499999761581421
vt 0.25 0.6499999761581421
vt 0.265625 0.6499999761581421
vt 0.28125 0.6499999761581421
vt 0.296875 0.6499999761581421
vt 0.3125 0.6499999761581421
vt 0.328125 0.6499999761581421
vt 0.34375 0.6499999761581421
vt 0.359375 0.6499999761581421
vt 0.375 0.6499999761581421
vt 0.390625 0.6499999761581421
vt 0.40625 0.6499999761581421
vt 0.421875 0.6499999761581421
vt 0.4375 0.6499999761581421
vt 0.453125 0.6499999761581421
vt 0.46875 0.6499999761581421
vt 0.484375 0.6499999761581421
vt 0.5 0.6499999761581421
vt 0.515625 0.6499999761581421
vt 0.53125 0.6499999761581421
vt 0.546875 0.6499999761581421
vt 0.5625 0.6499999761581421
vt 0.578125 0.6499999761581421
vt 0.59375 0.6499999761581421
vt 0.609375 0.6499999761581421
vt 0.625 0.6499999761581421
vt 0.640625 0.6499999761581421
vt 0.65625 0.6499999761581421
vt 0.671875 0.6499999761581421
vt 0.6875 0.6499999761581421
vt 0.703125 0.6499999761581421
vt 0.71875 0.6499999761581421
vt 0.734375 0.6499999761581421
vt 0.75 0.6499999761581421
vt 0.765625 0.6499999761581421
vt 0.78125 0.6499999761581421
vt 0.796875 0.6499999761581421
vt 0.8125 0.6499999761581421
vt 0.828125 0.6499999761581421
vt 0.84375 0.6499999761581421
vt 0.859375 0.6499999761581421
vt 0.875 0.6499999761581421
vt 0.890625 0.6499999761581421
vt 0.90625 0.6499999761581421
vt 0.921875 0.6499999761581421
vt 0.9375 0.6499999761581421
vt 0.953125 0.6499999761581421
vt 0.96875 0.6499999761581421
vt 0.984375 0.6499999761581421
vt 1 0.6499999761581421
vt 0 0.625
vt 0.015625 0.625
vt 0.03125 0.625
vt 0.046875 0.625
vt 0.0625 0.625
vt 0.078125 0.625
vt 0.09375 0.625
vt 0.109375 0.625
vt 0.125 0.625
vt 0.140625 0.625
vt 0.15625 0.625
vt 0.171875 0.625
vt 0.1875 0.625
vt 0.203125 0.625
vt 0.21875 0.625
vt 0.234375 0.625
vt 0.25 0.625
vt 0.265625 0.625
vt 0.28125 0.625
vt 0.296875 0.625
vt 0.3125 0.625
vt 0.328125 0.625
vt 0.34375 0.625
vt 0.359375 0.625
vt 0.375 0.625
vt 0.390625 0.625
vt 0.40625 0.625
vt 0.421875 0.625
vt 0.4375 0.625
vt 0.453125 0.625
vt 0.46875 0.625
vt 0.484375 0.625
vt 0.5 0.625
vt 0.515625 0.625
vt 0.53125 0.625
vt 0.546875 0.625
vt 0.5625 0.625
vt 0.578125 0.625
vt 0.59375 0.625
vt 0.609375 0.625
vt 0.625 0.625
vt 0.640625 0.625
vt 0.65625 0.625
vt 0.671875 0.625
vt 0.6875 0.625
vt 0.703125 0.625
vt 0.71875 0.625
vt 0.734375 0.625
vt 0.75 0.625
vt 0.765625 0.625
vt 0.78125 0.625
vt 0.796875 0.625
vt 0.8125 0.625
vt 0.828125 0.625
vt 0.84375 0.625
vt 0.859375 0.625
vt 0.875 0.625
vt 0.890625 0.625
vt 0.90625 0.625
vt 0.921875 0.625
vt 0.9375 0.625
vt 0.953125 0.625
vt 0.96875 0.625
vt 0.984375 0.625
vt 1 0.625
vt 0 0.6000000238418579
vt 0.015625 0.6000000238418579
vt 0.03125 0.6000000238418579
vt 0.046875 0.6000000238418579
vt 0.0625 0.6000000238418579
vt 0.078125 0.6000000238418579
vt 0.09375 0.6000000238418579
vt 0.109375 0.6000000238418579
vt 0.125 0.6000000238418579
vt 0.140625 0.6000000238418579
vt 0.15625 0.6000000238418579
vt 0.171875 0.6000000238418579
vt 0.1875 0.6000000238418579
vt 0.203125 0.6000000238418579
vt 0.21875 0.6000000238418579
vt 0.234375 0.6000000238418579
vt 0.25 0.6000000238418579
vt 0.265625 0.6000000238418579
vt 0.28125 0.6000000238418579
vt 0.296875 0.6000000238418579
vt 0.3125 0.6000000238418579
vt 0.328125 0.6000000238418579
vt 0.34375 0.6000000238418579
vt 0.359375 0.6000000238418579
vt 0.375 0.6000000238418579
vt 0.390625 0.6000000238418579
vt 0.40625 0.6000000238418579
vt 0.421875 0.6000000238418579
vt 0.4375 0.6000000238418579
vt 0.453125 0.6000000238418579
vt 0.46875 0.6000000238418579
vt 0.484375 0.6000000238418579
vt 0.5 0.6000000238418579
vt 0.515625 0.6000000238418579
vt 0.53125 0.6000000238418579
vt 0.546875 0.6000000238418579
vt 0.5625 0.6000000238418579
vt 0.578125 0.6000000238418579
vt 0.59375 0.6000000238418579
vt 0.609375 0.6000000238418579
vt 0.625 0.6000000238418579
vt 0.640625 0.6000000238418579
vt 0.65625 0.6000000238418579
vt 0.671875 0.6000000238418579
vt 0.6875 0.6000000238418579
vt 0.703125 0.6000000238418579
vt 0.71875 0.6000000238418579
vt 0.734375 0.6000000238418579
vt 0.75 0.6000000238418579
vt 0.765625 0.6000000238418579
vt 0.78125 0.6000000238418579
vt 0.796875 0.6000000238418579
vt 0.8125 0.6000000238418579
vt 0.828125 0.6000000238418579
vt 0.84375 0.6000000238418579
vt 0.859375 0.6000000238418579
vt 0.875 0.6000000238418579
vt 0.890625 0.6000000238418579
vt 0.90625 0.6000000238418579
vt 0.921875 0.6000000238418579
vt 0.9375 0.6000000238418579
vt 0.953125 0.6000000238418579
vt 0.96875 0.6000000238418579
vt 0.984375 0.6000000238418579
vt 1 0.6000000238418579
vt 0 0.574999988079071
vt 0.015625 0.574999988079071
vt 0.03125 0.574999988079071
vt 0.046875 0.574999988079071
vt 0.0625 0.574999988079071
vt 0.078125 0.574999988079071
vt 0.09375 0.574999988079071
vt 0.109375 0.574999988079071
vt 0.125 0.574999988079071
vt 0.140625 0.574999988079071
vt 0.15625 0.574999988079071
vt 0.171875 0.574999988079071
vt 0.1875 0.574999988079071
vt 0.203125 0.574999988079071
vt 0.21875 0.574999988079071
vt 0.234375 0.574999988079071
vt 0.25 0.574999988079071
vt 0.265625 0.574999988079071
vt 0.28125 0.574999988079071
vt 0.296875 0.574999988079071
vt 0.3125 0.574999988079071
vt 0.328125 0.574999988079071
vt 0.34375 0.574999988079071
vt 0.359375 0.574999988079071
vt 0.375 0.574999988079071
vt 0.390625 0.574999988079071
vt 0.40625 0.574999988079071
vt 0.421875 0.574999988079071
vt 0.4375 0.574999988079071
vt 0.453125 0.574999988079071
vt 0.46875 0.574999988079071
vt 0.484375 0.574999988079071
vt 0.5 0.574999988079071
vt 0.515625 0.574999988079071
vt 0.53125 0.574999988079071
vt 0.546875 0.574999988079071
vt 0.5625 0.574999988079071
vt 0.578125 0.574999988079071
vt 0.59375 0.574999988079071
vt 0.609375 0.574999988079071
vt 0.625 0.574999988079071
vt 0.640625 0.574999988079071
vt 0.65625 0.574999988079071
vt 0.671875 0.574999988079071
vt 0.6875 0.574999988079071
vt 0.703125 0.574999988079071
vt 0.71875 0.574999988079071
vt 0.734375 0.574999988079071
vt 0.75 0.574999988079071
vt 0.765625 0.574999988079071
vt 0.78125 0.574999988079071
vt 0.796875 0.574999988079071
vt 0.8125 0.574999988079071
vt 0.828125 0.574999988079071
vt 0.84375 0.574999988079071
vt 0.859375 0.574999988079071
vt 0.875 0.574999988079071
vt 0.890625 0.574999988079071
vt 0.90625 0.574999988079071
vt 0.921875 0.574999988079071
vt 0.9375 0.574999988079071
vt 0.953125 0.574999988079071
vt 0.96875 0.574999988079071
vt 0.984375 0.574999988079071
vt 1 0.574999988079071
vt 0 0.550000011920929
vt 0.015625 0.550000011920929
vt 0.03125 0.550000011920929
vt 0.046875 0.550000011920929
vt 0.0625 0.550000011920929
vt 0.078125 0.550000011920929
vt 0.09375 0.550000011920929
vt 0.109375 0.550000011920929
vt 0.125 0.550000011920929
vt 0.140625 0.550000011920929
vt 0.15625 0.550000011920929
vt 0.171875 0.550000011920929
vt 0.1875 0.550000011920929
vt 0.203125 0.550000011920929
vt 0.21875 0.550000011920929
vt 0.234375 0.550000011920929
vt 0.25 0.550000011920929
vt 0.265625 0.550000011920929
vt 0.28125 0.550000011920929
vt 0.296875 0.550000011920929
vt 0.3125 0.550000011920929
vt 0.328125 0.550000011920929
vt 0.34375 0.550000011920929
vt 0.359375 0.550000011920929
vt 0.375 0.550000011920929
vt 0.390625 0.550000011920929
vt 0.40625 0.550000011920929
vt 0.421875 0.550000011920929
vt 0.4375 0.550000011920929
vt 0.453125 0.550000011920929
vt 0.46875 0.550000011920929
vt 0.484375 0.550000011920929
vt 0.5 0.550000011920929
vt 0.515625 0.550000011920929
vt 0.53125 0.550000011920929
vt 0.546875 0.550000011920929
vt 0.5625 0.550000011920929
vt 0.578125 0.550000011920929
vt 0.59375 0.550000011920929
vt 0.609375 0.550000011920929
vt 0.625 0.550000011920929
vt 0.640625 0.550000011920929
vt 0.65625 0.550000011920929
vt 0.671875 0.550000011920929
vt 0.6875 0.550000011920929
vt 0.703125 0.550000011920929
vt 0.71875 0.550000011920929
vt 0.734375 0.550000011920929
vt 0.75 0.550000011920929
vt 0.765625 0.550000011920929
vt 0.78125 0.550000011920929
vt 0.796875 0.550000011920929
vt 0.8125 0.550000011920929
vt 0.828125 0.550000011920929
vt 0.84375 0.550000011920929
vt 0.859375 0.550000011920929
vt 0.875 0.550000011920929
vt 0.890625 0.550000011920929
vt 0.90625 0.550000011920929
vt 0.921875 0.550000011920929
vt 0.9375 0.550000011920929
vt 0.953125 0.550000011920929
vt 0.96875 0.550000011920929
vt 0.984375 0.550000011920929
vt 1 0.550000011920929
vt 0 0.5249999761581421
vt 0.015625 0.5249999761581421
vt 0.03125 0.5249999761581421
vt 0.046875 0.5249999761581421
vt 0.0625 0.5249999761581421
vt 0.078125 0.5249999761581421
vt 0.09375 0.5249999761581421
vt 0.109375 0.5249999761581421
vt 0.125 0.5249999761581421
vt 0.140625 0.5249999761581421
vt 0.15625 0.5249999761581421
vt 0.171875 0.5249999761581421
vt 0.1875 0.5249999761581421
vt 0.203125 0.5249999761581421
vt 0.21875 0.5249999761581421
vt 0.234375 0.5249999761581421
vt 0.25 0.5249999761581421
vt 0.265625 0.5249999761581421
vt 0.28125 0.5249999761581421
vt 0.296875 0.5249999761581421
vt 0.3125 0.5249999761581421
vt 0.328125 0.5249999761581421
vt 0.34375 0.5249999761581421
vt 0.359375 0.5249999761581421
vt 0.375 0.5249999761581421
vt 0.390625 0.5249999761581421
vt 0.40625 0.5249999761581421
vt 0.421875 0.5249999761581421
vt 0.4375 0.5249999761581421
vt 0.453125 0.5249999761581421
vt 0.46875 0.5249999761581421
vt 0.484375 0.5249999761581421
vt 0.5 0.5249999761581421
vt 0.515625 0.5249999761581421
vt 0.53125 0.5249999761581421
vt 0.546875 0.5249999761581421
vt 0.5625 0.5249999761581421
vt 0.578125 0.5249999761581421
vt 0.59375 0.5249999761581421
vt 0.609375 0.5249999761581421
vt 0.625 0.5249999761581421
vt 0.640625 0.5249999761581421
vt 0.65625 0.5249999761581421
vt 0.671875 0.5249999761581421
vt 0.6875 0.5249999761581421
vt 0.703125 0.5249999761581421
vt 0.71875 0.5249999761581421
vt 0.734375 0.5249999761581421
vt 0.75 0.5249999761581421
vt 0.765625 0.5249999761581421
vt 0.78125 0.5249999761581421
vt 0.796875 0.5249999761581421
vt 0.8125 0.5249999761581421
vt 0.828125 0.5249999761581421
vt 0.84375 0.5249999761581421
vt 0.859375 0.5249999761581421
vt 0.875 0.5249999761581421
vt 0.890625 0.5249999761581421
vt 0.90625 0.5249999761581421
vt 0.921875 0.5249999761581421
vt 0.9375 0.5249999761581421
vt 0.953125 0.5249999761581421
vt 0.96875 0.5249999761581421
vt 0.984375 0.5249999761581421
vt 1 0.5249999761581421
vt 0 0.5
vt 0.015625 0.5
vt 0.03125 0.5
vt 0.046875 0.5
vt 0.0625 0.5
vt 0.078125 0.5
vt 0.09375 0.5
vt 0.109375 0.5
vt 0.125 0.5
vt 0.140625 0.5
vt 0.15625 0.5
vt 0.171875 0.5
vt 0.1875 0.5
vt 0.203125 0.5
vt 0.21875 0.5
vt 0.234375 0.5
vt 0.25 0.5
vt 0.265625 0.5
vt 0.28125 0.5
vt 0.296875 0.5
vt 0.3125 0.5
vt 0.328125 0.5
vt 0.34375 0.5
vt 0.359375 0.5
vt 0.375 0.5
vt 0.390625 0.5
vt 0.40625 0.5
vt 0.421875 0.5
vt 0.4375 0.5
vt 0.453125 0.5
vt 0.46875 0.5
vt 0.484375 0.5
vt 0.5 0.5
vt 0.515625 0.5
vt 0.53125 0.5
vt 0.546875 0.5
vt 0.5625 0.5
vt 0.578125 0.5
vt 0.59375 0.5
vt 0.609375 0.5
vt 0.625 0.5
vt 0.640625 0.5
vt 0.65625 0.5
vt 0.671875 0.5
vt 0.6875 0.5
vt 0.703125 0.5
vt 0.71875 0.5
vt 0.734375 0.5
vt 0.75 0.5
vt 0.765625 0.5
vt 0.78125 0.5
vt 0.796875 0.5
vt 0.8125 0.5
vt 0.828125 0.5
vt 0.84375 0.5
vt 0.859375 0.5
vt 0.875 0.5
vt 0.890625 0.5
vt 0.90625 0.5
vt 0.921875 0.5
vt 0.9375 0.5
vt 0.953125 0.5
vt 0.96875 0.5
vt 0.984375 0.5
vt 1 0.5
vt 0 0.4749999940395355
vt 0.015625 0.4749999940395355
vt 0.03125 0.4749999940395355
vt 0.046875 0.4749999940395355
vt 0.0625 0.4749999940395355
vt 0.078125 0.4749999940395355
vt 0.09375 0.4749999940395355
vt 0.109375 0.4749999940395355
vt 0.125 0.4749999940395355
vt 0.140625 0.4749999940395355
vt 0.15625 0.4749999940395355
vt 0.171875 0.4749999940395355
vt 0.1875 0.4749999940395355
vt 0.203125 0.4749999940395355
vt 0.21875 0.4749999940395355
vt 0.234375 0.4749999940395355
vt 0.25 0.4749999940395355
vt 0.265625 0.4749999940395355
vt 0.28125 0.4749999940395355
vt 0.296875 0.4749999940395355
vt 0.3125 0.4749999940395355
vt 0.328125 0.4749999940395355
vt 0.34375 0.4749999940395355
vt 0.359375 0.4749999940395355
vt 0.375 0.4749999940395355
vt 0.390625 0.4749999940395355
vt 0.40625 0.4749999940395355
vt 0.421875 0.4749999940395355
vt 0.4375 0.4749999940395355
vt 0.453125 0.4749999940395355
vt 0.46875 0.4749999940395355
vt 0.484375 0.4749999940395355
vt 0.5 0.4749999940395355
vt 0.515625 0.4749999940395355
vt 0.53125 0.4749999940395355
vt 0.546875 0.4749999940395355
vt 0.5625 0.4749999940395355
vt 0.578125 0.4749999940395355
vt 0.59375 0.4749999940395355
vt 0.609375 0.4749999940395355
vt 0.625 0.4749999940395355
vt 0.640625 0.4749999940395355
vt 0.65625 0.4749999940395355
vt 0.671875 0.4749999940395355
vt 0.6875 0.4749999940395355
vt 0.703125 0.4749999940395355
vt 0.71875 0.4749999940395355
vt 0.734375 0.4749999940395355
vt 0.75 0.4749999940395355
vt 0.765625 0.4749999940395355
vt 0.78125 0.4749999940395355
vt 0.796875 0.4749999940395355
vt 0.8125 0.4749999940395355
vt 0.828125 0.4749999940395355
vt 0.84375 0.4749999940395355
vt 0.859375 0.4749999940395355
vt 0.875 0.4749999940395355
vt 0.890625 0.4749999940395355
vt 0.90625 0.4749999940395355
vt 0.921875 0.4749999940395355
vt 0.9375 0.4749999940395355
vt 0.953125 0.4749999940395355
vt 0.96875 0.4749999940395355
vt 0.984375 0.4749999940395355
vt 1 0.4749999940395355
vt 0 0.44999998807907104
vt 0.015625 0.44999998807907104
vt 0.03125 0.44999998807907104
vt 0.046875 0.44999998807907104
vt 0.0625 0.44999998807907104
vt 0.078125 0.44999998807907104
vt 0.09375 0.44999998807907104
vt 0.109375 0.44999998807907104
vt 0.125 0.44999998807907104
vt 0.140625 0.44999998807907104
vt 0.15625 0.44999998807907104
vt 0.171875 0.44999998807907104
vt 0.1875 0.44999998807907104
vt 0.203125 0.44999998807907104
vt 0.21875 0.44999998807907104
vt 0.234375 0.44999998807907104
vt 0.25 0.44999998807907104
vt 0.265625 0.44999998807907104
vt 0.28125 0.44999998807907104
vt 0.296875 0.44999998807907104
vt 0.3125 0.44999998807907104
vt 0.328125 0.44999998807907104
vt 0.34375 0.44999998807907104
vt 0.359375 0.44999998807907104
vt 0.375 0.44999998807907104
vt 0.390625 0.44999998807907104
vt 0.40625 0.44999998807907104
vt 0.421875 0.44999998807907104
vt 0.4375 0.44999998807907104
vt 0.453125 0.44999998807907104
vt 0.46875 0.44999998807907104
vt 0.484375 0.44999998807907104
vt 0.5 0.44999998807907104
vt 0.515625 0.44999998807907104
vt 0.53125 0.44999998807907104
vt 0.546875 0.44999998807907104
vt 0.5625 0.44999998807907104
vt 0.578125 0.44999998807907104
vt 0.59375 0.44999998807907104
vt 0.609375 0.44999998807907104
vt 0.625 0.44999998807907104
vt 0.640625 0.44999998807907104
vt 0.65625 0.44999998807907104
vt 0.671875 0.44999998807907104
vt 0.6875 0.44999998807907104
vt 0.703125 0.44999998807907104
vt 0.71875 0.44999998807907104
vt 0.734375 0.44999998807907104
vt 0.75 0.44999998807907104
vt 0.765625 0.44999998807907104
vt 0.78125 0.44999998807907104
vt 0.796875 0.44999998807907104
vt 0.8125 0.44999998807907104
vt 0.828125 0.44999998807907104
vt 0.84375 0.44999998807907104
vt 0.859375 0.44999998807907104
vt 0.875 0.44999998807907104
vt 0.890625 0.44999998807907104
vt 0.90625 0.44999998807907104
vt 0.921875 0.44999998807907104
vt 0.9375 0.44999998807907104
vt 0.953125 0.44999998807907104
vt 0.96875 0.44999998807907104
vt 0.984375 0.44999998807907104
vt 1 0.44999998807907104
vt 0 0.42500001192092896
vt 0.015625 0.42500001192092896
vt 0.03125 0.42500001192092896
vt 0.046875 0.42500001192092896
vt 0.0625 0.42500001192092896
vt 0.078125 0.42500001192092896
vt 0.09375 0.42500001192092896
vt 0.109375 0.42500001192092896
vt 0.125 0.42500001192092896
vt 0.140625 0.42500001192092896
vt 0.15625 0.42500001192092896
vt 0.171875 0.42500001192092896
vt 0.1875 0.42500001192092896
vt 0.203125 0.42500001192092896
vt 0.21875 0.42500001192092896
vt 0.234375 0.42500001192092896
vt 0.25 0.42500001192092896
vt 0.265625 0.42500001192092896
vt 0.28125 0.42500001192092896
vt 0.296875 0.42500001192092896
vt 0.3125 0.42500001192092896
vt 0.328125 0.42500001192092896
vt 0.34375 0.42500001192092896
vt 0.359375 0.42500001192092896
vt 0.375 0.42500001192092896
vt 0.390625 0.42500001192092896
vt 0.40625 0.42500001192092896
vt 0.421875 0.42500001192092896
vt 0.4375 0.42500001192092896
vt 0.453125 0.42500001192092896
vt 0.46875 0.42500001192092896
vt 0.484375 0.42500001192092896
vt 0.5 0.42500001192092896
vt 0.515625 0.42500001192092896
vt 0.53125 0.42500001192092896
vt 0.546875 0.42500001192092896
vt 0.5625 0.42500001192092896
vt 0.578125 0.42500001192092896
vt 0.59375 0.42500001192092896
vt 0.609375 0.42500001192092896
vt 0.625 0.42500001192092896
vt 0.640625 0.42500001192092896
vt 0.65625 0.42500001192092896
vt 0.671875 0.42500001192092896
vt 0.6875 0.42500001192092896
vt 0.703125 0.42500001192092896
vt 0.71875 0.42500001192092896
vt 0.734375 0.42500001192092896
vt 0.75 0.42500001192092896
vt 0.765625 0.42500001192092896
vt 0.78125 0.42500001192092896
vt 0.796875 0.42500001192092896
vt 0.8125 0.42500001192092896
vt 0.828125 0.42500001192092896
vt 0.84375 0.42500001192092896
vt 0.859375 0.42500001192092896
vt 0.875 0.42500001192092896
vt 0.890625 0.42500001192092896
vt 0.90625 0.42500001192092896
vt 0.921875 0.42500001192092896
vt 0.9375 0.42500001192092896
vt 0.953125 0.42500001192092896
vt 0.96875 0.42500001192092896
vt 0.984375 0.42500001192092896
vt 1 0.42500001192092896
vt 0 0.4000000059604645
vt 0.015625 0.4000000059604645
vt 0.03125 0.4000000059604645
vt 0.046875 0.4000000059604645
vt 0.0625 0.4000000059604645
vt 0.078125 0.4000000059604645
vt 0.09375 0.4000000059604645
vt 0.109375 0.4000000059604645
vt 0.125 0.4000000059604645
vt 0.140625 0.4000000059604645
vt 0.15625 0.4000000059604645
vt 0.171875 0.4000000059604645
vt 0.1875 0.4000000059604645
vt 0.203125 0.4000000059604645
vt 0.21875 0.4000000059604645
vt 0.234375 0.4000000059604645
vt 0.25 0.4000000059604645
vt 0.265625 0.4000000059604645
vt 0.28125 0.4000000059604645
vt 0.296875 0.4000000059604645
vt 0.3125 0.4000000059604645
vt 0.328125 0.4000000059604645
vt 0.34375 0.4000000059604645
vt 0.359375 0.4000000059604645
vt 0.375 0.4000000059604645
vt 0.390625 0.4000000059604645
vt 0.40625 0.4000000059604645
vt 0.421875 0.4000000059604645
vt 0.4375 0.4000000059604645
vt 0.453125 0.4000000059604645
vt 0.46875 0.4000000059604645
vt 0.484375 0.4000000059604645
vt 0.5 0.4000000059604645
vt 0.515625 0.4000000059604645
vt 0.53125 0.4000000059604645
vt 0.546875 0.4000000059604645
vt 0.5625 0.4000000059604645
vt 0.578125 0.4000000059604645
vt 0.59375 0.4000000059604645
vt 0.609375 0.4000000059604645
vt 0.625 0.4000000059604645
vt 0.640625 0.4000000059604645
vt 0.65625 0.4000000059604645
vt 0.671875 0.4000000059604645
vt 0.6875 0.4000000059604645
vt 0.703125 0.4000000059604645
vt 0.71875 0.4000000059604645
vt 0.734375 0.4000000059604645
vt 0.75 0.4000000059604645
vt 0.765625 0.4000000059604645
vt 0.78125 0.4000000059604645
vt 0.796875 0.4000000059604645
vt 0.8125 0.4000000059604645
vt 0.828125 0.4000000059604645
vt 0.84375 0.4000000059604645
vt 0.859375 0.4000000059604645
vt 0.875 0.4000000059604645
vt 0.890625 0.4000000059604645
vt 0.90625 0.4000000059604645
vt 0.921875 0.4000000059604645
vt 0.9375 0.4000000059604645
vt 0.953125 0.4000000059604645
vt 0.96875 0.4000000059604645
vt 0.984375 0.4000000059604645
vt 1 0.4000000059604645
vt 0 0.375
vt 0.015625 0.375
vt 0.03125 0.375
vt 0.046875 0.375
vt 0.0625 0.375
vt 0.078125 0.375
vt 0.09375 0.375
vt 0.109375 0.375
vt 0.125 0.375
vt 0.140625 0.375
vt 0.15625 0.375
vt 0.171875 0.375
vt 0.1875 0.375
vt 0.203125 0.375
vt 0.21875 0.375
vt 0.234375 0.375
vt 0.25 0.375
vt 0.265625 0.375
vt 0.28125 0.375
vt 0.296875 0.375
vt 0.3125 0.375
vt 0.328125 0.375
vt 0.34375 0.375
vt 0.359375 0.375
vt 0.375 0.375
vt 0.390625 0.375
vt 0.40625 0.375
vt 0.421875 0.375
vt 0.4375 0.375
vt 0.453125 0.375
vt 0.46875 0.375
vt 0.484375 0.375
vt 0.5 0.375
vt 0.515625 0.375
vt 0.53125 0.375
vt 0.546875 0.375
vt 0.5625 0.375
vt 0.578125 0.375
vt 0.59375 0.375
vt 0.609375 0.375
vt 0.625 0.375
vt 0.640625 0.375
vt 0.65625 0.375
vt 0.671875 0.375
vt 0.6875 0.375
vt 0.703125 0.375
vt 0.71875 0.375
vt 0.734375 0.375
vt 0.75 0.375
vt 0.765625 0.375
vt 0.78125 0.375
vt 0.796875 0.375
vt 0.8125 0.375
vt 0.828125 0.375
vt 0.84375 0.375
vt 0.859375 0.375
vt 0.875 0.375
vt 0.890625 0.375
vt 0.90625 0.375
vt 0.921875 0.375
vt 0.9375 0.375
vt 0.953125 0.375
vt 0.96875 0.375
vt 0.984375 0.375
vt 1 0.375
vt 0 0.3499999940395355
vt 0.015625 0.3499999940395355
vt 0.03125 0.3499999940395355
vt 0.046875 0.3499999940395355
vt 0.0625 0.3499999940395355
vt 0.078125 0.3499999940395355
vt 0.09375 0.3499999940395355
vt 0.109375 0.3499999940395355
vt 0.125 0.3499999940395355
vt 0.140625 0.3499999940395355
vt 0.15625 0.3499999940395355
vt 0.171875 0.3499999940395355
vt 0.1875 0.3499999940395355
vt 0.203125 0.3499999940395355
vt 0.21875 0.3499999940395355
vt 0.234375 0.3499999940395355
vt 0.25 0.3499999940395355
vt 0.265625 0.3499999940395355
vt 0.28125 0.3499999940395355
vt 0.296875 0.3499999940395355
vt 0.3125 0.3499999940395355
vt 0.328125 0.3499999940395355
vt 0.34375 0.3499999940395355
vt 0.359375 0.3499999940395355
vt 0.375 0.3499999940395355
vt 0.390625 0.3499999940395355
vt 0.40625 0.3499999940395355
vt 0.421875 0.3499999940395355
vt 0.4375 0.3499999940395355
vt 0.453125 0.3499999940395355
vt 0.46875 0.3499999940395355
vt 0.484375 0.3499999940395355
vt 0.5 0.3499999940395355
vt 0.515625 0.3499999940395355
vt 0.53125 0.3499999940395355
vt 0.546875 0.3499999940395355
vt 0.5625 0.3499999940395355
vt 0.578125 0.3499999940395355
vt 0.59375 0.3499999940395355
vt 0.609375 0.3499999940395355
vt 0.625 0.3499999940395355
vt 0.640625 0.3499999940395355
vt 0.65625 0.3499999940395355
vt 0.671875 0.3499999940395355
vt 0.6875 0.3499999940395355
vt 0.703125 0.3499999940395355
vt 0.71875 0.3499999940395355
vt 0.734375 0.3499999940395355
vt 0.75 0.3499999940395355
vt 0.765625 0.3499999940395355
vt 0.78125 0.3499999940395355
vt 0.796875 0.3499999940395355
vt 0.8125 0.3499999940395355
vt 0.828125 0.3499999940395355
vt 0.84375 0.3499999940395355
vt 0.859375 0.3499999940395355
vt 0.875 0.3499999940395355
vt 0.890625 0.3499999940395355
vt 0.90625 0.3499999940395355
vt 0.921875 0.3499999940395355
vt 0.9375 0.3499999940395355
vt 0.953125 0.3499999940395355
vt 0.96875 0.3499999940395355
vt 0.984375 0.3499999940395355
vt 1 0.3499999940395355
vt 0 0.32499998807907104
vt 0.015625 0.32499998807907104
vt 0.03125 0.32499998807907104
vt 0.046875 0.32499998807907104
vt 0.0625 0.32499998807907104
vt 0.078125 0.32499998807907104
vt 0.09375 0.32499998807907104
vt 0.109375 0.32499998807907104
vt 0.125 0.32499998807907104
vt 0.140625 0.32499998807907104
vt 0.15625 0.32499998807907104
vt 0.171875 0.32499998807907104
vt 0.1875 0.32499998807907104
vt 0.203125 0.32499998807907104
vt 0.21875 0.32499998807907104
vt 0.234375 0.32499998807907104
vt 0.25 0.32499998807907104
vt 0.265625 0.32499998807907104
vt 0.28125 0.32499998807907104
vt 0.296875 0.32499998807907104
vt 0.3125 0.32499998807907104
vt 0.328125 0.32499998807907104
vt 0.34375 0.32499998807907104
vt 0.359375 0.32499998807907104
vt 0.375 0.32499998807907104
vt 0.390625 0.32499998807907104
vt 0.40625 0.32499998807907104
vt 0.421875 0.32499998807907104
vt 0.4375 0.32499998807907104
vt 0.453125 0.32499998807907104
vt 0.46875 0.32499998807907104
vt 0.484375 0.32499998807907104
vt 0.5 0.32499998807907104
vt 0.515625 0.32499998807907104
vt 0.53125 0.32499998807907104
vt 0.546875 0.32499998807907104
vt 0.5625 0.32499998807907104
vt 0.578125 0.32499998807907104
vt 0.59375 0.32499998807907104
vt 0.609375 0.32499998807907104
vt 0.625 0.32499998807907104
vt 0.640625 0.32499998807907104
vt 0.65625 0.32499998807907104
vt 0.671875 0.32499998807907104
vt 0.6875 0.32499998807907104
vt 0.703125 0.32499998807907104
vt 0.71875 0.32499998807907104
vt 0.734375 0.32499998807907104
vt 0.75 0.32499998807907104
vt 0.765625 0.32499998807907104
vt 0.78125 0.32499998807907104
vt 0.796875 0.32499998807907104
vt 0.8125 0.32499998807907104
vt 0.828125 0.32499998807907104
vt 0.84375 0.32499998807907104
vt 0.859375 0.32499998807907104
vt 0.875 0.32499998807907104
vt 0.890625 0.32499998807907104
vt 0.90625 0.32499998807907104
vt 0.921875 0.32499998807907104
vt 0.9375 0.32499998807907104
vt 0.953125 0.32499998807907104
vt 0.96875 0.32499998807907104
vt 0.984375 0.32499998807907104
vt 1 0.32499998807907104
vt 0 0.30000001192092896
vt 0.015625 0.30000001192092896
vt 0.03125 0.30000001192092896
vt 0.046875 0.30000001192092896
vt 0.0625 0.30000001192092896
vt 0.078125 0.30000001192092896
vt 0.09375 0.30000001192092896
vt 0.109375 0.30000001192092896
vt 0.125 0.30000001192092896
vt 0.140625 0.30000001192092896
vt 0.15625 0.30000001192092896
vt 0.171875 0.30000001192092896
vt 0.1875 0.30000001192092896
vt 0.203125 0.30000001192092896
vt 0.21875 0.30000001192092896
vt 0.234375 0.30000001192092896
vt 0.25 0.30000001192092896
vt 0.265625 0.30000001192092896
vt 0.28125 0.30000001192092896
vt 0.296875 0.30000001192092896
vt 0.3125 0.30000001192092896
vt 0.328125 0.30000001192092896
vt 0.34375 0.30000001192092896
vt 0.359375 0.30000001192092896
vt 0.375 0.30000001192092896
vt 0.390625 0.30000001192092896
vt 0.40625 0.30000001192092896
vt 0.421875 0.30000001192092896
vt 0.4375 0.30000001192092896
vt 0.453125 0.30000001192092896
vt 0.46875 0.30000001192092896
vt 0.484375 0.30000001192092896
vt 0.5 0.30000001192092896
vt 0.515625 0.30000001192092896
vt 0.53125 0.30000001192092896
vt 0.546875 0.30000001192092896
vt 0.5625 0.30000001192092896
vt 0.578125 0.30000001192092896
vt 0.59375 0.30000001192092896
vt 0.609375 0.30000001192092896
vt 0.625 0.30000001192092896
vt 0.640625 0.30000001192092896
vt 0.65625 0.30000001192092896
vt 0.671875 0.30000001192092896
vt 0.6875 0.30000001192092896
vt 0.703125 0.30000001192092896
vt 0.71875 0.30000001192092896
vt 0.734375 0.30000001192092896
vt 0.75 0.30000001192092896
vt 0.765625 0.30000001192092896
vt 0.78125 0.30000001192092896
vt 0.796875 0.30000001192092896
vt 0.8125 0.30000001192092896
vt 0.828125 0.30000001192092896
vt 0.84375 0.30000001192092896
vt 0.859375 0.30000001192092896
vt 0.875 0.30000001192092896
vt 0.890625 0.30000001192092896
vt 0.90625 0.30000001192092896
vt 0.921875 0.30000001192092896
vt 0.9375 0.30000001192092896
vt 0.953125 0.30000001192092896
vt 0.96875 0.30000001192092896
vt 0.984375 0.30000001192092896
vt 1 0.30000001192092896
vt 0 0.2750000059604645
vt 0.015625 0.2750000059604645
vt 0.03125 0.2750000059604645
vt 0.046875 0.2750000059604645
vt 0.0625 0.2750000059604645
vt 0.078125 0.2750000059604645
vt 0.09375 0.2750000059604645
vt 0.109375 0.2750000059604645
vt 0.125 0.2750000059604645
vt 0.140625 0.2750000059604645
vt 0.15625 0.2750000059604645
vt 0.171875 0.2750000059604645
vt 0.1875 0.2750000059604645
vt 0.203125 0.2750000059604645
vt 0.21875 0.2750000059604645
vt 0.234375 0.2750000059604645
vt 0.25 0.2750000059604645
vt 0.265625 0.2750000059604645
vt 0.28125 0.2750000059604645
vt 0.296875 0.2750000059604645
vt 0.3125 0.2750000059604645
vt 0.328125 0.2750000059604645
vt 0.34375 0.2750000059604645
vt 0.359375 0.2750000059604645
vt 0.375 0.2750000059604645
vt 0.390625 0.2750000059604645
vt 0.40625 0.2750000059604645
vt 0.421875 0.2750000059604645
vt 0.4375 0.2750000059604645
vt 0.453125 0.2750000059604645
vt 0.46875 0.2750000059604645
vt 0.484375 0.2750000059604645
vt 0.5 0.2750000059604645
vt 0.515625 0.2750000059604645
vt 0.53125 0.2750000059604645
vt 0.546875 0.2750000059604645
vt 0.5625 0.2750000059604645
vt 0.578125 0.2750000059604645
vt 0.59375 0.2750000059604645
vt 0.609375 0.2750000059604645
vt 0.625 0.2750000059604645
vt 0.640625 0.2750000059604645
vt 0.65625 0.2750000059604645
vt 0.671875 0.2750000059604645
vt 0.6875 0.2750000059604645
vt 0.703125 0.2750000059604645
vt 0.71875 0.2750000059604645
vt 0.734375 0.2750000059604645
vt 0.75 0.2750000059604645
vt 0.765625 0.2750000059604645
vt 0.78125 0.2750000059604645
vt 0.796875 0.2750000059604645
vt 0.8125 0.2750000059604645
vt 0.828125 0.2750000059604645
vt 0.84375 0.2750000059604645
vt 0.859375 0.2750000059604645
vt 0.875 0.2750000059604645
vt 0.890625 0.2750000059604645
vt 0.90625 0.2750000059604645
vt 0.921875 0.2750000059604645
vt 0.9375 0.2750000059604645
vt 0.953125 0.2750000059604645
vt 0.96875 0.2750000059604645
vt 0.984375 0.2750000059604645
vt 1 0.2750000059604645
vt 0 0.25
vt 0.015625 0.25
vt 0.03125 0.25
vt 0.046875 0.25
vt 0.0625 0.25
vt 0.078125 0.25
vt 0.09375 0.25
vt 0.109375 0.25
vt 0.125 0.25
vt 0.140625 0.25
vt 0.15625 0.25
vt 0.171875 0.25
vt 0.1875 0.25
vt 0.203125 0.25
vt 0.21875 0.25
vt 0.234375 0.25
vt 0.25 0.25
vt 0.265625 0.25
vt 0.28125 0.25
vt 0.296875 0.25
vt 0.3125 0.25
vt 0.328125 0.25
vt 0.34375 0.25
vt 0.359375 0.25
vt 0.375 0.25
vt 0.390625 0.25
vt 0.40625 0.25
vt 0.421875 0.25
vt 0.4375 0.25
vt 0.453125 0.25
vt 0.46875 0.25
vt 0.484375 0.25
vt 0.5 0.25
vt 0.515625 0.25
vt 0.53125 0.25
vt 0.546875 0.25
vt 0.5625 0.25
vt 0.578125 0.25
vt 0.59375 0.25
vt 0.609375 0.25
vt 0.625 0.25
vt 0.640625 0.25
vt 0.65625 0.25
vt 0.671875 0.25
vt 0.6875 0.25
vt 0.703125 0.25
vt 0.71875 0.25
vt 0.734375 0.25
vt 0.75 0.25
vt 0.765625 0.25
vt 0.78125 0.25
vt 0.796875 0.25
vt 0.8125 0.25
vt 0.828125 0.25
vt 0.84375 0.25
vt 0.859375 0.25
vt 0.875 0.25
vt 0.890625 0.25
vt 0.90625 0.25
vt 0.921875 0.25
vt 0.9375 0.25
vt 0.953125 0.25
vt 0.96875 0.25
vt 0.984375 0.25
vt 1 0.25
vt 0 0.22499999403953552
vt 0.015625 0.22499999403953552
vt 0.03125 0.22499999403953552
vt 0.046875 0.22499999403953552
vt 0.0625 0.22499999403953552
vt 0.078125 0.22499999403953552
vt 0.09375 0.22499999403953552
vt 0.109375 0.22499999403953552
vt 0.125 0.22499999403953552
vt 0.140625 0.22499999403953552
vt 0.15625 0.22499999403953552
vt 0.171875 0.22499999403953552
vt 0.1875 0.22499999403953552
vt 0.203125 0.22499999403953552
vt 0.21875 0.22499999403953552
vt 0.234375 0.22499999403953552
vt 0.25 0.22499999403953552
vt 0.265625 0.22499999403953552
vt 0.28125 0.22499999403953552
vt 0.296875 0.22499999403953552
vt 0.3125 0.22499999403953552
vt 0.328125 0.22499999403953552
vt 0.34375 0.22499999403953552
vt 0.359375 0.22499999403953552
vt 0.375 0.22499999403953552
vt 0.390625 0.22499999403953552
vt 0.40625 0.22499999403953552
vt 0.421875 0.22499999403953552
vt 0.4375 0.22499999403953552
vt 0.453125 0.22499999403953552
vt 0.46875 0.22499999403953552
vt 0.484375 0.22499999403953552
vt 0.5 0.22499999403953552
vt 0.515625 0.22499999403953552
vt 0.53125 0.22499999403953552
vt 0.546875 0.22499999403953552
vt 0.5625 0.22499999403953552
vt 0.578125 0.22499999403953552
vt 0.59375 0.22499999403953552
vt 0.609375 0.22499999403953552
vt 0.625 0.22499999403953552
vt 0.640625 0.22499999403953552
vt 0.65625 0.22499999403953552
vt 0.671875 0.22499999403953552
vt 0.6875 0.22499999403953552
vt 0.703125 0.22499999403953552
vt 0.71875 0.22499999403953552
vt 0.734375 0.22499999403953552
vt 0.75 0.22499999403953552
vt 0.765625 0.22499999403953552
vt 0.78125 0.22499999403953552
vt 0.796875 0.22499999403953552
vt 0.8125 0.22499999403953552
vt 0.828125 0.22499999403953552
vt 0.84375 0.22499999403953552
vt 0.859375 0.22499999403953552
vt 0.875 0.22499999403953552
vt 0.890625 0.22499999403953552
vt 0.90625 0.22499999403953552
vt 0.921875 0.22499999403953552
vt 0.9375 0.22499999403953552
vt 0.953125 0.22499999403953552
vt 0.96875 0.22499999403953552
vt 0.984375 0.22499999403953552
vt 1 0.22499999403953552
vt 0 0.20000000298023224
vt 0.015625 0.20000000298023224
vt 0.03125 0.20000000298023224
vt 0.046875 0.20000000298023224
vt 0.0625 0.20000000298023224
vt 0.078125 0.20000000298023224
vt 0.09375 0.20000000298023224
vt 0.109375 0.20000000298023224
vt 0.125 0.20000000298023224
vt 0.140625 0.20000000298023224
vt 0.15625 0.20000000298023224
vt 0.171875 0.20000000298023224
vt 0.1875 0.20000000298023224
vt 0.203125 0.20000000298023224
vt 0.21875 0.20000000298023224
vt 0.234375 0.20000000298023224
vt 0.25 0.20000000298023224
vt 0.265625 0.20000000298023224
vt 0.28125 0.20000000298023224
vt 0.296875 0.20000000298023224
vt 0.3125 0.20000000298023224
vt 0.328125 0.20000000298023224
vt 0.34375 0.20000000298023224
vt 0.359375 0.20000000298023224
vt 0.375 0.20000000298023224
vt 0.390625 0.20000000298023224
vt 0.40625 0.20000000298023224
vt 0.421875 0.20000000298023224
vt 0.4375 0.20000000298023224
vt 0.453125 0.20000000298023224
vt 0.46875 0.20000000298023224
vt 0.484375 0.20000000298023224
vt 0.5 0.20000000298023224
vt 0.515625 0.20000000298023224
vt 0.53125 0.20000000298023224
vt 0.546875 0.20000000298023224
vt 0.5625 0.20000000298023224
vt 0.578125 0.20000000298023224
vt 0.59375 0.20000000298023224
vt 0.609375 0.20000000298023224
vt 0.625 0.20000000298023224
vt 0.640625 0.20000000298023224
vt 0.65625 0.20000000298023224
vt 0.671875 0.20000000298023224
vt 0.6875 0.20000000298023224
vt 0.703125 0.20000000298023224
vt 0.71875 0.20000000298023224
vt 0.734375 0.20000000298023224
vt 0.75 0.20000000298023224
vt 0.765625 0.20000000298023224
vt 0.78125 0.20000000298023224
vt 0.796875 0.20000000298023224
vt 0.8125 0.20000000298023224
vt 0.828125 0.20000000298023224
vt 0.84375 0.20000000298023224
vt 0.859375 0.20000000298023224
vt 0.875 0.20000000298023224
vt 0.890625 0.20000000298023224
vt 0.90625 0.20000000298023224
vt 0.921875 0.20000000298023224
vt 0.9375 0.20000000298023224
vt 0.953125 0.20000000298023224
vt 0.96875 0.20000000298023224
vt 0.984375 0.20000000298023224
vt 1 0.20000000298023224
vt 0 0.17499999701976776
vt 0.015625 0.17499999701976776
vt 0.03125 0.17499999701976776
vt 0.046875 0.17499999701976776
vt 0.0625 0.17499999701976776
vt 0.078125 0.17499999701976776
vt 0.09375 0.17499999701976776
vt 0.109375 0.17499999701976776
vt 0.125 0.17499999701976776
vt 0.140625 0.17499999701976776
vt 0.15625 0.17499999701976776
vt 0.171875 0.17499999701976776
vt 0.1875 0.17499999701976776
vt 0.203125 0.17499999701976776
vt 0.21875 0.17499999701976776
vt 0.234375 0.17499999701976776
vt 0.25 0.17499999701976776
vt 0.265625 0.17499999701976776
vt 0.28125 0.17499999701976776
vt 0.296875 0.17499999701976776
vt 0.3125 0.17499999701976776
vt 0.328125 0.17499999701976776
vt 0.34375 0.17499999701976776
vt 0.359375 0.17499999701976776
vt 0.375 0.17499999701976776
vt 0.390625 0.17499999701976776
vt 0.40625 0.17499999701976776
vt 0.421875 0.17499999701976776
vt 0.4375 0.17499999701976776
vt 0.453125 0.17499999701976776
vt 0.46875 0.17499999701976776
vt 0.484375 0.17499999701976776
vt 0.5 0.17499999701976776
vt 0.515625 0.17499999701976776
vt 0.53125 0.17499999701976776
vt 0.546875 0.17499999701976776
vt 0.5625 0.17499999701976776
vt 0.578125 0.17499999701976776
vt 0.59375 0.17499999701976776
vt 0.609375 0.17499999701976776
vt 0.625 0.17499999701976776
vt 0.640625 0.17499999701976776
vt 0.65625 0.17499999701976776
vt 0.671875 0.17499999701976776
vt 0.6875 0.17499999701976776
vt 0.703125 0.17499999701976776
vt 0.71875 0.17499999701976776
vt 0.734375 0.17499999701976776
vt 0.75 0.17499999701976776
vt 0.765625 0.17499999701976776
vt 0.78125 0.17499999701976776
vt 0.796875 0.17499999701976776
vt 0.8125 0.17499999701976776
vt 0.828125 0.17499999701976776
vt 0.84375 0.17499999701976776
vt 0.859375 0.17499999701976776
vt 0.875 0.17499999701976776
vt 0.890625 0.17499999701976776
vt 0.90625 0.17499999701976776
vt 0.921875 0.17499999701976776
vt 0.9375 0.17499999701976776
vt 0.953125 0.17499999701976776
vt 0.96875 0.17499999701976776
vt 0.984375 0.17499999701976776
vt 1 0.17499999701976776
vt 0 0.15000000596046448
vt 0.015625 0.15000000596046448
vt 0.03125 0.15000000596046448
vt 0.046875 0.15000000596046448
vt 0.0625 0.15000000596046448
vt 0.078125 0.15000000596046448
vt 0.09375 0.15000000596046448
vt 0.109375 0.15000000596046448
vt 0.125 0.15000000596046448
vt 0.140625 0.15000000596046448
vt 0.15625 0.15000000596046448
vt 0.171875 0.15000000596046448
vt 0.1875 0.15000000596046448
vt 0.203125 0.15000000596046448
vt 0.21875 0.15000000596046448
vt 0.234375 0.15000000596046448
vt 0.25 0.15000000596046448
vt 0.265625 0.15000000596046448
vt 0.28125 0.15000000596046448
vt 0.296875 0.15000000596046448
vt 0.3125 0.15000000596046448
vt 0.328125 0.15000000596046448
vt 0.34375 0.15000000596046448
vt 0.359375 0.15000000596046448
vt 0.375 0.15000000596046448
vt 0.390625 0.15000000596046448
vt 0.40625 0.15000000596046448
vt 0.421875 0.15000000596046448
vt 0.4375 0.15000000596046448
vt 0.453125 0.15000000596046448
vt 0.46875 0.15000000596046448
vt 0.484375 0.15000000596046448
vt 0.5 0.15000000596046448
vt 0.515625 0.15000000596046448
vt 0.53125 0.15000000596046448
vt 0.546875 0.15000000596046448
vt 0.5625 0.15000000596046448
vt 0.578125 0.15000000596046448
vt 0.59375 0.15000000596046448
vt 0.609375 0.15000000596046448
vt 0.625 0.15000000596046448
vt 0.640625 0.15000000596046448
vt 0.65625 0.15000000596046448
vt 0.671875 0.15000000596046448
vt 0.6875 0.15000000596046448
vt 0.703125 0.15000000596046448
vt 0.71875 0.15000000596046448
vt 0.734375 0.15000000596046448
vt 0.75 0.15000000596046448
vt 0.765625 0.15000000596046448
vt 0.78125 0.15000000596046448
vt 0.796875 0.15000000596046448
vt 0.8125 0.15000000596046448
vt 0.828125 0.15000000596046448
vt 0.84375 0.15000000596046448
vt 0.859375 0.15000000596046448
vt 0.875 0.15000000596046448
vt 0.890625 0.15000000596046448
vt 0.90625 0.15000000596046448
vt 0.921875 0.15000000596046448
vt 0.9375 0.15000000596046448
vt 0.953125 0.15000000596046448
vt 0.96875 0.15000000596046448
vt 0.984375 0.15000000596046448
vt 1 0.15000000596046448
vt 0 0.125
vt 0.015625 0.125
vt 0.03125 0.125
vt 0.046875 0.125
vt 0.0625 0.125
vt 0.078125 0.125
vt 0.09375 0.125
vt 0.109375 0.125
vt 0.125 0.125
vt 0.140625 0.125
vt 0.15625 0.125
vt 0.171875 0.125
vt 0.1875 0.125
vt 0.203125 0.125
vt 0.21875 0.125
vt 0.234375 0.125
vt 0.25 0.125
vt 0.265625 0.125
vt 0.28125 0.125
vt 0.296875 0.125
vt 0.3125 0.125
vt 0.328125 0.125
vt 0.34375 0.125
vt 0.359375 0.125
vt 0.375 0.125
vt 0.390625 0.125
vt 0.40625 0.125
vt 0.421875 0.125
vt 0.4375 0.125
vt 0.453125 0.125
vt 0.46875 0.125
vt 0.484375 0.125
vt 0.5 0.125
vt 0.515625 0.125
vt 0.53125 0.125
vt 0.546875 0.125
vt 0.5625 0.125
vt 0.578125 0.125
vt 0.59375 0.125
vt 0.609375 0.125
vt 0.625 0.125
vt 0.640625 0.125
vt 0.65625 0.125
vt 0.671875 0.125
vt 0.6875 0.125
vt 0.703125 0.125
vt 0.71875 0.125
vt 0.734375 0.125
vt 0.75 0.125
vt 0.765625 0.125
vt 0.78125 0.125
vt 0.796875 0.125
vt 0.8125 0.125
vt 0.828125 0.125
vt 0.84375 0.125
vt 0.859375 0.125
vt 0.875 0.125
vt 0.890625 0.125
vt 0.90625 0.125
vt 0.921875 0.125
vt 0.9375 0.125
vt 0.953125 0.125
vt 0.96875 0.125
vt 0.984375 0.125
vt 1 0.125
vt 0 0.10000000149011612
vt 0.015625 0.10000000149011612
vt 0.03125 0.10000000149011612
vt 0.046875 0.10000000149011612
vt 0.0625 0.10000000149011612
vt 0.078125 0.10000000149011612
vt 0.09375 0.10000000149011612
vt 0.109375 0.10000000149011612
vt 0.125 0.10000000149011612
vt 0.140625 0.10000000149011612
vt 0.15625 0.10000000149011612
vt 0.171875 0.10000000149011612
vt 0.1875 0.10000000149011612
vt 0.203125 0.10000000149011612
vt 0.21875 0.10000000149011612
vt 0.234375 0.10000000149011612
vt 0.25 0.10000000149011612
vt 0.265625 0.10000000149011612
vt 0.28125 0.10000000149011612
vt 0.296875 0.10000000149011612
vt 0.3125 0.10000000149011612
vt 0.328125 0.10000000149011612
vt 0.34375 0.10000000149011612
vt 0.359375 0.10000000149011612
vt 0.375 0.10000000149011612
vt 0.390625 0.10000000149011612
vt 0.40625 0.10000000149011612
vt 0.421875 0.10000000149011612
vt 0.4375 0.10000000149011612
vt 0.453125 0.10000000149011612
vt 0.46875 0.10000000149011612
vt 0.484375 0.10000000149011612
vt 0.5 0.10000000149011612
vt 0.515625 0.10000000149011612
vt 0.53125 0.10000000149011612
vt 0.546875 0.10000000149011612
vt 0.5625 0.10000000149011612
vt 0.578125 0.10000000149011612
vt 0.59375 0.10000000149011612
vt 0.609375 0.10000000149011612
vt 0.625 0.10000000149011612
vt 0.640625 0.10000000149011612
vt 0.65625 0.10000000149011612
vt 0.671875 0.10000000149011612
vt 0.6875 0.10000000149011612
vt 0.703125 0.10000000149011612
vt 0.71875 0.10000000149011612
vt 0.734375 0.10000000149011612
vt 0.75 0.10000000149011612
vt 0.765625 0.10000000149011612
vt 0.78125 0.10000000149011612
vt 0.796875 0.10000000149011612
vt 0.8125 0.10000000149011612
vt 0.828125 0.10000000149011612
vt 0.84375 0.10000000149011612
vt 0.859375 0.10000000149011612
vt 0.875 0.10000000149011612
vt 0.890625 0.10000000149011612
vt 0.90625 0.10000000149011612
vt 0.921875 0.10000000149011612
vt 0.9375 0.10000000149011612
vt 0.953125 0.10000000149011612
vt 0.96875 0.10000000149011612
vt 0.984375 0.10000000149011612
vt 1 0.10000000149011612
vt 0 0.07500000298023224
vt 0.015625 0.07500000298023224
vt 0.03125 0.07500000298023224
vt 0.046875 0.07500000298023224
vt 0.0625 0.07500000298023224
vt 0.078125 0.07500000298023224
vt 0.09375 0.07500000298023224
vt 0.109375 0.07500000298023224
vt 0.125 0.07500000298023224
vt 0.140625 0.07500000298023224
vt 0.15625 0.07500000298023224
vt 0.171875 0.07500000298023224
vt 0.1875 0.07500000298023224
vt 0.203125 0.07500000298023224
vt 0.21875 0.07500000298023224
vt 0.234375 0.07500000298023224
vt 0.25 0.07500000298023224
vt 0.265625 0.07500000298023224
vt 0.28125 0.07500000298023224
vt 0.296875 0.07500000298023224
vt 0.3125 0.07500000298023224
vt 0.328125 0.07500000298023224
vt 0.34375 0.07500000298023224
vt 0.359375 0.07500000298023224
vt 0.375 0.07500000298023224
vt 0.390625 0.07500000298023224
vt 0.40625 0.07500000298023224
vt 0.421875 0.07500000298023224
vt 0.4375 0.07500000298023224
vt 0.453125 0.07500000298023224
vt 0.46875 0.07500000298023224
vt 0.484375 0.07500000298023224
vt 0.5 0.07500000298023224
vt 0.515625 0.07500000298023224
vt 0.53125 0.07500000298023224
vt 0.546875 0.07500000298023224
vt 0.5625 0.07500000298023224
vt 0.578125 0.07500000298023224
vt 0.59375 0.07500000298023224
vt 0.609375 0.07500000298023224
vt 0.625 0.07500000298023224
vt 0.640625 0.07500000298023224
vt 0.65625 0.07500000298023224
vt 0.671875 0.07500000298023224
vt 0.6875 0.07500000298023224
vt 0.703125 0.07500000298023224
vt 0.71875 0.07500000298023224
vt 0.734375 0.07500000298023224
vt 0.75 0.07500000298023224
vt 0.765625 0.07500000298023224
vt 0.78125 0.07500000298023224
vt 0.796875 0.07500000298023224
vt 0.8125 0.07500000298023224
vt 0.828125 0.07500000298023224
vt 0.84375 0.07500000298023224
vt 0.859375 0.07500000298023224
vt 0.875 0.07500000298023224
vt 0.890625 0.07500000298023224
vt 0.90625 0.07500000298023224
vt 0.921875 0.07500000298023224
vt 0.9375 0.07500000298023224
vt 0.953125 0.07500000298023224
vt 0.96875 0.07500000298023224
vt 0.984375 0.07500000298023224
vt 1 0.07500000298023224
vt 0 0.05000000074505806
vt 0.015625 0.05000000074505806
vt 0.03125 0.05000000074505806
vt 0.046875 0.05000000074505806
vt 0.0625 0.05000000074505806
vt 0.078125 0.05000000074505806
vt 0.09375 0.05000000074505806
vt 0.109375 0.05000000074505806
vt 0.125 0.05000000074505806
vt 0.140625 0.05000000074505806
vt 0.15625 0.05000000074505806
vt 0.171875 0.05000000074505806
vt 0.1875 0.05000000074505806
vt 0.203125 0.05000000074505806
vt 0.21875 0.05000000074505806
vt 0.234375 0.05000000074505806
vt 0.25 0.05000000074505806
vt 0.265625 0.05000000074505806
vt 0.28125 0.05000000074505806
vt 0.296875 0.05000000074505806
vt 0.3125 0.05000000074505806
vt 0.328125 0.05000000074505806
vt 0.34375 0.05000000074505806
vt 0.359375 0.05000000074505806
vt 0.375 0.05000000074505806
vt 0.390625 0.05000000074505806
vt 0.40625 0.05000000074505806
vt 0.421875 0.05000000074505806
vt 0.4375 0.05000000074505806
vt 0.453125 0.05000000074505806
vt 0.46875 0.05000000074505806
vt 0.484375 0.05000000074505806
vt 0.5 0.05000000074505806
vt 0.515625 0.05000000074505806
vt 0.53125 0.05000000074505806
vt 0.546875 0.05000000074505806
vt 0.5625 0.05000000074505806
vt 0.578125 0.05000000074505806
vt 0.59375 0.05000000074505806
vt 0.609375 0.05000000074505806
vt 0.625 0.05000000074505806
vt 0.640625 0.05000000074505806
vt 0.65625 0.05000000074505806
vt 0.671875 0.05000000074505806
vt 0.6875 0.05000000074505806
vt 0.703125 0.05000000074505806
vt 0.71875 0.05000000074505806
vt 0.734375 0.05000000074505806
vt 0.75 0.05000000074505806
vt 0.765625 0.05000000074505806
vt 0.78125 0.05000000074505806
vt 0.796875 0.05000000074505806
vt 0.8125 0.05000000074505806
vt 0.828125 0.05000000074505806
vt 0.84375 0.05000000074505806
vt 0.859375 0.05000000074505806
vt 0.875 0.05000000074505806
vt 0.890625 0.05000000074505806
vt 0.90625 0.05000000074505806
vt 0.921875 0.05000000074505806
vt 0.9375 0.05000000074505806
vt 0.953125 0.05000000074505806
vt 0.96875 0.05000000074505806
vt 0.984375 0.05000000074505806
vt 1 0.05000000074505806
vt 0 0.02500000037252903
vt 0.015625 0.02500000037252903
vt 0.03125 0.02500000037252903
vt 0.046875 0.02500000037252903
vt 0.0625 0.02500000037252903
vt 0.078125 0.02500000037252903
vt 0.09375 0.02500000037252903
vt 0.109375 0.02500000037252903
vt 0.125 0.02500000037252903
vt 0.140625 0.02500000037252903
vt 0.15625 0.02500000037252903
vt 0.171875 0.02500000037252903
vt 0.1875 0.02500000037252903
vt 0.203125 0.02500000037252903
vt 0.21875 0.02500000037252903
vt 0.234375 0.02500000037252903
vt 0.25 0.02500000037252903
vt 0.265625 0.02500000037252903
vt 0.28125 0.02500000037252903
vt 0.296875 0.02500000037252903
vt 0.3125 0.02500000037252903
vt 0.328125 0.02500000037252903
vt 0.34375 0.02500000037252903
vt 0.359375 0.02500000037252903
vt 0.375 0.02500000037252903
vt 0.390625 0.02500000037252903
vt 0.40625 0.02500000037252903
vt 0.421875 0.02500000037252903
vt 0.4375 0.02500000037252903
vt 0.453125 0.02500000037252903
vt 0.46875 0.02500000037252903
vt 0.484375 0.02500000037252903
vt 0.5 0.02500000037252903
vt 0.515625 0.02500000037252903
vt 0.53125 0.02500000037252903
vt 0.546875 0.02500000037252903
vt 0.5625 0.02500000037252903
vt 0.578125 0.02500000037252903
vt 0.59375 0.02500000037252903
vt 0.609375 0.02500000037252903
vt 0.625 0.02500000037252903
vt 0.640625 0.02500000037252903
vt 0.65625 0.02500000037252903
vt 0.671875 0.02500000037252903
vt 0.6875 0.02500000037252903
vt 0.703125 0.02500000037252903
vt 0.71875 0.02500000037252903
vt 0.734375 0.02500000037252903
vt 0.75 0.02500000037252903
vt 0.765625 0.02500000037252903
vt 0.78125 0.02500000037252903
vt 0.796875 0.02500000037252903
vt 0.8125 0.02500000037252903
vt 0.828125 0.02500000037252903
vt 0.84375 0.02500000037252903
vt 0.859375 0.02500000037252903
vt 0.875 0.02500000037252903
vt 0.890625 0.02500000037252903
vt 0.90625 0.02500000037252903
vt 0.921875 0.02500000037252903
vt 0.9375 0.02500000037252903
vt 0.953125 0.02500000037252903
vt 0.96875 0.02500000037252903
vt 0.984375 0.02500000037252903
vt 1 0.02500000037252903
vt -0.0078125 0
vt 0.0078125 0
vt 0.0234375 0
vt 0.0390625 0
vt 0.0546875 0
vt 0.0703125 0
vt 0.0859375 0
vt 0.1015625 0
vt 0.1171875 0
vt 0.1328125 0
vt 0.1484375 0
vt 0.1640625 0
vt 0.1796875 0
vt 0.1953125 0
vt 0.2109375 0
vt 0.2265625 0
vt 0.2421875 0
vt 0.2578125 0
vt 0.2734375 0
vt 0.2890625 0
vt 0.3046875 0
vt 0.3203125 0
vt 0.3359375 0
vt 0.3515625 0
vt 0.3671875 0
vt 0.3828125 0
vt 0.3984375 0
vt 0.4140625 0
vt 0.4296875 0
vt 0.4453125 0
vt 0.4609375 0
vt 0.4765625 0
vt 0.4921875 0
vt 0.5078125 0
vt 0.5234375 0
vt 0.5390625 0
vt 0.5546875 0
vt 0.5703125 0
vt 0.5859375 0
vt 0.6015625 0
vt 0.6171875 0
vt 0.6328125 0
vt 0.6484375 0
vt 0.6640625 0
vt 0.6796875 0
vt 0.6953125 0
vt 0.7109375 0
vt 0.7265625 0
vt 0.7421875 0
vt 0.7578125 0
vt 0.7734375 0
vt 0.7890625 0
vt 0.8046875 0
vt 0.8203125 0
vt 0.8359375 0
vt 0.8515625 0
vt 0.8671875 0
vt 0.8828125 0
vt 0.8984375 0
vt 0.9140625 0
vt 0.9296875 0
vt 0.9453125 0
vt 0.9609375 0
vt 0.9765625 0
vt 0.9921875 0
vn 0.9217059111137489 0.3845486382504638 -0.05079919524645642
vn 0.9167879667320886 0.3852094645776197 -0.10542055043997123
vn 0.9076897095354824 0.387069591018183 -0.16210034827972467
vn 0.8934113953221665 0.39023914819122374 -0.22255220944193677
vn 0.8899281426748576 0.391209772631566 -0.2344841458880253
vn 0.9233546170718977 0.3708996738100487 -0.09924556967244777
vn 0.9186396697881849 0.3758772652152576 -0.12172690165182723
vn 0.9121858256234272 0.3825641181616188 -0.14683907867774562
vn 0.9040649744764825 0.39082298597036474 -0.1729853044684579
vn 0.8949333037705229 0.40002305229274926 -0.19767635022118693
vn 0.8861679609526417 0.408927240090997 -0.217910204654572
vn 0.8797075685577916 0.4157099992131662 -0.2308674736213992
vn 0.8774932231508697 0.4181848265900567 -0.23479159723921583
vn 0.8806363266841217 0.414327319797465 -0.2298097739299748
vn 0.8887995595122974 0.4030018500352921 -0.2182311890607716
vn 0.900266306171508 0.3845761488658666 -0.20401412621631793
vn -0.893049016868814 0.3974911638092488 -0.21086542666642502
vn -0.8773000031049148 0.4215997952979596 -0.22934323002180554
vn -0.8605457626204148 0.4431377691469975 -0.2511770451125476
vn -0.8454412807789218 0.4594977194506164 -0.27219641175919096
vn -0.8350244858064851 0.4691160376040031 -0.28751391508296537
vn -0.8315314778192742 0.4719259215325992 -0.2929869041122848
vn -0.8353936101323548 0.46913519642974155 -0.2864082464260743
vn -0.8451145873836046 0.46259546205798907 -0.26793053703300673
vn -0.8580305615424441 0.4542086145118201 -0.239745886226252
vn -0.8713997273870671 0.4455598431488404 -0.20527771745351647
vn -0.8832059372361966 0.43776684353924494 -0.16824821879716217
vn -0.8245367261417109 0.4584999301097468 -0.33153733022522003
vn -0.8350414565121531 0.45738550644711745 -0.3057846699855567
vn -0.8632195762742227 0.4554012805932233 -0.21785691811600513
vn -0.8805513566151257 0.45416138526115507 -0.13552396282919893
vn -0.8891130668094235 0.4538742890853075 -0.058958325417607975
vn -0.8905925001471459 0.45462947301748424 0.012531597882986705
vn -0.8861335057308591 0.45646069161449093 0.08006901418125624
vn -0.8763444310760801 0.4593895614560662 0.1448505055122165
vn -0.8613713362866615 0.4634467352162137 0.2079820776921993
vn -0.8638241919316649 0.46259230547855146 0.19953978136112258
vn -0.9065554806920063 0.42208576523071173 -0.0008759091791188601
vn -0.9074335733978733 0.42013493363924104 -0.007137745184359374
vn -0.9087360583960763 0.41710195324789906 -0.014991223017161917
vn -0.9104050614195008 0.4130490222370529 -0.02351870257411052
vn -0.9123348433683639 0.40820946573446504 -0.031783103385379145
vn -0.9143881713891149 0.402956899283487 -0.038987297207018316
vn -0.9164156790756843 0.3977338320277567 -0.04461055934157925
vn -0.9182815727710105 0.392947979350123 -0.04848544765034695
vn -0.9198810140459173 0.38889918907951726 -0.05075766672286169
vn -0.9211649128054779 0.38571079851060125 -0.051791730308909385
vn -0.922147700033918 0.3833250141895271 -0.052014928806586355
vn 0.950851094064501 0.3068365192994848 -0.041635890053154795
vn 0.9481220346090601 0.3153258595588494 -0.040425360632271694
vn 0.9451834925987271 0.32448293970920405 -0.03659217343291931
vn 0.9421444441435327 0.33385800982846986 -0.030044560952809867
vn 0.9391420643332025 0.34287930118130766 -0.02111795021751245
vn 0.9363386809091812 0.35093710493907687 -0.010631228068007759
vn 0.9339068202344196 0.3575164479672334 0.0002013765827686943
vn 0.9320044966352214 0.3623092415326037 0.009981570607715885
vn 0.9307360805995007 0.3652766110479749 0.017416822086302033
vn 0.9301166473284611 0.36662992594048566 0.021575907103453775
vn 0.9300571023630786 0.36675315857207014 0.02204329878679518
vn 0.902697731143069 0.3940265131354115 0.17285807223125305
vn 0.9032848917191378 0.393763833388566 0.1703714996913723
vn 0.9139674129827987 0.38960023963853796 0.1134690322472347
vn 0.9203865088027203 0.3867110973562797 0.05782042541733691
vn 0.9228925670751187 0.3850436792408023 0.0032672181138748884
vn 0 0 0
vn 0.5366186576206241 0.8002552504347364 -0.26764145875606893
vn 0.6564836610040894 0.7310015679417431 -0.18618783660964855
vn 0.6750260714403914 0.7146126161979793 -0.1834900859622414
vn 0.6914172836752963 0.700743622535241 -0.17578542405803238
vn 0.7160986221570085 0.6846861988169768 -0.13567450937590794
vn 0.7750915389891079 0.6318289123823224 0.005033057248589485
vn 0.8137554383847587 0.5741324920264527 0.09040999999294685
vn 0.8264989153020037 0.559021346698246 0.06629235959211856
vn 0.8298809924211854 0.5577677353781264 0.01388134680731153
vn 0.8210381336566984 0.5670415805436844 -0.06603203022810711
vn 0.7980279996897105 0.578997378979767 -0.16707287884572805
vn 0.8510519061255304 0.505912470559693 -0.14058173854483813
vn 0.8653489844719591 0.47934519676266424 -0.14628505533345354
vn 0.8660989800802806 0.47150247205928947 -0.16600595033274212
vn 0.873880804449905 0.4525167946525537 -0.17765384930072692
vn 0.886567543574676 0.4246870925936188 -0.18340900758780654
vn -0.5756255976295175 0.7431140531688184 -0.3412281866093001
vn -0.8797415594600607 0.431693260792768 -0.19923784064501404
vn -0.8559328131410942 0.4686003523436268 -0.21861548246133367
vn -0.8328372673700797 0.5010749003923827 -0.23517234164820927
vn -0.7839609433597143 0.5548769270335248 -0.2784184532899698
vn -0.6584496465625406 0.6511071292228165 -0.3774964492771923
vn -0.6762925896050366 0.6753916654107697 -0.29406535249665194
vn -0.6996941713596282 0.686424210200313 -0.19811580001665655
vn -0.7185552809256699 0.6872880547786429 -0.10636464644053846
vn -0.7269524263456151 0.6857888034226308 -0.03512672672451962
vn -0.7250707536908305 0.6886254946916537 0.008205498332595191
vn -0.684995709334839 0.723340986559453 -0.08694075773800232
vn -0.6376395251115221 0.7382195025507011 -0.22010861425520858
vn -0.647685831538084 0.7310059731116881 -0.21478671024961993
vn -0.6631342246922404 0.7284566245635382 -0.17205797328609296
vn -0.6701136366923581 0.7313800005982859 -0.12661361950356573
vn -0.6702294532553571 0.7380969129739013 -0.07749469044665128
vn -0.6646112730625265 0.7467664998704857 -0.025132655836412034
vn -0.6543001148361399 0.755666757255518 0.029310607369076577
vn -0.6403160007405305 0.7634569897859407 0.08443248156155914
vn -0.6409602612526488 0.761029464227262 0.10002048826566833
vn -0.7083021444484229 0.7056583208090419 -0.018825685717369735
vn -0.7683416132568747 0.6335218054656407 -0.09111140069924423
vn -0.7982853056955904 0.5999203921834034 -0.053254988057546485
vn -0.8225304446717616 0.5686825487809368 -0.006620143509901134
vn -0.8392997903413678 0.5416002224062395 0.047382074906528064
vn -0.8472598657177016 0.520070544604003 0.1080617813073524
vn -0.8974303966612105 0.4364876633997303 0.06400939656289821
vn -0.9135078530590431 0.4036857968153226 0.050410116534635674
vn -0.9167638890450978 0.3962139134504984 0.05058168177461754
vn -0.9193568835903647 0.39035984917004146 0.04901131247941675
vn -0.9216731624390622 0.3853557041958814 0.044939546985641086
vn 0.7360208677945848 0.6739658160683311 0.0635874275486494
vn 0.9399367783993646 0.3408455329929014 0.01852498990576703
vn 0.9357380777207522 0.35265624184740924 0.005274939765824847
vn 0.9302371995576598 0.3668721120882869 -0.007975332657770314
vn 0.9145684672058181 0.4043810592105012 -0.006362212240537017
vn 0.871380929842192 0.4900487687589292 0.023398276543675968
vn 0.8554168695216744 0.514911040855009 -0.055933883678410054
vn 0.8287181848410143 0.5440770979863234 -0.13117271652517962
vn 0.7923177819150085 0.5764020493984564 -0.19998302405589446
vn 0.7483300208166328 0.6107042029638379 -0.2589257739717728
vn 0.7003495146620247 0.6457586334056752 -0.3041485569498912
vn 0.6415169860699967 0.7289313703071991 -0.23898747658765818
vn 0.5896971200029866 0.7995720470855969 -0.113762244086214
vn 0.5900686943643693 0.7993968676907374 -0.11306451192733458
vn 0.6038923137498624 0.7838657334742428 -0.14445963200397882
vn 0.6199004551111513 0.7666423794376069 -0.16728086502416162
vn 0.7741583167515615 0.632150306916937 -0.03263265341971187
vn -0.5596600128690312 0.7022209705541481 -0.4400754236598836
vn -0.4514242084518571 0.7839470456884472 -0.4261962148822651
vn -0.39474335009400185 0.834591799519316 -0.38423198166169653
vn -0.27827361385157556 0.9091212801451314 -0.30993917761596645
vn -0.08205842813820546 0.9785066058601525 -0.18918572002011932
vn 0.17579715247135558 0.9841863081112339 -0.021741023649825428
vn 0.42016044736177277 0.8959181410480772 0.14420777723033043
vn 0.5423777082701173 0.8136778442765465 0.2091764501685777
vn 0.5703757336370868 0.7917919063274854 0.21848821376047137
vn 0.4982338015043852 0.8509650934711194 0.1661971381588086
vn 0.2859015507163096 0.9577875279305949 0.030055858640358583
vn 0.37766032888342765 0.925463306016323 -0.029838652868363045
vn 0.6480024447735437 0.7595009792939271 -0.057018365629648904
vn 0.813686262873202 0.5786905964630571 -0.05506232084351125
vn 0.8375927148387057 0.5427055319060061 -0.06252319319856932
vn 0.869305097303327 0.49024797787979674 -0.06297275591256693
vn -0.506410721930633 0.8535929389100381 -0.12217722928851867
vn -0.8964377168788263 0.43785450464025394 -0.06843137090045062
vn -0.8543706878351618 0.5106638518157178 -0.09629723888464889
vn -0.6987513392785325 0.6911012618380751 -0.18473118778992745
vn -0.5371534344450417 0.8264383852333047 -0.16871805853809577
vn -0.13060636682335763 0.9497742553940137 -0.28437798919035473
vn 0.043497215016135946 0.9426278864217867 -0.33099948644346133
vn -0.1850401739923022 0.960887183696738 -0.20604842687157257
vn -0.35646707234277875 0.9288195479694433 -0.10112108407848182
vn -0.42076178396513525 0.9060030962728187 -0.04602076377617223
vn -0.3945301453984987 0.9183691099399737 -0.03072689831239113
vn -0.29138737931185443 0.9555738572975508 -0.044407188914064664
vn -0.11831411626132171 0.9848424714718683 -0.1268348385834295
vn 0.040753048970253225 0.981481279555757 -0.18717287966268598
vn 0.17262542195292582 0.95861625379959 -0.22639642587022968
vn 0.2669873297280714 0.9307002633202446 -0.2500295694918929
vn 0.3241707947665676 0.9102655556614161 -0.25754594540940673
vn 0.3532849182926279 0.9010451855347046 -0.2516094992874888
vn 0.3639087707959231 0.9008978681908675 -0.23654478989601638
vn 0.36333620149889534 0.9059087534763534 -0.21752272307801265
vn 0.35606756602989154 0.9129890151326366 -0.19916562622271744
vn 0.32998197526112033 0.923340359354351 -0.19635293934684978
vn 0.24198507849510892 0.9444656210828621 -0.22232389070515962
vn 0.15842330649197625 0.9702805399146106 -0.18291454240481048
vn 0.05822364877751853 0.9911923820371715 -0.11894397216551192
vn -0.05604744658386631 0.9980152766693552 -0.028708731529258492
vn -0.17279068776835194 0.9817921321082512 0.07891506542399915
vn -0.5702685242558946 0.8191114843389318 0.062049870806279245
vn -0.8121669752248563 0.5812435052638001 0.0504062688835299
vn -0.8988530678170543 0.4355882724774572 0.048228822875687416
vn -0.9103387025514873 0.40922337893355537 0.0618035012849496
vn -0.9208123274635792 0.3843642551174929 0.06609672442020952
vn 0.31301823339873497 0.9388568425773579 0.14341343976632526
vn 0.912900856386779 0.4070332309595464 0.03059371345421002
vn 0.9018771055498799 0.431956708581552 -0.005575696939680026
vn 0.8345853633712234 0.5499225224154686 -0.03244211131741233
vn 0.7508525181133237 0.639215761321412 -0.16620381018848146
vn 0.416385602092566 0.8880056974776941 -0.19511256140281044
vn -0.036500647461408936 0.9875429217820693 -0.15305776809110863
vn -0.12037761977251517 0.9580859321249499 -0.25996264216646536
vn -0.19462599148773796 0.922912074895525 -0.3321957637439886
vn -0.2594897765590266 0.8877791825817775 -0.3801488903518954
vn -0.31720501826994657 0.8530104333094811 -0.41443235521558186
vn -0.3697899244908258 0.817938558008293 -0.4407175139115573
vn -0.4311877190446454 0.7982452510639094 -0.420573025881347
vn -0.4521162436235835 0.7809807530917345 -0.43088277472181197
vn -0.46389567382457664 0.7647496980505549 -0.44716742182143254
vn -0.47277737169038136 0.7554865560202171 -0.45356545336946297
vn -0.32938775212368326 0.8304728813226457 -0.4492421419886714
vn -0.33804931864797877 0.8783750437431341 -0.3379052244208194
vn -0.5144186086988399 0.7613725761530343 -0.3945697597465393
vn -0.5900294881269026 0.7008267760484586 -0.4008828171850585
vn -0.6401969809504743 0.6633098741237891 -0.38751494999777897
vn -0.6460559851655977 0.6795222044847528 -0.34765102853852026
vn -0.5669948004380602 0.7822379069393902 -0.2581099634328093
vn -0.2912794009307421 0.9547332380223507 -0.06033866760863788
vn 0.182936715988154 0.9591599854291875 0.21574586970542498
vn 0.4696653645164791 0.802985465747848 0.36691795700308066
vn 0.5039400418024302 0.7568748532785846 0.4161548879235783
vn 0.2581631849524422 0.8810477291752441 0.39636683621407676
vn -0.29373731588327506 0.9298381012831837 0.2216291827800961
vn -0.3832220372663841 0.9189352243331554 0.0932680204205881
vn 0.4406957126772927 0.8924190001351844 0.09682776990910633
vn 0.8404291058278042 0.5311946733709879 0.10728996719063165
vn 0.8830022032480932 0.44673319723378185 0.1440019428629211
vn -0.4731118401787785 0.8165235555245534 0.33083903934722014
vn -0.9118782734928333 0.38618191471102326 0.13907387634583826
vn -0.82753061307015 0.5415779290590237 0.14794063399850835
vn -0.3821119664254956 0.9163135881768946 0.11983260506567238
vn 0.38934781737012886 0.9210660360525509 0.006755319352768669
vn 0.38423961600908696 0.9180699634636208 0.09750620326469121
vn 0.10447570043125225 0.9817189078373847 0.1591000126146188
vn -0.26499596965587563 0.9439529439655115 0.19679932836517974
vn -0.34786450617094544 0.9232170516586051 0.16328062001730878
vn -0.21954021098770554 0.9732074844364643 0.06833218858139178
vn 0.050182505215367726 0.9942868704931157 -0.09420899816533213
vn 0.30195837414711263 0.9173766132070786 -0.2593092551821906
vn 0.4317334362994448 0.8242199552036586 -0.36642557965452177
vn 0.47037801148913966 0.7767629623810519 -0.41878852250334575
vn 0.4642996848941884 0.7753864628480802 -0.42802060211992127
vn 0.4419009448577836 0.8034172765209622 -0.39905417517103836
vn 0.41850012498580375 0.8430874339177956 -0.33772951330432055
vn 0.39884564885940255 0.8804276719224001 -0.2564551869220527
vn 0.3792487279684869 0.9089188328403018 -0.1733117354437033
vn 0.35350371001785763 0.9294947542152128 -0.1052360626877101
vn 0.3201073956328907 0.9454033829529527 -0.06118577254755315
vn 0.28653902083652655 0.9571799725491786 -0.0412539657341967
vn 0.2687072479424989 0.9623262966543938 -0.04152726418399977
vn 0.2848958664920984 0.956677255942127 -0.0600247717093422
vn 0.344795489538307 0.9335893237322483 -0.09760658280670571
vn 0.43637364909035314 0.8871965964983625 -0.1498673998616485
vn 0.5226206830686135 0.8288524232059 -0.19967794613978573
vn 0.5616154493341207 0.7952104555749955 -0.22853537672194613
vn 0.31757744418969086 0.9135751514881998 -0.2540177346668072
vn -0.6134232227180891 0.7717628409231262 -0.16761284915071123
vn -0.8852015512173188 0.46025248210085284 -0.0677190257051646
vn -0.918422817533974 0.3942756053995479 -0.032346177823303436
vn 0.011009125866484391 0.998589029431859 -0.05194948937182625
vn 0.8801962175166514 0.47306144441449544 -0.03830781223002657
vn 0.7949151916548629 0.6000222506188735 -0.08990626695939705
vn 0.4299529889954105 0.891787549541521 -0.1409091683909937
vn -0.20697170132650197 0.9729220696361491 -0.10288518486607161
vn -0.28741294034961384 0.946554299526046 -0.1463856542436652
vn -0.30804395394805745 0.9480698022234567 -0.07919957416566492
vn -0.18737019475700364 0.9804583127622216 -0.059949203932828876
vn -0.11213070744154292 0.991542385215056 -0.0653483188054343
vn -0.09267521151628197 0.9917957451127783 -0.08804831143526443
vn -0.11556873782089468 0.9860524204947966 -0.11976848865556416
vn -0.15975668982404356 0.9743748876456434 -0.15833944038679745
vn -0.2084067596081975 0.9566196722143183 -0.20358149543163567
vn -0.254886717217621 0.9334583900980951 -0.25236520231897486
vn -0.30263089243371344 0.9049098821503949 -0.2992534847438415
vn -0.3600138328574177 0.868734634296748 -0.3401325849203615
vn -0.5330007001221134 0.7419831052265284 -0.4066587331261131
vn -0.047344208127815576 0.9899501280631782 -0.13325640661689434
vn -0.08296512030225466 0.986387546420846 -0.14197322662775533
vn -0.21174863329353433 0.9658816019719901 -0.14911487943978785
vn -0.3994220196053484 0.8960059878636659 -0.1939982473293014
vn -0.5767009859728017 0.7795266516370554 -0.24444666527796868
vn -0.6736131384408355 0.6951181964886428 -0.25110960282367645
vn -0.6604785276392396 0.7300984807788039 -0.17528354997541706
vn -0.40333255588926176 0.9126666662881091 0.06604850949404342
vn 0.2003262806368091 0.8947340927844608 0.3991494513279333
vn 0.4938424183175201 0.7174535326237228 0.49130448236917607
vn 0.39700672628254674 0.7838126538999866 0.47751793984380847
vn -0.21876004639245925 0.9379527101819107 0.26905158532292184
vn -0.5403949575282913 0.8363397650839504 0.09224471376354892
vn -0.1803338568493434 0.9594221332253149 0.21676916374619917
vn 0.814419337194857 0.521365290059293 0.25475356233913354
vn 0.9082980917385022 0.3354159356635463 0.2499814526062741
vn -0.3372822393520878 0.6872662284666952 0.6433551291680243
vn -0.9128652249977366 0.31903353455700306 0.25474435188615513
vn -0.7388116201896381 0.5927867954077272 0.3205638860866887
vn 0.09847182274068207 0.8973271468169771 0.4302409693548847
vn 0.633205719748001 0.7196192831248106 0.28495368717275754
vn 0.32329267423091046 0.8468269747598315 0.42233389824608925
vn -0.22634063727114315 0.8417897248978401 0.49006119513394625
vn -0.3340147118591602 0.8277465057846797 0.4508546267067639
vn -0.07952370511562266 0.9313830753160678 0.35524857119975506
vn 0.3615368614458829 0.9251467610638068 0.1157349053181796
vn 0.5871589229449269 0.802443212547941 -0.1064391367960734
vn 0.6000511078962962 0.7681926525667919 -0.2232010673245616
vn 0.4924468953081905 0.8277791073445987 -0.2688453175063746
vn 0.3047004960017796 0.9147784179609165 -0.2652132232170788
vn 0.10929396690339918 0.9653137870880646 -0.23711626105397662
vn -0.01947674558311292 0.9770974074068314 -0.21189929877264674
vn -0.05769747033067201 0.978922769049298 -0.19591124050012013
vn -0.006779237926498066 0.9844604455422729 -0.1754755626742523
vn 0.12021120200423029 0.9842201127312354 -0.1298462036719293
vn 0.270969063283197 0.9610312589560172 -0.054723724771251335
vn 0.3619072650058941 0.9320360798630982 0.01821750173273008
vn 0.35111737243531393 0.934691369327221 0.05539526044099658
vn 0.24852571766557635 0.9670934437831574 0.05445400490729212
vn 0.09174283094904902 0.9951111941214562 0.03656452247225038
vn -0.06639070754696816 0.9974433102254859 0.026440817646928908
vn -0.1759472486244269 0.9839469773051434 0.02984814154291617
vn -0.19158276486404427 0.9811336178350553 0.025939702406621006
vn -0.05420906459176116 0.9982429128260331 -0.02392622637783406
vn 0.2537302733985791 0.9565664164187657 -0.14353271174489468
vn 0.26207054076004405 0.9194406416458227 -0.2931687878264942
vn -0.7377390553077323 0.6189345362679465 -0.2695572779363165
vn -0.8993228127509885 0.4004265390078867 -0.17571871079602203
vn 0.06503398746814536 0.9289690299492952 -0.36439967325597156
vn 0.8710779901202921 0.4683180022975785 -0.1479911613982321
vn 0.5791684924020912 0.8027499233380578 -0.14197330026956195
vn 0.11711730318418251 0.9805237864743469 -0.15765989170640018
vn -0.06221614772032014 0.9975453605552719 -0.03213105347629075
vn 0.14797434620514804 0.9888065135095829 0.01911208272747134
vn 0.23660861645427278 0.9708600923301826 0.03804002813122533
vn 0.21620510581129074 0.974689605673 0.05688167379869005
vn 0.13636572876156738 0.9865068354336141 0.09060160959984674
vn 0.03448175553932606 0.9914223307410653 0.12606653260433429
vn -0.06205802641545432 0.988914884378397 0.13489311625238876
vn -0.12971022397664508 0.987199818008946 0.09279966120106446
vn -0.14851045307966199 0.9889107146399742 0.0004937573585384547
vn -0.116807775678546 0.9878121184943834 -0.10287449682340338
vn -0.06265709657537177 0.9837612083796019 -0.1681902884718667
vn -0.023402348416516335 0.9830919015564826 -0.18161124189501984
vn 0.002792164948252838 0.9802952521420331 -0.1975181572481112
vn -0.34181305664197226 0.9392915340076023 -0.029920702710948856
vn -0.3499527270534895 0.9367428408517013 -0.006777827152558611
vn -0.40590473284150796 0.9105123118767797 0.0787951634154406
vn -0.45683747760469134 0.8867725774682154 0.0702418315974253
vn -0.5278314381936695 0.8490048695022236 -0.024180662023911725
vn -0.6102769813869126 0.7813792027649263 -0.13041682205806912
vn -0.6596633286898058 0.7368358475311289 -0.14804467763134252
vn -0.5914420444957539 0.8063358609244268 0.0043344422877764095
vn -0.15335859574789962 0.910514784791048 0.3839843327365637
vn 0.3463971559885572 0.748551058815221 0.5654027968357168
vn 0.35067054417738847 0.7861551594983006 0.5089108317186182
vn -0.22994720024230111 0.949731552653321 0.21244825957262897
vn -0.4389090504590925 0.8936824730507558 0.0932227589539326
vn -0.08579249621748707 0.9320933755484045 0.3519113337924106
vn 0.7620570763124578 0.5295267177012111 0.3726532807888463
vn 0.9187247920124818 0.3190775273619242 0.23266776328967925
vn -0.37769892123821397 0.7823796129772518 0.49520265154081644
vn -0.9188493394903045 0.3530077003576505 0.17635604556247672
vn -0.6857299567329505 0.6846421123988093 0.24706194439678872
vn 0.4682885688231214 0.8622433509706208 0.19298243447668356
vn 0.585167303643351 0.7741454440291449 0.24140848832567668
vn 0.01677317206316771 0.8820730030669615 0.4708140587953717
vn -0.29415694691312216 0.7815076924572533 0.5501976165096407
vn -0.002316504009758228 0.80522441564275 0.592965660272131
vn 0.5747721098706989 0.6980950119098536 0.4269664811918693
vn 0.8112853821152121 0.5376778281863736 0.22960527398768302
vn 0.8350734319291528 0.5234143266200693 0.16938065407515143
vn 0.7644097431088684 0.6158452808987098 0.19082016307252014
vn 0.6281290160896392 0.7453700430498845 0.22333257279240504
vn 0.480419745543159 0.8529908489486351 0.2039693106870073
vn 0.3582649590794957 0.927195922636851 0.10933407584722103
vn 0.24735626750988476 0.967754907210514 -0.04759534109078297
vn 0.13358750923639767 0.9657965887141896 -0.22224159512577754
vn 0.0467380762499868 0.9314842083596865 -0.3607668524199236
vn 0.049962424904522004 0.897341093441901 -0.43850053377179965
vn 0.21995867475340772 0.8727092618554974 -0.4358861384264904
vn 0.544198922482193 0.7861956245540336 -0.2928207176777506
vn 0.7491935874704886 0.6562629751630885 -0.08959841473592524
vn 0.7606560696808812 0.6490255091147432 0.012970434687503557
vn 0.6613622266338508 0.7498118830430012 0.01954853522449983
vn 0.5129848050679993 0.8581502913331555 -0.02060745627600167
vn 0.35964011691562436 0.9316317321360266 -0.0521660999322613
vn 0.15547345504829055 0.9874646020720118 -0.02723351666807895
vn -0.11672588998193706 0.9916171870714362 0.055411378907739346
vn -0.30185582907529324 0.9457589285657815 0.12009624261971028
vn -0.27921444808178514 0.9542905307747139 0.10662492605436442
vn -0.6718203402372831 0.738363203854954 -0.0589678695266216
vn -0.897706076446458 0.4212677408599006 -0.12906312727460983
vn 0.09690653048636393 0.892828667364182 -0.43984780899965165
vn 0.8684381710292558 0.4400142960262277 -0.22847880074944432
vn 0.596100324369187 0.7491052075531878 -0.28897368617859537
vn 0.19582618810323169 0.9582463521155498 -0.20836514274273357
vn 0.25772291111566975 0.9553882960676131 -0.14426401083807147
vn 0.19026069628926334 0.9740206745566569 -0.12281935101489552
vn 0.015118285054893127 0.9924829584262204 -0.12144552149229869
vn -0.139179512665173 0.9852871285111598 -0.09918839470683241
vn -0.2415940012142321 0.9698991161939456 -0.03046379791655593
vn -0.3389894678527827 0.9378873149216249 0.0738479870679757
vn -0.43745916713483923 0.8879320546724906 0.14214831470960873
vn -0.49325951825456377 0.864610372073679 0.0956240145250675
vn -0.451724584808082 0.8887885132958465 -0.0774588801450481
vn -0.32077085097951097 0.9109035482203022 -0.25953956731401123
vn -0.221373989338328 0.9200879896546437 -0.32315885898070384
vn -0.2156972709412482 0.9380031111921484 -0.27133899591166
vn -0.19894394087520548 0.9418685941866574 -0.2707487020724058
vn -0.7443726506273517 0.5988463040651625 0.2954529761324222
vn -0.766550891981913 0.6125623531291559 0.1927876902984348
vn -0.7885626520262278 0.5833315227938768 0.19466195916084733
vn -0.7681847033170415 0.6289086789288054 0.11985881343369732
vn -0.7290453455353176 0.6844283474330544 0.00712189464592213
vn -0.7053178562392128 0.7046904577470992 -0.0770589412742289
vn -0.7071218335219929 0.7038929307761712 -0.06718224884467047
vn -0.6703110509627971 0.7351923177946414 0.10087294390912335
vn -0.3875414090223954 0.797061374911621 0.46314665163091995
vn 0.08380078564090157 0.7494100963844236 0.6567814977319753
vn 0.10291487711183614 0.8565737594769794 0.5056579106911406
vn -0.3124639617163402 0.9387675901207251 0.14519533176881286
vn -0.2424660204955935 0.9470676892697018 0.21041155112393045
vn 0.1930606370283538 0.8458615563713866 0.4972381902903093
vn 0.6339461189403046 0.6537337880659853 0.4132123577791721
vn 0.8717031346633026 0.46804969792760553 0.14513140696640942
vn -0.5198883957473163 0.8470811757774214 0.11031562722852616
vn -0.8901088317262339 0.4521542827935947 0.05712068131919319
vn -0.5280573539721453 0.8439561998996977 0.09430463173565731
vn 0.4994560113480649 0.8656405091575627 -0.034787952422025314
vn 0.34792194028702467 0.9374249647115788 -0.013592608373939519
vn -0.16457738425409754 0.9793814088359237 0.11715946661981816
vn -0.14208066196385852 0.9607841787927234 0.23813199549305406
vn 0.377473589882229 0.8983180454476364 0.22480742462063252
vn 0.6797214149065213 0.7230623959044492 0.12312420455131608
vn 0.6789613777708229 0.7262896102038467 0.10730726725385517
vn 0.5378195631713952 0.826998589622243 0.1637786623249511
vn 0.3874832314244071 0.8919896305027601 0.23283308278775347
vn 0.3369918828059583 0.9022877388827589 0.2689113370327359
vn 0.39827239479546145 0.8813889615196948 0.25403267123565415
vn 0.5401045129605997 0.8222709367566314 0.17932546290185644
vn 0.7011498010261283 0.7110847029302841 0.05241661739916427
vn 0.8000453695315686 0.5930473197130263 -0.09067680669438921
vn 0.78742369405508 0.5757750446510493 -0.22010684677613726
vn 0.5828950999761536 0.7437427638167566 -0.3272308110401617
vn 0.12505567122353956 0.9372745192662143 -0.32538831360255827
vn -0.15729475163351012 0.9675675717911004 -0.19766475438688105
vn -0.04867417490344896 0.9987895745304181 -0.007085937257337696
vn 0.33513433188572567 0.9182150486504671 0.21110685451526395
vn 0.4806098557999805 0.8362208462199956 0.2641001000663132
vn 0.34253874500795367 0.9206832668739015 0.18710833831440127
vn 0.18055414191958574 0.9817666698811505 0.05945088515874306
vn 0.23911932476799627 0.9677863269169031 -0.07881353916166067
vn 0.4369579190441915 0.8733005393495391 -0.21543895877109615
vn 0.4173087705760613 0.8759000154548315 -0.24218289148187608
vn -0.014049109672825185 0.9956091408527507 -0.09254761567889618
vn -0.6265568751595009 0.7792961620302821 0.011134362812219701
vn -0.8872778892090415 0.46120699618267513 0.005104311207403341
vn -0.30535277576804676 0.946143562992974 -0.10757341928984643
vn 0.8124368156689747 0.559516189135793 -0.16397577455409637
vn 0.6133363221731676 0.7361330955794372 -0.28622826816323976
vn 0.3259192971967132 0.9144630940605024 -0.23986217149874467
vn 0.1578883371235583 0.9628489561927963 -0.21907341362840074
vn -0.23285686535459937 0.9394438091540178 -0.25144186146984226
vn -0.45460971246822895 0.8296752399944869 -0.32398920579186724
vn -0.4031740719835902 0.8176524628574644 -0.41096851176616145
vn -0.26605022093067987 0.900353376817402 -0.3443560320311489
vn -0.2669236433263594 0.9619683880211876 -0.05803954756285056
vn -0.34234613550319193 0.9198787907879338 0.19136910347430489
vn -0.33294750081943386 0.9234152664233015 0.19091937417264926
vn -0.18417587423271803 0.9820627328577951 -0.04039846633837633
vn -0.0699441862822649 0.9682819605665263 -0.2398704976581233
vn -0.1625300182993934 0.9542121794448452 -0.2511236941244648
vn -0.4232114277548578 0.9001873182617381 -0.10273694300705549
vn -0.5082060047831453 0.8470281873883835 -0.15578801774174902
vn -0.6958280571233125 0.6013928452557776 0.3926193584060219
vn -0.7420544527046934 0.6167886176312023 0.262539502516723
vn -0.7206053692149518 0.6877972443856238 0.08753772029317225
vn -0.6847662868937189 0.7273650109057109 -0.04511400274775303
vn -0.7040900324793339 0.7062888477428896 -0.07357506178911563
vn -0.7738606300349999 0.6333032223085082 -0.008170305716019236
vn -0.8334783375219204 0.5367398896425981 0.13124081586209127
vn -0.8114889373169979 0.4755867783568613 0.3395628378728611
vn -0.6275667497882625 0.5060547549697444 0.5916659188534593
vn -0.34107378930359894 0.6519147907612326 0.6772560637135873
vn -0.34158075679224575 0.8574440685975426 0.38485355112838604
vn -0.3890388394671905 0.905681510620069 0.16849267849663804
vn -0.003665648259367114 0.901112042487718 0.43357081302418377
vn 0.187716859571297 0.804923845162274 0.562903174730672
vn 0.27313357115661896 0.8964828692616201 0.3488789438009771
vn 0.7763155055566865 0.6142023764489397 0.14173805627544472
vn -0.5424338608913689 0.8016059442594582 0.2513830079507869
vn -0.8776453367383737 0.4419646378938894 0.18548833319837024
vn -0.27057096701740047 0.8729289283651682 0.4059389582566667
vn 0.5168186371336614 0.8142084392957613 0.26450541334888644
vn 0.14689438447261616 0.9739679960874625 0.17265104230146913
vn -0.07672275717094695 0.9889474658448482 0.12687209437516475
vn 0.27458894583148774 0.9557180519650298 0.10584855207002558
vn 0.6194547515805812 0.7828046807163462 0.059098583678627935
vn 0.6641954670064893 0.7414315816649325 0.09551749220885218
vn 0.5735058624681555 0.7947485225478937 0.19866004032667786
vn 0.4749087325507791 0.8318527222172073 0.28719809241503363
vn 0.43007578808459646 0.8465619557803833 0.31363620889289145
vn 0.4311380356699231 0.8601533711400599 0.27249985745880745
vn 0.45316338320532257 0.8766061621342994 0.16187830191251873
vn 0.4586610224247997 0.8885692408826955 -0.008647003260526148
vn 0.41210791559821247 0.8917984386152747 -0.1867153201659008
vn 0.3394015987654851 0.8959324254843417 -0.28655129335108037
vn 0.347169987805013 0.9079832834470696 -0.2346046814284524
vn 0.4999597236591486 0.8660427695795465 0.003193114100102317
vn 0.558040434873946 0.7922460362874802 0.24685439237022655
vn 0.27729013881089526 0.9172062383273731 0.2860819730279845
vn -0.16323855165460696 0.9772526409990363 0.13538999562048515
vn -0.25019702706910024 0.9672472032295153 0.04282867602979255
vn 0.2064917739548972 0.97560152074557 0.07458431475780118
vn 0.615638295307652 0.7861457206962448 0.0544462595746467
vn 0.41726807406787375 0.9050864121576028 -0.08188980944760815
vn 0.007301581991198936 0.9837077812544258 -0.1796265236537206
vn -0.14473361974898058 0.9612878367000889 -0.23447361115234425
vn 0.09548576373331182 0.8891878907702975 -0.4474677237876889
vn 0.5194988295229006 0.5563467192618838 -0.6485362704512945
vn 0.019997453537440618 0.6710581853438148 -0.741134949746053
vn -0.8831070734014482 0.4258185660019889 -0.1969782875251456
vn -0.4986950494839427 0.8458404008985917 -0.18936014318730715
vn 0.7084438190464029 0.6911231265421529 -0.14302509994244716
vn 0.5395318302934748 0.8047474076207647 -0.24756214174996918
vn 0.3151987781044573 0.9190481275915576 -0.23664376064436837
vn -0.09983672039229359 0.9725799402337587 -0.21004973010268146
vn -0.5218619658685469 0.8388625310140354 -0.1548216478420965
vn -0.6150665303005701 0.7579133534991248 -0.21739482949630737
vn -0.3893860257682237 0.768665547632236 -0.5074759095953844
vn -0.035411365135953804 0.7867664651624349 -0.6162341799308241
vn -0.0670063184536225 0.9538505487260951 -0.29271023894325765
vn -0.24545744662191402 0.9611986514726988 0.12588802288111228
vn -0.2007775630901415 0.9664472467538787 0.16021263808274225
vn -0.015772512621437466 0.9990379492252618 -0.040919480121203965
vn -0.01393053049176132 0.9950452592964312 -0.09844222809300857
vn -0.26165609956301644 0.9617121596794601 0.08152182214681936
vn -0.5502172737605956 0.7767387073581543 0.3064929561132544
vn -0.6929621727499676 0.642074170603323 0.3279393031975565
vn -0.3255391362783085 0.9418862299582038 0.08291321104802812
vn -0.2861294174602644 0.9572146019999562 0.04324537179762736
vn -0.1918080290286924 0.9762921283402152 -0.1003163004753518
vn -0.2291623776280667 0.9703425064351775 -0.0769416979598765
vn -0.3816925796849777 0.9223395377128041 0.06000459803346707
vn -0.5894523314668443 0.7655258841888646 0.2579070948329232
vn -0.7411188024228056 0.5197867251186035 0.42492903064613513
vn -0.7939419356751832 0.32820642847707415 0.5117975606454827
vn -0.7838338905231764 0.3059405863712411 0.5403746752745933
vn -0.7507180467088003 0.480893664820605 0.452949994459798
vn -0.6950416346238204 0.6776304627816997 0.24027917523103692
vn -0.44707393151198116 0.820449879621418 0.35635220609899554
vn 0.07598152017823931 0.7409441477137103 0.6672545080853387
vn -0.0650819303203922 0.7912664251720729 0.6079981798831146
vn -0.06794705848492597 0.9140066914239683 0.3999687053701289
vn 0.8103565639504169 0.49387452407432536 0.3152938212728442
vn -0.34115696026985964 0.6000074757171857 0.7236041442272979
vn -0.8456798947449023 0.34194771084376585 0.40975270428998944
vn 0.11433941351324836 0.5391454802964276 0.8344151542208357
vn 0.41910891578296416 0.4237903240601834 0.8029629368434095
vn 0.0514211324632903 0.6250781480662992 0.7788665970153029
vn 0.3475044320655818 0.6503555086860496 0.6754838132897686
vn 0.8168996367074873 0.40692793299696334 0.4087598817080683
vn 0.8877545627717602 0.34317633635457717 0.3067928265852558
vn 0.8240337335034728 0.47252505806712025 0.31255155662225104
vn 0.6881420043349331 0.6522941615006358 0.3177623463251795
vn 0.5473744841599375 0.7690458854952623 0.3300751431014612
vn 0.4537469526743248 0.8235291983994887 0.34046051507077807
vn 0.4433059999310046 0.8430345075373907 0.30458596409940036
vn 0.5311020591682095 0.8198822108221793 0.2138311556453436
vn 0.6653498764762555 0.7390457718467078 0.10545562568462338
vn 0.732067057932404 0.6799861279855661 0.0411908780847358
vn 0.6201204591476508 0.7836331641619018 0.03700919037364497
vn 0.2524711424892033 0.9666537394430612 0.04288205021850839
vn -0.06325879721884972 0.9973117754649328 0.03698036091505883
vn -0.05839492411972275 0.9952059441595003 0.07845483762426315
vn 0.4045458664519223 0.8943998063891014 0.1907658991219377
vn 0.7518050689669574 0.6486016528348414 0.11876461684988646
vn 0.3482198651080728 0.8799714880056023 -0.3230992198092124
vn -0.060541907831004896 0.7739180152990576 -0.6303852655255751
vn 0.650592342900774 0.4037470915511759 -0.6432090557686888
vn 0.8807235198296277 0.13123556730380279 -0.4550860440547045
vn 0.7427564695870694 0.24789484789603763 -0.6219814878862175
vn 0.465997251157734 0.47670698398081734 -0.7453838027065979
vn -0.010124212761826836 0.7870085601940103 -0.6168590004995502
vn -0.23841822173703048 0.8055571922616682 -0.5424337393076226
vn 0.030463001627859546 0.4976737641103754 -0.86682918158541
vn -0.7450372645471246 0.19503227056249406 -0.6378729402282055
vn -0.19100843865671574 0.4141878295147662 -0.8899237148451381
vn 0.7582470267610408 0.47027865604256425 -0.45155224734114774
vn 0.4791472463470567 0.665872263219669 -0.5718671571202082
vn 0.13914722448518171 0.7608165278501836 -0.6338740102481416
vn -0.43937602450661034 0.6905056804591128 -0.5745873426577235
vn -0.6902154779491511 0.6360734193049574 -0.34498289704436746
vn -0.7331901187063883 0.6487303371241829 -0.203914686881687
vn -0.563317347923301 0.6556689020146278 -0.5027642155718633
vn -0.03690732673082885 0.5546606824296115 -0.8312577076937702
vn -0.1305940042410096 0.7432332863751517 -0.6561626993972539
vn -0.490383983460974 0.855866254776762 -0.16436697569568537
vn -0.4103935068800172 0.9091023815859903 -0.07148446898034409
vn -0.1905962096160341 0.9681961023654612 -0.16207835217674907
vn -0.25905675237690623 0.9658576452049926 0.002933981424083704
vn -0.4447518902353633 0.8372744950283546 0.3180678797160838
vn -0.5046534026361776 0.7426963572351766 0.44014436740384066
vn -0.5226225742757895 0.6845614765768335 0.5081744086869115
vn -0.29417124474486556 0.9300621774491782 -0.2201082116681467
vn -0.13285462694505754 0.9781066875622261 -0.16017788812860334
vn -0.030784689731336454 0.9928384694602082 -0.11542996334599037
vn -0.02044349702257976 0.9978474279471002 0.06231030387379234
vn -0.09719727164416155 0.9610571837603245 0.25869244273384784
vn -0.20983843054348544 0.9011150404837212 0.37941997427793467
vn -0.27169868062077 0.870187809781625 0.41103893082820153
vn -0.34770926644149175 0.8437396242055113 0.40890306012093164
vn -0.5741396392776229 0.7313876552432139 0.3680159947176137
vn -0.7915371115187053 0.5549683609294573 0.2558888810712496
vn -0.8205403720404332 0.5109066984885428 0.25629639734355353
vn -0.48202558409734664 0.5897008065353017 0.648000227659857
vn -0.04472464774018648 0.4964695957955706 0.8669011744917058
vn -0.3632840518194405 0.6487076289664212 0.6687324650519175
vn -0.14249488725823298 0.7749344118356081 0.6157693273119925
vn 0.848127794843925 0.31070572595728735 0.4291167620479722
vn -0.2524277877949445 0.4176268001486351 0.8728505414711973
vn -0.8406586635615617 0.3484395141637326 0.4145876461596884
vn 0.41305077836696097 0.618595611521182 0.6683775309637382
vn 0.41159880714189023 0.4262250123058639 0.8055548776118479
vn 0.018938620980761357 0.44683347893077857 0.8944166650627461
vn 0.58108474137931 0.39665038290397636 0.7106398504715797
vn 0.8573744418034769 0.319481138923731 0.4035354611606916
vn 0.7829115446254952 0.48777273642947205 0.3861700025742884
vn 0.5706041088803314 0.6904706636718468 0.44459106326763065
vn 0.3983391197928275 0.7800478285520176 0.48254671360807905
vn 0.25365775682484426 0.8502389741329198 0.4612498555750324
vn 0.1217582086904191 0.9236262517420654 0.3634411722815719
vn 0.06900048337702837 0.9777994271776905 0.1978565477933866
vn 0.10806703826973953 0.9941419005668976 -0.001843034683274526
vn 0.20184352619497695 0.9663331329358835 -0.15956023039434902
vn 0.3409926829256718 0.9237369726835472 -0.17445341925163826
vn 0.5503928550288734 0.8342783282740504 0.03236319059396527
vn 0.688516037095619 0.66133405345721 0.29762885679987483
vn 0.6533130187850623 0.6816825041639194 0.32937981571850594
vn 0.38770915072354606 0.920467400321866 0.04920751355161303
vn 0.13327223213182307 0.9299839840167764 -0.34259057432288725
vn 0.5960381597589908 0.5919933885845469 -0.5424779626706521
vn 0.9070108012443189 0.09486831803700456 -0.41028210862645287
vn 0.4318997805299032 0.3702491176958034 -0.8224221363896405
vn 0.08367796872958255 0.5258137511885842 -0.8464738014907967
vn 0.814244502379762 0.3490350517174706 -0.463875439117999
vn 0.7854351339977194 0.42240830925961537 -0.4523968065210207
vn 0.5802990272773122 0.4262390489564609 -0.6939548343269156
vn 0.6549858056119721 0.3273468118171522 -0.6810562819914238
vn 0.1949793737613405 0.7872454094382173 -0.5850023154878013
vn -0.4287603997247862 0.8477269816725723 -0.3122875024270934
vn -0.8439676189817247 0.4235683095697992 -0.3291026363287009
vn 0.049235359168824405 0.4677180381608584 -0.8825053632621588
vn 0.8122127631819959 0.38903754852104366 -0.43469554076963307
vn 0.3628725747635033 0.6696907355888687 -0.6479489278877971
vn -0.14057640967467253 0.5697040057510644 -0.8097379939672892
vn -0.5322076577341289 0.39354034511932123 -0.7495872236187847
vn -0.5828094868896881 0.5332591937953599 -0.6131620782665064
vn -0.7418151992383151 0.6035525120165764 -0.29229193525908165
vn -0.6773789471515325 0.5835327459963023 -0.447936710156576
vn -0.11244286126001767 0.4680213744365093 -0.8765344237519832
vn -0.32152878397997053 0.4486923696579793 -0.8338431498088048
vn -0.759115617715623 0.4376166355481743 -0.48190783271464294
vn -0.6586569947468743 0.6236830167925624 -0.4209399693965213
vn -0.5007731350483002 0.7705106784480177 -0.39438504232725685
vn -0.6445309009765616 0.7640809518775064 -0.027572026844348112
vn -0.679199289699611 0.6628984323602224 0.3150460176639338
vn -0.5822994848917891 0.7443497955822298 0.3269108314379471
vn -0.39677229526385976 0.8557093740097756 0.332164436601582
vn -0.5071261585419696 0.7969049310018927 -0.32827669772211016
vn -0.4880449968600568 0.8111948202553393 -0.32214134262893834
vn -0.409357222242478 0.8945260098347252 -0.17958252233190125
vn -0.20908768590265725 0.9613363795799252 0.1792057613472111
vn -0.09968604303562194 0.8954945346894215 0.43376517975199025
vn -0.21058303209752385 0.8440532125155039 0.49318248248986984
vn -0.34606110498388554 0.8594869238315545 0.37619667646047067
vn -0.2396699361300979 0.9428700295801239 0.231418298833456
vn -0.0965051945785631 0.9829727974329499 0.15636888093925402
vn -0.23635916140011443 0.957888651797259 0.1630450170359839
vn -0.5847150034675593 0.75021379510162 0.30868693908093453
vn -0.3658038284955762 0.5811696501152359 0.7269314939132251
vn -0.0812591473214869 0.4692574498531322 0.8793147313299831
vn -0.5916128890156815 0.5283050658146314 0.6090057035735515
vn -0.15454117978797188 0.7327524435462343 0.6627147804499042
vn 0.8573286398085357 0.31109624610238035 0.41013013669450515
vn -0.23731220820896323 0.45990183101139737 0.8556712111946677
vn -0.8654025790373371 0.2586658596184817 0.42915073023747435
vn 0.49945162958977446 0.6829669370559877 0.533014289291086
vn 0.5679951939935917 0.575617912849896 0.5882563029891915
vn -0.054391071710704925 0.5015894221638346 0.863394268507448
vn 0.40329674828928247 0.7011246845087881 0.5880271333805467
vn 0.4720057371668027 0.8407079795811552 0.26536894533874034
vn 0.24372561237791215 0.9488418087405398 0.20074124602829518
vn 0.2213066026257203 0.953359346071527 0.20525434195731884
vn 0.3147659560148918 0.8997520691117611 0.3022724053947626
vn 0.3208185387414323 0.8030627848460676 0.5021609590510699
vn 0.23697237271531482 0.7800853717147369 0.5790603659432709
vn 0.2395194645519958 0.8816424106510117 0.40661663252036107
vn 0.3397834239471379 0.9371043274001337 0.07989182923617881
vn 0.4195539850571243 0.8908835435550343 -0.17407172500297532
vn 0.4334708806781593 0.866903733592456 -0.24613190018272926
vn 0.46420713223236904 0.8717087908766448 -0.15695707149720223
vn 0.6265228320037308 0.7776762755429274 0.05185317189628386
vn 0.8273749574432705 0.5270182632350738 0.19417113588902132
vn 0.9135537812075545 0.40447432106063713 0.042661603860100206
vn 0.6784486772686196 0.5409941078872063 -0.4970239104346856
vn 0.24273996246384316 0.5699256107412846 -0.785023635850683
vn 0.6686911555067583 0.4911887923265926 -0.558198628482532
vn 0.7613635103312079 0.5248687294975655 -0.38057643375773054
vn 0.07006996015666092 0.8395739662794817 -0.5387074863312964
vn 0.4387360936145435 0.8915713683288975 -0.11229931137806637
vn 0.4485949663744447 0.8937230285176402 -0.004658802503678516
vn 0.03818578680618654 0.9601964442603612 -0.2767031516187545
vn 0.2774147681348058 0.8356145000219178 -0.47411966187222415
vn 0.6693898472972764 0.5947099357861795 -0.44523850306608403
vn -0.11073025170814353 0.909298765657854 -0.4011415786598971
vn -0.8353504919584536 0.520004616705209 -0.17828279274803244
vn -0.05306128125777981 0.9313843400917765 -0.36014956818395416
vn 0.7642733339195494 0.6168566848986057 -0.1880800397580757
vn 0.1090135049920293 0.9430076454999716 -0.3144083908835016
vn -0.2471516732065811 0.8477865470105296 -0.46922704647020347
vn -0.2606526651773538 0.8964721096977117 -0.35832658939865997
vn -0.09672574259601886 0.9610486334351038 -0.258900859194727
vn -0.4419372330934222 0.8961521884098471 -0.04003420055367815
vn -0.4262506419801865 0.8930077069934618 -0.14438706819434477
vn -0.1618674122164818 0.8360126135865685 -0.5242917611278038
vn -0.4874716512077861 0.4594082042855538 -0.7425062229394964
vn -0.7514872039580798 0.3504981140046512 -0.5589436951665614
vn -0.603188289914928 0.5132048245951447 -0.6105609674076549
vn -0.6785976808989477 0.5311427055530962 -0.507338756469784
vn -0.8736310218744192 0.4797102032146227 -0.08152888169503768
vn -0.8200834082087101 0.5368244238252816 0.19819874259298553
vn -0.6653261670504185 0.7340505597563621 0.13605464769485073
vn -0.5440383060981673 0.8378577391793905 0.04490802149991931
vn -0.4575302311923639 0.8741492050364823 -0.16287803682248914
vn -0.6944185554315463 0.7083565056841222 -0.12654616046069722
vn -0.971598972108335 0.22841045008824074 -0.06183933771082865
vn -0.9619794070595732 0.23321597711320008 0.14214755858771416
vn -0.4566583253530391 0.7428203688010175 0.489572337433477
vn -0.0904531921737881 0.8609104116721475 0.5006510592219549
vn -0.3024734910634569 0.8487451233465905 0.43375281301596885
vn -0.6588352804476678 0.6647975329612495 0.3521083830386311
vn -0.6788864759316372 0.6447892811217477 0.35122633122763214
vn -0.3930820824734166 0.8630722765585896 0.31716355697705156
vn -0.17907095893345185 0.9509002869147395 0.2524326365827533
vn 0.005474752417791403 0.9490514634990551 0.31507355762784267
vn 0.20809403288251344 0.8942958809867876 0.3961461229505559
vn -0.5348220521264342 0.7633592563023891 0.36228168374447656
vn -0.237570512947543 0.8751922383631265 0.42142472315560897
vn 0.82365216677807 0.4996329658386878 0.26826108105542773
vn 0.13319706562661804 0.8084981822578982 0.573227032679141
vn -0.8438159725742224 0.19735289881666507 0.49902548808380354
vn 0.17376524201058832 0.48322769974705587 0.8580772872335981
vn 0.6653231779280797 0.6549737853469138 0.3582658362445627
vn -0.02105177406828435 0.43778285939082806 0.8988342399086543
vn -0.0014779625102165754 0.6048098345716707 0.7963685576617189
vn 0.08457285041581854 0.931313083799563 0.35426455215882324
vn 0.08340047399330093 0.9884206174479556 0.1267637327530831
vn 0.20376225790423141 0.978629981553027 0.027646002591539917
vn 0.33574458027998894 0.9407461025366732 0.04766914489135562
vn 0.39578291797624665 0.8511706595777041 0.3447671534706632
vn 0.3116321022813325 0.6620273707224645 0.6816195370160817
vn 0.38551002403509205 0.7238443430501158 0.5722162077421514
vn 0.6687213888563507 0.7384660961581784 0.0864842697311675
vn 0.8609019501093463 0.4515970042473279 -0.2343245144084659
vn 0.933835789982138 0.27307724529257243 -0.2310401165422502
vn 0.9215678593906164 0.3658577510210547 -0.12984909147165152
vn 0.8098666183333154 0.5865606746324712 -0.007914258276051469
vn 0.7279774694273551 0.6804569501606139 0.0838280560687188
vn 0.7600023056912202 0.6497609535361262 0.014394394876238004
vn 0.6855268995095761 0.6495893522418086 -0.32876517988201676
vn 0.2923378416771191 0.7684606493561017 -0.5692159666723711
vn 0.20903589774118111 0.9451536884746556 -0.25097509561367304
vn 0.33264181313605523 0.941210457109593 -0.05892622150714092
vn 0.1866645936962563 0.9362188452076903 -0.29774251180876177
vn 0.45333343324823844 0.8838305987596226 -0.11546545368885076
vn 0.5250110547502896 0.8372364514704417 -0.15296573707589264
vn 0.08591914400431919 0.8097969504236975 -0.5803850444127975
vn -0.00879248425146793 0.8107783265052928 -0.5852872777448392
vn 0.5671980230929865 0.6814554749418354 -0.4624984738041907
vn 0.21276088361914844 0.7228098614622229 -0.6574790571376106
vn -0.8316009805779552 0.418477305136657 -0.36512539515534215
vn 0.03795460206568183 0.8874466343265177 -0.45934509837873727
vn 0.7657262788379946 0.5653467852257665 -0.3066696566858361
vn -0.06627627615761401 0.8476762372031305 -0.526357722561208
vn -0.20221420587808087 0.9047438263057834 -0.37489735088776976
vn 0.06732931714572804 0.9578872892679504 -0.27913921994515173
vn -0.019178515652626897 0.9807684601789768 -0.1942303067379571
vn -0.27872354097802216 0.9602375135804625 -0.016034500849226575
vn -0.23132335497050463 0.9694270222288093 0.08185813348576831
vn -0.19914083683724068 0.9792545088084825 -0.03746377025902467
vn -0.41952747964773773 0.8730922519954033 -0.2484081587347967
vn -0.4786136335465104 0.8025899936150306 -0.3560593938269733
vn -0.582517940723955 0.5936119748000974 -0.5552455962082467
vn -0.9031130489571872 0.20005811347878039 -0.37995206544321397
vn -0.9885372255381701 0.031067676012165285 -0.1477462460859837
vn -0.9650696682073018 0.24083522376512337 -0.1031451913578696
vn -0.6935600854906645 0.704695485179875 -0.14959505667395065
vn -0.4806565102137435 0.8678476315207131 -0.12573705759653467
vn -0.9980899413789392 0.056252653076220634 0.025536404211865277
vn -0.937505621359593 0.3258193795682501 0.12216767910099678
vn -0.8784456086135431 0.3477336996284837 0.32774164649960075
vn -0.9911790738459864 0.0365629950384785 0.12738599202278406
vn -0.990835544928979 0.1344827708164281 0.012621697937656407
vn -0.4083958858080544 0.8800372468133604 0.24237830900519014
vn 0.02964438623734577 0.9610298079652528 0.274850720513664
vn -0.05310834858786135 0.966150089452235 0.25245496224417596
vn -0.33536203969007466 0.8861858056683525 0.31969832681270915
vn -0.7015874432925472 0.541607681571916 0.46307254148407545
vn -0.771398228398831 0.41258653041547 0.48447613784671517
vn -0.4278423728248628 0.7984741818108118 0.42354443095990024
vn 0.21629900275298167 0.9295100203620166 0.2987069859488878
vn -0.07645378333620735 0.929239401009303 0.3614816103558407
vn -0.44011178527084666 0.7130439863637698 0.5457745779863444
vn 0.8080632785757104 0.5000060262037476 0.3114927151273544
vn 0.2176052629677173 0.8812444805003526 0.4195904135182478
vn -0.6120673954782399 0.6966464451995962 0.37424221272225555
vn -0.22400492433342703 0.5300441385169559 0.8178477884656739
vn 0.365930828696773 0.8857686597684301 0.28549695266557906
vn 0.28642162663477594 0.888326346342388 0.3589414355990023
vn -0.14153550359706946 0.4734657040027713 0.8693663947695954
vn -0.06341268899529183 0.5633218913139267 0.8238005084004785
vn 0.194035981763889 0.8134269312770929 0.5483490359744015
vn 0.3589490464543368 0.9040885845937835 0.23190388797243414
vn 0.3402874458408075 0.9402140943641177 0.01420953771948328
vn 0.36478420641750553 0.9310889129147708 0.0024328985882496406
vn 0.46739573172254434 0.737012281078069 0.4882152471068975
vn 0.6463562984283878 0.4157254784715992 0.6398404973362602
vn 0.9583503737047188 0.2855056265909371 0.007148314832346128
vn 0.9380039222161729 0.08419916254109093 -0.33624268458132295
vn 0.9768858409093972 0.08984612542106793 -0.1939632119180378
vn 0.8798787193575656 0.45553211391291143 0.13529202643069732
vn 0.609796931278241 0.7554600710933027 0.23964094722593313
vn 0.5181268998555101 0.8402030981186148 0.16001021704253604
vn 0.5579945953663218 0.8296257723496409 -0.019055429547428577
vn 0.5418801317341052 0.800792635915129 -0.2551412884970375
vn 0.38318035625025326 0.8742126367534292 -0.2982030857059428
vn 0.2887435513583634 0.9517158131861589 -0.10423134116170828
vn 0.22944995589547687 0.9497417736645392 -0.21293961842761686
vn 0.24270843260050373 0.8198061087548102 -0.5186622800945749
vn 0.5191305044997706 0.6659232672943439 -0.5357702132200329
vn 0.7135456827815224 0.22003671611261907 -0.6651589299905892
vn 0.3134990001743789 0.14777614012499193 -0.9380195036881822
vn 0.313788895488879 0.5120469407625131 -0.7995901822331366
vn 0.5439938915472032 0.6390123978176941 -0.5438141239381437
vn 0.14435733366525969 0.6424361846123434 -0.7526198967060277
vn -0.7991549333708805 0.2926581785714905 -0.5250738833575719
vn 0.07978564606270495 0.5406993699018615 -0.8374236932820128
vn 0.76756596648754 0.3311403397348067 -0.5488064891110211
vn -0.17600791006361302 0.5141901926108867 -0.8394222188016104
vn -0.09551443161415815 0.5262966157017289 -0.8449194432928687
vn -0.083509779292011 0.401664847446686 -0.9119711986067487
vn -0.516802246130361 0.21044277932741412 -0.8298368966390727
vn -0.5235739856236844 0.2971418448796321 -0.7984841924544649
vn -0.5094429287676069 0.8162672572789947 -0.272352101190555
vn -0.38440462854534374 0.9120170452140224 -0.1430314328810294
vn -0.275908715154737 0.9610049357799186 -0.018544387514737876
vn -0.17486524143492713 0.9809925310231592 -0.08411778298719472
vn -0.34595360903066263 0.9375193593445396 -0.03706145238470062
vn -0.5938413955085587 0.8025830083788434 0.05668255147761895
vn -0.6780977016456574 0.73459145886235 -0.023640972682217883
vn -0.7140243186793506 0.6503378274309889 -0.2592874515799614
vn -0.8269445742365548 0.4143230539996576 -0.3801303435206405
vn -0.7809872137549563 0.4153569099236842 -0.4664092723455642
vn -0.7223206696179563 0.5508959841882333 0.41805079218672103
vn -0.9928938640589778 -0.0920138870799926 0.07546667674187386
vn -0.9963420384851568 0.08518286585259251 0.006813348103652315
vn -0.7026401037165441 0.6957439656479859 0.14912149044862205
vn -0.9405374160093635 0.3363162957119157 0.04775686678421222
vn -0.9994817152963094 -0.03019194796321206 0.011169022631102142
vn -0.7320143075594097 0.5130649272946807 0.4482403751430944
vn -0.29161170498149985 0.7935292822333602 0.5341103741325297
vn -0.23929539724989 0.881886735477455 0.406218535574061
vn -0.09233442544165175 0.9275095312339817 0.3622159899127588
vn -0.35758432386685834 0.7775369804468234 0.51727139430121
vn -0.8049988841651443 0.261196407778229 0.5326849285052296
vn -0.3776523147850725 0.6071948368877664 0.6990659190622263
vn 0.23220442555681212 0.7895130027926475 0.568111189093445
vn -0.4048129705857966 0.5792002803383135 0.7075687204092066
vn 0.7805885600505099 0.4401623268022679 0.4437776763000646
vn -0.0074104050836519605 0.7217721822160266 0.6920910365519923
vn -0.5434328888994554 0.776579853343706 0.3187544927417654
vn 0.03111178983586254 0.9122591009463977 0.4084303970980603
vn -0.12358384014406446 0.870597852038865 0.47622097232331223
vn 0.33534204861478234 0.9369483562635472 0.09835389227619798
vn 0.12230292798250633 0.9155158468332272 0.3832397787340776
vn -0.003096186450815714 0.6326107168021837 0.7744637464830029
vn 0.39535308682953785 0.39563662613046274 0.8289557266817453
vn 0.6733643656079237 0.22393260215832253 0.7045811669495864
vn 0.7199138906937073 0.4354647044293237 0.5404576590099639
vn 0.7569859222835166 0.6488106417873456 0.07756974002835393
vn 0.841775335744882 0.5059133039943656 0.18832422301205928
vn 0.8756979765457281 0.124512419979792 0.46652943223819593
vn 0.999528028879394 0.02833880050495243 -0.011858830904171804
vn 0.9412858152443376 0.15477593674446347 -0.3000423693825192
vn 0.7801982427774089 0.6206177086539327 0.07825830097942196
vn 0.42289915979408704 0.8256563006509787 0.3734273340836149
vn 0.3965110743384933 0.8749301355398383 0.2779860173662949
vn 0.5423969717995782 0.8394524000742923 0.03354389649634994
vn 0.7149324359931958 0.658406669595787 -0.2353131305231807
vn 0.7768201266439402 0.521153631139534 -0.35348180093319
vn 0.7631568517445854 0.5785250222963945 -0.2879243272324334
vn 0.7057169571599073 0.6506649159655294 -0.2803546744902462
vn 0.48452418667696356 0.5405070739887107 -0.6878142303654304
vn 0.40264926412815005 0.37992454567889244 -0.8327850320987683
vn 0.31886330295423365 0.4962817140021266 -0.8074841511610169
vn 0.5557305213955073 0.10665776575132684 -0.8244923945036805
vn 0.5086912585683171 0.22395229660560573 -0.83131135701448
vn 0.6342273876879835 0.489690834554107 -0.5982963373280654
vn 0.5756726256018778 0.6012594094481213 -0.5541553488713581
vn 0.02907931931492983 0.6473159657749081 -0.7616668783930928
vn -0.7948870139735827 0.3374990853538779 -0.5042311001926169
vn 0.007047953185376904 0.6515698526540565 -0.758555900028645
vn 0.7669169534087702 0.4013941108954032 -0.5007206349978988
vn -0.154747796644539 0.746212768929778 -0.6474717159226449
vn -0.2044671344546034 0.6096459083791529 -0.7658492392922256
vn -0.6213151241754019 0.2244540462077815 -0.7507249147403194
vn -0.5772002510379062 -0.24594584836100444 -0.7786851159973227
vn -0.4357141900329802 -0.3069779906677645 -0.8461191747321922
vn -0.474505005322715 -0.27588149792162386 -0.8359033431134315
vn -0.6365516821789641 -0.04605500056465132 -0.769857709475018
vn -0.6446011124598079 0.49255735126509625 -0.5847021990127029
vn -0.7050146276711937 0.6165629464561581 -0.35043474118150597
vn -0.786673422842651 0.6017720074306668 -0.13789625399514413
vn -0.5706083762948614 0.818978188754554 -0.0606696567194188
vn -0.25059967889514745 0.9672062264390857 -0.041375312386896165
vn -0.13262863826737012 0.9911525525639256 0.005124632411928186
vn -0.2368564452651426 0.9653955085460194 0.10913540404256067
vn -0.7083715900324046 0.7054433926055941 0.02364974131089994
vn -0.27745071835848023 0.8302611346707912 0.48341239861792323
vn -0.39205450188948227 0.8304095346488507 0.3958702720746644
vn -0.8564363119620224 0.4922401307653404 -0.15561650689117218
vn -0.7922926107082556 0.5972104191656616 -0.12494852643017251
vn -0.5011929821151906 0.7567846105775277 0.41962202977382157
vn -0.9605337523415721 0.021477597151932946 0.27733305506772604
vn -0.9051694292347601 -0.29816237152624114 0.3029315179783485
vn -0.7217745813562534 -0.2670829010158578 0.6385203032738729
vn -0.789918579481049 -0.22275792931097751 0.5713208754454254
vn -0.7850948503922309 0.210885120585496 0.5823689052509943
vn -0.1967964826564499 0.7738073696873932 0.6020741640624746
vn -0.43136063863669627 0.6927979692189302 0.5778918352780803
vn -0.592565114317903 0.37895548027186604 0.7108159601931641
vn 0.031154432496895895 0.5509649975301417 0.8339466246903379
vn -0.25527706812521084 0.6332381385105698 0.7306456585959195
vn 0.7288751021936126 0.45398688414817595 0.5124812137275682
vn 0.04666985247802489 0.6432973809953728 0.7641926487962137
vn -0.7409293090386679 0.4434687218068576 0.5043404126048933
vn 0.24835807725687528 0.798005243859118 0.5490955256006166
vn -0.1188028547650243 0.6188421941093144 0.7764793754438365
vn 0.4158672095025107 0.7252205611461129 0.5487345457974302
vn 0.4121284536415852 0.8127085668181266 0.4118918828035124
vn 0.3551204506984989 0.6968817123469281 0.6230933673953756
vn 0.7259519693602112 0.15094982082136127 0.6709753272483497
vn 0.7684812186070478 -0.1722700350812829 0.6162464212158317
vn 0.7037047227931718 -0.19003837027120574 0.6846057850641124
vn 0.9303029171197447 0.0020397957396024167 0.36678647961972954
vn 0.9199081232232714 0.3352258266985701 0.20345193521345267
vn 0.8018674742114715 0.5421647356208396 0.25112935561359623
vn 0.9277513206245674 0.37245041850796584 0.02362568163275351
vn 0.8123134858129317 0.5827175298071365 -0.024229759014746673
vn 0.40698612023791536 0.859928614015187 0.3080342135731166
vn 0.36400607687150377 0.8641260971283434 0.34754232010268
vn 0.6363911582309147 0.7672032657935542 0.08003400952857256
vn 0.8983375431982396 0.2755509317496446 -0.34214228398789553
vn 0.8893394938126892 -0.13211855101966272 -0.4377441641203849
vn 0.9081301171006041 -0.1997807788105809 -0.3679501743887083
vn 0.9557292531180286 -0.05458296502748638 -0.2891406139982125
vn 0.9055407849922914 0.14366828232966153 -0.3991933258059173
vn 0.5553181060027468 0.22790978391776057 -0.7997993070390106
vn 0.5224323396303141 0.3333275695028263 -0.7848293966956988
vn 0.4013462927858612 0.6685624663925488 -0.6260554143190185
vn 0.2625600601384033 0.7615902150543615 -0.5924884464304512
vn 0.44812330861243505 0.8174135135916956 -0.3619677445241816
vn 0.41551352185425683 0.8294217117861219 -0.3733739910251538
vn 0.5196781827775929 0.6966346600539741 -0.4946056376108773
vn -0.00265184283695769 0.7940752090689024 -0.6078137297492935
vn -0.7641046148761811 0.471161967817323 -0.4406251667885424
vn 0.22009307328065192 0.6989291964150581 -0.6804829296113742
vn 0.7348993986800301 0.5559273935627866 -0.3884167953451765
vn -0.16322400918983496 0.9080186348849412 -0.3858238996299798
vn -0.3175447900233067 0.8059828329656499 -0.4995567828522792
vn -0.5317120533894198 0.7767996761481382 -0.3374382245931164
vn -0.4922947796890788 0.7619711622488974 -0.42076810453258695
vn -0.4165417226687067 0.7699239203566769 -0.4834357766433836
vn -0.5202745782353364 0.2954528622456125 -0.8012627343343243
vn -0.5395712821521575 0.06939910312414202 -0.8390748452684311
vn -0.6712806243126688 0.02396522655167082 -0.7408157607251084
vn -0.9021641514990576 -0.22621105367947597 -0.36732601724245845
vn -0.8801340891413507 -0.34900077521548667 -0.32181119314019246
vn -0.8427117318736702 -0.28451868391393226 -0.4570405402875805
vn -0.827487581027379 0.01884059778533758 -0.5611678315090309
vn -0.744391428715452 0.5600756311758482 -0.36358862498425804
vn -0.46722226595017624 0.8773345808318641 0.10948692833831934
vn -0.2743032619462361 0.915863826930826 0.29317430140664885
vn -0.7346006734469794 0.48407549342220113 0.47542903491404126
vn -0.4839883144759548 0.729472696191741 0.48334759434745944
vn -0.6107905365094327 0.7884537990379934 0.07263282517618957
vn -0.7870370770467241 0.5967644471859448 -0.15634843756367586
vn -0.5554545364926943 0.7316276820585854 0.3952103145608267
vn -0.41189323901698355 0.806952934646432 0.4232858619391972
vn -0.6630583336284527 0.6127124364794037 0.4300431564265756
vn -0.7092824237203569 0.1099903399547273 0.6962905776455831
vn -0.8250830808618815 0.08441852818181043 0.5586693313357041
vn -0.9170425878885244 0.11425220653113785 0.38207240845353424
vn -0.6584898335379897 0.22973463295003158 0.7166680804601423
vn -0.44729281295172363 0.2974502499021516 0.8434764302070819
vn -0.4450051511742798 0.10457848071787652 0.889400785247628
vn -0.3386115665899425 0.0358389981777368 0.9402434648436123
vn -0.09537127618667612 0.29793912186832544 0.949808717236716
vn 0.6673766252757548 -0.005176633967581453 0.7447023851823699
vn 0.02434111554724528 0.4294837383321668 0.9027464918802744
vn -0.7205909715860032 0.31151438733271064 0.6194412305888797
vn 0.24039999746732757 0.23947259391330308 0.9406703556412007
vn 0.23065902977636335 0.25979907092006854 0.937710432239983
vn 0.3747779452763427 0.008074298552299722 0.92707944505168
vn 0.6815718376306014 0.044845983148553606 0.7303757032817323
vn 0.6942217307047907 -0.18612889830331142 0.695278521050119
vn 0.8174828814198373 -0.20716577583868614 0.537404949648471
vn 0.8041340639783028 0.022389227332425828 0.5940262028304778
vn 0.745628812815991 -0.012453188769718734 0.6662451437632261
vn 0.7759576071291282 -0.08908131234728865 0.6244632188759579
vn 0.7013879364317489 0.5215371806958099 0.4858538172947487
vn 0.555151345004999 0.792344036086439 0.2529780872277134
vn 0.6035867361248929 0.7970368898910567 -0.020377637912435128
vn 0.5841233783724261 0.8115378096395169 0.014361837078815158
vn 0.7435240809026414 0.5367990181978369 0.3987715576363496
vn 0.9487625955648439 0.05950861051122373 0.3103357255168731
vn 0.9751771632865289 -0.10901721504763497 -0.19272972533497879
vn 0.8393172111192995 -0.09671401331016484 -0.5349701101448213
vn 0.824152132055191 -0.12385443899316174 -0.5526602402657281
vn 0.9171853869485869 -0.18382753848579697 -0.3535228451772584
vn 0.9688330130350639 -0.17584749761592355 -0.17447134560041005
vn 0.9783502848548068 -0.016163844667088943 -0.20632365412161785
vn 0.6634864966770841 0.47894130309450256 -0.5748050947210798
vn 0.36518085870300093 0.6837170286454795 -0.6318021566733811
vn 0.698931528245049 0.6102578157690943 -0.37293446759152565
vn 0.15172189820352647 0.8983627166724768 -0.4122194741862224
vn 0.4956586805751668 0.8100594631046409 -0.31325091955987217
vn 0.2588391654576288 0.8616586502444867 -0.4365165024189207
vn 0.3984951100246505 0.6226688060749778 -0.6734131014671481
vn 0.28804188483680904 0.6145390765123637 -0.7344205852364093
vn -0.7796234438923332 0.48435917188753896 -0.39696785555240544
vn 0.03955708393678486 0.276810255097276 -0.9601100560786764
vn 0.8091529594182303 0.009504439293275742 -0.5875211944248822
vn -0.25866344782970646 0.22643172926394106 -0.9390537219666347
vn -0.5097199637961874 0.25246029891848404 -0.8224654132409478
vn -0.40915325323798796 0.6086542016227133 -0.6798041469510085
vn -0.523413652975099 0.7931072037604843 -0.3114789097555215
vn -0.24808524617669006 0.8628038787879427 -0.44048062088806167
vn -0.3700894429687195 0.910423878374978 -0.18483010005885497
vn -0.3084533242058193 0.8429316953440151 -0.44082048928202505
vn -0.44169074846354767 0.7845136024783185 -0.43525589053820035
vn -0.691741061130401 0.7197603110492526 -0.05864638935578158
vn -0.821199475062572 0.5659774530439291 -0.07280758753635047
vn -0.9246993030915973 0.04111274316707294 -0.378471849958742
vn -0.7596075621097597 -0.3784426791736518 -0.5289399683948417
vn -0.7550152115289543 -0.3995204956486369 -0.5199378846713862
vn -0.9476409174339961 -0.10589263084391527 -0.3012697169278854
vn -0.8639721819005136 0.4851857096884464 0.13471041539608014
vn -0.897270933039699 -0.3953744537818129 0.19642788503367128
vn -0.9315525786238449 0.11713870485050079 0.3442213199167252
vn -0.8150228016873581 0.5574409198033768 0.15810583056438718
vn -0.9546321472074673 0.29493113862843556 0.04114713824064731
vn -0.9669870730220518 0.11608345056745627 0.2268493621604397
vn -0.5913259481390148 0.7408042072270663 0.31865773113510526
vn -0.2823361489386124 0.8870128496823653 0.36536899635968484
vn -0.23196350524234452 0.8721218887969294 0.43080894061864683
vn -0.39405279427424106 0.8776119145551198 0.27298300818102156
vn -0.6324639977683768 0.6980980106264324 0.33563143340018076
vn -0.5502814734077877 0.2793082935298599 0.7868781209244492
vn -0.3775310702294946 0.01853577923877895 0.9258113824637195
vn -0.37744716877066525 0.11253347566031124 0.9191680214426627
vn -0.3963613913096979 0.17537861036676164 0.9011880994025965
vn -0.08067791952237825 0.30257865948791013 0.9497037580867204
vn 0.6716912533765528 0.09512479063530178 0.7346986690773474
vn -0.27476575987204804 0.35345938823061945 0.8941869145058947
vn -0.7081148745329016 0.29398137832974786 0.6419877519552806
vn 0.3236431181507427 0.43467819691733284 0.8404225111206629
vn 0.32091772438379246 0.392247615803352 0.8620635835441108
vn 0.5137672431495313 -0.026612300462953455 0.8575167667926967
vn 0.7038622490422184 -0.06482361249625537 0.707372485778296
vn 0.7097896377856252 0.19461876264574504 0.6769949832298539
vn 0.5015219523368578 0.6577056146521576 0.5620489798756456
vn 0.31947701301944165 0.8354912769431629 0.44708921291399856
vn 0.44127816795790703 0.8396965423964744 0.31651744844655777
vn 0.5851541643256895 0.6669711340291917 0.4612419217115006
vn 0.6879120892664647 0.3513647825837701 0.6350745995557587
vn 0.7824441781423712 0.205271422622775 0.5879155986581163
vn 0.8072772697669338 0.5866531188562266 0.06435470343267248
vn 0.7885795174467685 0.6038916660198026 -0.1160051739158607
vn 0.9962537090957234 0.058351154212483554 -0.06382546447214427
vn 0.8984442418770664 -0.43856367788671236 0.021443989284261878
vn 0.9404601628430935 -0.33904138833620323 -0.024199568182143534
vn 0.8703954402707419 0.4343074949446225 -0.23192407678123417
vn 0.43541822629222576 0.8637557782842434 -0.2536472426286413
vn 0.3666373405989111 0.9114104893360577 -0.18683677477082958
vn 0.5567933373719259 0.8194412666662179 -0.1360043747189665
vn 0.8585680099260529 0.49359968144329924 -0.13863739326275096
vn 0.854598416988019 0.41839788049963894 -0.3075788667561247
vn 0.30406424999963483 0.756555154867022 -0.5789380187172856
vn 0.7406242420191719 0.4527066903472569 -0.49652027617042976
vn 0.6212624487528685 0.4320153418437914 -0.6537550873080696
vn 0.510980484952166 0.30008351690208324 -0.8055115311910354
vn 0.6318538192401337 0.06093997511631234 -0.7726882104345062
vn -0.037277714538635875 0.3979082525184888 -0.9166675485564321
vn 0.48276238689446027 -0.21699527971762836 -0.848441822625589
vn -0.7727548011763751 0.22677298265159304 -0.5928102829726903
vn -0.5481677592969693 0.4976121134163761 -0.6722308325632108
vn 0.7354563652401502 -0.15936367598878898 -0.6585644642729269
vn -0.021118886422281456 -0.34783175016902534 -0.9373190845227871
vn -0.591455151815625 -0.175788518867083 -0.7869429458513961
vn -0.0916894957244862 -0.435171328778644 -0.8956667633572314
vn -0.644244379722733 0.15913021734373137 -0.748082049727039
vn -0.28381580875685697 0.26021743518759416 -0.922895158251511
vn -0.4500894241125691 0.7151565540063554 -0.5347622028189454
vn -0.5532215973863305 0.7540117693296842 -0.35413573089655315
vn -0.5344282987413318 0.5830501320901442 -0.6119141581742583
vn -0.5666417382013509 0.8018427949262082 -0.18964512319877505
vn -0.415047892831597 0.9090196683988914 0.03766283473161149
vn -0.36512236936651193 0.9285052798449022 0.06755442759970968
vn -0.5365877663504341 0.8397054540740645 -0.08347646016285898
vn -0.8800606829147657 0.07595320878646214 -0.4687475914206243
vn -0.8207198923243467 -0.4407776565038751 -0.3635022914234028
vn -0.892708954558932 -0.3907206643009874 -0.22451744907354976
vn -0.9657534720388051 -0.25942518671721004 -0.004336328139488814
vn -0.9698361746455985 -0.23585759083936517 -0.06155478204204062
vn -0.970604884318494 0.23477956356884488 0.05295956068081858
vn -0.920111576370512 0.05993498730119332 0.38704325898557806
vn -0.8952322591219815 -0.4102224106492547 0.17400222995257195
vn -0.9782421419021464 -0.17923168526780087 0.1044907402728345
vn -0.8711737878867454 0.26635872976774333 0.4124430365221044
vn -0.479751795076452 0.7593170397250716 0.4396314914835788
vn -0.3612380982945519 0.8826729208526972 0.30065852912216523
vn -0.25673392545240775 0.7962244193400644 0.5478269485598302
vn -0.1831855764786976 0.4292981007139899 0.8843902901397822
vn -0.3386631859618489 0.3791540213119937 0.8611326695678861
vn -0.5591282234230861 0.5586325511983986 0.6126216634378122
vn -0.20670298539374135 0.7889215681841253 0.5786852642699788
vn -0.1747494141675637 0.7172446048749624 0.6745537925368532
vn 0.6069895577504967 0.6037613106101376 0.5167552192210403
vn -0.15165834014447518 0.6932938642652704 0.7045164055128538
vn -0.718311791872398 0.22551894351837448 0.6581560421141941
vn 0.28113650751782054 0.5855326543422253 0.7603379346314575
vn 0.319051504709895 0.5839583884268641 0.7464574588871435
vn 0.6510177804497796 0.49113148102123894 0.5787622291477967
vn 0.4389957489688997 0.5773355367568944 0.6884521845305333
vn 0.18087641585501482 0.7909734113851016 0.5845038790882902
vn 0.10533836337711827 0.8762658116757048 0.47017236891309155
vn 0.3321409266555748 0.8836516251215276 0.3299124281691419
vn 0.5318889472549472 0.7714546708022914 0.3492160344047115
vn 0.6563948976135991 0.7408589110256747 0.14238613816198542
vn 0.9272209996424182 0.2853889165609405 0.24251677081448922
vn 0.7795427957573241 -0.4403950526778986 0.4453821136503865
vn 0.867638647662451 -0.3598788083039912 0.3430603743019184
vn 0.9956760494902288 0.05079439327518696 -0.0777761794082041
vn 0.8982773170226429 0.32973932291313945 -0.29046486990234605
vn 0.9038940344380522 0.4257060119614391 -0.04183259359863605
vn 0.8849847999871436 0.37143367894408413 0.2807827023478799
vn 0.8277086171439564 0.5166971182294042 0.2189121584541821
vn 0.6354361853387279 0.768287251234235 -0.07717223563633147
vn 0.4767167879828711 0.8342136764481073 -0.27717980821522126
vn 0.50406940244271 0.7688622100250924 -0.3934017533214362
vn 0.7112764055032155 0.501532967270799 -0.49249422099652407
vn 0.913372168966702 0.015379204582531624 -0.4068350538282944
vn 0.7550209744956863 0.19666890759080136 -0.6255115257600178
vn 0.36124281029870203 0.4564181684343431 -0.8131334992057183
vn 0.719066042486876 -0.1499532798103552 -0.6785705861709449
vn 0.18356340730020262 -0.030573719456941217 -0.9825323013412374
vn 0.6538132602747623 -0.4051194000538079 -0.6390668919517962
vn 0.2830318834452359 0.1607697471785175 -0.9455400791852231
vn 0.08401014801742915 0.32598740428638723 -0.9416339560979697
vn -0.47745938044318925 -0.0074344101886981455 -0.8786223702888245
vn -0.3452790681989646 0.7434976706533555 -0.5727072365499578
vn 0.4252268431119342 0.7556306821341419 -0.4982011683191338
vn 0.13207596708471825 0.5779495312781808 -0.8053137762474746
vn -0.5382269645498952 0.6877208383526197 -0.48718762620470546
vn -0.31728875533698603 0.3330194641232529 -0.8879334897681063
vn -0.2868166840494753 0.07834605808647943 -0.9547764580953877
vn -0.4709514080329301 0.12547186013975734 -0.8731904623762617
vn -0.35233971383897217 -0.2094632083629606 -0.9121304130409018
vn -0.885451915594477 0.06624199470323855 -0.459985764244729
vn -0.7524452949945278 -0.21396014505033012 -0.6229342937827712
vn -0.7287191220409284 -0.2660756433937294 -0.6310088693231746
vn -0.8409574697019494 0.2577957532144053 -0.4757435062900093
vn -0.6002529776418257 0.7899604330339642 -0.12513543492118293
vn -0.430174354321918 0.8999387100798866 0.07113608777175422
vn -0.4967003524373977 0.8594102366702946 0.12125512358194701
vn -0.9175096304737168 0.39638186151392285 0.03251919203702609
vn -0.9195575567393333 -0.3801166950612298 -0.09962528785060554
vn -0.7098744508397642 0.7035927173297234 0.03217999635673278
vn -0.8656136374716481 0.4920210231567988 -0.09288887659369809
vn -0.9398464600938347 0.3415890350730906 -0.002358509470609781
vn -0.7853351572679931 0.161508301539466 0.5976317924045654
vn -0.8789201788021954 -0.2662498596333825 0.39574023239938705
vn -0.932897163540528 -0.3596928467898752 -0.017998283980228146
vn -0.8724181758974453 -0.410263096353088 0.2656514975198729
vn -0.9060302205333411 -0.27523570732098784 0.32148801672196237
vn -0.8313808971823394 0.1770639554641823 0.5267391759454262
vn -0.2821397758646296 0.367338922641213 0.8862613964219865
vn -0.10472138276036759 0.3667337613928025 0.9244132086071919
vn -0.5031066000644708 0.4198585798567299 0.7553823680046143
vn -0.6763355872210739 0.5417949669652333 0.499027441359157
vn -0.23670225669182904 0.7756589432751355 0.5850856735507165
vn -0.09920073039494919 0.6913795289214174 0.7156490495190417
vn 0.5405063159556173 0.6297112850645225 0.5579575430751644
vn 0.09281100507178215 0.7933364063599856 0.6016672366693981
vn -0.5841084865345817 0.4822427751492504 0.6528852745885987
vn 0.03820280032086394 0.6397467929374254 0.7676357124143738
vn 0.3994032306898245 0.6467062015201818 0.6498062389896461
vn 0.652501936852858 0.4372721884512672 0.618897613188408
vn 0.27755680864466376 0.39857712652541183 0.8741272745920557
vn 0.12494775626883689 0.5746482598744029 0.8088061792708461
vn 0.37358012265700813 0.5745981850206706 0.7281997100566066
vn 0.8785069024763525 0.18679425196821745 0.4396970886110556
vn 0.8406286345771272 -0.2512384088769177 0.4798153401403392
vn 0.9651005780395828 -0.0825697623478773 0.24852184735648133
vn 0.9831863464077694 -0.18218943147461703 0.012313378752293307
vn 0.9132813178584476 -0.14841312110435917 0.3793293818501277
vn 0.8601439132600167 0.1541173034970958 0.4862101451476808
vn 0.9831306302298298 0.11954434172233559 0.1384316230709984
vn 0.9182616238537386 0.39329471183206366 0.04598760487815289
vn 0.705790449518135 0.706420112976093 0.0532021179261971
vn 0.7286512654605797 0.6787240917661589 0.09165664514315829
vn 0.9426799024658821 0.32584253659230833 0.07198085046736732
vn 0.9736248192118815 -0.13206730697994368 -0.18604552626090332
vn 0.819143577229319 -0.3462080887535415 -0.4573223799089375
vn 0.7295133502885123 -0.36606201687045503 -0.5777619505951954
vn 0.7584439061782314 -0.23041451407994748 -0.6096490735516688
vn 0.8862634369647477 -0.003827652690697594 -0.46316570401349
vn 0.8928583441322656 0.12723204745706881 -0.4319907214434947
vn 0.4176740019393525 0.5102677307498407 -0.7517813984526178
vn 0.49198255032588933 0.4780225464475941 -0.7276315106306155
vn 0.27724346919722215 0.5373038727313553 -0.7965178008904612
vn 0.5216739854805097 0.5478934134734943 -0.6539641124291483
vn 0.6118392274553918 0.49920486802254777 -0.6135529801813205
vn -0.015299227288945241 0.7371128297967234 -0.6755964844442487
vn -0.4463871782829497 0.5879391517916233 -0.6745858291241615
vn 0.07549187057827293 0.6470118985507671 -0.7587335372911396
vn 0.4209323941277193 0.7132734259943248 -0.5604078330503823
vn -0.05641102150192699 0.7989068775237183 -0.5988034716819969
vn -0.43366169800684096 0.7214488961723475 -0.5398601873573607
vn -0.4555211929292749 0.744441265602426 -0.48816764012022396
vn -0.2694267986619973 0.6842314152243753 -0.6776699569722684
vn -0.4642866691804997 0.6413928463645998 -0.6107807343503837
vn -0.5244471943767779 0.42504113239440944 -0.7377636315807418
vn -0.860787786930528 0.056958524919508056 -0.5057668556857373
vn -0.8864711324723427 -0.1663197241765275 -0.43186419236033713
vn -0.6872235517068861 -0.4717406617125957 -0.5524350985105266
vn -0.6219118203345506 -0.5538477867231604 -0.5536048381923899
vn -0.7344263862148077 -0.44739330242003317 -0.510349993809302
vn -0.966153897738373 -0.06605594455077618 -0.24936571150511905
vn -0.8835099665573793 0.44553698728109564 0.14459229563937145
vn -0.7028526663681 0.6660922765637787 0.24963815509920595
vn -0.7189887635043594 0.6444956546405525 0.2601547791294985
vn -0.772225968128558 0.6307275827092053 0.07648379277803796
vn -0.8064329780631572 0.5733851305623796 0.14455221873824808
vn -0.9897967092642457 0.11445915083125499 0.08486210650613432
vn -0.7598117585446296 0.44690024826259844 0.4721930322232057
vn -0.5026968788510453 0.7030571798350608 0.5029974650788892
vn -0.9768377529957679 0.2136934694885192 0.011095288195375953
vn -0.8923002625817068 -0.05849808176622822 0.44763625392308076
vn -0.7154964188320693 -0.6152462941849134 0.3309635510599544
vn -0.675803833187728 -0.7019727157645614 0.22477429873297275
vn -0.5789780641301294 -0.3913428203958079 0.7152867943564889
vn -0.17393668388175945 0.33434212961772225 0.9262620419529795
vn -0.38152159494042676 0.18725266168038948 0.9051948482441351
vn -0.6729456286357434 -0.44846460890037243 0.5882377711979059
vn -0.5504822801606495 -0.526269919468094 0.6480811917438879
vn 0.10543466921875717 -0.18489212967691174 0.9770867059326248
vn 0.47566218324681286 -0.4309454365595218 0.7668321316542485
vn -0.19021643757331455 -0.0454775804204483 0.9806882769545169
vn -0.43422959156773966 0.47549734507233254 0.7650796929967997
vn -0.04504178944501162 0.09629097065793757 0.9943335889797467
vn 0.47971802151643367 0.35074504626274816 0.8042689428011636
vn 0.7832962299915537 0.3501883458509809 0.5136293785514735
vn 0.621501857807136 -0.23504875403841552 0.7473202285280837
vn 0.15600186213879566 -0.7072446177407454 0.6895422174790858
vn 0.3185050783145766 -0.7063590878895505 0.6321482057584816
vn 0.8118726432169646 -0.4127781598174948 0.41288860722182896
vn 0.9206779516602912 -0.30426868523412837 0.2444845118049515
vn 0.733084269328061 -0.506424015264751 0.45400679601396954
vn 0.966102194437188 0.25440213388945687 0.04388740338799705
vn 0.7203107513650242 0.48791080966712375 0.49304712074803353
vn 0.635515650321303 0.5371809175434066 0.5545777853682159
vn 0.8188778279941944 0.5739254438090566 0.006977662078949603
vn 0.9951535352323773 0.0918129746804964 -0.035211063528672225
vn 0.9474091949658837 -0.3005753699657461 0.1098647544212918
vn 0.9820559144914094 -0.18207103236661223 0.04915607780730294
vn 0.9866230658211628 -0.10264785020000676 -0.12664258698781636
vn 0.9071751066562965 -0.2487350655577396 -0.3393585022142868
vn 0.8288412052897641 -0.26774585113888827 -0.49125799292400657
vn 0.853595798579202 -0.003380966393907131 -0.5209249290580914
vn 0.8396682102884891 0.3593903464699973 -0.40718039674706935
vn 0.8209342415656219 0.48468059627039883 -0.3019133826514612
vn 0.8333991684837131 0.3290316728505849 -0.4440540330092738
vn 0.7608234693792498 0.2624418968483861 -0.5935249777560694
vn 0.286041463252561 0.6665528893153203 -0.6883948917923
vn 0.4541728173117972 0.5887711015185322 -0.6686371527455822
vn 0.3199904587684672 0.7118483245035464 -0.6252024225789912
vn 0.556137618978008 0.2793965923525539 -0.7827186550346509
vn 0.26121953137705534 0.03140679002762463 -0.9647683504175043
vn -0.6849944748804871 0.13447362493291534 -0.716030316104428
vn 0.028183129858853184 -0.4742825213430254 -0.8799214744168148
vn 0.5978057346455068 -0.36961966517832323 -0.7113435223142263
vn -0.27701389691854694 -0.2735204985029079 -0.9211133685995017
vn -0.4614509891513363 -0.42169993671384215 -0.7805332459202456
vn -0.5817543337537615 -0.0256433322356603 -0.8129602171512262
vn -0.464639741663879 0.1590686103282101 -0.8710953378791414
vn -0.4273078072023191 0.17102865588296706 -0.8877822012018552
vn -0.6507618546382065 0.4782930700103503 -0.5896988619014931
vn -0.8477813174380271 0.3436116644664436 -0.4039775511654621
vn -0.8784698377650348 0.3998504936144188 -0.2615536787991687
vn -0.8589306067505452 0.3073714145400424 -0.4095864088453053
vn -0.8439254320914327 -0.16278593543500602 -0.5111659263818734
vn -0.6684341250425675 -0.6375589794860858 -0.38303311626442743
vn -0.5800706730215361 -0.7808690648334853 -0.23186530116949455
vn -0.6840653222097481 -0.7106892857511667 -0.1642418158343667
vn -0.9913625496580999 -0.09281233491618539 -0.09266156497058073
vn -0.7847403740334633 0.6115342266711883 0.10103680008537311
vn -0.8228597685442364 -0.5634564787785209 0.07361112574764818
vn -0.926656683091599 -0.20969140974826925 0.31198862857395815
vn -0.908723397910984 -0.32675378938179006 0.2597185923528703
vn -0.981147901852571 -0.19130282426314946 -0.027423058167177026
vn -0.6071498282227729 0.7077519167292827 0.36118736198140156
vn -0.6664067469925473 0.6541066133554508 0.3578359762900785
vn -0.8062259672264768 0.3099368855786375 0.5039234234757761
vn -0.42191437716699615 0.2835752423753023 0.8611465265862567
vn -0.7133832047978841 -0.6250605048595833 0.3168339760457874
vn -0.6625221983063455 -0.6943181173215897 0.2810457057318801
vn -0.6295682061587955 -0.3077808852887357 0.7133826465823784
vn -0.10473975767548235 0.3725779435797171 0.922071178987821
vn -0.17971530262876345 -0.1759522230470336 0.9678549608313526
vn -0.4280785721410999 -0.7658468665925937 0.4798200839939312
vn -0.11119568981319716 -0.7259681747963452 0.6786793998272161
vn 0.5759377387885116 -0.5916496421105184 0.564133337101852
vn -0.33449532817504113 -0.8302491117569578 0.44586913759067703
vn -0.5147160922614236 -0.6144252461127724 0.5979539792545817
vn 0.27438938284648834 -0.683789304539583 0.6761232532448477
vn 0.03978366119470572 -0.7701189090781081 0.6366585632678551
vn 0.7374703986856445 -0.06123760800432691 0.6725974772687935
vn 0.8136706315982949 0.39272364799054305 0.42861199188010574
vn 0.6720372887650995 -0.22819013395056062 0.704482182370058
vn 0.250893924658738 -0.7413185356988707 0.6224942306548854
vn 0.39163205327033984 -0.6657721451167878 0.6351155687257621
vn 0.9527339777542648 0.162815389321358 0.2564938919987584
vn 0.7708050483259135 0.11668502349601474 0.6262940066510464
vn 0.6916078432604384 0.5400575480233226 0.4796002877018337
vn 0.733870107001422 0.6361160433887005 0.23830871866808911
vn 0.7839053222447003 -0.26464187927564964 0.5616556965703142
vn 0.9663597748437726 -0.2559631117732085 -0.025133065377492637
vn 0.9409378442610544 -0.026377136649235085 -0.3375503220255421
vn 0.9378772271799674 -0.34351095168356754 -0.04885215256941632
vn 0.8275955906678337 -0.5459491008693399 0.1304803340243998
vn 0.8482522182027789 -0.5287874820856522 -0.029188578306959975
vn 0.9005378011652106 -0.33701593144002956 -0.27468514817539125
vn 0.9328485912348567 0.04042508905846326 -0.35799346084217587
vn 0.8890158515312491 0.34193149136954737 -0.30452203686427237
vn 0.8666016509795209 0.3753341160161406 -0.32882499885798033
vn 0.8500977158818563 0.09219241887626116 -0.5184924602674514
vn 0.6305794068110031 -0.4259382153381502 -0.6488037056155237
vn 0.5960393041900848 -0.6674580674747436 -0.446359581529825
vn 0.502507378608313 -0.5731751208871986 -0.6472685804518454
vn 0.5214564163009707 -0.4936853608220272 -0.6959583108265707
vn 0.2964717456105999 -0.4113163661618019 -0.8619300151300303
vn 0.15355024810708112 -0.6918706704167005 -0.7055049941165542
vn 0.13269829738320482 -0.7661828987972132 -0.6287725562254589
vn -0.5683092023331087 -0.6269434849817906 -0.5328850881591572
vn -0.10823657827255585 -0.8284892820450417 -0.549445495622942
vn 0.4961930849999212 -0.6688146047160654 -0.5536058588172221
vn -0.1115063867542643 -0.7954166471849504 -0.5957169488054379
vn -0.262627573123539 -0.7188739812259087 -0.6436201961962131
vn -0.37059456134324964 -0.49203765424598866 -0.7877554302617719
vn -0.28241088884624854 -0.5831932404482526 -0.7616624804705417
vn -0.42927531566622656 -0.6243124772742076 -0.6526535329555825
vn -0.37248899718720757 -0.7151845537298687 -0.5914076437455615
vn -0.7836058873089059 -0.38593421062243755 -0.4868435050876804
vn -0.8533101258389855 0.19972689863003004 -0.4816336731420306
vn -0.7786757934742184 0.5156021110700134 -0.3575170929024819
vn -0.838892239278939 0.4996520685047267 -0.2158879832610315
vn -0.9728062402918631 0.2136720622865243 -0.08939948907814592
vn -0.9562441742015317 -0.2728573093966685 -0.10557446667845995
vn -0.755962270573016 -0.580904318779269 -0.30178008200291084
vn -0.6799667027671287 -0.6227883830379726 -0.38701409933095055
vn -0.8098247118504422 -0.4097599123181011 -0.4198580121105348
vn -0.8901786882934668 -0.45002612869624287 0.07112233403647224
vn -0.7700739060582603 -0.6241321092263586 0.13208061720339795
vn -0.8261173383820626 -0.5120628486258916 0.2352058296081839
vn -0.8556711640573068 -0.48313003591209486 -0.18550532984362297
vn -0.9376745949531081 -0.34154165262749786 0.06415335922617164
vn -0.6826580302236686 -0.018836701662486 0.730495169348586
vn -0.8612038401293394 -0.2762292892078248 0.42664426110076653
vn -0.49101783390661236 0.3865134007055383 0.7807104955492136
vn -0.4969539047557071 0.4746749998351597 0.7264437081285423
vn -0.8808442915601913 -0.025998206706902702 0.4726916831020509
vn -0.8692635336991379 -0.18440108084423182 0.4586688896844509
vn -0.42943126492976724 0.2830162083253992 0.8576074944436611
vn 0.09470958180378684 0.5222126200118022 0.8475400135775071
vn -0.15406256753080624 0.31843253637254404 0.9353424212902802
vn -0.4950442140864724 -0.16635963739920956 0.8527928805659146
vn 0.7972342719624224 0.11595355358097176 0.5924291426157993
vn -0.19808195913307666 -0.47259751873514616 0.8587287829992571
vn -0.687483961761678 -0.5177118147625636 0.5092546309811238
vn 0.48569359786510524 -0.43078523351964304 0.7606088426874065
vn -0.05375300845079884 -0.6210193778154585 0.7819498362811959
vn 0.01081086876496838 -0.3312478050287268 0.9434818582146651
vn 0.5543862707461198 0.5521875149549449 0.622691585888305
vn 0.6406394241521671 0.6938872335479772 0.3287881313872425
vn 0.6855276619427176 0.49740408373675754 0.5316399177952571
vn 0.40796517839380286 -0.21010343479938975 0.8884936465184268
vn 0.7283967711460549 -0.0631063057073042 0.6822431663006805
vn 0.8382055646308092 0.2689773702083826 0.47440763667728714
vn 0.650209557268536 -0.06136619405160022 0.7572725545431287
vn 0.9987437511442269 0.038777451132807825 -0.031736868686145656
vn 0.7870614593809191 -0.616874223093564 -0.0006723391180635097
vn 0.6034667672570506 -0.7773447269454045 0.17765988941373184
vn 0.9845757411354401 -0.17374828328865027 0.020546143722019142
vn 0.8648500668542162 0.49341346122959817 -0.09261489156548097
vn 0.9301564628891729 0.3559292828174652 -0.09012935248046273
vn 0.9698525177857629 -0.2108818911867722 -0.12212666258482241
vn 0.8981842477548114 -0.42251438273625375 -0.12143579977142598
vn 0.9423583768675722 -0.3004001982301852 -0.1473784599281065
vn 0.9340027989609476 -0.22227969344043483 -0.27969717448902126
vn 0.793278268900584 -0.376581784255954 -0.47843050473051446
vn 0.48057937682731056 -0.6117456563088226 -0.6283396490398817
vn 0.37548328128128916 -0.7602567810846264 -0.5301150179848508
vn 0.48381239646933993 -0.7032240697676269 -0.5209620645709723
vn 0.5329926115998724 -0.740226700173958 -0.40985766837954984
vn 0.47109412439449067 -0.642142345797884 -0.6047508029710909
vn 0.22254073480851033 -0.5912362896232234 -0.7751872491104662
vn 0.08910351106323564 -0.6781155360280579 -0.7295340184758925
vn 0.1654074890858906 -0.44006823263021616 -0.882598613857975
vn -0.6982584641245527 -0.3601669692654226 -0.618639532788344
vn 0.016538046530852533 -0.4787978000599401 -0.8777694228410471
vn 0.7010708878118794 0.10945032272832549 -0.7046419212034781
vn -0.22620689488988557 -0.11240887453104124 -0.9675715403167567
vn -0.06800232873096257 -0.058204010517840014 -0.9959859318518536
vn -0.4104517736878904 0.30296132253344416 -0.8600835881036512
vn -0.5018294875932205 -0.25855325757406283 -0.8254195165973278
vn -0.7459434126906768 -0.36798381095285565 -0.5551183116597754
vn -0.34647169107498443 -0.7935401063436395 -0.5002514037039437
vn -0.369956311663281 -0.7613810837180935 -0.5323825436814797
vn -0.5224732029280303 -0.5427125555993842 -0.6576357914658465
vn -0.7951655360781241 -0.3186191607584822 -0.5159395319522918
vn -0.9559877271732278 -0.07845306196978882 -0.2827235090361792
vn -0.9700239690797191 0.21871953738217925 -0.10590214057399228
vn -0.8532270169593402 0.5152710661997417 -0.08061876870832888
vn -0.7844417606932415 0.6076855594181232 -0.12397332356265223
vn -0.9422930872184648 0.2808799385145003 -0.18218177164685045
vn -0.8521534930404118 -0.4478423663683031 -0.2706873458155434
vn -0.8109910087390301 0.5476051104816333 0.20596656699291932
vn -0.9310768632254084 0.1896312938983266 0.3116662431845657
vn -0.9399295945889523 -0.20958591775950064 0.2694551916233116
vn -0.9547813113725958 -0.28573248314157146 -0.08215592207125597
vn -0.8102429860524273 -0.5842831554395066 0.046038004110731334
vn -0.5878915201894056 -0.6708446753881442 0.45205196824343674
vn -0.694084824830213 -0.57716381691086 0.43026524887480716
vn -0.6538640852374145 -0.6560683842090251 0.37687668179126993
vn -0.6043549731998441 -0.21728490134548512 0.7665131036165648
vn -0.8089378623620133 0.27686879543569504 0.5186166261808077
vn -0.8071943085272212 0.293764299010152 0.5119959813400252
vn -0.6254251632373103 0.09383694877160773 0.7746211927354032
vn 0.004898119741006963 0.17494492315557322 0.9845660375440002
vn -0.055575370615850724 0.405697851112249 0.9123160810726808
vn -0.29912058078952547 0.35988274890400274 0.8837484286772089
vn 0.5000677212929933 0.5349704138611501 0.6809837959996281
vn 0.2334983089663695 0.8221930402191545 0.5191118803543506
vn -0.6793397125884956 0.3434594004315222 0.6484853083574056
vn 0.22972612635921333 0.3622893480244693 0.9033118703836432
vn 0.18602408255321512 0.48907842671097335 0.852172126530875
vn -0.12993182316798815 0.16945901610762096 0.9769346770322362
vn 0.40779689363406696 -0.07706822532235033 0.9098143668837445
vn 0.8754704341980104 -0.0572471713891399 0.4798690240191482
vn 0.9157058687490661 -0.01529528867732053 0.4015579859532062
vn 0.6952810151764811 -0.1575880615946269 0.7012491089320612
vn 0.5928731671375234 -0.5642314062536109 0.574581872221353
vn 0.6794503446260222 -0.6234786020017202 0.38680959402987974
vn 0.6172612990429708 -0.5775263388939117 0.5342769100266067
vn 0.8998247732677448 -0.4349121331321633 0.03415865729332534
vn 0.9717101006782415 -0.15264018112595104 -0.18022334850323551
vn 0.9091631385802414 -0.10928334550235472 0.40184516650413693
vn 0.8935310925099326 -0.03120383277239578 0.44791573709607324
vn 0.9714679328309327 0.22278269108459764 0.08135064864092605
vn 0.9150534271884787 0.3186771571528545 -0.2472288310444283
vn 0.9105449971980012 0.10602732814221784 -0.3995822991133546
vn 0.8847814946314484 -0.3650552393448379 -0.2896487165250754
vn 0.7443935377832276 -0.6497528642699497 -0.15394634220911757
vn 0.6606082911981073 -0.719575166236209 -0.21402865634407234
vn 0.6377893806812788 -0.657555234936615 -0.40105588001878756
vn 0.5303671954778966 -0.4586547314010872 -0.7129842041197737
vn 0.5628025028756826 -0.33965764011142396 -0.7535821323988553
vn 0.8327798878633305 -0.031025217977358042 -0.552734198525653
vn 0.7092438425264146 0.22353641956965953 -0.6685840567679907
vn 0.7324524365391362 0.24416942372964567 -0.6355271203681363
vn 0.2927604893886619 0.4511859386408609 -0.8430436196459091
vn 0.14679163517277422 0.42801829656134144 -0.8917693388158344
vn 0.3499531761591401 0.5363971018984306 -0.7679914866527456
vn -0.47244846511042965 0.6464808540869302 -0.5990450342952792
vn -0.16410618794793053 0.792212773396279 -0.587765327954086
vn 0.7535394054478365 0.24169032982473446 -0.6113625347586586
vn -0.4382862516271685 0.4839315489046123 -0.7574400422537676
vn -0.015944076949777244 0.2601572017568185 -0.9654346258469715
vn -0.3733195934588963 0.2939634302699877 -0.8798965750607206
vn -0.7636808219299788 0.2123383300946444 -0.6096753527812729
vn -0.7563075883036864 0.15669378355980695 -0.6351739053739331
vn -0.8676776526923478 0.14673111243462666 -0.4749794434099169
vn -0.4827705152033835 -0.3348336903473809 -0.8092088911144106
vn -0.533325303186457 -0.5130680690436414 -0.6725513196098145
vn -0.6141960466117428 -0.6846943325131196 -0.39237340296064854
vn -0.5990022999261305 -0.7595046736249194 -0.25367084070722573
vn -0.643285166614291 -0.731716705321493 -0.22533277073582345
vn -0.7883351867417625 -0.5200632099872943 -0.3287276851172437
vn -0.9460513820576172 0.07288638678640731 -0.3157124595705635
vn -0.8545139611839396 0.5173429955670836 -0.04649854921832263
vn -0.8438922159547451 0.5296813841067013 0.08534377060921973
vn -0.9249027429688096 -0.24559965884474863 0.2902339119126419
vn -0.844093015067181 0.34830984074469956 0.40766068826316526
vn -0.8257369246535193 0.4246633272402554 0.3712406089869263
vn -0.9870676482323141 0.08375930857451358 0.13668151316197877
vn -0.9333306512560554 -0.3382872925184748 0.1202314565597015
vn -0.8437973331788728 -0.08364746789892617 0.5301029726707068
vn -0.7432213991577655 0.016390338473686157 0.6688447567550272
vn -0.7427793071274063 -0.44578468356040435 0.4995547185306935
vn -0.7747298051199499 -0.36023629493642806 0.5196378939889575
vn -0.8708606223595967 -0.3435797040559115 0.35150357520842995
vn -0.6927822195202341 -0.5563502878004144 0.4588323807023803
vn -0.3895471086782052 -0.7085367424340485 0.5884120450342578
vn -0.035065029059761256 -0.577858869270568 0.8153830823253441
vn -0.26825827022406346 -0.34878268398798773 0.8979911691138887
vn -0.11027806755362779 -0.15199724996412814 0.9822095417068498
vn -0.17979845167400274 -0.36698325984272884 0.912686037896294
vn 0.1257788126762478 0.723533710031303 0.6787331292415977
vn -0.1614333698098818 0.6072833571483027 0.7779114289188152
vn 0.21053728886532874 0.054818113510433364 0.9760476547937577
vn 0.3594472403902147 0.06562035522786624 0.9308553326675568
vn 0.13516895131408493 -0.5387415749776148 0.8315568952220225
vn 0.42351322371949834 -0.7886611634125706 0.4457018270766327
vn 0.5432733466256388 -0.7980078706893535 0.260840006831817
vn 0.6791128941351786 -0.6192772232623425 0.39408298335226843
vn 0.7081906325990993 -0.31171435674676173 0.6334825867352946
vn 0.7903647290941536 -0.449964754227677 0.41575872204531283
vn 0.6469179564609123 -0.6327614357162183 0.4255703503285765
vn 0.5753595042332754 -0.549126308843901 0.6061532296572476
vn 0.8505523301395788 -0.3293096162523678 0.41001940239194945
vn 0.8990365644517359 0.43196611547491803 0.07168354665004645
vn 0.8315777204178577 0.5232520117045624 0.18624131429886315
vn 0.9560293757112496 -0.19298233499287545 0.2208294617071196
vn 0.6671083635143746 -0.7419897390868793 0.06646546786834164
vn 0.7301009324314369 -0.6731749201821741 -0.11742297603310052
vn 0.8829718643702167 -0.19878597142176566 -0.42525853818176124
vn 0.8577762163541234 0.04577567756804538 -0.5119810055074218
vn 0.8866928290968212 -0.20920151640013374 -0.41232335898437733
vn 0.8297497600664991 -0.4871014637345329 -0.2724839439256239
vn 0.8599629569167858 -0.44068984053044225 -0.2574027528683251
vn 0.8617885158880999 0.08201400979539608 -0.5005939033594665
vn 0.5182358709229008 0.5178042736828635 -0.6806690210701122
vn 0.860622808402101 0.3116545623458946 -0.40274038216581864
vn 0.6598217391341896 0.4658813110761139 -0.5895675334988641
vn 0.699458969641642 0.2717410674234106 -0.6609946611459416
vn 0.5291278497065052 0.25695023595194855 -0.8087028471009657
vn -0.03733552699258349 0.4827007456016099 -0.8749891705728912
vn 0.5432336384409246 0.1316811753487032 -0.8291907392904353
vn -0.14944677010485047 0.45693236453688263 -0.8768571589169821
vn -0.411043436124475 0.704830111426556 -0.5781503330842361
vn 0.5892065832222848 -0.06891552439277206 -0.8050380443092053
vn -0.36126313226980605 -0.16624650641471866 -0.9175244129545053
vn -0.4038521960217251 -0.1372610782626569 -0.9044682416550639
vn -0.031414612472271494 -0.5280510673022507 -0.848631364282614
vn -0.785562388997186 0.16805578617382805 -0.5955241269054768
vn -0.5213335071631123 0.2733840599885954 -0.8083764779192684
vn -0.673575659272307 0.6330053393960486 -0.38157577429911665
vn -0.6567901425185156 0.5551757260641411 -0.510300521143827
vn -0.6996829042244367 0.29150492488490476 -0.6522796273868319
vn -0.8740377796062733 0.2994227629919318 -0.3826277157018467
vn -0.9506151608801012 0.19678671518562127 -0.24001209267733223
vn -0.9703143894630165 -0.11189555445454814 -0.2144046886015391
vn -0.7481002114212363 -0.5668476746222043 -0.3450069382590748
vn -0.5295034636160845 -0.7256845220986086 -0.43932682185940347
vn -0.6837506704934796 -0.6242238709979139 -0.3779280083244653
vn -0.9837177465429402 0.031453680469637584 -0.17694649225512638
vn -0.4138296908593683 -0.8936998986719449 -0.17333631494004634
vn -0.7583018108931947 -0.6518947026742191 -0.003414706633541497
vn -0.9457665104930693 0.0185600463676517 0.32431656187835034
vn -0.8972494439047928 0.1024466883388733 0.42947422677145336
vn -0.9368727444674935 -0.28984356661248106 0.1956020643227029
vn -0.9218569226289707 -0.169822197970927 0.34833925313890063
vn -0.8137714847524483 0.11440939434715336 0.5698126543776588
vn -0.7032470027081513 0.3095828557561017 0.6400016473446752
vn -0.797317693629912 0.22324224094515066 0.5607560942891886
vn -0.7251805656083748 -0.22378918506877585 0.6511770480523486
vn -0.4255933244961108 -0.6968705188125957 0.5772709954208788
vn -0.24322799037174725 -0.8168632451596762 0.5230435769674682
vn -0.3017064360028608 -0.7957310747961027 0.5251526283646409
vn -0.3731509127923281 -0.5427834956873842 0.7524257259634572
vn -0.15714131500308592 -0.4848422769262764 0.860368859050608
vn -0.1482151625993878 -0.4679667740866076 0.8712286519201553
vn -0.25913113668199456 -0.5190732541705851 0.8145023086564314
vn 0.019219923823923585 -0.6635854264760024 0.7478535794504595
vn 0.3910318266446732 -0.504304402761542 0.7699163460443313
vn 0.3115140249439286 -0.6156823733483587 0.7238053795125909
vn 0.48550714701468506 -0.6364086690592307 0.5993887020489457
vn 0.5837850527329802 -0.6761769006110733 0.4494216408736389
vn 0.6130843713865206 -0.57003390373254 0.5469816287198648
vn 0.4924447275119594 -0.05845801203275495 0.8683782880604803
vn 0.6477516258325722 0.29314929087599934 0.7031936607295021
vn 0.8642123783083658 0.2662876498770062 0.42688154410981394
vn 0.841607143124929 0.31758206694424956 0.43685128750698815
vn 0.819898892802955 0.005400151410391536 0.572482876551983
vn 0.6278182242822291 -0.5990276908557106 0.4970011095029707
vn 0.8288210123017453 -0.31729299169394903 0.4608480085548963
vn 0.9977370064199577 0.0474180847544769 0.047669605183583576
vn 0.8726544287328896 -0.3145607676412256 -0.37353148658960056
vn 0.5576034842537555 -0.8087477768464032 -0.18709726826993534
vn 0.48231824219375086 -0.870661598036748 0.0965271720875852
vn 0.7861069565651132 -0.6129602291151512 0.07947081453613414
vn 0.95206914626838 0.1845456328713641 -0.24394107918082525
vn 0.7641528115219545 0.5271560457593651 -0.3717216486330096
vn 0.7512104588743663 0.5067105941584413 -0.4229978962658833
vn 0.900642555413344 0.18040550876243602 -0.3953439512458589
vn 0.9622161896074224 -0.14730208976885875 -0.22900239912957313
vn 0.7434495535947353 0.22329347870590074 -0.6304147711048705
vn 0.7271308496745094 0.1802054542665285 -0.6624248800461982
vn 0.7794555061904423 -0.31467528088958047 -0.5416904849325533
vn 0.26535398388858505 -0.44282532774341576 -0.8564420542823622
vn 0.421000548258042 -0.817737058445821 -0.39251068980449977
vn -0.11082976610895712 -0.7115637256237204 -0.6938255020685854
vn 0.24524836754136886 -0.8263409906264886 -0.5069652901616905
vn 0.22498490626009204 -0.7831920632408107 -0.5796481553768108
vn -0.5496615303282293 -0.1320834340546137 -0.8248794872740925
vn -0.33574169660912834 -0.4270837875892455 -0.8395695036960598
vn 0.15978262101085966 -0.7999423878801665 -0.5784130791186151
vn -0.536579717380071 -0.38817506251154543 -0.7492678611421159
vn -0.0339310871551101 -0.6449626580138459 -0.763460445008245
vn -0.38510888665250687 -0.46117386042646996 -0.7993808953687931
vn -0.48626034962222103 -0.26682138174302517 -0.8320800578249776
vn -0.5369230013524819 -0.16608725799889903 -0.8271207368631558
vn -0.9007939017326851 0.2523918128617038 -0.35336768301811095
vn -0.7801652555544109 -0.1006902307897496 -0.6174169186613111
vn -0.8298962819572988 0.007578820553794793 -0.5578662229177035
vn -0.8834526509000776 0.3701190935981581 -0.28726863764028154
vn -0.8707847573994008 0.4817523050488957 -0.09822740381860152
vn -0.9433307641150104 0.33107459522129934 -0.022730637325942785
vn -0.8658256623989731 -0.47638151562559033 -0.15299207136856818
vn -0.38430643992906693 -0.8951928231785738 -0.22569530247353728
vn -0.3587685822796532 -0.9146018026617491 -0.1865171491764948
vn -0.6885314534532937 -0.5003110730627363 -0.5249888263347213
vn -0.6360503409498661 -0.7083923788128912 -0.30597418423352696
vn -0.6630615571623335 -0.7344788290337407 0.14453449800890614
vn -0.5675026960967244 -0.7651732219469036 0.3040569524584881
vn -0.7305269246960622 -0.6511250739345166 0.20583136395575
vn -0.7428911677590855 -0.635185339809115 0.21131090117909543
vn -0.674499996066617 -0.6947847086070975 0.2496476797246156
vn -0.8396087312045123 -0.2467152632136213 0.48393052950044674
vn -0.7133755072773392 0.06326422081926193 0.6979204997569068
vn -0.5061870158326992 -0.07437502506117641 0.8592107195848617
vn -0.5456865403760855 -0.08022943100677218 0.8341399391305444
vn -0.41187040157706883 0.022597818329573954 0.910962189616829
vn -0.5374500105657656 -0.19938447886763008 0.8193859382058872
vn -0.46433249405645877 -0.1416876622933824 0.8742539341159095
vn -0.23141427612418355 -0.3156597949726667 0.9202208032009135
vn -0.15815521706261715 -0.15188515118686935 0.9756627635432329
vn 0.023177534850006887 -0.19653433992249764 0.9802229619374894
vn -0.0017793732542956053 -0.6072776265609682 0.7944877079661455
vn 0.3402522560328581 -0.2658745988257754 0.9019640236527083
vn 0.3553515155719731 -0.3525797803189437 0.8656863166822882
vn 0.4742293661388132 -0.10807690782004459 0.8737424622207833
vn 0.6122462851562158 0.2164022064527338 0.7604765422778024
vn 0.5925390605141219 0.2826627735960775 0.7543203684032497
vn 0.38410885065552774 0.22167343434267317 0.8962819195737545
vn 0.7150412672787391 0.07144638025891002 0.695421743143191
vn 0.8843569642817917 -0.19570009160906254 0.42380919512263815
vn 0.8780146769779464 -0.11151356164375414 0.465462085008905
vn 0.9486531887044761 -0.24094060753652793 0.2049506067343025
vn 0.6729744673800773 -0.7329118252917377 0.09972774238914023
vn 0.3366246559986728 -0.8416414953204335 0.42228359467135346
vn 0.6544318597294876 -0.7417353167336274 0.1467912152721334
vn 0.8167247864290317 -0.3658550124881925 -0.4462182572124511
vn 0.869399246121887 -0.291564821046062 -0.39891716680417794
vn 0.8837990163508349 -0.45019030564624646 0.1273891180573762
vn 0.8174684608403682 -0.47459286246158255 0.32635399558117995
vn 0.925480170654085 -0.3494504628679454 0.14618764560476505
vn 0.9627801395517999 -0.09021213107691856 -0.2547865269027733
vn 0.7990587284236207 0.01871192439023604 -0.6009617395605484
vn 0.6677324127132008 -0.22902655434455516 -0.7082939096288122
vn 0.7273860326265741 -0.6273872638848489 -0.27801938899086803
vn 0.6298705477497942 -0.7214543977568639 -0.28769192730185333
vn 0.4062949109482873 -0.6222641450411427 -0.6691126804460809
vn 0.4609549126884219 -0.7711937563574436 -0.43906805693844914
vn 0.04947389982601325 -0.7368385117997861 -0.6742561388409318
vn 0.16188404066524018 -0.8628196174883295 -0.4788902432240476
vn -0.011808539528842548 -0.9123898580859048 -0.4091519341958174
vn 0.06609465098626081 -0.8961403853141803 -0.4388210420204993
vn 0.3412586537629795 -0.8678548557413563 -0.3610685261803199
vn 0.03200953168229701 -0.8339511978738186 -0.550909057328252
vn -0.5882124782976306 -0.3428458204725603 -0.7324362250458784
vn -0.03499055593211982 -0.7427840104209807 -0.6686161640720975
vn -0.05427819554155096 -0.7960215900413635 -0.6028295826158273
vn -0.2815117246821019 -0.6071995511565645 -0.7430073040971906
vn -0.05998175335833016 -0.712596311179595 -0.6990054982310898
vn -0.5664703407629257 -0.6722647734871569 -0.47662503854098603
vn -0.12736283486259425 -0.9013822847123318 -0.4138703723420419
vn -0.5295469852195219 -0.8256504081980934 -0.19463143088216037
vn -0.5067908742902598 -0.8293424810404166 -0.2352744331155429
vn -0.3168034231817719 -0.8446090754301396 -0.43159135853415304
vn -0.5649891513557193 -0.6914794466887227 -0.45015934251929274
vn -0.9257410924104141 -0.319164013398057 -0.20282446197245962
vn -0.9907556344247364 -0.04087173635552867 0.1293552241810217
vn -0.9586346241861362 -0.08689630860415787 0.27105108164786224
vn -0.8718700185107198 -0.48807643591054833 0.04029967159882765
vn -0.5046622131275914 -0.8540540293865044 -0.1261259906991306
vn -0.9239816021744834 0.3018131836517385 -0.23487613973555652
vn -0.9983821372597809 0.026496702437134145 -0.0503093705044095
vn -0.6655242548542025 -0.6528267963857899 0.36179364300858735
vn -0.44870543137659763 -0.8549970919242191 0.2600834647844225
vn -0.61573396221746 -0.7832762358372751 0.08573229347554524
vn -0.5054983448640474 -0.8415147582213656 0.19058944103844125
vn -0.41728374278257474 -0.8968778830650835 0.14657537609728477
vn -0.512705983923461 -0.8584623373495076 0.01322835596346085
vn -0.46478819026926005 -0.8444833010426342 0.2661200714834598
vn -0.5773157579165832 -0.5939973101439855 0.5602443317008312
vn -0.7060281109076785 0.0009004204275032169 0.7081832360704313
vn -0.37823378276893244 0.22023008319601411 0.8991317567674832
vn -0.261809167899911 0.03721646186140279 0.9644018325211099
vn -0.6131546384877818 -0.1451711031988803 0.7765093303347602
vn -0.06884696519731232 0.040136442667678275 0.9968195229594493
vn -0.22386376750106063 -0.19450046287475556 0.9550154886397061
vn 0.044591603148246665 -0.24624312592296316 0.9681817555936266
vn 0.1685970280705385 -0.2190475171185417 0.9610375785420591
vn 0.07920919932799547 -0.28605040290363054 0.954935112843008
vn 0.5379684527884125 -0.3270308947352046 0.7769432010727251
vn 0.10978516467314693 -0.4658143041444475 0.8780457002184534
vn 0.4517047182378599 -0.06271766230511432 0.889960303809466
vn 0.7728708318932008 0.0920845113104177 0.6278464143287221
vn 0.5330049557167873 -0.5201635518430925 0.6673346960224112
vn 0.4580663324870743 -0.8319041515141506 0.3132263043477702
vn 0.549368325314753 -0.8336517862706279 0.05673748662617257
vn 0.30815744955864327 -0.9369207193571631 0.1649804592088645
vn 0.4849755100788736 -0.8630293488176396 0.14134743613924264
vn 0.9216679915149601 -0.38226216967037663 -0.06636073429126339
vn 0.5787594984837576 -0.6690347872100546 0.46629378766784596
vn 0.492531689039594 -0.7506954104668584 0.44030550302693205
vn 0.959225110269603 -0.23386277066019193 -0.15873056519589002
vn 0.9265037668237891 0.2227388892723811 -0.3032790089456171
vn 0.9789508346441937 0.19293516411719572 -0.0665679036511365
vn 0.9680835422603143 -0.17444935112935575 0.1799491014016713
vn 0.8025819810142769 -0.5842805614661298 0.12032617854823964
vn 0.5286716234399172 -0.8374027032209996 -0.13879130811244964
vn 0.24980603956949193 -0.9012046206819401 -0.3541569909745197
vn 0.17176865249207957 -0.8949164856535048 -0.4118495037348422
vn 0.41081571850363413 -0.8796961961684612 -0.23951001623540355
vn 0.3947785756545915 -0.9038531096761935 -0.1649225040217583
vn 0.3887321973119762 -0.8853976781456793 -0.254869045408113
vn 0.4595162585961988 -0.6676963590234781 -0.5856845398612993
vn 0.2687017312725236 -0.6615720369455863 -0.7000870085516631
vn 0.03069072879336319 -0.5286980450140855 -0.8482549477394259
vn 0.19635880117839521 -0.5581689512328993 -0.8061579516939275
vn 0.18685672183970037 -0.21410535845232942 -0.9587718503300565
vn 0.44803178044907876 -0.3835241175813569 -0.8075746249982536
vn 0.2122497395556616 -0.6085754592734993 -0.7645822116872739
vn -0.4187003700862662 -0.5344268716302041 -0.7342192581029028
vn -0.4209662620230043 -0.49398731532596973 -0.7607653636538799
vn 0.026650006052127917 -0.5941810630340573 -0.8038896948643759
vn -0.22820703514790372 -0.4244342414617762 -0.87622892201968
vn -0.31899544293417426 -0.5056614827722492 -0.8015911502928411
vn -0.6094973071327798 -0.634078679806204 -0.4758752571978408
vn -0.5312151382586698 -0.7385677792262326 -0.4151242131864308
vn -0.4230245048765764 -0.8775637735479779 -0.22568139407173265
vn -0.4501798990755627 -0.8763054499828381 -0.1715424635438456
vn -0.2577706817158466 -0.8528757505243284 -0.4540454050150835
vn -0.2884678466926711 -0.8521854057831793 -0.4365390424631592
vn -0.45136234408095033 -0.8650537775999474 -0.21898400901849077
vn -0.665959911016682 -0.7451234642919298 0.03589456616601521
vn -0.9172333967239278 -0.3655258076173007 0.15834702365376443
vn -0.9887342060879184 0.14853297480320557 -0.018510135272440106
vn -0.9426440397084297 0.3010471101468185 -0.14419726722244744
vn -0.9761613265212596 -0.16215293531098451 -0.14427574354092457
vn -0.9727333998548687 -0.11406047893684602 0.20194043664280106
vn -0.7044770627373178 -0.248399224675449 0.6648382459347812
vn -0.7628249428251379 -0.3867713759440265 0.5181756549223335
vn -0.9055636542091996 -0.4181862481309711 0.07123713953706372
vn -0.8367745877900749 -0.340683430497947 0.4286526442387831
vn -0.6350662160913957 -0.5002390780645352 0.5886015341098768
vn -0.4226788522930477 -0.8991994735490932 0.11306146378525968
vn -0.22760020635122666 -0.973586101223745 0.018117659143132524
vn -0.2955653910417658 -0.955310744133807 0.004741493524207163
vn -0.4674458166577306 -0.8830594942572324 0.04123515601217304
vn -0.39400529615148816 -0.8124258467432467 0.42979538172029796
vn 0.04948573963539833 -0.489035698903018 0.8708589132409303
vn -0.44930712498135916 -0.7617187688103741 0.46680576761967396
vn -0.2059707661930884 -0.7323950005339475 0.6489788953939187
vn 0.1601395584343267 -0.6347104817257531 0.7559748185038448
vn -0.005292041350750641 -0.8863604871700708 0.4629655290429049
vn 0.25753742848801625 -0.8683911098221307 0.42375860263795023
vn -0.11243835198304677 -0.93422485284549 0.3384989532172277
vn 0.5062422252026417 -0.7888060361239466 0.3485740191068534
vn 0.07431018217844859 -0.9637460533969695 0.25626459253352085
vn -0.16239838369575238 -0.9618806878933629 0.22002796920118614
vn 0.26039716739299973 -0.9218876410677835 0.28690850886681535
vn 0.6830048614607658 -0.645688300423162 0.3414542105723818
vn 0.7226348273963741 -0.6306441212149926 0.2829962872738484
vn 0.8513969853771888 -0.5100877925838601 0.12220317977679553
vn 0.7670192220280947 -0.6010793524152958 0.22446631181410132
vn 0.3676939507451261 -0.7541053687700782 0.5441748353034946
vn 0.8655907087779883 -0.15823066549216588 0.4750955497319737
vn 0.949335818004742 0.21958907052248056 0.2248158018475132
vn 0.8247918581497989 -0.4475137046807718 0.3456152121257006
vn 0.5470259642970287 -0.8232146882866855 0.15192159614077697
vn 0.8193973289391577 -0.5680761924002304 -0.07666457431845655
vn 0.9841623412549022 -0.1288958801836891 -0.1216977326302406
vn 0.984031461139966 -0.1393903823510564 -0.11069058132817818
vn 0.8319926829679393 -0.5091281515942444 -0.2204012267253476
vn 0.4881816127655836 -0.7901499140764333 -0.3705965815311833
vn 0.35541687060613397 -0.8000409152248242 -0.4833356825796831
vn 0.5949941374748795 -0.5906416870329553 -0.5450911611000392
vn 0.7514552555479546 -0.4259792910498752 -0.5038418824452808
vn 0.6358140667999694 -0.6678971011184749 -0.38685130835609377
vn 0.6230637403837318 -0.7229666678214 -0.2985142754346184
vn 0.567650430633152 -0.7409610660549368 -0.3588170664736117
vn 0.32690855349803855 -0.7337072973025431 -0.5956545975100149
vn 0.24155167300827854 -0.31360680586274053 -0.9183156105519882
vn 0.44067346863214285 -0.01791397288310808 -0.8974887094661742
vn 0.2579061656132926 0.09749579312968036 -0.9612382535358563
vn 0.324853416473273 -0.08309482686279991 -0.9421069512291497
vn 0.0057823663278748615 -0.06622046304673612 -0.9977882613628637
vn -0.39023921348927004 -0.14733532242996789 -0.908848534696367
vn -0.39869522670940455 -0.03940799795034956 -0.9162363919298784
vn -0.03298022218066264 0.04651962210184473 -0.9983727909475577
vn -0.2162815665815607 -0.028816693002496646 -0.9759056727785866
vn -0.5769093719337719 -0.26136079823089114 -0.7738644000876979
vn -0.6553757105415037 -0.3693633329483813 -0.6588272962662387
vn -0.8669580206905162 -0.05372771611906314 -0.49547666229703685
vn -0.8913521010607139 -0.29956983982192625 -0.3402195511779363
vn -0.832314302356406 -0.4372383899074059 -0.34069853607573386
vn -0.5093020699528419 -0.6333016632272528 -0.5827009566624598
vn -0.3348431888547365 -0.882134080803833 -0.3312393430164475
vn -0.26276210253106663 -0.9584478250275058 -0.11105784156689269
vn -0.3292942341984382 -0.94147854953122 -0.07199616723308622
vn -0.60904330223298 -0.7669348146896235 -0.20218122074549766
vn -0.8817071261032073 -0.29090279150722287 -0.37144058700164667
vn -0.9174138387178954 0.06062621675885375 -0.39328909261560224
vn -0.41562664215536566 -0.9085919196864768 -0.04141518816929977
vn -0.5132906611675789 -0.8417666244993529 0.16721736463990494
vn -0.5309014865380961 -0.6267336546727377 0.5703933184147525
vn -0.8043380568410974 -0.3755292086502552 0.460454236344504
vn -0.9707088109034122 -0.2400180755453783 0.010757687761624042
vn -0.9520194160520878 -0.0746853741857914 0.2967846464063969
vn -0.65816432039531 0.14611026600730498 0.7385604359332107
vn -0.5418020567449903 -0.0033416839348056823 0.8404994732035102
vn -0.48106181911824125 -0.5497251186162652 0.6829215329369704
vn -0.4716956366692926 -0.8476108401138942 0.24302076057112706
vn -0.45212769166059996 -0.8917705349164236 -0.018051689354008204
vn -0.40010412901160003 -0.9163805102901639 -0.012784612164934865
vn -0.11266470471467008 -0.9037294800145218 0.41301294321635773
vn 0.07937327549092021 -0.8562838194289742 0.5103703593685379
vn -0.2862399534628071 -0.9501505547687308 0.1236147738511999
vn 0.15591452732522154 -0.8761166174970013 0.4561911142433243
vn 0.21872879417982435 -0.8386203590383571 0.4988723363777723
vn 0.42641602777398563 -0.8243199956875659 0.3723787265232898
vn -0.1454655113028527 -0.939613243742454 0.30978498544181143
vn 0.2421061878779464 -0.8454601887411817 0.4760059485394421
vn 0.697683236791648 -0.5817827762896856 0.4180513154058897
vn 0.0609463892674419 -0.9378393174659111 0.34167667794325
vn -0.11928475095896988 -0.9667581476058263 0.22616328664575
vn 0.009783658101290262 -0.9549981260279128 0.29645043315423186
vn 0.4586390972240713 -0.7157857604268207 0.5265936988492048
vn 0.8641481813951922 -0.10119496073219131 0.4929579094748272
vn 0.9244994567576987 0.2222183357909977 0.30970916307561736
vn 0.8931212245972635 0.0414248808354556 0.44790451819740884
vn 0.5118639549810958 -0.6095804668168704 0.6053155756020467
vn 0.701062813942032 -0.6557643557985738 0.2801500322537216
vn 0.9181819161615657 -0.3733930072859415 -0.1323617427500716
vn 0.7981795953777011 -0.5819090216641144 -0.15585642119785276
vn 0.5106236365837661 -0.8588344500551294 0.04082755393694101
vn 0.4063961469837703 -0.9087739506211041 0.09472105568065003
vn 0.3647794168779717 -0.9307454929865158 -0.025471637313970803
vn 0.2893879142499051 -0.938498922971278 -0.18834650691701307
vn 0.3470777016636467 -0.8920608865542589 -0.2894208763857756
vn 0.7320094959947412 -0.605712494519284 -0.3118885566300105
vn 0.9289027529027737 -0.10837531924162196 -0.3541108100989364
vn 0.8002576797620979 0.10715237219184186 -0.5900050975334403
vn 0.7470340691460385 0.07028155738786546 -0.6610602107419927
vn 0.6428750788536088 0.02604925087919281 -0.7655279678219464
vn 0.652652665081349 -0.4883126796342036 -0.5793058135999293
vn 0.48414083127970264 -0.5406312809917927 -0.6879865358427965
vn 0.6825047868876539 -0.320128030072762 -0.657042814614977
vn 0.49715674124750936 -0.24701385300019557 -0.8317567739779189
vn 0.2410807734925595 -0.3022645682254049 -0.9222343473584894
vn 0.18581536201906357 -0.30630570303379584 -0.9336216940103182
vn 0.09756344061388746 -0.29793033766129845 -0.9495887999321627
vn -0.32904630811729735 -0.3248740724011073 -0.8866709447116764
vn -0.2438287924613581 -0.1897935749913474 -0.951065675365713
vn -0.0076908745817456355 -0.09747407823293884 -0.9952083472925691
vn -0.4934612503790839 -0.2813373203030144 -0.823009906732009
vn -0.6393861243719929 -0.5682000579284335 -0.5180097278340313
vn -0.4594066680335264 -0.5697007106409224 -0.6814591797470785
vn -0.7589597749026958 -0.20929511021049063 -0.6165838279760733
vn -0.9383800821390785 -0.10047370404809496 -0.3306778738281595
vn -0.9198247093844819 0.03567721655748162 -0.3907040314924636
vn -0.908931673624457 -0.13648296908430052 -0.39397412584099695
vn -0.7667789569013849 -0.6393139453870443 -0.05768631108742493
vn -0.4704115351454966 -0.8814224527112101 -0.04251408541426975
vn -0.3828415869659063 -0.8874447939444796 -0.2566594182769582
vn -0.4404016411628088 -0.7773139435266153 -0.4492543017715093
vn -0.5021963664402909 -0.7244731114030433 -0.4721625995228367
vn -0.5904891454560844 -0.6316226681900585 -0.5023697583722714
vn -0.32735564475587314 -0.9432235717280112 0.05628121874231155
vn -0.19564545015008128 -0.9775840570332234 0.07779633198316886
vn -0.2168794689003826 -0.9486054040508736 0.2304584200565627
vn -0.4481304779470168 -0.8821060451828118 0.14514819939261275
vn -0.622694488905622 -0.7672650175691514 -0.15347953056084127
vn -0.6557161897195644 -0.7523406250280137 -0.0634023853818913
vn -0.6458795587993378 -0.5879909324524112 0.48693557980385516
vn -0.5327415562219773 -0.14486272893876753 0.8337872774506688
vn -0.5389642806375171 0.12243859676439499 0.8333824417512342
vn -0.6200234401282323 0.18012193157189588 0.7636275423649684
vn -0.680276456423794 -0.05637596571874937 0.7307843001356588
vn -0.7026347691107906 -0.5433738961601585 0.4594009035780789
vn -0.579873913595066 -0.6963940192035883 0.42282574939260037
vn 0.2505000152663855 -0.43077118792220326 0.8669982272228901
vn -0.17835268193474085 -0.789761654300829 0.586912983535637
vn -0.4137938852521948 -0.7720178842047795 0.48245518651566943
vn 0.12433878456392475 -0.4503682300664839 0.8841427056759267
vn 0.5441271060824336 -0.21195434011116976 0.8117887965070686
vn 0.09331999533917006 -0.3005727469866667 0.9491824915361569
vn -0.10139338923131576 -0.3615310877641332 0.9268304338983856
vn 0.7461403797596521 -0.07408601978601527 0.6616538334842385
vn 0.6642803613865232 -0.02025322821907861 0.747209079323114
vn 0.575405069565175 -0.06489709858558558 0.815289747582949
vn 0.4808127969060219 -0.3755461345064059 0.7923283127521731
vn 0.2379859328879876 -0.7123780520002441 0.6602122437336131
vn 0.29140531874228387 -0.778033550748639 0.5565489503342657
vn 0.6536385319150819 -0.6712380547191344 0.3495656497609125
vn 0.8460643722734227 -0.5323099390303878 0.028656705655812405
vn 0.5563690514685918 -0.8303497213231231 -0.03119004434994105
vn 0.09293711983103563 -0.9919843133792866 0.08561433155107288
vn 0.1462589525184267 -0.9838876877953489 0.10282673102328366
vn 0.6588327671862199 -0.752212380907298 0.010766563589293452
vn 0.9204548651760994 -0.3744039855683656 -0.1121806434469499
vn 0.8245823360062351 -0.5169654473975253 -0.22980578178883393
vn 0.4798181232711326 -0.8249100832507872 -0.2988275809421671
vn 0.2932575668329715 -0.929443903824908 -0.22390629544057128
vn 0.4829279828246042 -0.8752835479692566 -0.025676332668602697
vn 0.767115183687303 -0.6354429191749921 0.08801472278408608
vn 0.800030183415615 -0.5903886045771951 -0.10673800264839817
vn 0.7400745820350646 -0.6231194198203174 -0.2530055368335152
vn 0.7773502438950105 -0.31392124173629055 -0.5451422312599833
vn 0.54681827000163 -0.16014881831051947 -0.82179202696678
vn 0.4114370153537641 -0.4074922010474502 -0.8152727693737175
vn 0.6293889380766058 -0.4503827164180473 -0.6332653262090887
vn 0.5932776943074689 -0.5425589098458767 -0.5946859732531677
vn 0.15798060351741414 -0.781688678100155 -0.6033282186689977
vn 0.16500331798947068 -0.8597945746818381 -0.4832465151453683
vn 0.2479450684436672 -0.7581270877408719 -0.6031306341647797
vn 0.04041886659247225 -0.7885139500785829 -0.6136872703216596
vn -0.3785922502354394 -0.8396249954184145 -0.3894839857173767
vn -0.03226005293001819 -0.9267736097485919 -0.3742325016063105
vn 0.1982104646715342 -0.8744190412198963 -0.4428362587308899
vn -0.44060456980838564 -0.8315173430567661 -0.33829945500958725
vn -0.482113939030992 -0.8261674838400952 -0.2915706405613346
vn -0.18212694316602174 -0.7260158216223758 -0.6631220123981615
vn -0.4351608119325364 -0.6299579088756132 -0.6432636324270791
vn -0.8335412725332332 -0.4599537840942203 -0.3060252660828607
vn -0.8308263534203459 -0.26858401664289944 -0.48743224807784014
vn -0.9713621616508111 -0.162073982755543 -0.1737457194489101
vn -0.9421094677992059 -0.3043747253373596 0.14066192540593175
vn -0.8540301866950022 -0.5133627621844331 -0.08420875617219885
vn -0.7499438353803929 -0.49179824069002837 -0.4424011010713457
vn -0.7131273778095923 -0.5124460481466843 -0.4783810100299352
vn -0.5918989270933245 -0.7338105550992216 -0.3334332456890643
vn -0.3626756703962581 -0.8866162983850332 -0.2870155005233103
vn -0.7564666917910586 -0.5442820227829502 0.36265027765878166
vn -0.5261309035312519 -0.7837863994332049 0.32994719640106207
vn -0.30931356830127515 -0.9051992975413372 0.29144355919354586
vn -0.2745047487735537 -0.9598568601203396 0.05763636855919459
vn -0.31275540252430933 -0.9292816419351209 -0.19651892568967244
vn -0.3341044811715503 -0.9157283979249805 -0.22319430300712778
vn -0.39154175215197257 -0.9196749994035675 -0.029882299004787113
vn -0.5540621822851074 -0.7753601594885223 0.30303749147489584
vn -0.7010382502769056 -0.4309669787702256 0.5681662035517059
vn -0.6562542172103549 -0.2205593089462932 0.7215843634882605
vn -0.4344877880516187 -0.252654253379508 0.8645150029254871
vn -0.4945113670943075 -0.39886424042523716 0.772247256728386
vn -0.7015774889912716 -0.4534582822045458 0.5496950183882009
vn -0.009978847757305781 -0.3775279887738276 0.9259444045350808
vn 0.15580345356839367 -0.2492796725334382 0.9558163676762307
vn -0.5753544581064299 -0.4116890737095058 0.7067385330695259
vn -0.17753228621045875 -0.48163137045660737 0.8582036531878537
vn 0.4519634860042487 -0.36955955764974213 0.8118834526387481
vn 0.22988607819042908 -0.27233209423628557 0.9343380659606579
vn -0.02282087098089967 -0.43945478733564464 0.8979747756677002
vn 0.6217704502478808 -0.5357832983734471 0.5712598046271217
vn 0.5347359238726592 -0.541177040275863 0.6489875983393756
vn 0.3568314384090735 -0.39327616273218813 0.8473518657497352
vn 0.6567047817198126 -0.18107758415007205 0.7320858817001643
vn 0.7822800250340705 -0.25466209557837693 0.5684937814157017
vn 0.6411079752690695 -0.6642872083010452 0.3843215696965211
vn 0.4048650551757002 -0.9093801354482397 0.09545709166802933
vn 0.3866199847968811 -0.9121720187579846 -0.13589406002707574
vn 0.451603988407289 -0.8639105740798081 -0.22296268218633705
vn 0.41596090956700443 -0.9092958605178535 -0.012552280959528376
vn 0.3083804919047704 -0.8897358986443632 0.33655832017063453
vn 0.4252624176482871 -0.8056195903854105 0.41246690985238693
vn 0.7217069329367499 -0.6747070608077765 0.15462692212923607
vn 0.82724488068359 -0.490278394730131 -0.2743957052208338
vn 0.7712218790216838 -0.4064639821911795 -0.48990187231684645
vn 0.8510459654392576 -0.3705195185435051 -0.37206995456211067
vn 0.9530535375064608 -0.29364809500968825 -0.07389012751107019
vn 0.9045143552410064 -0.4203795115116229 -0.07165784998306624
vn 0.6032791136168021 -0.7779737112936753 -0.17553123827305125
vn 0.5753389673696293 -0.8168044199242627 -0.042610001387436994
vn 0.6697609958236659 -0.7177418403511518 -0.19043859662009965
vn 0.23291979144382657 -0.8245364220212147 -0.5156433452631943
vn -0.0039620170850496045 -0.822399606888914 -0.5688964659844332
vn 0.2675763695055871 -0.9114675022634244 -0.3124578032309067
vn 0.032417040617139334 -0.9801435560951368 -0.19562143267752197
vn -0.010485297772669856 -0.9934223078614162 -0.11402708789544869
vn 0.1777208028973378 -0.9601891195061825 -0.21552765715672675
vn 0.23591757129876176 -0.9384485606164173 -0.2523037824319487
vn -0.07809240247381968 -0.9718870962805127 -0.222119447053383
vn -0.451772627759384 -0.8673150492261099 -0.20896434670366987
vn -0.20087936467114736 -0.9670622323048148 -0.15632696408151994
vn 0.31625664904544076 -0.944271763313708 -0.09128290608306448
vn -0.02327116512770661 -0.9907141642726371 -0.1339548341164626
vn -0.3263012183563187 -0.8936079179454017 -0.3082083773755447
vn 0.03723325985343171 -0.7791116901600746 -0.6257784421155771
vn -0.1964838306341782 -0.8040078676103961 -0.5612178303652722
vn -0.7193908866651516 -0.6774704025316238 -0.15333168582118586
vn -0.3640906274240005 -0.8617447159511837 -0.35331863742549924
vn -0.6935729457406423 -0.6972792818010672 -0.18099218797405472
vn -0.9495155637665684 -0.26072924852395724 0.1744719264786978
vn -0.9495715905671664 -0.31135337924156253 -0.037052228308177844
vn -0.7635837168402932 -0.4418299777474283 -0.4708780926525142
vn -0.7856245466733127 -0.41775583315811216 -0.4563706120322861
vn -0.884058513136119 -0.4350097369365392 -0.1709007727365722
vn -0.7987504129758994 -0.5977542493401576 -0.0684663067984168
vn -0.4959469378391691 -0.7627521662251734 0.4150250206514741
vn -0.6260604262609484 -0.608897745634327 0.4871261418066105
vn -0.6428496787617081 -0.563563282874925 0.5187877376260991
vn -0.72132177335929 -0.6145420770625353 0.3194259457174291
vn -0.7055252878163855 -0.7086389748935173 0.008054285410341845
vn -0.5805203845322229 -0.8001736903009075 -0.15072540758872577
vn -0.4648358254901693 -0.8717230016882269 -0.15500536657980674
vn -0.39228412564191817 -0.9164069903877484 -0.07944427441814203
vn -0.2876583401396371 -0.9567795607432676 0.04272647296499937
vn -0.05331846092951503 -0.9862581152337391 0.15637158264755352
vn 0.13729212784701633 -0.9715643842736014 0.19290805800250108
vn -0.12017063264534661 -0.9845927532250097 0.1270280651919567
vn -0.4564931215020529 -0.8851608271359389 0.09002410857838314
vn -0.0633956257629531 -0.9646293952637387 0.25587325852311676
vn 0.2109669419514108 -0.8626966960314307 0.45961653588630075
vn -0.3680674626410642 -0.8462421651925273 0.3852279076017626
vn -0.13584901493329243 -0.9303813645780132 0.340493115330704
vn 0.2321190639015982 -0.9028903066927075 0.3618146407399708
vn 0.09940703395829656 -0.8132311255122029 0.5733876333666169
vn 0.12030367543528754 -0.8884820930942635 0.44286182487046427
vn 0.45863858655902046 -0.8770768793609794 0.14278233297418053
vn 0.2544618566482691 -0.9312249493508302 0.26090085706578137
vn -0.08466511843648093 -0.9063086380018144 0.4140488744139182
vn 0.06461090661087737 -0.9471780159293448 0.31413251485172633
vn 0.34741689918626184 -0.9272212758987091 0.13986494800546936
vn 0.5012804349244618 -0.8652815359889058 0.0024060421073329582
vn 0.5136853429006305 -0.8539087726670768 -0.08346961393985439
vn 0.530441456009445 -0.8397501000462992 -0.11598116751787933
vn 0.6570242817652677 -0.7530625066259109 -0.0348705360603198
vn 0.7953589998263302 -0.5615555533621552 0.22816533891759952
vn 0.7739005755592032 -0.42248991517965173 0.47178402974308525
vn 0.731865656422183 -0.4802483696788067 0.48346061304988996
vn 0.7220517822827697 -0.6569547498392198 0.21691399301558179
vn 0.6363181452777258 -0.7435849286709306 -0.2053793364575951
vn 0.6021629486307333 -0.6949270864873539 -0.39303451217741486
vn 0.7673059720511761 -0.5952790989994587 -0.23850438056562465
vn 0.8470894328350601 -0.5263337635894595 -0.07356807789341194
vn 0.6446485462732386 -0.7210955556414081 -0.2538689650627049
vn 0.3515850095260247 -0.8846626502476106 -0.30620250869883275
vn 0.5591724332771169 -0.8287732927180546 -0.021471356273470327
vn 0.5668745177573868 -0.8237991531635769 -0.0028699066716242902
vn 0.011937303763938506 -0.8948189241553499 -0.4462696424274337
vn -0.21611766500592666 -0.8385724418886555 -0.5000894065837466
vn -0.12495430299661694 -0.9655328788697832 -0.2283258241725145
vn -0.1517487944322366 -0.9854383669628001 -0.07670416094354181
vn 0.0816553376313909 -0.9942021871598752 -0.06996010922536074
vn 0.30160441631236967 -0.9454187040847958 -0.12336227149132685
vn 0.0874263367272873 -0.9926956535296512 -0.08313828907179781
vn -0.025256564850671955 -0.9992288951060754 -0.030061954644301184
vn -0.16248193520298443 -0.9699727378663182 -0.18097654137708477
vn -0.5647074629791838 -0.7320399348659177 -0.3810813758465722
vn -0.04035887884944905 -0.9702077550601044 -0.23888924822864666
vn 0.26527170001712735 -0.9618191360462844 -0.06734147834137615
vn 0.13102264603730462 -0.9835770652193425 -0.12413389142328832
vn 0.2568014238600945 -0.921523561861729 -0.2912856907523952
vn 0.18620541260116502 -0.9351812384294658 -0.3012699713007597
vn -0.5511167079621874 -0.8344229505508208 -0.002951914460749077
vn -0.387454834344628 -0.9218727273715966 0.0054245618653052784
vn 0.03809296306213069 -0.979692569690476 -0.1968537402703314
vn -0.6384286177544805 -0.7626469603629173 -0.10381962185110426
vn -0.9786621891839137 -0.19901911840375197 -0.05110489185530773
vn -0.9129126469124915 -0.2874464032026987 -0.2897672590080874
vn -0.6727069696403879 -0.6115955187175403 -0.41643277306411536
vn -0.6153638832999822 -0.768292470944911 -0.17622136709073916
vn -0.7620446058815871 -0.647052345357814 0.024724097834474535
vn -0.47474201241875164 -0.8126398107262665 0.3379889934115781
vn -0.38464435286434834 -0.870078370205028 0.308240736293776
vn -0.5114553569129806 -0.7986273166991715 0.3171873687694653
vn -0.6767222285848763 -0.697409808695286 0.23593766989339196
vn -0.7397752996416861 -0.6590897437486898 0.13540020578027168
vn -0.6881644837570401 -0.7190660951102282 0.0968173236478622
vn -0.5392238406974544 -0.8346124150942095 0.112515626444052
vn -0.2978382790540454 -0.9466464190115872 0.12309718478772488
vn -0.009275734410141756 -0.9944788202053028 0.10452672822882046
vn 0.21122175946711302 -0.9738691079786597 0.08345255449934691
vn 0.19992121546947633 -0.9791293491890777 0.03656808939198834
vn -0.17429594783464564 -0.9824680735542328 -0.06616197559820043
vn -0.2807492359326618 -0.951836123928836 -0.12323903483619283
vn 0.06557965322251383 -0.9901147550645278 -0.12398419611678253
vn 0.12028880822091456 -0.9892472940953551 -0.0831889039584605
vn -0.23677385998514056 -0.9691642977656999 -0.06825469334818389
vn -0.15160782962969624 -0.9884394024914462 0.0016166624031286416
vn -0.06696093935695122 -0.988944486863789 0.13230659281438628
vn -0.05643001875519534 -0.9671177150961053 0.24798987505657746
vn 0.21547017600066581 -0.9744745315888117 0.06302372996743573
vn 0.3920660967008146 -0.919648958002194 -0.023021074329098667
vn 0.10335364173407191 -0.9711831193892123 0.21475887258445048
vn -0.06548473056220074 -0.9647596805307516 0.25485389713598317
vn 0.01962995187720033 -0.9991011777725813 0.037569955586073886
vn 0.04563151042728094 -0.9960604561724545 -0.0760350768109469
vn 0.12626223503261316 -0.9892803020310269 -0.0733643783996662
vn 0.32097557073755406 -0.9470307197513139 0.01036816459213785
vn 0.5791511410350617 -0.796558303289517 0.1734324805170932
vn 0.7589027997674231 -0.550614007786786 0.3476934784176139
vn 0.8090589066411741 -0.3845972130237519 0.4444194745046066
vn 0.7995891948973518 -0.40482519952816803 0.44359179121167686
vn 0.736089856126931 -0.6085163710288686 0.2964448513583775
vn 0.5455716884673864 -0.8377303536841666 -0.023651369073402716
vn 0.35330911761150857 -0.8951775847871536 -0.27171632101737236
vn 0.36877735893231645 -0.8885653481027814 -0.27286421841254416
vn 0.5461774550010308 -0.8345262532918648 -0.07249910492716251
vn 0.5620774049380152 -0.8260096339042341 -0.042155373981733135
vn 0.290950093820061 -0.9077679643647605 -0.30216777753287427
vn 0.17638300360141346 -0.9218313098420103 -0.3451319635088983
vn 0.4583425091988196 -0.8882794720726769 0.02969383362950018
vn 0.4568062482560968 -0.8827068917579701 0.11025694897453175
vn 0.03417619713590808 -0.9341149393800994 -0.3553326154129971
vn -0.2569262954915001 -0.7507330101782659 -0.6085957822016959
vn -0.27733248654703757 -0.779955332643087 -0.5610315240583621
vn -0.05917817420034792 -0.8732509114135107 -0.4836639219683294
vn 0.4533669609762135 -0.773304455474913 -0.4432365258390162
vn 0.4546878025384187 -0.7661697244132568 -0.4541397974360956
vn -0.1729491686150979 -0.8810464322524484 -0.4402791947055623
vn -0.23649600289157374 -0.9465770181806998 -0.21922953557503144
vn 0.18040352680919314 -0.9820696505304529 -0.05471534539595281
vn 0.0398745878346053 -0.9750611339244579 -0.21832499251109722
vn -0.5554113482783273 -0.681846928304018 -0.47602836109419566
vn -0.4108249581616104 -0.8076309633520774 -0.4230308272295368
vn 0.038067025075522995 -0.9825739490177382 -0.18193223000223624
vn 0.28720427301222096 -0.9508797175900583 -0.11550527364312402
vn 0.40085346541116534 -0.9067237611157237 -0.13102870027599192
vn 0.06608768484446789 -0.9955927627023473 -0.06653922727689189
vn -0.6051164912403885 -0.7935155691626962 0.06455287387346129
vn -0.30124660890990573 -0.9317442640099576 -0.20273901229123323
vn 0.11427219414674453 -0.898439542488407 -0.4239672795607114
vn -0.306763470270012 -0.8348774316570153 -0.4570293725983979
vn -0.8654180154773752 -0.46032282633843496 -0.197875097066298
vn -0.9049432133203907 -0.4255143634096178 -0.0039124413700133325
vn -0.7059698754366011 -0.6960175686137984 0.13101938466107343
vn -0.40934714778928755 -0.9008424901002907 0.144629598031256
vn -0.43384250133243357 -0.8428263496152674 0.31847202142703296
vn -0.6229051153250551 -0.6983183400056363 0.3526197857659891
vn -0.7282848473777649 -0.6258834699814598 0.27905387129354253
vn -0.8042740390838886 -0.556042444195711 0.2096665693632322
vn -0.830519697044472 -0.5219339263251102 0.19447881471258718
vn -0.8072903692775732 -0.5404375751683329 0.23708540026296807
vn -0.719914559199346 -0.6095399291422557 0.3319399075647053
vn -0.5212088887649626 -0.7104371873804541 0.4728850780679618
vn -0.22002617808500263 -0.7711471246890365 0.5974283162364658
vn -0.0747836086862922 -0.7621126808569191 0.643110934092195
vn -0.35457090856225026 -0.7041058205009582 0.6152352918502098
vn -0.6095049963335547 -0.5969689474731213 0.5216624724831824
vn -0.23713840780965315 -0.8258743368582027 0.5115632465888519
vn 0.2992474372444298 -0.8964869187320117 0.3267448176253519
vn -0.0027492761026691433 -0.9738594251234223 0.22713489731696654
vn -0.5072032264021249 -0.8433165038666556 0.177657427183317
vn -0.4548336262195437 -0.8482115854914829 0.2714101669024304
vn -0.2648836730796331 -0.8863026099410634 0.37987408880772755
vn 0.08630593065318029 -0.9561762151960003 0.2797826510481677
vn 0.3910703600218879 -0.9177471857273466 0.06931144639874816
vn 0.351604435599271 -0.9102556802082713 0.21865250402292594
vn 0.07118594614662789 -0.8544998726830486 0.5145508027939156
vn 0.2966693690455186 -0.9031561767429663 0.3103162997349022
vn 0.3977011128141239 -0.9174332581757819 0.012249149332773037
vn 0.24436168441802028 -0.9686019448041794 0.045799996833508244
vn 0.15634284861421793 -0.9524660078722446 0.2614678135738725
vn 0.25806361957844 -0.8505996637409061 0.4581303092941261
vn 0.4381865716339579 -0.7201974157410488 0.5378737870537968
vn 0.5653326413848744 -0.6530967838145054 0.5038487824297587
vn 0.5954546527430719 -0.7059875361935445 0.38342581455347574
vn 0.5042587546623833 -0.8464014577065613 0.17125326489895112
vn 0.31589374319536995 -0.9454009644663103 -0.08017580305920395
vn 0.1663789768536844 -0.9559894315559511 -0.2416655598434558
vn 0.1564483902096349 -0.9546937707536128 -0.25314759585084284
vn 0.30663475178740557 -0.9464473061800772 -0.10105753618979299
vn 0.4474490537377912 -0.892701974361197 0.05359598194618644
vn 0.3651715227852396 -0.9292145989956269 -0.05665675564401483
vn 0.10526762819971582 -0.9379786775274755 -0.33032518365546215
vn 0.05005686821359362 -0.9335203340881191 -0.3550128107387865
vn 0.2649241684504177 -0.9641604418561989 0.014485417857763451
vn 0.2728434805723327 -0.9417807475783879 0.19648271832369352
vn 0.02545324721520107 -0.9996371302720025 -0.008817028283812985
vn -0.21752246323887928 -0.9254252569697649 -0.3102774109549948
vn -0.19180221934954256 -0.8489173685845915 -0.49249488318966617
vn 0.2529850876519058 -0.7656006145419141 -0.5914847795495679
vn 0.6270549446066112 -0.5758038299762037 -0.5246446853148662
vn 0.4403664761011685 -0.6571475257366569 -0.6117470851131445
vn -0.3100927372406193 -0.6512042670667652 -0.6926582828961603
vn -0.6008556466662761 -0.5278462751337224 -0.600292263565595
vn -0.42861375952263076 -0.7561247479258371 -0.4945357527236689
vn 0.18944856465690293 -0.9677748650089144 -0.16589470156221697
vn 0.24794796791225487 -0.9616149332388393 -0.11755222405486826
vn -0.25729006706225843 -0.9068480792573355 -0.3338089012270041
vn -0.5838079557556801 -0.6903460149998458 -0.4273062723272459
vn -0.44064176991315845 -0.7897784872800924 -0.42671392247894624
vn 0.05949814554790479 -0.9114252232605806 -0.40714129375532676
vn 0.2741392519019869 -0.8798147927421202 -0.38829576489933415
vn -0.11385104822424326 -0.9038575901329671 -0.4124068326025483
vn -0.72723893364397 -0.6084940866643066 -0.3175822411391306
vn -0.6103700350790108 -0.682582909393295 -0.40190669574147675
vn -0.05212672767239427 -0.9062595310778186 -0.4194954905511861
vn 0.08971046593306162 -0.959847443508883 -0.2657911162765502
vn -0.09658191572255072 -0.9947931992257477 -0.0325334340266139
vn -0.3583034254057257 -0.9061629118212161 0.22469408666500015
vn -0.5800567139027042 -0.7199408250259275 0.38107665517239886
vn -0.0036066299621250603 -0.9779288602164933 -0.20890700461206882
vn -0.18075152856142115 -0.976310471280802 -0.11894010505362901
vn -0.4701381611896661 -0.8720183350521172 -0.13621355558876302
vn -0.6630154237266106 -0.7445299012746189 -0.0780113710213397
vn -0.734597793436733 -0.6771377840675067 0.04301747628614904
vn -0.6914732595263489 -0.6902202506586824 0.21321523618323418
vn -0.5074177973998446 -0.75917750500879 0.40764775820617355
vn -0.2283561540924211 -0.8040959881515826 0.5488926203973308
vn -0.09647667319783801 -0.7956088112570259 0.5980793183005576
vn -0.3433154170421877 -0.732205021587649 0.5882264281575416
vn -0.6837517706322984 -0.5139626330111127 0.5180018610251136
vn -0.604111717564644 -0.46923898602923075 0.6440992211541287
vn 0.04591784575031002 -0.5599018868940165 0.8272855785604936
vn 0.3421066592306439 -0.5222954583488878 0.7811341036583751
vn -0.2246312150664374 -0.562609063887143 0.7956204236002294
vn -0.6183258954732737 -0.5071485094758711 0.6003944339545265
vn -0.4569555515636428 -0.6318191282469982 0.6260960094716865
vn -0.0043306579166784015 -0.8168530517881332 0.5768295564431681
vn 0.3911121703795947 -0.8601584254511125 0.327351116244356
vn 0.43336680994437005 -0.8436676949978729 0.3168880377288112
vn 0.10127845305818314 -0.7573565765407589 0.6450997526868251
vn 0.12611817098813302 -0.7102647578803346 0.692544713834275
vn 0.644030322532851 -0.7167164571694646 0.2674742299375458
vn 0.6979193324573262 -0.7144272566119277 0.050022998633381104
vn 0.4472832111608065 -0.8503049665095773 0.2773430960792497
vn 0.1927374606027917 -0.8031759877566329 0.5637025846770125
vn 0.2061586485156401 -0.7551919061211556 0.6222409473598637
vn 0.3107424657496953 -0.7984713267344202 0.5156381098820898
vn 0.35834680003579333 -0.8858032472777492 0.2948561988771846
vn 0.3030732635497789 -0.9520690640355197 0.041365374745255264
vn 0.19840742759965818 -0.9685114676943287 -0.15039956654812459
vn 0.1250258242604651 -0.9631528896594966 -0.23812823101966016
vn 0.134681909365935 -0.9666352206687123 -0.21789248140377876
vn 0.24169673204526257 -0.9657281112634222 -0.0946145064682147
vn 0.3573465938803293 -0.9327769267647047 0.047229405432630336
vn 0.3355804656475694 -0.9407687116262284 0.04837336354737771
vn 0.1404664235326468 -0.9806358336181742 -0.13646444842498634
vn -0.06845597014678828 -0.9405549540588919 -0.3326712469489027
vn -0.11023154699551614 -0.9355507361279266 -0.3355500352815804
vn -0.010214636311902035 -0.9964555110343538 -0.0834989564861756
vn 0.017436128354332104 -0.9895197291926551 0.1433411558712483
vn -0.07738807244265 -0.9855134731519574 0.15091149883152563
vn -0.1291956913435041 -0.9901519508847113 0.05392205019724429
vn 0.04465866450242458 -0.9975411270976643 -0.05401206748108761
vn 0.4106860450783438 -0.9032988530534612 -0.12404900019834902
vn 0.5213268959949958 -0.8434728326848101 -0.12950616987188293
vn 0.23598610793636024 -0.9610561499931446 -0.14381110326189275
vn -0.19657048174873448 -0.9599213996887889 -0.1997772562745489
vn -0.414307771175442 -0.8450094421918086 -0.33809482893165643
vn -0.5723796491049686 -0.6537233595871036 -0.49500232971231906
vn -0.6109578529937112 -0.6044784109584568 -0.5112106733534167
vn -0.24966660183133413 -0.9003216043066478 -0.3564934736411005
vn 0.18355552663965452 -0.9763233561555111 -0.11445554973559917
vn 0.1620292260890637 -0.982385900684795 -0.09308314578216009
vn -0.04977863944016907 -0.979288502099063 -0.19625523359151317
vn -0.09893962028282031 -0.9410547644954455 -0.32346078859533045
vn 0.12081021852205126 -0.9038708833470996 -0.4103928816853285
vn 0.2552170413973828 -0.8732864118733061 -0.4150121740597653
vn 0.08364123113553783 -0.9300681361011839 -0.3577392998587117
vn -0.34458809491416986 -0.9235306817526436 -0.16837495272433017
vn -0.4959589792674905 -0.8677987375297039 0.030822751755818827
vn -0.2529679839018361 -0.9613415614737948 0.10876397061419964
vn 0.05372058082082627 -0.9951092331161053 0.08289579822493973
vn 0.15509330971789573 -0.9877218441970079 0.01875163397707774
vn 0.11744347343033626 -0.9904216636165887 0.07260825564332804
vn -0.6210265790303441 -0.7718541665227321 -0.13626127021045484
vn -0.4394726092919645 -0.8769402375722954 -0.1945241512223052
vn -0.3650540014599825 -0.8964419718237215 -0.2512516013299287
vn -0.2710005650214491 -0.9352264436152863 -0.22783808487774646
vn -0.1236342120438168 -0.9832940127454162 -0.1335944089822704
vn 0.0711361759664056 -0.997462860000494 -0.002736309286582346
vn 0.23163422944595138 -0.967364668947763 0.10271894187814332
vn 0.25455683496115705 -0.9569807658562276 0.13924306645498127
vn 0.000846715970414997 -0.9959917991990647 0.08944058922142412
vn -0.4937418329178698 -0.8695984951892012 0.004178467611332653
vn -0.6670920163788923 -0.7432657977111271 0.0504400201862129
vn -0.3511291073098398 -0.8950524739644751 0.27493529938854294
vn 0.309206811478978 -0.8314153495727422 0.4616705147936552
vn 0.35862716488903174 -0.7685082438343365 0.5298883238592067
vn -0.21307100208236213 -0.8296146335434812 0.5160816872183448
vn -0.47242756709575606 -0.7930202917611537 0.3846180062127091
vn -0.21206388377144847 -0.9156799532165509 0.34140757530714644
vn 0.2037047470543494 -0.9456983323648207 0.25329634855228494
vn 0.3557694808659619 -0.902759302496467 0.24177203775551978
vn 0.1291806685903429 -0.8762810745294294 0.4641592757708291
vn -0.18520084309683033 -0.751503896405988 0.6332002379996721
vn 0.1313796630750183 -0.8379835430969894 0.5296441877609067
vn 0.7089082067555027 -0.7020651762401122 0.06748068394464687
vn 0.7519238832534512 -0.6547701568952694 -0.07672363020865611
vn 0.44758287653362455 -0.8818500752515244 0.14835772110937454
vn -0.011838792501020325 -0.8957753533686926 0.4443493662528525
vn -0.0685667630534272 -0.8733720328900422 0.48220316379083444
vn 0.0802876115230584 -0.9324657152388165 0.3522237773633192
vn 0.24413979418543452 -0.9627835894538517 0.11594619775331656
vn 0.3250154014816985 -0.9409047527362582 -0.09520102456387391
vn 0.3490559713397949 -0.9137365108477734 -0.2079555664457407
vn 0.3674105025907652 -0.9032516874250991 -0.2216887722680429
vn 0.3938297211482345 -0.9053673468678994 -0.15877064579349823
vn 0.3950126511525076 -0.915941665465032 -0.07082281337684236
vn 0.3240098587925278 -0.9453720254042516 -0.035907450317577735
vn 0.17220702372541496 -0.9795565380574054 -0.10398908466096499
vn 0.000621444541246541 -0.9696954419477606 -0.2443161142299447
vn -0.10008421680287342 -0.9253965149651234 -0.3655467680576034
vn -0.09764169789786642 -0.9113460674819439 -0.3998930408456963
vn -0.018549524276058563 -0.9453080907042112 -0.32565093090346126
vn 0.07402595857676403 -0.9770002934800877 -0.19997645860604205
vn 0.16557428403649144 -0.9796301222844932 -0.11362209282825193
vn 0.31077704114353955 -0.9472320165381881 -0.07854385744960846
vn 0.4656481688615223 -0.8820292250881898 -0.07208487307499717
vn 0.48085668549739585 -0.8746856426784803 -0.06084303168475649
vn 0.25900373027211343 -0.9657946886328624 -0.012557352972758826
vn -0.07967869287225054 -0.9951010464886606 0.058525320839293654
vn -0.19057320279510048 -0.9752338045764627 0.1122536448750579
vn -0.050243029829846415 -0.9921264967301092 0.11471988685296688
vn 0.06270442741053439 -0.9980132321980258 0.006143544641869388
vn -0.166217965747693 -0.9594998833339635 -0.22744573362630674
vn -0.5409364177038202 -0.7433366875507034 -0.3934950583462341
vn -0.6229801687955189 -0.6750955488395101 -0.39514770557930273
vn -0.43825879595601885 -0.8417437653902223 -0.31527236033923256
vn -0.12940785017727838 -0.9707206284309586 -0.2023735898063276
vn 0.07040312946143878 -0.983906515864092 -0.16422961792021315
vn 0.20092262510262043 -0.9612628308867823 -0.18868987433723317
vn 0.3164722940178681 -0.9231472671851547 -0.21827599549114063
vn 0.3678719473233574 -0.9053735909922136 -0.2120586973137039
vn 0.3018126860639402 -0.94062223384087 -0.15536703554834724
vn 0.08254563847277116 -0.9956727074737333 -0.04268579577620785
vn -0.23486959781093036 -0.968487137201732 0.08287905102572923
vn -0.4593973253372599 -0.8795239508503468 0.12406336023809876
vn -0.5331897271429091 -0.8439543455967659 0.05873480584461524
vn -0.38866797422024724 -0.9213301618227258 -0.00937756531511073
vn -0.4779506135883692 -0.8752874930140772 -0.07372255790213242
vn -0.5361952761238663 -0.8421059218732381 -0.05789855100496571
vn -0.40120720799366 -0.9157008514107694 0.02290691990477886
vn -0.17409618565803922 -0.977199336620637 0.12154001253706083
vn 0.06622366710224231 -0.9765324744525553 0.20493597111073672
vn 0.21826448799340112 -0.9469712869703218 0.23580923420161182
vn 0.21794063306383016 -0.9566871126892456 0.19300686224601307
vn -0.021474415576034463 -0.9985238378608596 0.049889825608912905
vn -0.4213109965774642 -0.8974973677153623 -0.13036686353095941
vn -0.5947229297560189 -0.7815667432079748 -0.18830311397769495
vn -0.4546984765142627 -0.8795083825029774 -0.14040762287926092
vn 0.07939961005691314 -0.9967995534723757 0.009292584144493065
vn 0.4545985339241917 -0.8833109501255982 0.11446369879655406
vn 0.39099931333071564 -0.9143630772472215 0.10516510800593808
vn -0.00615063274692577 -0.9999782035419087 0.0024004495223661423
vn -0.21790352926688264 -0.9729051796672915 -0.0772888304322954
vn -0.12919761319025164 -0.9873251975000281 -0.09217879977235956
vn 0.00262810105188114 -0.9990104497423088 -0.044398360223449715
vn -0.046734263165567246 -0.9944712116762461 0.09403678957488025
vn -0.2884230023528069 -0.9172539133607431 0.2746951585634428
vn -0.3752299950920554 -0.8675437217957932 0.3264511319568668
vn 0.012674677021946168 -0.9858836404254182 0.16695149027161815
vn 0.5952378613071677 -0.7892230287851562 -0.1510592575834177
vn 0.7110868112058828 -0.6542522921708865 -0.2575062817062723
vn 0.5283929566772859 -0.8293592115861138 -0.18156040727839168
vn -0.04052395309409138 -0.9925468406853865 0.11492857900055234
vn -0.3353777203855369 -0.9011363317434287 0.2747273125864956
vn -0.320450967444974 -0.905431108329131 0.2783984294737706
vn -0.1533050958017419 -0.9690527154758781 0.1934796687769696
vn 0.08928795957531045 -0.9944635689363113 0.05540641057975642
vn 0.3044302450340884 -0.9500864106973809 -0.06824982136718426
vn 0.4382734668741155 -0.8882135298757442 -0.13781543302480267
vn 0.49698411746698806 -0.8515532497714438 -0.1669246829838295
vn 0.49636454969947424 -0.8472484111168059 -0.18918869855698497
vn 0.451683902870671 -0.8606409915459969 -0.23511430317664936
vn 0.3869582962416461 -0.8664030324653125 -0.3156090339402103
vn 0.33631503022941384 -0.8463061311229735 -0.4131078949444719
vn 0.32906501853748277 -0.8048602188140387 -0.4938787723171993
vn 0.37360664178331504 -0.7608700782172593 -0.530560836557935
vn 0.4549682033620022 -0.7267951794834223 -0.5145606873918874
vn 0.5410260038382113 -0.7028195957119455 -0.46188253815678404
vn 0.5940918316799814 -0.69250231869631 -0.40926206045925995
vn 0.5788504984129385 -0.71941380534161 -0.38389565922395735
vn 0.4477489081187514 -0.8131581106084417 -0.3718800914679024
vn 0.14442725850943666 -0.9355993511428518 -0.32217172616560125
vn -0.21682027145438376 -0.9519066286180884 -0.21647803648266975
vn -0.4008270575684155 -0.9081324505650281 -0.12096744252815853
vn -0.3677909298011344 -0.9283433364154905 -0.05393034107969656
vn -0.12275123906843656 -0.9924119962076545 0.007110772834369801
vn 0.20588421882657007 -0.9773193626779689 0.049583785382941316
vn 0.37763351759683894 -0.9252166884678859 0.03697304109694901
vn 0.329014781055656 -0.9432825529800527 -0.04435424546007677
vn 0.03266240326143357 -0.9796859748867051 -0.19785994547526234
vn -0.3486203468079661 -0.8762262254421777 -0.33270325462617195
vn -0.5335921096932076 -0.7563222118439206 -0.37849197130807327
vn -0.5544328583745421 -0.7362755992539733 -0.3879464492656652
vn -0.47693758528718816 -0.7820049413756577 -0.40124657182894424
vn -0.33908504475397877 -0.8380934652348795 -0.427341404447058
vn -0.19699531330701076 -0.8721382413018186 -0.4478478922514243
vn -0.11401026976221443 -0.8887634495815432 -0.4439607967790207
vn -0.12501714999144692 -0.9027207403877096 -0.4116624552735914
vn -0.22897629234646621 -0.9074380912528145 -0.3523151544948282
vn -0.3832426142220466 -0.882480220466628 -0.2726788571367857
vn -0.5138451897522328 -0.8361970529152052 -0.19167057589629563
vn -0.6413721910204411 -0.7496591656725139 -0.16325699957070583
vn 0.19604051111073884 -0.965273857015525 0.1726687550363758
vn 0.10393579948806125 -0.9823915863441011 0.15525501816398152
vn 0.16686522876648927 -0.9562086414831006 0.24046003697444265
vn 0.20657670274280887 -0.9370226758616349 0.2816284268411314
vn 0.1877445432385331 -0.9449578537838622 0.2679676119540413
vn 0.057416477338656804 -0.9804285940464552 0.18831654230606096
vn -0.21035453816761954 -0.976568586153963 0.04543968320242878
vn -0.4689785572838683 -0.8788994612052264 -0.08714843602213476
vn -0.5575039383612626 -0.8173342938593022 -0.14544418445987212
vn -0.43808263474741843 -0.8886862979947853 -0.13535238782187714
vn -0.04470246633522274 -0.9978840297068223 -0.047213904303943816
vn 0.37964910723154155 -0.9231475106096981 0.060541135052216796
vn 0.5301676948760926 -0.8425537284477802 0.09500226307049064
vn 0.4462248457164028 -0.893254830987461 0.0545819932114541
vn 0.16744458431736814 -0.9849690055576009 -0.04240718422218402
vn -0.09713531156703606 -0.9883141386569028 -0.1174729525364847
vn -0.22224118431924325 -0.9668296247669096 -0.12589413276819789
vn -0.3008330810833279 -0.9506632242712195 -0.07575547072100472
vn -0.40383014878130696 -0.9147783101929161 0.010092281003848062
vn -0.4902683863057788 -0.8682031752879636 0.07655165451526867
vn -0.4543158713474773 -0.8883204466932573 0.0669617280875757
vn -0.15322240927941339 -0.9860648346061178 -0.06479996333194714
vn 0.3613128675145327 -0.8949084314209147 -0.2619005749138089
vn 0.6156328174634288 -0.7091737817578281 -0.34361138125699614
vn 0.6293605209549974 -0.6991988686642675 -0.33915523985612084
vn 0.41169623355861446 -0.8820169146703783 -0.22924304462512607
vn -0.06804929064840039 -0.9973215064382431 0.026816167474178178
vn -0.36784333715179596 -0.9077116429781862 0.20186840395384323
vn -0.4395503442299665 -0.8601559479897798 0.25870299577917694
vn -0.4068294470268661 -0.8759740601226856 0.2591510120064978
vn -0.3165357741435063 -0.9213847612581416 0.22551103167838255
vn -0.19468231728846325 -0.9664178604639352 0.16773584682918638
vn -0.06878759534685461 -0.9930052501322819 0.09596270075462333
vn 0.03886022723816666 -0.99906436855018 0.018980785874888186
vn 0.12090510759586703 -0.9909221435380375 -0.058781463091799484
vn 0.18230857408804754 -0.9739570264040448 -0.13480094410713095
vn 0.23144735181349912 -0.9509635479508006 -0.20518395114468363
vn 0.2725350852137533 -0.9248216136433983 -0.2653857763060277
vn 0.3012415722000287 -0.9006048903295627 -0.31331190001806675
vn 0.30435943978296703 -0.8859413971321141 -0.34996167256229094
vn 0.2637385402425661 -0.8886592898189902 -0.37513550752911695
vn 0.16364904969386404 -0.9094698875789478 -0.382208728473633
vn 0.004910080790494654 -0.9322246496940604 -0.3618467819525512
vn -0.17638217270861387 -0.9310183118066938 -0.3195218806767424
vn -0.3223302946507845 -0.9031952580637416 -0.2834457742876222
vn -0.39856033856271483 -0.8733193729518148 -0.28011235130180023
vn -0.40228237766830915 -0.8601403632520768 -0.3135720716551734
vn -0.34624403637230505 -0.8643053750618872 -0.36481678403788426
vn -0.2476012088067367 -0.8825393834469425 -0.39977228275923965
vn -0.1069118877191521 -0.9151290442037546 -0.3887270002444518
vn 0.07998344098340897 -0.9426500557038855 -0.3240578986075094
vn 0.2586673164506691 -0.9363655915049683 -0.2372987535697564
vn 0.3529234902680395 -0.9180079896550958 -0.18084894510733185
vn 0.3450687803821006 -0.9218590201155797 -0.17636179812292851
vn 0.2513449770595153 -0.9433019095552525 -0.21681146172738666
vn 0.1078847152810837 -0.9540074712059422 -0.279697395575938
vn -0.028513041901345383 -0.9414678098799709 -0.33589487849823324
vn -0.115853864349243 -0.9221017033257638 -0.36919687273739493
vn -0.14833585743250613 -0.9134293687054965 -0.37900298387485204
vn -0.14131054414819919 -0.9192711201164535 -0.36738527165957596
vn -0.11450180561332533 -0.9359523180544402 -0.3329903825034714
vn -0.08222770908807411 -0.958505894310519 -0.27295614012166736
vn -0.04876450742958397 -0.9812533100830355 -0.18645097014023965
vn -0.009778545233243318 -0.9969368572074817 -0.07759692516066942
vn -0.09524397007480712 -0.9928031176735835 -0.07259859297535753
vn -0.18458979191210637 -0.9825902176503406 -0.021049296893280067
vn 0.019073104087770038 -0.9992653518961866 0.03324113716838683
vn -0.06196444671114829 -0.9976660314562968 0.028686181726129006
vn -0.184512197850052 -0.9827350967622783 0.013674005857061898
vn -0.3263801557107551 -0.9452273622082263 -0.004607351853491615
vn -0.44437950005640275 -0.8956253954558904 -0.01954510025816113
vn -0.5005255413270276 -0.8653127675104255 -0.026608210438396222
vn -0.4697138488394636 -0.882640622624275 -0.017732216495673504
vn -0.3204628852118035 -0.9469775637098014 0.023173973159031122
vn -0.03842049008430936 -0.9938019297779679 0.10431486141134673
vn 0.26510495154691394 -0.9451291635016503 0.19091943055639696
vn 0.44636181707885697 -0.8611323374585257 0.24333562344481502
vn 0.4921045539261437 -0.8299170031711274 0.26281338598443926
vn 0.41994545918121445 -0.8702146033393572 0.2576283281163081
vn 0.23510510840894328 -0.944708868549013 0.22858421136391444
vn -0.00822518967493132 -0.9827920977326993 0.1845319454429835
vn -0.2174076103465659 -0.964660091911212 0.1488786016768295
vn -0.3602487421286856 -0.9235279499612191 0.13159395668163446
vn -0.4459399006142203 -0.886644129206441 0.12247364281318436
vn -0.4729337013411228 -0.8748629536042215 0.10463520701314477
vn -0.4157142729133732 -0.9075177508312514 0.059943099872233015
vn -0.22291616517916757 -0.9743164525320009 -0.03187214500580927
vn 0.11598793570498978 -0.9796158800840036 -0.16401075043465466
vn 0.42744282591074656 -0.8646971725593521 -0.26380187706932134
vn 0.5836230600695381 -0.7557739724556642 -0.29696771931247484
vn 0.6183633179391368 -0.7342538799321494 -0.28017502892279084
vn 0.553775619257421 -0.8047353185000538 -0.21385422762872172
vn 0.3739709512259648 -0.9232266437059709 -0.08830793843452153
vn 0.11653632399308349 -0.9910024769836185 0.06582838143621432
vn -0.09688348591510312 -0.9783873233047924 0.182679598623989
vn -0.2151674887610246 -0.9452239701145795 0.24546812033562876
vn -0.2618097619884006 -0.9264795627867976 0.27035396846719595
vn -0.26595344727238546 -0.9254347538543913 0.26988753258051174
vn -0.24721579720675863 -0.9361226139476835 0.2501175748866585
vn -0.21872442552127835 -0.951801699500203 0.21501895383642824
vn -0.1898321101912626 -0.9671138130637521 0.1692768221630541
vn -0.1669633262772003 -0.9787501233102502 0.1190438734191013
vn -0.15347960617298606 -0.9855937974448674 0.07105544966567238
vn -0.14937101698648172 -0.9883075021203036 0.03060360333605153
vn -0.15135215196838506 -0.9884796125599483 -0.0007626584252281278
vn -0.15369407407532606 -0.9877572978528497 -0.02671426833294921
vn -0.14965520385621003 -0.987168523213118 -0.055692250232756514
vn -0.1330391187334555 -0.9862554212259936 -0.09798386085965043
vn -0.100104457550398 -0.9818769587473278 -0.16092462664129153
vn -0.05332111707848135 -0.9683120506012222 -0.24398489939739904
vn -0.006237104680440099 -0.9414338092832132 -0.33714015077368586
vn 0.018159123224952986 -0.9045934720642109 -0.42588836159552057
vn 0.0005691386054525613 -0.8668830803932982 -0.49851118443729453
vn -0.06011194297398079 -0.8348759917371127 -0.5471458971178211
vn -0.14292384491092408 -0.8112767229204138 -0.566924027893855
vn -0.21524623076808388 -0.8006588235632895 -0.559119404412315
vn -0.25072490972172995 -0.8096514280662993 -0.5306614595721386
vn -0.2398252928521327 -0.8395354727832286 -0.4875079679831191
vn -0.1906128429909318 -0.8813712842823638 -0.4322631181692132
vn -0.12400596653851896 -0.9209956575033355 -0.36930951669683043
vn -0.06208738930828496 -0.9494867727644389 -0.30760368078788003
vn -0.016656359648705796 -0.9666916126785056 -0.2554014323771173
vn 0.011792569428195664 -0.9766033297583889 -0.21472510708137713
vn 0.028477724187958804 -0.9829549036813923 -0.18162785181182778
vn 0.039529085403276806 -0.9878988923011162 -0.14997743162692234
vn 0.04951342189262223 -0.9921089398739075 -0.11518798754538177
vn 0.0602225137093361 -0.9952604130922024 -0.07635416802027016
vn 0.06993688001494412 -0.9968828706556296 -0.03651540780501165
vn 0.07305744879038475 -0.9973268295444269 -0.001343222655476723
vn 0.21516617914411362 -0.975255062227703 0.05080432020765931
vn -0.35937288093044567 -0.9292284169982258 -0.08593998775147366
vn -0.4526465027333595 -0.890903847891062 -0.037436310931478645
vn -0.4515412768871723 -0.892190520146695 -0.010322355713299985
vn -0.43568304329403595 -0.9000209004520912 0.01194422602993977
vn -0.39963939456087993 -0.9161159916600202 0.03193499866590352
vn -0.33701104767977447 -0.9398468371677975 0.05578060960108035
vn -0.24155446057218166 -0.966077413741797 0.09135575097191657
vn -0.1122750296666481 -0.9832812804112235 0.14336052910832292
vn 0.03774891498960507 -0.9775378905440996 0.20735161433588922
vn 0.17991877095890677 -0.9458831212205568 0.270063616295668
vn 0.28589350585514933 -0.9034332822744504 0.3194889791349069
vn 0.3420489147329842 -0.8710763492447208 0.3524606839301042
vn 0.34646774040185324 -0.8611610110212782 0.37197018423207534
vn 0.3013536559647316 -0.8738830475626069 0.38146348871075525
vn 0.21311901968028119 -0.8992535069234747 0.3819992326384286
vn 0.09737418363113291 -0.9227273843376608 0.37295099216324573
vn -0.021819883795502884 -0.9347445895412857 0.3546497497453567
vn -0.12145862603057966 -0.9363756679257477 0.32931506294029994
vn -0.18614469788711616 -0.9358665508042778 0.2991721085499416
vn -0.20574924347466642 -0.9422535895239617 0.26424500343206486
vn -0.1709830483904294 -0.9601179479105425 0.2212200787974836
vn -0.07408429700044576 -0.9836362623946493 0.16422916988231498
vn 0.07997701375482276 -0.9927014184973426 0.0902638963496739
vn 0.25807377512240565 -0.9660879304746912 0.008487472250215617
vn 0.4121139773078934 -0.9090818447990342 -0.06109230036800076
vn 0.5165211649980196 -0.8499697597619869 -0.10371737366149753
vn 0.5736326659694494 -0.8107760667904678 -0.11656643621798263
vn 0.5943046749297429 -0.7975614587833642 -0.10342955486709118
vn 0.5871434799918912 -0.806358753555604 -0.07104994347122709
vn 0.5581983171207535 -0.8292221790289483 -0.02837633820706327
vn 0.5134664861158643 -0.8579787757697951 0.014986259186015139
vn 0.46007341354709935 -0.8863807956761064 0.05159010761485367
vn 0.40561860906773856 -0.9107203507602358 0.07785876115830685
vn 0.3569178569425201 -0.9294483034844042 0.09346386759342672
vn 0.31904239264087275 -0.9425031183548812 0.0994978572096497
vn 0.2948667164088875 -0.9506033240492002 0.09698938014469445
vn 0.2850908867401265 -0.9546085369500051 0.08628862891423704
vn 0.2885877833599644 -0.9550897033702931 0.06723652141082324
vn 0.30286981713184713 -0.9522046746580438 0.039700521783606287
vn 0.3245735238926588 -0.9458511081059716 0.004208192320636813
vn 0.3499198509488289 -0.9360232824983219 -0.03763658503392656
vn 0.3750539950220131 -0.9232553672631518 -0.08327080903780514
vn 0.39613559387002883 -0.9089598551273358 -0.1298790708164036
vn 0.4091366832721467 -0.8954628121386367 -0.17536683403036052
vn 0.4095799093860913 -0.8856116077751721 -0.21894377817411498
vn 0.39255281578686674 -0.8819596609223799 -0.26086288222643556
vn 0.3532616555140586 -0.8856485038037275 -0.3013850202874813
vn 0.28827720560392833 -0.8953224917173416 -0.3395495377028824
vn 0.19767321272975294 -0.9067357011296729 -0.37249922049043027
vn 0.08750779923405726 -0.9140176173503669 -0.39612394556043995
vn -0.029693860384323756 -0.9128425663146249 -0.407230553592932
vn -0.13880626833640353 -0.9033738955370987 -0.4057689302209445
vn -0.22826286598832865 -0.8899403595465368 -0.3948445522746577
vn -0.29350558302426644 -0.877833198918737 -0.37850144994396323
vn -0.33609065284932904 -0.8704979982461399 -0.3595501468735273
vn -0.3608452628988376 -0.8688473584124247 -0.3389615966790639
vn -0.3734714104219699 -0.871978762893215 -0.31649983042751045
vn -0.37915603622900973 -0.8781534137599224 -0.29169724388979146
vn -0.3820626545002946 -0.8854875217302784 -0.26446167377553703
vn -0.3853463838520651 -0.8923200987984322 -0.23510211766909508
vn -0.3912460850624604 -0.897388051716873 -0.20401270930776164
vn -0.40095937352282535 -0.899910452231421 -0.1714431647772017
vn -0.4143394776237979 -0.8996600992686374 -0.13760270006938008
vn -0.4296850171274414 -0.8970827862594711 -0.10302068070603433
vn -0.4844956782466712 -0.8727136410001289 -0.06028962242870639
vn 0 0 0
vn -0.053840649154572165 -0.9933211945803839 -0.10204993334644057
vn -0.051889520556222285 -0.9950214704505962 -0.08508672633718163
vn -0.04391610277236135 -0.9977006378340445 -0.0516218285498325
vn -0.02543883784880708 -0.9996756966987238 -0.0011691701430789775
vn 0.007113017290388699 -0.997945985180508 0.06366486980377574
vn 0.05456904925815825 -0.9891300541608858 0.13654286806253907
vn 0.1134115113701556 -0.971518541122245 0.2080614172412604
vn 0.17612549593336324 -0.9469523392635817 0.2688142050663569
vn 0.23342112251884076 -0.9207146382786193 0.3127285315117813
vn 0.2769592655722979 -0.8992308226705222 0.3386406543416625
vn 0.30059331091066 -0.8875015807395008 0.34926294624631266
vn 0.30021449245486775 -0.8876786031514157 0.3491388778512323
vn 0.2738400141819871 -0.8984896076357365 0.3431152453671933
vn 0.22259208425817473 -0.9153882805960273 0.33543562686907646
vn 0.1528427721677208 -0.9317653007285386 0.3293212889479545
vn 0.07711562568900235 -0.9419976539544698 0.32663986318094806
vn 0.01152663836960939 -0.944748379319932 0.3275937062586189
vn -0.029510222906408735 -0.9433618953702181 0.3304504215574913
vn -0.037018873191207335 -0.9427394371162968 0.33146939034140277
vn -0.00785196209397316 -0.9456303828721474 0.32514846713516987
vn 0.05566692036861309 -0.9506804444545902 0.3051358492676614
vn 0.14533974449924308 -0.9528697277060256 0.26629990741706877
vn 0.24695867850209474 -0.9464656921478843 0.2078800247727642
vn 0.3435698428707247 -0.9292901101790411 0.1355715832806099
vn 0.4219203073457093 -0.9046630430908938 0.05973301193499333
vn 0.47670727505987115 -0.8790144835117396 -0.009149408810532396
vn 0.5096604984051673 -0.8580101997773917 -0.06375479153253236
vn 0.5260691487238547 -0.8444789994447769 -0.10053094179260141
vn 0.5318859654919337 -0.8384220942894482 -0.11893574534179872
vn 0.532247961195614 -0.837942780053088 -0.12068142011102885
vn 0.5309447630684675 -0.8403239821766813 -0.10933098165155905
vn 0.5302899513268258 -0.8430560880358186 -0.0897162189770325
vn 0.5312415452330651 -0.844568803460749 -0.06697728599505977
vn 0.533719535016938 -0.8444372342360785 -0.04548862909591709
vn 0.5370471953240998 -0.8430857469510812 -0.028048766148546456
vn 0.5403709516021289 -0.8412785096579714 -0.015802020512344042
vn 0.5429593291350605 -0.8397148796063302 -0.008607431262078876
vn 0.5443024701458802 -0.8388698202983508 -0.005678519675595876
vn 0.5440221575703568 -0.8390481698475765 -0.006169339342778798
vn 0.5416981656473225 -0.8405196192629845 -0.009479819003208313
vn 0.5366352064871732 -0.8436742211723358 -0.0153773758399025
vn 0.5277568229019438 -0.8490615095590978 -0.023817826636211795
vn 0.5135486243888658 -0.857356985232073 -0.034739174746591696
vn 0.49221155767088953 -0.8691643007521992 -0.04776191781259427
vn 0.46187589289422243 -0.8847732085232661 -0.062024422952655936
vn 0.42098055369288917 -0.903870963385339 -0.0761094932402485
vn 0.3687848209151233 -0.9253269580561022 -0.08813499053860963
vn 0.30595638834567285 -0.9471891959494586 -0.09603809404132449
vn 0.23507864475642362 -0.9670183536166469 -0.09804863358575144
vn 0.16068399237376393 -0.9825894410777465 -0.09326652602809787
vn 0.08856663227036138 -0.9926807417917808 -0.08210296294291967
vn 0.024375276258798362 -0.9975014172935154 -0.06630813226697864
vn -0.02761128891754673 -0.9984378722192244 -0.048573985245802156
vn -0.06534334205514383 -0.9973544972760766 -0.0318473611504757
vn -0.08887364936455017 -0.9958662638480028 -0.018757904415122116
vn -0.09982986281611994 -0.994940845107604 -0.01125669697032495
vn -0.10089335856980648 -0.9948432112139202 -0.010368958389340002
vn -0.09509971257197458 -0.9953350105440687 -0.016256120507862595
vn -0.08552158536889128 -0.9959377545078757 -0.0281788499020444
vn -0.0748850250001214 -0.9961916721790264 -0.044658541309436
vn -0.06539803756133274 -0.9958361406699371 -0.06350966555361301
vn -0.0585130392832982 -0.9949103239719518 -0.08203457495384141
vn -0.05481403707221157 -0.9937714363075942 -0.09702450061189412
vn -0.05382457348136878 -0.993024582578051 -0.1049051651980791
f 1/1/1 66/66/66 67/67/67
f 2/2/2 67/67/67 68/68/68
f 3/3/3 68/68/68 69/69/69
f 4/4/4 69/69/69 70/70/70
f 5/5/5 70/70/70 71/71/71
f 6/6/6 71/71/71 72/72/72
f 7/7/7 72/72/72 73/73/73
f 8/8/8 73/73/73 74/74/74
f 9/9/9 74/74/74 75/75/75
f 10/10/10 75/75/75 76/76/76
f 11/11/11 76/76/76 77/77/77
f 12/12/12 77/77/77 78/78/78
f 13/13/13 78/78/78 79/79/79
f 14/14/14 79/79/79 80/80/80
f 15/15/15 80/80/80 81/81/81
f 16/16/16 81/81/81 82/82/82
f 17/17/17 82/82/82 83/83/83
f 18/18/18 83/83/83 84/84/84
f 19/19/19 84/84/84 85/85/85
f 20/20/20 85/85/85 86/86/86
f 21/21/21 86/86/86 87/87/87
f 22/22/22 87/87/87 88/88/88
f 23/23/23 88/88/88 89/89/89
f 24/24/24 89/89/89 90/90/90
f 25/25/25 90/90/90 91/91/91
f 26/26/26 91/91/91 92/92/92
f 27/27/27 92/92/92 93/93/93
f 28/28/28 93/93/93 94/94/94
f 29/29/29 94/94/94 95/95/95
f 30/30/30 95/95/95 96/96/96
f 31/31/31 96/96/96 97/97/97
f 32/32/32 97/97/97 98/98/98
f 33/33/33 98/98/98 99/99/99
f 34/34/34 99/99/99 100/100/100
f 35/35/35 100/100/100 101/101/101
f 36/36/36 101/101/101 102/102/102
f 37/37/37 102/102/102 103/103/103
f 38/38/38 103/103/103 104/104/104
f 39/39/39 104/104/104 105/105/105
f 40/40/40 105/105/105 106/106/106
f 41/41/41 106/106/106 107/107/107
f 42/42/42 107/107/107 108/108/108
f 43/43/43 108/108/108 109/109/109
f 44/44/44 109/109/109 110/110/110
f 45/45/45 110/110/110 111/111/111
f 46/46/46 111/111/111 112/112/112
f 47/47/47 112/112/112 113/113/113
f 48/48/48 113/113/113 114/114/114
f 49/49/49 114/114/114 115/115/115
f 50/50/50 115/115/115 116/116/116
f 51/51/51 116/116/116 117/117/117
f 52/52/52 117/117/117 118/118/118
f 53/53/53 118/118/118 119/119/119
f 54/54/54 119/119/119 120/120/120
f 55/55/55 120/120/120 121/121/121
f 56/56/56 121/121/121 122/122/122
f 57/57/57 122/122/122 123/123/123
f 58/58/58 123/123/123 124/124/124
f 59/59/59 124/124/124 125/125/125
f 60/60/60 125/125/125 126/126/126
f 61/61/61 126/126/126 127/127/127
f 62/62/62 127/127/127 128/128/128
f 63/63/63 128/128/128 129/129/129
f 64/64/64 129/129/129 130/130/130
f 67/67/67 66/66/66 132/132/132
f 66/66/66 131/131/131 132/132/132
f 68/68/68 67/67/67 133/133/133
f 67/67/67 132/132/132 133/133/133
f 69/69/69 68/68/68 134/134/134
f 68/68/68 133/133/133 134/134/134
f 70/70/70 69/69/69 135/135/135
f 69/69/69 134/134/134 135/135/135
f 71/71/71 70/70/70 136/136/136
f 70/70/70 135/135/135 136/136/136
f 72/72/72 71/71/71 137/137/137
f 71/71/71 136/136/136 137/137/137
f 73/73/73 72/72/72 138/138/138
f 72/72/72 137/137/137 138/138/138
f 74/74/74 73/73/73 139/139/139
f 73/73/73 138/138/138 139/139/139
f 75/75/75 74/74/74 140/140/140
f 74/74/74 139/139/139 140/140/140
f 76/76/76 75/75/75 141/141/141
f 75/75/75 140/140/140 141/141/141
f 77/77/77 76/76/76 142/142/142
f 76/76/76 141/141/141 142/142/142
f 78/78/78 77/77/77 143/143/143
f 77/77/77 142/142/142 143/143/143
f 79/79/79 78/78/78 144/144/144
f 78/78/78 143/143/143 144/144/144
f 80/80/80 79/79/79 145/145/145
f 79/79/79 144/144/144 145/145/145
f 81/81/81 80/80/80 146/146/146
f 80/80/80 145/145/145 146/146/146
f 82/82/82 81/81/81 147/147/147
f 81/81/81 146/146/146 147/147/147
f 83/83/83 82/82/82 148/148/148
f 82/82/82 147/147/147 148/148/148
f 84/84/84 83/83/83 149/149/149
f 83/83/83 148/148/148 149/149/149
f 85/85/85 84/84/84 150/150/150
f 84/84/84 149/149/149 150/150/150
f 86/86/86 85/85/85 151/151/151
f 85/85/85 150/150/150 151/151/151
f 87/87/87 86/86/86 152/152/152
f 86/86/86 151/151/151 152/152/152
f 88/88/88 87/87/87 153/153/153
f 87/87/87 152/152/152 153/153/153
f 89/89/89 88/88/88 154/154/154
f 88/88/88 153/153/153 154/154/154
f 90/90/90 89/89/89 155/155/155
f 89/89/89 154/154/154 155/155/155
f 91/91/91 90/90/90 156/156/156
f 90/90/90 155/155/155 156/156/156
f 92/92/92 91/91/91 157/157/157
f 91/91/91 156/156/156 157/157/157
f 93/93/93 92/92/92 158/158/158
f 92/92/92 157/157/157 158/158/158
f 94/94/94 93/93/93 159/159/159
f 93/93/93 158/158/158 159/159/159
f 95/95/95 94/94/94 160/160/160
f 94/94/94 159/159/159 160/160/160
f 96/96/96 95/95/95 161/161/161
f 95/95/95 160/160/160 161/161/161
f 97/97/97 96/96/96 162/162/162
f 96/96/96 161/161/161 162/162/162
f 98/98/98 97/97/97 163/163/163
f 97/97/97 162/162/162 163/163/163
f 99/99/99 98/98/98 164/164/164
f 98/98/98 163/163/163 164/164/164
f 100/100/100 99/99/99 165/165/165
f 99/99/99 164/164/164 165/165/165
f 101/101/101 100/100/100 166/166/166
f 100/100/100 165/165/165 166/166/166
f 102/102/102 101/101/101 167/167/167
f 101/101/101 166/166/166 167/167/167
f 103/103/103 102/102/102 168/168/168
f 102/102/102 167/167/167 168/168/168
f 104/104/104 103/103/103 169/169/169
f 103/103/103 168/168/168 169/169/169
f 105/105/105 104/104/104 170/170/170
f 104/104/104 169/169/169 170/170/170
f 106/106/106 105/105/105 171/171/171
f 105/105/105 170/170/170 171/171/171
f 107/107/107 106/106/106 172/172/172
f 106/106/106 171/171/171 172/172/172
f 108/108/108 107/107/107 173/173/173
f 107/107/107 172/172/172 173/173/173
f 109/109/109 108/108/108 174/174/174
f 108/108/108 173/173/173 174/174/174
f 110/110/110 109/109/109 175/175/175
f 109/109/109 174/174/174 175/175/175
f 111/111/111 110/110/110 176/176/176
f 110/110/110 175/175/175 176/176/176
f 112/112/112 111/111/111 177/177/177
f 111/111/111 176/176/176 177/177/177
f 113/113/113 112/112/112 178/178/178
f 112/112/112 177/177/177 178/178/178
f 114/114/114 113/113/113 179/179/179
f 113/113/113 178/178/178 179/179/179
f 115/115/115 114/114/114 180/180/180
f 114/114/114 179/179/179 180/180/180
f 116/116/116 115/115/115 181/181/181
f 115/115/115 180/180/180 181/181/181
f 117/117/117 116/116/116 182/182/182
f 116/116/116 181/181/181 182/182/182
f 118/118/118 117/117/117 183/183/183
f 117/117/117 182/182/182 183/183/183
f 119/119/119 118/118/118 184/184/184
f 118/118/118 183/183/183 184/184/184
f 120/120/120 119/119/119 185/185/185
f 119/119/119 184/184/184 185/185/185
f 121/121/121 120/120/120 186/186/186
f 120/120/120 185/185/185 186/186/186
f 122/122/122 121/121/121 187/187/187
f 121/121/121 186/186/186 187/187/187
f 123/123/123 122/122/122 188/188/188
f 122/122/122 187/187/187 188/188/188
f 124/124/124 123/123/123 189/189/189
f 123/123/123 188/188/188 189/189/189
f 125/125/125 124/124/124 190/190/190
f 124/124/124 189/189/189 190/190/190
f 126/126/126 125/125/125 191/191/191
f 125/125/125 190/190/190 191/191/191
f 127/127/127 126/126/126 192/192/192
f 126/126/126 191/191/191 192/192/192
f 128/128/128 127/127/127 193/193/193
f 127/127/127 192/192/192 193/193/193
f 129/129/129 128/128/128 194/194/194
f 128/128/128 193/193/193 194/194/194
f 130/130/130 129/129/129 195/195/195
f 129/129/129 194/194/194 195/195/195
f 132/132/132 131/131/131 197/197/197
f 131/131/131 196/196/196 197/197/197
f 133/133/133 132/132/132 198/198/198
f 132/132/132 197/197/197 198/198/198
f 134/134/134 133/133/133 199/199/199
f 133/133/133 198/198/198 199/199/199
f 135/135/135 134/134/134 200/200/200
f 134/134/134 199/199/199 200/200/200
f 136/136/136 135/135/135 201/201/201
f 135/135/135 200/200/200 201/201/201
f 137/137/137 136/136/136 202/202/202
f 136/136/136 201/201/201 202/202/202
f 138/138/138 137/137/137 203/203/203
f 137/137/137 202/202/202 203/203/203
f 139/139/139 138/138/138 204/204/204
f 138/138/138 203/203/203 204/204/204
f 140/140/140 139/139/139 205/205/205
f 139/139/139 204/204/204 205/205/205
f 141/141/141 140/140/140 206/206/206
f 140/140/140 205/205/205 206/206/206
f 142/142/142 141/141/141 207/207/207
f 141/141/141 206/206/206 207/207/207
f 143/143/143 142/142/142 208/208/208
f 142/142/142 207/207/207 208/208/208
f 144/144/144 143/143/143 209/209/209
f 143/143/143 208/208/208 209/209/209
f 145/145/145 144/144/144 210/210/210
f 144/144/144 209/209/209 210/210/210
f 146/146/146 145/145/145 211/211/211
f 145/145/145 210/210/210 211/211/211
f 147/147/147 146/146/146 212/212/212
f 146/146/146 211/211/211 212/212/212
f 148/148/148 147/147/147 213/213/213
f 147/147/147 212/212/212 213/213/213
f 149/149/149 148/148/148 214/214/214
f 148/148/148 213/213/213 214/214/214
f 150/150/150 149/149/149 215/215/215
f 149/149/149 214/214/214 215/215/215
f 151/151/151 150/150/150 216/216/216
f 150/150/150 215/215/215 216/216/216
f 152/152/152 151/151/151 217/217/217
f 151/151/151 216/216/216 217/217/217
f 153/153/153 152/152/152 218/218/218
f 152/152/152 217/217/217 218/218/218
f 154/154/154 153/153/153 219/219/219
f 153/153/153 218/218/218 219/219/219
f 155/155/155 154/154/154 220/220/220
f 154/154/154 219/219/219 220/220/220
f 156/156/156 155/155/155 221/221/221
f 155/155/155 220/220/220 221/221/221
f 157/157/157 156/156/156 222/222/222
f 156/156/156 221/221/221 222/222/222
f 158/158/158 157/157/157 223/223/223
f 157/157/157 222/222/222 223/223/223
f 159/159/159 158/158/158 224/224/224
f 158/158/158 223/223/223 224/224/224
f 160/160/160 159/159/159 225/225/225
f 159/159/159 224/224/224 225/225/225
f 161/161/161 160/160/160 226/226/226
f 160/160/160 225/225/225 226/226/226
f 162/162/162 161/161/161 227/227/227
f 161/161/161 226/226/226 227/227/227
f 163/163/163 162/162/162 228/228/228
f 162/162/162 227/227/227 228/228/228
f 164/164/164 163/163/163 229/229/229
f 163/163/163 228/228/228 229/229/229
f 165/165/165 164/164/164 230/230/230
f 164/164/164 229/229/229 230/230/230
f 166/166/166 165/165/165 231/231/231
f 165/165/165 230/230/230 231/231/231
f 167/167/167 166/166/166 232/232/232
f 166/166/166 231/231/231 232/232/232
f 168/168/168 167/167/167 233/233/233
f 167/167/167 232/232/232 233/233/233
f 169/169/169 168/168/168 234/234/234
f 168/168/168 233/233/233 234/234/234
f 170/170/170 169/169/169 235/235/235
f 169/169/169 234/234/234 235/235/235
f 171/171/171 170/170/170 236/236/236
f 170/170/170 235/235/235 236/236/236
f 172/172/172 171/171/171 237/237/237
f 171/171/171 236/236/236 237/237/237
f 173/173/173 172/172/172 238/238/238
f 172/172/172 237/237/237 238/238/238
f 174/174/174 173/173/173 239/239/239
f 173/173/173 238/238/238 239/239/239
f 175/175/175 174/174/174 240/240/240
f 174/174/174 239/239/239 240/240/240
f 176/176/176 175/175/175 241/241/241
f 175/175/175 240/240/240 241/241/241
f 177/177/177 176/176/176 242/242/242
f 176/176/176 241/241/241 242/242/242
f 178/178/178 177/177/177 243/243/243
f 177/177/177 242/242/242 243/243/243
f 179/179/179 178/178/178 244/244/244
f 178/178/178 243/243/243 244/244/244
f 180/180/180 179/179/179 245/245/245
f 179/179/179 244/244/244 245/245/245
f 181/181/181 180/180/180 246/246/246
f 180/180/180 245/245/245 246/246/246
f 182/182/182 181/181/181 247/247/247
f 181/181/181 246/246/246 247/247/247
f 183/183/183 182/182/182 248/248/248
f 182/182/182 247/247/247 248/248/248
f 184/184/184 183/183/183 249/249/249
f 183/183/183 248/248/248 249/249/249
f 185/185/185 184/184/184 250/250/250
f 184/184/184 249/249/249 250/250/250
f 186/186/186 185/185/185 251/251/251
f 185/185/185 250/250/250 251/251/251
f 187/187/187 186/186/186 252/252/252
f 186/186/186 251/251/251 252/252/252
f 188/188/188 187/187/187 253/253/253
f 187/187/187 252/252/252 253/253/253
f 189/189/189 188/188/188 254/254/254
f 188/188/188 253/253/253 254/254/254
f 190/190/190 189/189/189 255/255/255
f 189/189/189 254/254/254 255/255/255
f 191/191/191 190/190/190 256/256/256
f 190/190/190 255/255/255 256/256/256
f 192/192/192 191/191/191 257/257/257
f 191/191/191 256/256/256 257/257/257
f 193/193/193 192/192/192 258/258/258
f 192/192/192 257/257/257 258/258/258
f 194/194/194 193/193/193 259/259/259
f 193/193/193 258/258/258 259/259/259
f 195/195/195 194/194/194 260/260/260
f 194/194/194 259/259/259 260/260/260
f 197/197/197 196/196/196 262/262/262
f 196/196/196 261/261/261 262/262/262
f 198/198/198 197/197/197 263/263/263
f 197/197/197 262/262/262 263/263/263
f 199/199/199 198/198/198 264/264/264
f 198/198/198 263/263/263 264/264/264
f 200/200/200 199/199/199 265/265/265
f 199/199/199 264/264/264 265/265/265
f 201/201/201 200/200/200 266/266/266
f 200/200/200 265/265/265 266/266/266
f 202/202/202 201/201/201 267/267/267
f 201/201/201 266/266/266 267/267/267
f 203/203/203 202/202/202 268/268/268
f 202/202/202 267/267/267 268/268/268
f 204/204/204 203/203/203 269/269/269
f 203/203/203 268/268/268 269/269/269
f 205/205/205 204/204/204 270/270/270
f 204/204/204 269/269/269 270/270/270
f 206/206/206 205/205/205 271/271/271
f 205/205/205 270/270/270 271/271/271
f 207/207/207 206/206/206 272/272/272
f 206/206/206 271/271/271 272/272/272
f 208/208/208 207/207/207 273/273/273
f 207/207/207 272/272/272 273/273/273
f 209/209/209 208/208/208 274/274/274
f 208/208/208 273/273/273 274/274/274
f 210/210/210 209/209/209 275/275/275
f 209/209/209 274/274/274 275/275/275
f 211/211/211 210/210/210 276/276/276
f 210/210/210 275/275/275 276/276/276
f 212/212/212 211/211/211 277/277/277
f 211/211/211 276/276/276 277/277/277
f 213/213/213 212/212/212 278/278/278
f 212/212/212 277/277/277 278/278/278
f 214/214/214 213/213/213 279/279/279
f 213/213/213 278/278/278 279/279/279
f 215/215/215 214/214/214 280/280/280
f 214/214/214 279/279/279 280/280/280
f 216/216/216 215/215/215 281/281/281
f 215/215/215 280/280/280 281/281/281
f 217/217/217 216/216/216 282/282/282
f 216/216/216 281/281/281 282/282/282
f 218/218/218 217/217/217 283/283/283
f 217/217/217 282/282/282 283/283/283
f 219/219/219 218/218/218 284/284/284
f 218/218/218 283/283/283 284/284/284
f 220/220/220 219/219/219 285/285/285
f 219/219/219 284/284/284 285/285/285
f 221/221/221 220/220/220 286/286/286
f 220/220/220 285/285/285 286/286/286
f 222/222/222 221/221/221 287/287/287
f 221/221/221 286/286/286 287/287/287
f 223/223/223 222/222/222 288/288/288
f 222/222/222 287/287/287 288/288/288
f 224/224/224 223/223/223 289/289/289
f 223/223/223 288/288/288 289/289/289
f 225/225/225 224/224/224 290/290/290
f 224/224/224 289/289/289 290/290/290
f 226/226/226 225/225/225 291/291/291
f 225/225/225 290/290/290 291/291/291
f 227/227/227 226/226/226 292/292/292
f 226/226/226 291/291/291 292/292/292
f 228/228/228 227/227/227 293/293/293
f 227/227/227 292/292/292 293/293/293
f 229/229/229 228/228/228 294/294/294
f 228/228/228 293/293/293 294/294/294
f 230/230/230 229/229/229 295/295/295
f 229/229/229 294/294/294 295/295/295
f 231/231/231 230/230/230 296/296/296
f 230/230/230 295/295/295 296/296/296
f 232/232/232 231/231/231 297/297/297
f 231/231/231 296/296/296 297/297/297
f 233/233/233 232/232/232 298/298/298
f 232/232/232 297/297/297 298/298/298
f 234/234/234 233/233/233 299/299/299
f 233/233/233 298/298/298 299/299/299
f 235/235/235 234/234/234 300/300/300
f 234/234/234 299/299/299 300/300/300
f 236/236/236 235/235/235 301/301/301
f 235/235/235 300/300/300 301/301/301
f 237/237/237 236/236/236 302/302/302
f 236/236/236 301/301/301 302/302/302
f 238/238/238 237/237/237 303/303/303
f 237/237/237 302/302/302 303/303/303
f 239/239/239 238/238/238 304/304/304
f 238/238/238 303/303/303 304/304/304
f 240/240/240 239/239/239 305/305/305
f 239/239/239 304/304/304 305/305/305
f 241/241/241 240/240/240 306/306/306
f 240/240/240 305/305/305 306/306/306
f 242/242/242 241/241/241 307/307/307
f 241/241/241 306/306/306 307/307/307
f 243/243/243 242/242/242 308/308/308
f 242/242/242 307/307/307 308/308/308
f 244/244/244 243/243/243 309/309/309
f 243/243/243 308/308/308 309/309/309
f 245/245/245 244/244/244 310/310/310
f 244/244/244 309/309/309 310/310/310
f 246/246/246 245/245/245 311/311/311
f 245/245/245 310/310/310 311/311/311
f 247/247/247 246/246/246 312/312/312
f 246/246/246 311/311/311 312/312/312
f 248/248/248 247/247/247 313/313/313
f 247/247/247 312/312/312 313/313/313
f 249/249/249 248/248/248 314/314/314
f 248/248/248 313/313/313 314/314/314
f 250/250/250 249/249/249 315/315/315
f 249/249/249 314/314/314 315/315/315
f 251/251/251 250/250/250 316/316/316
f 250/250/250 315/315/315 316/316/316
f 252/252/252 251/251/251 317/317/317
f 251/251/251 316/316/316 317/317/317
f 253/253/253 252/252/252 318/318/318
f 252/252/252 317/317/317 318/318/318
f 254/254/254 253/253/253 319/319/319
f 253/253/253 318/318/318 319/319/319
f 255/255/255 254/254/254 320/320/320
f 254/254/254 319/319/319 320/320/320
f 256/256/256 255/255/255 321/321/321
f 255/255/255 320/320/320 321/321/321
f 257/257/257 256/256/256 322/322/322
f 256/256/256 321/321/321 322/322/322
f 258/258/258 257/257/257 323/323/323
f 257/257/257 322/322/322 323/323/323
f 259/259/259 258/258/258 324/324/324
f 258/258/258 323/323/323 324/324/324
f 260/260/260 259/259/259 325/325/325
f 259/259/259 324/324/324 325/325/325
f 262/262/262 261/261/261 327/327/327
f 261/261/261 326/326/326 327/327/327
f 263/263/263 262/262/262 328/328/328
f 262/262/262 327/327/327 328/328/328
f 264/264/264 263/263/263 329/329/329
f 263/263/263 328/328/328 329/329/329
f 265/265/265 264/264/264 330/330/330
f 264/264/264 329/329/329 330/330/330
f 266/266/266 265/265/265 331/331/331
f 265/265/265 330/330/330 331/331/331
f 267/267/267 266/266/266 332/332/332
f 266/266/266 331/331/331 332/332/332
f 268/268/268 267/267/267 333/333/333
f 267/267/267 332/332/332 333/333/333
f 269/269/269 268/268/268 334/334/334
f 268/268/268 333/333/333 334/334/334
f 270/270/270 269/269/269 335/335/335
f 269/269/269 334/334/334 335/335/335
f 271/271/271 270/270/270 336/336/336
f 270/270/270 335/335/335 336/336/336
f 272/272/272 271/271/271 337/337/337
f 271/271/271 336/336/336 337/337/337
f 273/273/273 272/272/272 338/338/338
f 272/272/272 337/337/337 338/338/338
f 274/274/274 273/273/273 339/339/339
f 273/273/273 338/338/338 339/339/339
f 275/275/275 274/274/274 340/340/340
f 274/274/274 339/339/339 340/340/340
f 276/276/276 275/275/275 341/341/341
f 275/275/275 340/340/340 341/341/341
f 277/277/277 276/276/276 342/342/342
f 276/276/276 341/341/341 342/342/342
f 278/278/278 277/277/277 343/343/343
f 277/277/277 342/342/342 343/343/343
f 279/279/279 278/278/278 344/344/344
f 278/278/278 343/343/343 344/344/344
f 280/280/280 279/279/279 345/345/345
f 279/279/279 344/344/344 345/345/345
f 281/281/281 280/280/280 346/346/346
f 280/280/280 345/345/345 346/346/346
f 282/282/282 281/281/281 347/347/347
f 281/281/281 346/346/346 347/347/347
f 283/283/283 282/282/282 348/348/348
f 282/282/282 347/347/347 348/348/348
f 284/284/284 283/283/283 349/349/349
f 283/283/283 348/348/348 349/349/349
f 285/285/285 284/284/284 350/350/350
f 284/284/284 349/349/349 350/350/350
f 286/286/286 285/285/285 351/351/351
f 285/285/285 350/350/350 351/351/351
f 287/287/287 286/286/286 352/352/352
f 286/286/286 351/351/351 352/352/352
f 288/288/288 287/287/287 353/353/353
f 287/287/287 352/352/352 353/353/353
f 289/289/289 288/288/288 354/354/354
f 288/288/288 353/353/353 354/354/354
f 290/290/290 289/289/289 355/355/355
f 289/289/289 354/354/354 355/355/355
f 291/291/291 290/290/290 356/356/356
f 290/290/290 355/355/355 356/356/356
f 292/292/292 291/291/291 357/357/357
f 291/291/291 356/356/356 357/357/357
f 293/293/293 292/292/292 358/358/358
f 292/292/292 357/357/357 358/358/358
f 294/294/294 293/293/293 359/359/359
f 293/293/293 358/358/358 359/359/359
f 295/295/295 294/294/294 360/360/360
f 294/294/294 359/359/359 360/360/360
f 296/296/296 295/295/295 361/361/361
f 295/295/295 360/360/360 361/361/361
f 297/297/297 296/296/296 362/362/362
f 296/296/296 361/361/361 362/362/362
f 298/298/298 297/297/297 363/363/363
f 297/297/297 362/362/362 363/363/363
f 299/299/299 298/298/298 364/364/364
f 298/298/298 363/363/363 364/364/364
f 300/300/300 299/299/299 365/365/365
f 299/299/299 364/364/364 365/365/365
f 301/301/301 300/300/300 366/366/366
f 300/300/300 365/365/365 366/366/366
f 302/302/302 301/301/301 367/367/367
f 301/301/301 366/366/366 367/367/367
f 303/303/303 302/302/302 368/368/368
f 302/302/302 367/367/367 368/368/368
f 304/304/304 303/303/303 369/369/369
f 303/303/303 368/368/368 369/369/369
f 305/305/305 304/304/304 370/370/370
f 304/304/304 369/369/369 370/370/370
f 306/306/306 305/305/305 371/371/371
f 305/305/305 370/370/370 371/371/371
f 307/307/307 306/306/306 372/372/372
f 306/306/306 371/371/371 372/372/372
f 308/308/308 307/307/307 373/373/373
f 307/307/307 372/372/372 373/373/373
f 309/309/309 308/308/308 374/374/374
f 308/308/308 373/373/373 374/374/374
f 310/310/310 309/309/309 375/375/375
f 309/309/309 374/374/374 375/375/375
f 311/311/311 310/310/310 376/376/376
f 310/310/310 375/375/375 376/376/376
f 312/312/312 311/311/311 377/377/377
f 311/311/311 376/376/376 377/377/377
f 313/313/313 312/312/312 378/378/378
f 312/312/312 377/377/377 378/378/378
f 314/314/314 313/313/313 379/379/379
f 313/313/313 378/378/378 379/379/379
f 315/315/315 314/314/314 380/380/380
f 314/314/314 379/379/379 380/380/380
f 316/316/316 315/315/315 381/381/381
f 315/315/315 380/380/380 381/381/381
f 317/317/317 316/316/316 382/382/382
f 316/316/316 381/381/381 382/382/382
f 318/318/318 317/317/317 383/383/383
f 317/317/317 382/382/382 383/383/383
f 319/319/319 318/318/318 384/384/384
f 318/318/318 383/383/383 384/384/384
f 320/320/320 319/319/319 385/385/385
f 319/319/319 384/384/384 385/385/385
f 321/321/321 320/320/320 386/386/386
f 320/320/320 385/385/385 386/386/386
f 322/322/322 321/321/321 387/387/387
f 321/321/321 386/386/386 387/387/387
f 323/323/323 322/322/322 388/388/388
f 322/322/322 387/387/387 388/388/388
f 324/324/324 323/323/323 389/389/389
f 323/323/323 388/388/388 389/389/389
f 325/325/325 324/324/324 390/390/390
f 324/324/324 389/389/389 390/390/390
f 327/327/327 326/326/326 392/392/392
f 326/326/326 391/391/391 392/392/392
f 328/328/328 327/327/327 393/393/393
f 327/327/327 392/392/392 393/393/393
f 329/329/329 328/328/328 394/394/394
f 328/328/328 393/393/393 394/394/394
f 330/330/330 329/329/329 395/395/395
f 329/329/329 394/394/394 395/395/395
f 331/331/331 330/330/330 396/396/396
f 330/330/330 395/395/395 396/396/396
f 332/332/332 331/331/331 397/397/397
f 331/331/331 396/396/396 397/397/397
f 333/333/333 332/332/332 398/398/398
f 332/332/332 397/397/397 398/398/398
f 334/334/334 333/333/333 399/399/399
f 333/333/333 398/398/398 399/399/399
f 335/335/335 334/334/334 400/400/400
f 334/334/334 399/399/399 400/400/400
f 336/336/336 335/335/335 401/401/401
f 335/335/335 400/400/400 401/401/401
f 337/337/337 336/336/336 402/402/402
f 336/336/336 401/401/401 402/402/402
f 338/338/338 337/337/337 403/403/403
f 337/337/337 402/402/402 403/403/403
f 339/339/339 338/338/338 404/404/404
f 338/338/338 403/403/403 404/404/404
f 340/340/340 339/339/339 405/405/405
f 339/339/339 404/404/404 405/405/405
f 341/341/341 340/340/340 406/406/406
f 340/340/340 405/405/405 406/406/406
f 342/342/342 341/341/341 407/407/407
f 341/341/341 406/406/406 407/407/407
f 343/343/343 342/342/342 408/408/408
f 342/342/342 407/407/407 408/408/408
f 344/344/344 343/343/343 409/409/409
f 343/343/343 408/408/408 409/409/409
f 345/345/345 344/344/344 410/410/410
f 344/344/344 409/409/409 410/410/410
f 346/346/346 345/345/345 411/411/411
f 345/345/345 410/410/410 411/411/411
f 347/347/347 346/346/346 412/412/412
f 346/346/346 411/411/411 412/412/412
f 348/348/348 347/347/347 413/413/413
f 347/347/347 412/412/412 413/413/413
f 349/349/349 348/348/348 414/414/414
f 348/348/348 413/413/413 414/414/414
f 350/350/350 349/349/349 415/415/415
f 349/349/349 414/414/414 415/415/415
f 351/351/351 350/350/350 416/416/416
f 350/350/350 415/415/415 416/416/416
f 352/352/352 351/351/351 417/417/417
f 351/351/351 416/416/416 417/417/417
f 353/353/353 352/352/352 418/418/418
f 352/352/352 417/417/417 418/418/418
f 354/354/354 353/353/353 419/419/419
f 353/353/353 418/418/418 419/419/419
f 355/355/355 354/354/354 420/420/420
f 354/354/354 419/419/419 420/420/420
f 356/356/356 355/355/355 421/421/421
f 355/355/355 420/420/420 421/421/421
f 357/357/357 356/356/356 422/422/422
f 356/356/356 421/421/421 422/422/422
f 358/358/358 357/357/357 423/423/423
f 357/357/357 422/422/422 423/423/423
f 359/359/359 358/358/358 424/424/424
f 358/358/358 423/423/423 424/424/424
f 360/360/360 359/359/359 425/425/425
f 359/359/359 424/424/424 425/425/425
f 361/361/361 360/360/360 426/426/426
f 360/360/360 425/425/425 426/426/426
f 362/362/362 361/361/361 427/427/427
f 361/361/361 426/426/426 427/427/427
f 363/363/363 362/362/362 428/428/428
f 362/362/362 427/427/427 428/428/428
f 364/364/364 363/363/363 429/429/429
f 363/363/363 428/428/428 429/429/429
f 365/365/365 364/364/364 430/430/430
f 364/364/364 429/429/429 430/430/430
f 366/366/366 365/365/365 431/431/431
f 365/365/365 430/430/430 431/431/431
f 367/367/367 366/366/366 432/432/432
f 366/366/366 431/431/431 432/432/432
f 368/368/368 367/367/367 433/433/433
f 367/367/367 432/432/432 433/433/433
f 369/369/369 368/368/368 434/434/434
f 368/368/368 433/433/433 434/434/434
f 370/370/370 369/369/369 435/435/435
f 369/369/369 434/434/434 435/435/435
f 371/371/371 370/370/370 436/436/436
f 370/370/370 435/435/435 436/436/436
f 372/372/372 371/371/371 437/437/437
f 371/371/371 436/436/436 437/437/437
f 373/373/373 372/372/372 438/438/438
f 372/372/372 437/437/437 438/438/438
f 374/374/374 373/373/373 439/439/439
f 373/373/373 438/438/438 439/439/439
f 375/375/375 374/374/374 440/440/440
f 374/374/374 439/439/439 440/440/440
f 376/376/376 375/375/375 441/441/441
f 375/375/375 440/440/440 441/441/441
f 377/377/377 376/376/376 442/442/442
f 376/376/376 441/441/441 442/442/442
f 378/378/378 377/377/377 443/443/443
f 377/377/377 442/442/442 443/443/443
f 379/379/379 378/378/378 444/444/444
f 378/378/378 443/443/443 444/444/444
f 380/380/380 379/379/379 445/445/445
f 379/379/379 444/444/444 445/445/445
f 381/381/381 380/380/380 446/446/446
f 380/380/380 445/445/445 446/446/446
f 382/382/382 381/381/381 447/447/447
f 381/381/381 446/446/446 447/447/447
f 383/383/383 382/382/382 448/448/448
f 382/382/382 447/447/447 448/448/448
f 384/384/384 383/383/383 449/449/449
f 383/383/383 448/448/448 449/449/449
f 385/385/385 384/384/384 450/450/450
f 384/384/384 449/449/449 450/450/450
f 386/386/386 385/385/385 451/451/451
f 385/385/385 450/450/450 451/451/451
f 387/387/387 386/386/386 452/452/452
f 386/386/386 451/451/451 452/452/452
f 388/388/388 387/387/387 453/453/453
f 387/387/387 452/452/452 453/453/453
f 389/389/389 388/388/388 454/454/454
f 388/388/388 453/453/453 454/454/454
f 390/390/390 389/389/389 455/455/455
f 389/389/389 454/454/454 455/455/455
f 392/392/392 391/391/391 457/457/457
f 391/391/391 456/456/456 457/457/457
f 393/393/393 392/392/392 458/458/458
f 392/392/392 457/457/457 458/458/458
f 394/394/394 393/393/393 459/459/459
f 393/393/393 458/458/458 459/459/459
f 395/395/395 394/394/394 460/460/460
f 394/394/394 459/459/459 460/460/460
f 396/396/396 395/395/395 461/461/461
f 395/395/395 460/460/460 461/461/461
f 397/397/397 396/396/396 462/462/462
f 396/396/396 461/461/461 462/462/462
f 398/398/398 397/397/397 463/463/463
f 397/397/397 462/462/462 463/463/463
f 399/399/399 398/398/398 464/464/464
f 398/398/398 463/463/463 464/464/464
f 400/400/400 399/399/399 465/465/465
f 399/399/399 464/464/464 465/465/465
f 401/401/401 400/400/400 466/466/466
f 400/400/400 465/465/465 466/466/466
f 402/402/402 401/401/401 467/467/467
f 401/401/401 466/466/466 467/467/467
f 403/403/403 402/402/402 468/468/468
f 402/402/402 467/467/467 468/468/468
f 404/404/404 403/403/403 469/469/469
f 403/403/403 468/468/468 469/469/469
f 405/405/405 404/404/404 470/470/470
f 404/404/404 469/469/469 470/470/470
f 406/406/406 405/405/405 471/471/471
f 405/405/405 470/470/470 471/471/471
f 407/407/407 406/406/406 472/472/472
f 406/406/406 471/471/471 472/472/472
f 408/408/408 407/407/407 473/473/473
f 407/407/407 472/472/472 473/473/473
f 409/409/409 408/408/408 474/474/474
f 408/408/408 473/473/473 474/474/474
f 410/410/410 409/409/409 475/475/475
f 409/409/409 474/474/474 475/475/475
f 411/411/411 410/410/410 476/476/476
f 410/410/410 475/475/475 476/476/476
f 412/412/412 411/411/411 477/477/477
f 411/411/411 476/476/476 477/477/477
f 413/413/413 412/412/412 478/478/478
f 412/412/412 477/477/477 478/478/478
f 414/414/414 413/413/413 479/479/479
f 413/413/413 478/478/478 479/479/479
f 415/415/415 414/414/414 480/480/480
f 414/414/414 479/479/479 480/480/480
f 416/416/416 415/415/415 481/481/481
f 415/415/415 480/480/480 481/481/481
f 417/417/417 416/416/416 482/482/482
f 416/416/416 481/481/481 482/482/482
f 418/418/418 417/417/417 483/483/483
f 417/417/417 482/482/482 483/483/483
f 419/419/419 418/418/418 484/484/484
f 418/418/418 483/483/483 484/484/484
f 420/420/420 419/419/419 485/485/485
f 419/419/419 484/484/484 485/485/485
f 421/421/421 420/420/420 486/486/486
f 420/420/420 485/485/485 486/486/486
f 422/422/422 421/421/421 487/487/487
f 421/421/421 486/486/486 487/487/487
f 423/423/423 422/422/422 488/488/488
f 422/422/422 487/487/487 488/488/488
f 424/424/424 423/423/423 489/489/489
f 423/423/423 488/488/488 489/489/489
f 425/425/425 424/424/424 490/490/490
f 424/424/424 489/489/489 490/490/490
f 426/426/426 425/425/425 491/491/491
f 425/425/425 490/490/490 491/491/491
f 427/427/427 426/426/426 492/492/492
f 426/426/426 491/491/491 492/492/492
f 428/428/428 427/427/427 493/493/493
f 427/427/427 492/492/492 493/493/493
f 429/429/429 428/428/428 494/494/494
f 428/428/428 493/493/493 494/494/494
f 430/430/430 429/429/429 495/495/495
f 429/429/429 494/494/494 495/495/495
f 431/431/431 430/430/430 496/496/496
f 430/430/430 495/495/495 496/496/496
f 432/432/432 431/431/431 497/497/497
f 431/431/431 496/496/496 497/497/497
f 433/433/433 432/432/432 498/498/498
f 432/432/432 497/497/497 498/498/498
f 434/434/434 433/433/433 499/499/499
f 433/433/433 498/498/498 499/499/499
f 435/435/435 434/434/434 500/500/500
f 434/434/434 499/499/499 500/500/500
f 436/436/436 435/435/435 501/501/501
f 435/435/435 500/500/500 501/501/501
f 437/437/437 436/436/436 502/502/502
f 436/436/436 501/501/501 502/502/502
f 438/438/438 437/437/437 503/503/503
f 437/437/437 502/502/502 503/503/503
f 439/439/439 438/438/438 504/504/504
f 438/438/438 503/503/503 504/504/504
f 440/440/440 439/439/439 505/505/505
f 439/439/439 504/504/504 505/505/505
f 441/441/441 440/440/440 506/506/506
f 440/440/440 505/505/505 506/506/506
f 442/442/442 441/441/441 507/507/507
f 441/441/441 506/506/506 507/507/507
f 443/443/443 442/442/442 508/508/508
f 442/442/442 507/507/507 508/508/508
f 444/444/444 443/443/443 509/509/509
f 443/443/443 508/508/508 509/509/509
f 445/445/445 444/444/444 510/510/510
f 444/444/444 509/509/509 510/510/510
f 446/446/446 445/445/445 511/511/511
f 445/445/445 510/510/510 511/511/511
f 447/447/447 446/446/446 512/512/512
f 446/446/446 511/511/511 512/512/512
f 448/448/448 447/447/447 513/513/513
f 447/447/447 512/512/512 513/513/513
f 449/449/449 448/448/448 514/514/514
f 448/448/448 513/513/513 514/514/514
f 450/450/450 449/449/449 515/515/515
f 449/449/449 514/514/514 515/515/515
f 451/451/451 450/450/450 516/516/516
f 450/450/450 515/515/515 516/516/516
f 452/452/452 451/451/451 517/517/517
f 451/451/451 516/516/516 517/517/517
f 453/453/453 452/452/452 518/518/518
f 452/452/452 517/517/517 518/518/518
f 454/454/454 453/453/453 519/519/519
f 453/453/453 518/518/518 519/519/519
f 455/455/455 454/454/454 520/520/520
f 454/454/454 519/519/519 520/520/520
f 457/457/457 456/456/456 522/522/522
f 456/456/456 521/521/521 522/522/522
f 458/458/458 457/457/457 523/523/523
f 457/457/457 522/522/522 523/523/523
f 459/459/459 458/458/458 524/524/524
f 458/458/458 523/523/523 524/524/524
f 460/460/460 459/459/459 525/525/525
f 459/459/459 524/524/524 525/525/525
f 461/461/461 460/460/460 526/526/526
f 460/460/460 525/525/525 526/526/526
f 462/462/462 461/461/461 527/527/527
f 461/461/461 526/526/526 527/527/527
f 463/463/463 462/462/462 528/528/528
f 462/462/462 527/527/527 528/528/528
f 464/464/464 463/463/463 529/529/529
f 463/463/463 528/528/528 529/529/529
f 465/465/465 464/464/464 530/530/530
f 464/464/464 529/529/529 530/530/530
f 466/466/466 465/465/465 531/531/531
f 465/465/465 530/530/530 531/531/531
f 467/467/467 466/466/466 532/532/532
f 466/466/466 531/531/531 532/532/532
f 468/468/468 467/467/467 533/533/533
f 467/467/467 532/532/532 533/533/533
f 469/469/469 468/468/468 534/534/534
f 468/468/468 533/533/533 534/534/534
f 470/470/470 469/469/469 535/535/535
f 469/469/469 534/534/534 535/535/535
f 471/471/471 470/470/470 536/536/536
f 470/470/470 535/535/535 536/536/536
f 472/472/472 471/471/471 537/537/537
f 471/471/471 536/536/536 537/537/537
f 473/473/473 472/472/472 538/538/538
f 472/472/472 537/537/537 538/538/538
f 474/474/474 473/473/473 539/539/539
f 473/473/473 538/538/538 539/539/539
f 475/475/475 474/474/474 540/540/540
f 474/474/474 539/539/539 540/540/540
f 476/476/476 475/475/475 541/541/541
f 475/475/475 540/540/540 541/541/541
f 477/477/477 476/476/476 542/542/542
f 476/476/476 541/541/541 542/542/542
f 478/478/478 477/477/477 543/543/543
f 477/477/477 542/542/542 543/543/543
f 479/479/479 478/478/478 544/544/544
f 478/478/478 543/543/543 544/544/544
f 480/480/480 479/479/479 545/545/545
f 479/479/479 544/544/544 545/545/545
f 481/481/481 480/480/480 546/546/546
f 480/480/480 545/545/545 546/546/546
f 482/482/482 481/481/481 547/547/547
f 481/481/481 546/546/546 547/547/547
f 483/483/483 482/482/482 548/548/548
f 482/482/482 547/547/547 548/548/548
f 484/484/484 483/483/483 549/549/549
f 483/483/483 548/548/548 549/549/549
f 485/485/485 484/484/484 550/550/550
f 484/484/484 549/549/549 550/550/550
f 486/486/486 485/485/485 551/551/551
f 485/485/485 550/550/550 551/551/551
f 487/487/487 486/486/486 552/552/552
f 486/486/486 551/551/551 552/552/552
f 488/488/488 487/487/487 553/553/553
f 487/487/487 552/552/552 553/553/553
f 489/489/489 488/488/488 554/554/554
f 488/488/488 553/553/553 554/554/554
f 490/490/490 489/489/489 555/555/555
f 489/489/489 554/554/554 555/555/555
f 491/491/491 490/490/490 556/556/556
f 490/490/490 555/555/555 556/556/556
f 492/492/492 491/491/491 557/557/557
f 491/491/491 556/556/556 557/557/557
f 493/493/493 492/492/492 558/558/558
f 492/492/492 557/557/557 558/558/558
f 494/494/494 493/493/493 559/559/559
f 493/493/493 558/558/558 559/559/559
f 495/495/495 494/494/494 560/560/560
f 494/494/494 559/559/559 560/560/560
f 496/496/496 495/495/495 561/561/561
f 495/495/495 560/560/560 561/561/561
f 497/497/497 496/496/496 562/562/562
f 496/496/496 561/561/561 562/562/562
f 498/498/498 497/497/497 563/563/563
f 497/497/497 562/562/562 563/563/563
f 499/499/499 498/498/498 564/564/564
f 498/498/498 563/563/563 564/564/564
f 500/500/500 499/499/499 565/565/565
f 499/499/499 564/564/564 565/565/565
f 501/501/501 500/500/500 566/566/566
f 500/500/500 565/565/565 566/566/566
f 502/502/502 501/501/501 567/567/567
f 501/501/501 566/566/566 567/567/567
f 503/503/503 502/502/502 568/568/568
f 502/502/502 567/567/567 568/568/568
f 504/504/504 503/503/503 569/569/569
f 503/503/503 568/568/568 569/569/569
f 505/505/505 504/504/504 570/570/570
f 504/504/504 569/569/569 570/570/570
f 506/506/506 505/505/505 571/571/571
f 505/505/505 570/570/570 571/571/571
f 507/507/507 506/506/506 572/572/572
f 506/506/506 571/571/571 572/572/572
f 508/508/508 507/507/507 573/573/573
f 507/507/507 572/572/572 573/573/573
f 509/509/509 508/508/508 574/574/574
f 508/508/508 573/573/573 574/574/574
f 510/510/510 509/509/509 575/575/575
f 509/509/509 574/574/574 575/575/575
f 511/511/511 510/510/510 576/576/576
f 510/510/510 575/575/575 576/576/576
f 512/512/512 511/511/511 577/577/577
f 511/511/511 576/576/576 577/577/577
f 513/513/513 512/512/512 578/578/578
f 512/512/512 577/577/577 578/578/578
f 514/514/514 513/513/513 579/579/579
f 513/513/513 578/578/578 579/579/579
f 515/515/515 514/514/514 580/580/580
f 514/514/514 579/579/579 580/580/580
f 516/516/516 515/515/515 581/581/581
f 515/515/515 580/580/580 581/581/581
f 517/517/517 516/516/516 582/582/582
f 516/516/516 581/581/581 582/582/582
f 518/518/518 517/517/517 583/583/583
f 517/517/517 582/582/582 583/583/583
f 519/519/519 518/518/518 584/584/584
f 518/518/518 583/583/583 584/584/584
f 520/520/520 519/519/519 585/585/585
f 519/519/519 584/584/584 585/585/585
f 522/522/522 521/521/521 587/587/587
f 521/521/521 586/586/586 587/587/587
f 523/523/523 522/522/522 588/588/588
f 522/522/522 587/587/587 588/588/588
f 524/524/524 523/523/523 589/589/589
f 523/523/523 588/588/588 589/589/589
f 525/525/525 524/524/524 590/590/590
f 524/524/524 589/589/589 590/590/590
f 526/526/526 525/525/525 591/591/591
f 525/525/525 590/590/590 591/591/591
f 527/527/527 526/526/526 592/592/592
f 526/526/526 591/591/591 592/592/592
f 528/528/528 527/527/527 593/593/593
f 527/527/527 592/592/592 593/593/593
f 529/529/529 528/528/528 594/594/594
f 528/528/528 593/593/593 594/594/594
f 530/530/530 529/529/529 595/595/595
f 529/529/529 594/594/594 595/595/595
f 531/531/531 530/530/530 596/596/596
f 530/530/530 595/595/595 596/596/596
f 532/532/532 531/531/531 597/597/597
f 531/531/531 596/596/596 597/597/597
f 533/533/533 532/532/532 598/598/598
f 532/532/532 597/597/597 598/598/598
f 534/534/534 533/533/533 599/599/599
f 533/533/533 598/598/598 599/599/599
f 535/535/535 534/534/534 600/600/600
f 534/534/534 599/599/599 600/600/600
f 536/536/536 535/535/535 601/601/601
f 535/535/535 600/600/600 601/601/601
f 537/537/537 536/536/536 602/602/602
f 536/536/536 601/601/601 602/602/602
f 538/538/538 537/537/537 603/603/603
f 537/537/537 602/602/602 603/603/603
f 539/539/539 538/538/538 604/604/604
f 538/538/538 603/603/603 604/604/604
f 540/540/540 539/539/539 605/605/605
f 539/539/539 604/604/604 605/605/605
f 541/541/541 540/540/540 606/606/606
f 540/540/540 605/605/605 606/606/606
f 542/542/542 541/541/541 607/607/607
f 541/541/541 606/606/606 607/607/607
f 543/543/543 542/542/542 608/608/608
f 542/542/542 607/607/607 608/608/608
f 544/544/544 543/543/543 609/609/609
f 543/543/543 608/608/608 609/609/609
f 545/545/545 544/544/544 610/610/610
f 544/544/544 609/609/609 610/610/610
f 546/546/546 545/545/545 611/611/611
f 545/545/545 610/610/610 611/611/611
f 547/547/547 546/546/546 612/612/612
f 546/546/546 611/611/611 612/612/612
f 548/548/548 547/547/547 613/613/613
f 547/547/547 612/612/612 613/613/613
f 549/549/549 548/548/548 614/614/614
f 548/548/548 613/613/613 614/614/614
f 550/550/550 549/549/549 615/615/615
f 549/549/549 614/614/614 615/615/615
f 551/551/551 550/550/550 616/616/616
f 550/550/550 615/615/615 616/616/616
f 552/552/552 551/551/551 617/617/617
f 551/551/551 616/616/616 617/617/617
f 553/553/553 552/552/552 618/618/618
f 552/552/552 617/617/617 618/618/618
f 554/554/554 553/553/553 619/619/619
f 553/553/553 618/618/618 619/619/619
f 555/555/555 554/554/554 620/620/620
f 554/554/554 619/619/619 620/620/620
f 556/556/556 555/555/555 621/621/621
f 555/555/555 620/620/620 621/621/621
f 557/557/557 556/556/556 622/622/622
f 556/556/556 621/621/621 622/622/622
f 558/558/558 557/557/557 623/623/623
f 557/557/557 622/622/622 623/623/623
f 559/559/559 558/558/558 624/624/624
f 558/558/558 623/623/623 624/624/624
f 560/560/560 559/559/559 625/625/625
f 559/559/559 624/624/624 625/625/625
f 561/561/561 560/560/560 626/626/626
f 560/560/560 625/625/625 626/626/626
f 562/562/562 561/561/561 627/627/627
f 561/561/561 626/626/626 627/627/627
f 563/563/563 562/562/562 628/628/628
f 562/562/562 627/627/627 628/628/628
f 564/564/564 563/563/563 629/629/629
f 563/563/563 628/628/628 629/629/629
f 565/565/565 564/564/564 630/630/630
f 564/564/564 629/629/629 630/630/630
f 566/566/566 565/565/565 631/631/631
f 565/565/565 630/630/630 631/631/631
f 567/567/567 566/566/566 632/632/632
f 566/566/566 631/631/631 632/632/632
f 568/568/568 567/567/567 633/633/633
f 567/567/567 632/632/632 633/633/633
f 569/569/569 568/568/568 634/634/634
f 568/568/568 633/633/633 634/634/634
f 570/570/570 569/569/569 635/635/635
f 569/569/569 634/634/634 635/635/635
f 571/571/571 570/570/570 636/636/636
f 570/570/570 635/635/635 636/636/636
f 572/572/572 571/571/571 637/637/637
f 571/571/571 636/636/636 637/637/637
f 573/573/573 572/572/572 638/638/638
f 572/572/572 637/637/637 638/638/638
f 574/574/574 573/573/573 639/639/639
f 573/573/573 638/638/638 639/639/639
f 575/575/575 574/574/574 640/640/640
f 574/574/574 639/639/639 640/640/640
f 576/576/576 575/575/575 641/641/641
f 575/575/575 640/640/640 641/641/641
f 577/577/577 576/576/576 642/642/642
f 576/576/576 641/641/641 642/642/642
f 578/578/578 577/577/577 643/643/643
f 577/577/577 642/642/642 643/643/643
f 579/579/579 578/578/578 644/644/644
f 578/578/578 643/643/643 644/644/644
f 580/580/580 579/579/579 645/645/645
f 579/579/579 644/644/644 645/645/645
f 581/581/581 580/580/580 646/646/646
f 580/580/580 645/645/645 646/646/646
f 582/582/582 581/581/581 647/647/647
f 581/581/581 646/646/646 647/647/647
f 583/583/583 582/582/582 648/648/648
f 582/582/582 647/647/647 648/648/648
f 584/584/584 583/583/583 649/649/649
f 583/583/583 648/648/648 649/649/649
f 585/585/585 584/584/584 650/650/650
f 584/584/584 649/649/649 650/650/650
f 587/587/587 586/586/586 652/652/652
f 586/586/586 651/651/651 652/652/652
f 588/588/588 587/587/587 653/653/653
f 587/587/587 652/652/652 653/653/653
f 589/589/589 588/588/588 654/654/654
f 588/588/588 653/653/653 654/654/654
f 590/590/590 589/589/589 655/655/655
f 589/589/589 654/654/654 655/655/655
f 591/591/591 590/590/590 656/656/656
f 590/590/590 655/655/655 656/656/656
f 592/592/592 591/591/591 657/657/657
f 591/591/591 656/656/656 657/657/657
f 593/593/593 592/592/592 658/658/658
f 592/592/592 657/657/657 658/658/658
f 594/594/594 593/593/593 659/659/659
f 593/593/593 658/658/658 659/659/659
f 595/595/595 594/594/594 660/660/660
f 594/594/594 659/659/659 660/660/660
f 596/596/596 595/595/595 661/661/661
f 595/595/595 660/660/660 661/661/661
f 597/597/597 596/596/596 662/662/662
f 596/596/596 661/661/661 662/662/662
f 598/598/598 597/597/597 663/663/663
f 597/597/597 662/662/662 663/663/663
f 599/599/599 598/598/598 664/664/664
f 598/598/598 663/663/663 664/664/664
f 600/600/600 599/599/599 665/665/665
f 599/599/599 664/664/664 665/665/665
f 601/601/601 600/600/600 666/666/666
f 600/600/600 665/665/665 666/666/666
f 602/602/602 601/601/601 667/667/667
f 601/601/601 666/666/666 667/667/667
f 603/603/603 602/602/602 668/668/668
f 602/602/602 667/667/667 668/668/668
f 604/604/604 603/603/603 669/669/669
f 603/603/603 668/668/668 669/669/669
f 605/605/605 604/604/604 670/670/670
f 604/604/604 669/669/669 670/670/670
f 606/606/606 605/605/605 671/671/671
f 605/605/605 670/670/670 671/671/671
f 607/607/607 606/606/606 672/672/672
f 606/606/606 671/671/671 672/672/672
f 608/608/608 607/607/607 673/673/673
f 607/607/607 672/672/672 673/673/673
f 609/609/609 608/608/608 674/674/674
f 608/608/608 673/673/673 674/674/674
f 610/610/610 609/609/609 675/675/675
f 609/609/609 674/674/674 675/675/675
f 611/611/611 610/610/610 676/676/676
f 610/610/610 675/675/675 676/676/676
f 612/612/612 611/611/611 677/677/677
f 611/611/611 676/676/676 677/677/677
f 613/613/613 612/612/612 678/678/678
f 612/612/612 677/677/677 678/678/678
f 614/614/614 613/613/613 679/679/679
f 613/613/613 678/678/678 679/679/679
f 615/615/615 614/614/614 680/680/680
f 614/614/614 679/679/679 680/680/680
f 616/616/616 615/615/615 681/681/681
f 615/615/615 680/680/680 681/681/681
f 617/617/617 616/616/616 682/682/682
f 616/616/616 681/681/681 682/682/682
f 618/618/618 617/617/617 683/683/683
f 617/617/617 682/682/682 683/683/683
f 619/619/619 618/618/618 684/684/684
f 618/618/618 683/683/683 684/684/684
f 620/620/620 619/619/619 685/685/685
f 619/619/619 684/684/684 685/685/685
f 621/621/621 620/620/620 686/686/686
f 620/620/620 685/685/685 686/686/686
f 622/622/622 621/621/621 687/687/687
f 621/621/621 686/686/686 687/687/687
f 623/623/623 622/622/622 688/688/688
f 622/622/622 687/687/687 688/688/688
f 624/624/624 623/623/623 689/689/689
f 623/623/623 688/688/688 689/689/689
f 625/625/625 624/624/624 690/690/690
f 624/624/624 689/689/689 690/690/690
f 626/626/626 625/625/625 691/691/691
f 625/625/625 690/690/690 691/691/691
f 627/627/627 626/626/626 692/692/692
f 626/626/626 691/691/691 692/692/692
f 628/628/628 627/627/627 693/693/693
f 627/627/627 692/692/692 693/693/693
f 629/629/629 628/628/628 694/694/694
f 628/628/628 693/693/693 694/694/694
f 630/630/630 629/629/629 695/695/695
f 629/629/629 694/694/694 695/695/695
f 631/631/631 630/630/630 696/696/696
f 630/630/630 695/695/695 696/696/696
f 632/632/632 631/631/631 697/697/697
f 631/631/631 696/696/696 697/697/697
f 633/633/633 632/632/632 698/698/698
f 632/632/632 697/697/697 698/698/698
f 634/634/634 633/633/633 699/699/699
f 633/633/633 698/698/698 699/699/699
f 635/635/635 634/634/634 700/700/700
f 634/634/634 699/699/699 700/700/700
f 636/636/636 635/635/635 701/701/701
f 635/635/635 700/700/700 701/701/701
f 637/637/637 636/636/636 702/702/702
f 636/636/636 701/701/701 702/702/702
f 638/638/638 637/637/637 703/703/703
f 637/637/637 702/702/702 703/703/703
f 639/639/639 638/638/638 704/704/704
f 638/638/638 703/703/703 704/704/704
f 640/640/640 639/639/639 705/705/705
f 639/639/639 704/704/704 705/705/705
f 641/641/641 640/640/640 706/706/706
f 640/640/640 705/705/705 706/706/706
f 642/642/642 641/641/641 707/707/707
f 641/641/641 706/706/706 707/707/707
f 643/643/643 642/642/642 708/708/708
f 642/642/642 707/707/707 708/708/708
f 644/644/644 643/643/643 709/709/709
f 643/643/643 708/708/708 709/709/709
f 645/645/645 644/644/644 710/710/710
f 644/644/644 709/709/709 710/710/710
f 646/646/646 645/645/645 711/711/711
f 645/645/645 710/710/710 711/711/711
f 647/647/647 646/646/646 712/712/712
f 646/646/646 711/711/711 712/712/712
f 648/648/648 647/647/647 713/713/713
f 647/647/647 712/712/712 713/713/713
f 649/649/649 648/648/648 714/714/714
f 648/648/648 713/713/713 714/714/714
f 650/650/650 649/649/649 715/715/715
f 649/649/649 714/714/714 715/715/715
f 652/652/652 651/651/651 717/717/717
f 651/651/651 716/716/716 717/717/717
f 653/653/653 652/652/652 718/718/718
f 652/652/652 717/717/717 718/718/718
f 654/654/654 653/653/653 719/719/719
f 653/653/653 718/718/718 719/719/719
f 655/655/655 654/654/654 720/720/720
f 654/654/654 719/719/719 720/720/720
f 656/656/656 655/655/655 721/721/721
f 655/655/655 720/720/720 721/721/721
f 657/657/657 656/656/656 722/722/722
f 656/656/656 721/721/721 722/722/722
f 658/658/658 657/657/657 723/723/723
f 657/657/657 722/722/722 723/723/723
f 659/659/659 658/658/658 724/724/724
f 658/658/658 723/723/723 724/724/724
f 660/660/660 659/659/659 725/725/725
f 659/659/659 724/724/724 725/725/725
f 661/661/661 660/660/660 726/726/726
f 660/660/660 725/725/725 726/726/726
f 662/662/662 661/661/661 727/727/727
f 661/661/661 726/726/726 727/727/727
f 663/663/663 662/662/662 728/728/728
f 662/662/662 727/727/727 728/728/728
f 664/664/664 663/663/663 729/729/729
f 663/663/663 728/728/728 729/729/729
f 665/665/665 664/664/664 730/730/730
f 664/664/664 729/729/729 730/730/730
f 666/666/666 665/665/665 731/731/731
f 665/665/665 730/730/730 731/731/731
f 667/667/667 666/666/666 732/732/732
f 666/666/666 731/731/731 732/732/732
f 668/668/668 667/667/667 733/733/733
f 667/667/667 732/732/732 733/733/733
f 669/669/669 668/668/668 734/734/734
f 668/668/668 733/733/733 734/734/734
f 670/670/670 669/669/669 735/735/735
f 669/669/669 734/734/734 735/735/735
f 671/671/671 670/670/670 736/736/736
f 670/670/670 735/735/735 736/736/736
f 672/672/672 671/671/671 737/737/737
f 671/671/671 736/736/736 737/737/737
f 673/673/673 672/672/672 738/738/738
f 672/672/672 737/737/737 738/738/738
f 674/674/674 673/673/673 739/739/739
f 673/673/673 738/738/738 739/739/739
f 675/675/675 674/674/674 740/740/740
f 674/674/674 739/739/739 740/740/740
f 676/676/676 675/675/675 741/741/741
f 675/675/675 740/740/740 741/741/741
f 677/677/677 676/676/676 742/742/742
f 676/676/676 741/741/741 742/742/742
f 678/678/678 677/677/677 743/743/743
f 677/677/677 742/742/742 743/743/743
f 679/679/679 678/678/678 744/744/744
f 678/678/678 743/743/743 744/744/744
f 680/680/680 679/679/679 745/745/745
f 679/679/679 744/744/744 745/745/745
f 681/681/681 680/680/680 746/746/746
f 680/680/680 745/745/745 746/746/746
f 682/682/682 681/681/681 747/747/747
f 681/681/681 746/746/746 747/747/747
f 683/683/683 682/682/682 748/748/748
f 682/682/682 747/747/747 748/748/748
f 684/684/684 683/683/683 749/749/749
f 683/683/683 748/748/748 749/749/749
f 685/685/685 684/684/684 750/750/750
f 684/684/684 749/749/749 750/750/750
f 686/686/686 685/685/685 751/751/751
f 685/685/685 750/750/750 751/751/751
f 687/687/687 686/686/686 752/752/752
f 686/686/686 751/751/751 752/752/752
f 688/688/688 687/687/687 753/753/753
f 687/687/687 752/752/752 753/753/753
f 689/689/689 688/688/688 754/754/754
f 688/688/688 753/753/753 754/754/754
f 690/690/690 689/689/689 755/755/755
f 689/689/689 754/754/754 755/755/755
f 691/691/691 690/690/690 756/756/756
f 690/690/690 755/755/755 756/756/756
f 692/692/692 691/691/691 757/757/757
f 691/691/691 756/756/756 757/757/757
f 693/693/693 692/692/692 758/758/758
f 692/692/692 757/757/757 758/758/758
f 694/694/694 693/693/693 759/759/759
f 693/693/693 758/758/758 759/759/759
f 695/695/695 694/694/694 760/760/760
f 694/694/694 759/759/759 760/760/760
f 696/696/696 695/695/695 761/761/761
f 695/695/695 760/760/760 761/761/761
f 697/697/697 696/696/696 762/762/762
f 696/696/696 761/761/761 762/762/762
f 698/698/698 697/697/697 763/763/763
f 697/697/697 762/762/762 763/763/763
f 699/699/699 698/698/698 764/764/764
f 698/698/698 763/763/763 764/764/764
f 700/700/700 699/699/699 765/765/765
f 699/699/699 764/764/764 765/765/765
f 701/701/701 700/700/700 766/766/766
f 700/700/700 765/765/765 766/766/766
f 702/702/702 701/701/701 767/767/767
f 701/701/701 766/766/766 767/767/767
f 703/703/703 702/702/702 768/768/768
f 702/702/702 767/767/767 768/768/768
f 704/704/704 703/703/703 769/769/769
f 703/703/703 768/768/768 769/769/769
f 705/705/705 704/704/704 770/770/770
f 704/704/704 769/769/769 770/770/770
f 706/706/706 705/705/705 771/771/771
f 705/705/705 770/770/770 771/771/771
f 707/707/707 706/706/706 772/772/772
f 706/706/706 771/771/771 772/772/772
f 708/708/708 707/707/707 773/773/773
f 707/707/707 772/772/772 773/773/773
f 709/709/709 708/708/708 774/774/774
f 708/708/708 773/773/773 774/774/774
f 710/710/710 709/709/709 775/775/775
f 709/709/709 774/774/774 775/775/775
f 711/711/711 710/710/710 776/776/776
f 710/710/710 775/775/775 776/776/776
f 712/712/712 711/711/711 777/777/777
f 711/711/711 776/776/776 777/777/777
f 713/713/713 712/712/712 778/778/778
f 712/712/712 777/777/777 778/778/778
f 714/714/714 713/713/713 779/779/779
f 713/713/713 778/778/778 779/779/779
f 715/715/715 714/714/714 780/780/780
f 714/714/714 779/779/779 780/780/780
f 717/717/717 716/716/716 782/782/782
f 716/716/716 781/781/781 782/782/782
f 718/718/718 717/717/717 783/783/783
f 717/717/717 782/782/782 783/783/783
f 719/719/719 718/718/718 784/784/784
f 718/718/718 783/783/783 784/784/784
f 720/720/720 719/719/719 785/785/785
f 719/719/719 784/784/784 785/785/785
f 721/721/721 720/720/720 786/786/786
f 720/720/720 785/785/785 786/786/786
f 722/722/722 721/721/721 787/787/787
f 721/721/721 786/786/786 787/787/787
f 723/723/723 722/722/722 788/788/788
f 722/722/722 787/787/787 788/788/788
f 724/724/724 723/723/723 789/789/789
f 723/723/723 788/788/788 789/789/789
f 725/725/725 724/724/724 790/790/790
f 724/724/724 789/789/789 790/790/790
f 726/726/726 725/725/725 791/791/791
f 725/725/725 790/790/790 791/791/791
f 727/727/727 726/726/726 792/792/792
f 726/726/726 791/791/791 792/792/792
f 728/728/728 727/727/727 793/793/793
f 727/727/727 792/792/792 793/793/793
f 729/729/729 728/728/728 794/794/794
f 728/728/728 793/793/793 794/794/794
f 730/730/730 729/729/729 795/795/795
f 729/729/729 794/794/794 795/795/795
f 731/731/731 730/730/730 796/796/796
f 730/730/730 795/795/795 796/796/796
f 732/732/732 731/731/731 797/797/797
f 731/731/731 796/796/796 797/797/797
f 733/733/733 732/732/732 798/798/798
f 732/732/732 797/797/797 798/798/798
f 734/734/734 733/733/733 799/799/799
f 733/733/733 798/798/798 799/799/799
f 735/735/735 734/734/734 800/800/800
f 734/734/734 799/799/799 800/800/800
f 736/736/736 735/735/735 801/801/801
f 735/735/735 800/800/800 801/801/801
f 737/737/737 736/736/736 802/802/802
f 736/736/736 801/801/801 802/802/802
f 738/738/738 737/737/737 803/803/803
f 737/737/737 802/802/802 803/803/803
f 739/739/739 738/738/738 804/804/804
f 738/738/738 803/803/803 804/804/804
f 740/740/740 739/739/739 805/805/805
f 739/739/739 804/804/804 805/805/805
f 741/741/741 740/740/740 806/806/806
f 740/740/740 805/805/805 806/806/806
f 742/742/742 741/741/741 807/807/807
f 741/741/741 806/806/806 807/807/807
f 743/743/743 742/742/742 808/808/808
f 742/742/742 807/807/807 808/808/808
f 744/744/744 743/743/743 809/809/809
f 743/743/743 808/808/808 809/809/809
f 745/745/745 744/744/744 810/810/810
f 744/744/744 809/809/809 810/810/810
f 746/746/746 745/745/745 811/811/811
f 745/745/745 810/810/810 811/811/811
f 747/747/747 746/746/746 812/812/812
f 746/746/746 811/811/811 812/812/812
f 748/748/748 747/747/747 813/813/813
f 747/747/747 812/812/812 813/813/813
f 749/749/749 748/748/748 814/814/814
f 748/748/748 813/813/813 814/814/814
f 750/750/750 749/749/749 815/815/815
f 749/749/749 814/814/814 815/815/815
f 751/751/751 750/750/750 816/816/816
f 750/750/750 815/815/815 816/816/816
f 752/752/752 751/751/751 817/817/817
f 751/751/751 816/816/816 817/817/817
f 753/753/753 752/752/752 818/818/818
f 752/752/752 817/817/817 818/818/818
f 754/754/754 753/753/753 819/819/819
f 753/753/753 818/818/818 819/819/819
f 755/755/755 754/754/754 820/820/820
f 754/754/754 819/819/819 820/820/820
f 756/756/756 755/755/755 821/821/821
f 755/755/755 820/820/820 821/821/821
f 757/757/757 756/756/756 822/822/822
f 756/756/756 821/821/821 822/822/822
f 758/758/758 757/757/757 823/823/823
f 757/757/757 822/822/822 823/823/823
f 759/759/759 758/758/758 824/824/824
f 758/758/758 823/823/823 824/824/824
f 760/760/760 759/759/759 825/825/825
f 759/759/759 824/824/824 825/825/825
f 761/761/761 760/760/760 826/826/826
f 760/760/760 825/825/825 826/826/826
f 762/762/762 761/761/761 827/827/827
f 761/761/761 826/826/826 827/827/827
f 763/763/763 762/762/762 828/828/828
f 762/762/762 827/827/827 828/828/828
f 764/764/764 763/763/763 829/829/829
f 763/763/763 828/828/828 829/829/829
f 765/765/765 764/764/764 830/830/830
f 764/764/764 829/829/829 830/830/830
f 766/766/766 765/765/765 831/831/831
f 765/765/765 830/830/830 831/831/831
f 767/767/767 766/766/766 832/832/832
f 766/766/766 831/831/831 832/832/832
f 768/768/768 767/767/767 833/833/833
f 767/767/767 832/832/832 833/833/833
f 769/769/769 768/768/768 834/834/834
f 768/768/768 833/833/833 834/834/834
f 770/770/770 769/769/769 835/835/835
f 769/769/769 834/834/834 835/835/835
f 771/771/771 770/770/770 836/836/836
f 770/770/770 835/835/835 836/836/836
f 772/772/772 771/771/771 837/837/837
f 771/771/771 836/836/836 837/837/837
f 773/773/773 772/772/772 838/838/838
f 772/772/772 837/837/837 838/838/838
f 774/774/774 773/773/773 839/839/839
f 773/773/773 838/838/838 839/839/839
f 775/775/775 774/774/774 840/840/840
f 774/774/774 839/839/839 840/840/840
f 776/776/776 775/775/775 841/841/841
f 775/775/775 840/840/840 841/841/841
f 777/777/777 776/776/776 842/842/842
f 776/776/776 841/841/841 842/842/842
f 778/778/778 777/777/777 843/843/843
f 777/777/777 842/842/842 843/843/843
f 779/779/779 778/778/778 844/844/844
f 778/778/778 843/843/843 844/844/844
f 780/780/780 779/779/779 845/845/845
f 779/779/779 844/844/844 845/845/845
f 782/782/782 781/781/781 847/847/847
f 781/781/781 846/846/846 847/847/847
f 783/783/783 782/782/782 848/848/848
f 782/782/782 847/847/847 848/848/848
f 784/784/784 783/783/783 849/849/849
f 783/783/783 848/848/848 849/849/849
f 785/785/785 784/784/784 850/850/850
f 784/784/784 849/849/849 850/850/850
f 786/786/786 785/785/785 851/851/851
f 785/785/785 850/850/850 851/851/851
f 787/787/787 786/786/786 852/852/852
f 786/786/786 851/851/851 852/852/852
f 788/788/788 787/787/787 853/853/853
f 787/787/787 852/852/852 853/853/853
f 789/789/789 788/788/788 854/854/854
f 788/788/788 853/853/853 854/854/854
f 790/790/790 789/789/789 855/855/855
f 789/789/789 854/854/854 855/855/855
f 791/791/791 790/790/790 856/856/856
f 790/790/790 855/855/855 856/856/856
f 792/792/792 791/791/791 857/857/857
f 791/791/791 856/856/856 857/857/857
f 793/793/793 792/792/792 858/858/858
f 792/792/792 857/857/857 858/858/858
f 794/794/794 793/793/793 859/859/859
f 793/793/793 858/858/858 859/859/859
f 795/795/795 794/794/794 860/860/860
f 794/794/794 859/859/859 860/860/860
f 796/796/796 795/795/795 861/861/861
f 795/795/795 860/860/860 861/861/861
f 797/797/797 796/796/796 862/862/862
f 796/796/796 861/861/861 862/862/862
f 798/798/798 797/797/797 863/863/863
f 797/797/797 862/862/862 863/863/863
f 799/799/799 798/798/798 864/864/864
f 798/798/798 863/863/863 864/864/864
f 800/800/800 799/799/799 865/865/865
f 799/799/799 864/864/864 865/865/865
f 801/801/801 800/800/800 866/866/866
f 800/800/800 865/865/865 866/866/866
f 802/802/802 801/801/801 867/867/867
f 801/801/801 866/866/866 867/867/867
f 803/803/803 802/802/802 868/868/868
f 802/802/802 867/867/867 868/868/868
f 804/804/804 803/803/803 869/869/869
f 803/803/803 868/868/868 869/869/869
f 805/805/805 804/804/804 870/870/870
f 804/804/804 869/869/869 870/870/870
f 806/806/806 805/805/805 871/871/871
f 805/805/805 870/870/870 871/871/871
f 807/807/807 806/806/806 872/872/872
f 806/806/806 871/871/871 872/872/872
f 808/808/808 807/807/807 873/873/873
f 807/807/807 872/872/872 873/873/873
f 809/809/809 808/808/808 874/874/874
f 808/808/808 873/873/873 874/874/874
f 810/810/810 809/809/809 875/875/875
f 809/809/809 874/874/874 875/875/875
f 811/811/811 810/810/810 876/876/876
f 810/810/810 875/875/875 876/876/876
f 812/812/812 811/811/811 877/877/877
f 811/811/811 876/876/876 877/877/877
f 813/813/813 812/812/812 878/878/878
f 812/812/812 877/877/877 878/878/878
f 814/814/814 813/813/813 879/879/879
f 813/813/813 878/878/878 879/879/879
f 815/815/815 814/814/814 880/880/880
f 814/814/814 879/879/879 880/880/880
f 816/816/816 815/815/815 881/881/881
f 815/815/815 880/880/880 881/881/881
f 817/817/817 816/816/816 882/882/882
f 816/816/816 881/881/881 882/882/882
f 818/818/818 817/817/817 883/883/883
f 817/817/817 882/882/882 883/883/883
f 819/819/819 818/818/818 884/884/884
f 818/818/818 883/883/883 884/884/884
f 820/820/820 819/819/819 885/885/885
f 819/819/819 884/884/884 885/885/885
f 821/821/821 820/820/820 886/886/886
f 820/820/820 885/885/885 886/886/886
f 822/822/822 821/821/821 887/887/887
f 821/821/821 886/886/886 887/887/887
f 823/823/823 822/822/822 888/888/888
f 822/822/822 887/887/887 888/888/888
f 824/824/824 823/823/823 889/889/889
f 823/823/823 888/888/888 889/889/889
f 825/825/825 824/824/824 890/890/890
f 824/824/824 889/889/889 890/890/890
f 826/826/826 825/825/825 891/891/891
f 825/825/825 890/890/890 891/891/891
f 827/827/827 826/826/826 892/892/892
f 826/826/826 891/891/891 892/892/892
f 828/828/828 827/827/827 893/893/893
f 827/827/827 892/892/892 893/893/893
f 829/829/829 828/828/828 894/894/894
f 828/828/828 893/893/893 894/894/894
f 830/830/830 829/829/829 895/895/895
f 829/829/829 894/894/894 895/895/895
f 831/831/831 830/830/830 896/896/896
f 830/830/830 895/895/895 896/896/896
f 832/832/832 831/831/831 897/897/897
f 831/831/831 896/896/896 897/897/897
f 833/833/833 832/832/832 898/898/898
f 832/832/832 897/897/897 898/898/898
f 834/834/834 833/833/833 899/899/899
f 833/833/833 898/898/898 899/899/899
f 835/835/835 834/834/834 900/900/900
f 834/834/834 899/899/899 900/900/900
f 836/836/836 835/835/835 901/901/901
f 835/835/835 900/900/900 901/901/901
f 837/837/837 836/836/836 902/902/902
f 836/836/836 901/901/901 902/902/902
f 838/838/838 837/837/837 903/903/903
f 837/837/837 902/902/902 903/903/903
f 839/839/839 838/838/838 904/904/904
f 838/838/838 903/903/903 904/904/904
f 840/840/840 839/839/839 905/905/905
f 839/839/839 904/904/904 905/905/905
f 841/841/841 840/840/840 906/906/906
f 840/840/840 905/905/905 906/906/906
f 842/842/842 841/841/841 907/907/907
f 841/841/841 906/906/906 907/907/907
f 843/843/843 842/842/842 908/908/908
f 842/842/842 907/907/907 908/908/908
f 844/844/844 843/843/843 909/909/909
f 843/843/843 908/908/908 909/909/909
f 845/845/845 844/844/844 910/910/910
f 844/844/844 909/909/909 910/910/910
f 847/847/847 846/846/846 912/912/912
f 846/846/846 911/911/911 912/912/912
f 848/848/848 847/847/847 913/913/913
f 847/847/847 912/912/912 913/913/913
f 849/849/849 848/848/848 914/914/914
f 848/848/848 913/913/913 914/914/914
f 850/850/850 849/849/849 915/915/915
f 849/849/849 914/914/914 915/915/915
f 851/851/851 850/850/850 916/916/916
f 850/850/850 915/915/915 916/916/916
f 852/852/852 851/851/851 917/917/917
f 851/851/851 916/916/916 917/917/917
f 853/853/853 852/852/852 918/918/918
f 852/852/852 917/917/917 918/918/918
f 854/854/854 853/853/853 919/919/919
f 853/853/853 918/918/918 919/919/919
f 855/855/855 854/854/854 920/920/920
f 854/854/854 919/919/919 920/920/920
f 856/856/856 855/855/855 921/921/921
f 855/855/855 920/920/920 921/921/921
f 857/857/857 856/856/856 922/922/922
f 856/856/856 921/921/921 922/922/922
f 858/858/858 857/857/857 923/923/923
f 857/857/857 922/922/922 923/923/923
f 859/859/859 858/858/858 924/924/924
f 858/858/858 923/923/923 924/924/924
f 860/860/860 859/859/859 925/925/925
f 859/859/859 924/924/924 925/925/925
f 861/861/861 860/860/860 926/926/926
f 860/860/860 925/925/925 926/926/926
f 862/862/862 861/861/861 927/927/927
f 861/861/861 926/926/926 927/927/927
f 863/863/863 862/862/862 928/928/928
f 862/862/862 927/927/927 928/928/928
f 864/864/864 863/863/863 929/929/929
f 863/863/863 928/928/928 929/929/929
f 865/865/865 864/864/864 930/930/930
f 864/864/864 929/929/929 930/930/930
f 866/866/866 865/865/865 931/931/931
f 865/865/865 930/930/930 931/931/931
f 867/867/867 866/866/866 932/932/932
f 866/866/866 931/931/931 932/932/932
f 868/868/868 867/867/867 933/933/933
f 867/867/867 932/932/932 933/933/933
f 869/869/869 868/868/868 934/934/934
f 868/868/868 933/933/933 934/934/934
f 870/870/870 869/869/869 935/935/935
f 869/869/869 934/934/934 935/935/935
f 871/871/871 870/870/870 936/936/936
f 870/870/870 935/935/935 936/936/936
f 872/872/872 871/871/871 937/937/937
f 871/871/871 936/936/936 937/937/937
f 873/873/873 872/872/872 938/938/938
f 872/872/872 937/937/937 938/938/938
f 874/874/874 873/873/873 939/939/939
f 873/873/873 938/938/938 939/939/939
f 875/875/875 874/874/874 940/940/940
f 874/874/874 939/939/939 940/940/940
f 876/876/876 875/875/875 941/941/941
f 875/875/875 940/940/940 941/941/941
f 877/877/877 876/876/876 942/942/942
f 876/876/876 941/941/941 942/942/942
f 878/878/878 877/877/877 943/943/943
f 877/877/877 942/942/942 943/943/943
f 879/879/879 878/878/878 944/944/944
f 878/878/878 943/943/943 944/944/944
f 880/880/880 879/879/879 945/945/945
f 879/879/879 944/944/944 945/945/945
f 881/881/881 880/880/880 946/946/946
f 880/880/880 945/945/945 946/946/946
f 882/882/882 881/881/881 947/947/947
f 881/881/881 946/946/946 947/947/947
f 883/883/883 882/882/882 948/948/948
f 882/882/882 947/947/947 948/948/948
f 884/884/884 883/883/883 949/949/949
f 883/883/883 948/948/948 949/949/949
f 885/885/885 884/884/884 950/950/950
f 884/884/884 949/949/949 950/950/950
f 886/886/886 885/885/885 951/951/951
f 885/885/885 950/950/950 951/951/951
f 887/887/887 886/886/886 952/952/952
f 886/886/886 951/951/951 952/952/952
f 888/888/888 887/887/887 953/953/953
f 887/887/887 952/952/952 953/953/953
f 889/889/889 888/888/888 954/954/954
f 888/888/888 953/953/953 954/954/954
f 890/890/890 889/889/889 955/955/955
f 889/889/889 954/954/954 955/955/955
f 891/891/891 890/890/890 956/956/956
f 890/890/890 955/955/955 956/956/956
f 892/892/892 891/891/891 957/957/957
f 891/891/891 956/956/956 957/957/957
f 893/893/893 892/892/892 958/958/958
f 892/892/892 957/957/957 958/958/958
f 894/894/894 893/893/893 959/959/959
f 893/893/893 958/958/958 959/959/959
f 895/895/895 894/894/894 960/960/960
f 894/894/894 959/959/959 960/960/960
f 896/896/896 895/895/895 961/961/961
f 895/895/895 960/960/960 961/961/961
f 897/897/897 896/896/896 962/962/962
f 896/896/896 961/961/961 962/962/962
f 898/898/898 897/897/897 963/963/963
f 897/897/897 962/962/962 963/963/963
f 899/899/899 898/898/898 964/964/964
f 898/898/898 963/963/963 964/964/964
f 900/900/900 899/899/899 965/965/965
f 899/899/899 964/964/964 965/965/965
f 901/901/901 900/900/900 966/966/966
f 900/900/900 965/965/965 966/966/966
f 902/902/902 901/901/901 967/967/967
f 901/901/901 966/966/966 967/967/967
f 903/903/903 902/902/902 968/968/968
f 902/902/902 967/967/967 968/968/968
f 904/904/904 903/903/903 969/969/969
f 903/903/903 968/968/968 969/969/969
f 905/905/905 904/904/904 970/970/970
f 904/904/904 969/969/969 970/970/970
f 906/906/906 905/905/905 971/971/971
f 905/905/905 970/970/970 971/971/971
f 907/907/907 906/906/906 972/972/972
f 906/906/906 971/971/971 972/972/972
f 908/908/908 907/907/907 973/973/973
f 907/907/907 972/972/972 973/973/973
f 909/909/909 908/908/908 974/974/974
f 908/908/908 973/973/973 974/974/974
f 910/910/910 909/909/909 975/975/975
f 909/909/909 974/974/974 975/975/975
f 912/912/912 911/911/911 977/977/977
f 911/911/911 976/976/976 977/977/977
f 913/913/913 912/912/912 978/978/978
f 912/912/912 977/977/977 978/978/978
f 914/914/914 913/913/913 979/979/979
f 913/913/913 978/978/978 979/979/979
f 915/915/915 914/914/914 980/980/980
f 914/914/914 979/979/979 980/980/980
f 916/916/916 915/915/915 981/981/981
f 915/915/915 980/980/980 981/981/981
f 917/917/917 916/916/916 982/982/982
f 916/916/916 981/981/981 982/982/982
f 918/918/918 917/917/917 983/983/983
f 917/917/917 982/982/982 983/983/983
f 919/919/919 918/918/918 984/984/984
f 918/918/918 983/983/983 984/984/984
f 920/920/920 919/919/919 985/985/985
f 919/919/919 984/984/984 985/985/985
f 921/921/921 920/920/920 986/986/986
f 920/920/920 985/985/985 986/986/986
f 922/922/922 921/921/921 987/987/987
f 921/921/921 986/986/986 987/987/987
f 923/923/923 922/922/922 988/988/988
f 922/922/922 987/987/987 988/988/988
f 924/924/924 923/923/923 989/989/989
f 923/923/923 988/988/988 989/989/989
f 925/925/925 924/924/924 990/990/990
f 924/924/924 989/989/989 990/990/990
f 926/926/926 925/925/925 991/991/991
f 925/925/925 990/990/990 991/991/991
f 927/927/927 926/926/926 992/992/992
f 926/926/926 991/991/991 992/992/992
f 928/928/928 927/927/927 993/993/993
f 927/927/927 992/992/992 993/993/993
f 929/929/929 928/928/928 994/994/994
f 928/928/928 993/993/993 994/994/994
f 930/930/930 929/929/929 995/995/995
f 929/929/929 994/994/994 995/995/995
f 931/931/931 930/930/930 996/996/996
f 930/930/930 995/995/995 996/996/996
f 932/932/932 931/931/931 997/997/997
f 931/931/931 996/996/996 997/997/997
f 933/933/933 932/932/932 998/998/998
f 932/932/932 997/997/997 998/998/998
f 934/934/934 933/933/933 999/999/999
f 933/933/933 998/998/998 999/999/999
f 935/935/935 934/934/934 1000/1000/1000
f 934/934/934 999/999/999 1000/1000/1000
f 936/936/936 935/935/935 1001/1001/1001
f 935/935/935 1000/1000/1000 1001/1001/1001
f 937/937/937 936/936/936 1002/1002/1002
f 936/936/936 1001/1001/1001 1002/1002/1002
f 938/938/938 937/937/937 1003/1003/1003
f 937/937/937 1002/1002/1002 1003/1003/1003
f 939/939/939 938/938/938 1004/1004/1004
f 938/938/938 1003/1003/1003 1004/1004/1004
f 940/940/940 939/939/939 1005/1005/1005
f 939/939/939 1004/1004/1004 1005/1005/1005
f 941/941/941 940/940/940 1006/1006/1006
f 940/940/940 1005/1005/1005 1006/1006/1006
f 942/942/942 941/941/941 1007/1007/1007
f 941/941/941 1006/1006/1006 1007/1007/1007
f 943/943/943 942/942/942 1008/1008/1008
f 942/942/942 1007/1007/1007 1008/1008/1008
f 944/944/944 943/943/943 1009/1009/1009
f 943/943/943 1008/1008/1008 1009/1009/1009
f 945/945/945 944/944/944 1010/1010/1010
f 944/944/944 1009/1009/1009 1010/1010/1010
f 946/946/946 945/945/945 1011/1011/1011
f 945/945/945 1010/1010/1010 1011/1011/1011
f 947/947/947 946/946/946 1012/1012/1012
f 946/946/946 1011/1011/1011 1012/1012/1012
f 948/948/948 947/947/947 1013/1013/1013
f 947/947/947 1012/1012/1012 1013/1013/1013
f 949/949/949 948/948/948 1014/1014/1014
f 948/948/948 1013/1013/1013 1014/1014/1014
f 950/950/950 949/949/949 1015/1015/1015
f 949/949/949 1014/1014/1014 1015/1015/1015
f 951/951/951 950/950/950 1016/1016/1016
f 950/950/950 1015/1015/1015 1016/1016/1016
f 952/952/952 951/951/951 1017/1017/1017
f 951/951/951 1016/1016/1016 1017/1017/1017
f 953/953/953 952/952/952 1018/1018/1018
f 952/952/952 1017/1017/1017 1018/1018/1018
f 954/954/954 953/953/953 1019/1019/1019
f 953/953/953 1018/1018/1018 1019/1019/1019
f 955/955/955 954/954/954 1020/1020/1020
f 954/954/954 1019/1019/1019 1020/1020/1020
f 956/956/956 955/955/955 1021/1021/1021
f 955/955/955 1020/1020/1020 1021/1021/1021
f 957/957/957 956/956/956 1022/1022/1022
f 956/956/956 1021/1021/1021 1022/1022/1022
f 958/958/958 957/957/957 1023/1023/1023
f 957/957/957 1022/1022/1022 1023/1023/1023
f 959/959/959 958/958/958 1024/1024/1024
f 958/958/958 1023/1023/1023 1024/1024/1024
f 960/960/960 959/959/959 1025/1025/1025
f 959/959/959 1024/1024/1024 1025/1025/1025
f 961/961/961 960/960/960 1026/1026/1026
f 960/960/960 1025/1025/1025 1026/1026/1026
f 962/962/962 961/961/961 1027/1027/1027
f 961/961/961 1026/1026/1026 1027/1027/1027
f 963/963/963 962/962/962 1028/1028/1028
f 962/962/962 1027/1027/1027 1028/1028/1028
f 964/964/964 963/963/963 1029/1029/1029
f 963/963/963 1028/1028/1028 1029/1029/1029
f 965/965/965 964/964/964 1030/1030/1030
f 964/964/964 1029/1029/1029 1030/1030/1030
f 966/966/966 965/965/965 1031/1031/1031
f 965/965/965 1030/1030/1030 1031/1031/1031
f 967/967/967 966/966/966 1032/1032/1032
f 966/966/966 1031/1031/1031 1032/1032/1032
f 968/968/968 967/967/967 1033/1033/1033
f 967/967/967 1032/1032/1032 1033/1033/1033
f 969/969/969 968/968/968 1034/1034/1034
f 968/968/968 1033/1033/1033 1034/1034/1034
f 970/970/970 969/969/969 1035/1035/1035
f 969/969/969 1034/1034/1034 1035/1035/1035
f 971/971/971 970/970/970 1036/1036/1036
f 970/970/970 1035/1035/1035 1036/1036/1036
f 972/972/972 971/971/971 1037/1037/1037
f 971/971/971 1036/1036/1036 1037/1037/1037
f 973/973/973 972/972/972 1038/1038/1038
f 972/972/972 1037/1037/1037 1038/1038/1038
f 974/974/974 973/973/973 1039/1039/1039
f 973/973/973 1038/1038/1038 1039/1039/1039
f 975/975/975 974/974/974 1040/1040/1040
f 974/974/974 1039/1039/1039 1040/1040/1040
f 977/977/977 976/976/976 1042/1042/1042
f 976/976/976 1041/1041/1041 1042/1042/1042
f 978/978/978 977/977/977 1043/1043/1043
f 977/977/977 1042/1042/1042 1043/1043/1043
f 979/979/979 978/978/978 1044/1044/1044
f 978/978/978 1043/1043/1043 1044/1044/1044
f 980/980/980 979/979/979 1045/1045/1045
f 979/979/979 1044/1044/1044 1045/1045/1045
f 981/981/981 980/980/980 1046/1046/1046
f 980/980/980 1045/1045/1045 1046/1046/1046
f 982/982/982 981/981/981 1047/1047/1047
f 981/981/981 1046/1046/1046 1047/1047/1047
f 983/983/983 982/982/982 1048/1048/1048
f 982/982/982 1047/1047/1047 1048/1048/1048
f 984/984/984 983/983/983 1049/1049/1049
f 983/983/983 1048/1048/1048 1049/1049/1049
f 985/985/985 984/984/984 1050/1050/1050
f 984/984/984 1049/1049/1049 1050/1050/1050
f 986/986/986 985/985/985 1051/1051/1051
f 985/985/985 1050/1050/1050 1051/1051/1051
f 987/987/987 986/986/986 1052/1052/1052
f 986/986/986 1051/1051/1051 1052/1052/1052
f 988/988/988 987/987/987 1053/1053/1053
f 987/987/987 1052/1052/1052 1053/1053/1053
f 989/989/989 988/988/988 1054/1054/1054
f 988/988/988 1053/1053/1053 1054/1054/1054
f 990/990/990 989/989/989 1055/1055/1055
f 989/989/989 1054/1054/1054 1055/1055/1055
f 991/991/991 990/990/990 1056/1056/1056
f 990/990/990 1055/1055/1055 1056/1056/1056
f 992/992/992 991/991/991 1057/1057/1057
f 991/991/991 1056/1056/1056 1057/1057/1057
f 993/993/993 992/992/992 1058/1058/1058
f 992/992/992 1057/1057/1057 1058/1058/1058
f 994/994/994 993/993/993 1059/1059/1059
f 993/993/993 1058/1058/1058 1059/1059/1059
f 995/995/995 994/994/994 1060/1060/1060
f 994/994/994 1059/1059/1059 1060/1060/1060
f 996/996/996 995/995/995 1061/1061/1061
f 995/995/995 1060/1060/1060 1061/1061/1061
f 997/997/997 996/996/996 1062/1062/1062
f 996/996/996 1061/1061/1061 1062/1062/1062
f 998/998/998 997/997/997 1063/1063/1063
f 997/997/997 1062/1062/1062 1063/1063/1063
f 999/999/999 998/998/998 1064/1064/1064
f 998/998/998 1063/1063/1063 1064/1064/1064
f 1000/1000/1000 999/999/999 1065/1065/1065
f 999/999/999 1064/1064/1064 1065/1065/1065
f 1001/1001/1001 1000/1000/1000 1066/1066/1066
f 1000/1000/1000 1065/1065/1065 1066/1066/1066
f 1002/1002/1002 1001/1001/1001 1067/1067/1067
f 1001/1001/1001 1066/1066/1066 1067/1067/1067
f 1003/1003/1003 1002/1002/1002 1068/1068/1068
f 1002/1002/1002 1067/1067/1067 1068/1068/1068
f 1004/1004/1004 1003/1003/1003 1069/1069/1069
f 1003/1003/1003 1068/1068/1068 1069/1069/1069
f 1005/1005/1005 1004/1004/1004 1070/1070/1070
f 1004/1004/1004 1069/1069/1069 1070/1070/1070
f 1006/1006/1006 1005/1005/1005 1071/1071/1071
f 1005/1005/1005 1070/1070/1070 1071/1071/1071
f 1007/1007/1007 1006/1006/1006 1072/1072/1072
f 1006/1006/1006 1071/1071/1071 1072/1072/1072
f 1008/1008/1008 1007/1007/1007 1073/1073/1073
f 1007/1007/1007 1072/1072/1072 1073/1073/1073
f 1009/1009/1009 1008/1008/1008 1074/1074/1074
f 1008/1008/1008 1073/1073/1073 1074/1074/1074
f 1010/1010/1010 1009/1009/1009 1075/1075/1075
f 1009/1009/1009 1074/1074/1074 1075/1075/1075
f 1011/1011/1011 1010/1010/1010 1076/1076/1076
f 1010/1010/1010 1075/1075/1075 1076/1076/1076
f 1012/1012/1012 1011/1011/1011 1077/1077/1077
f 1011/1011/1011 1076/1076/1076 1077/1077/1077
f 1013/1013/1013 1012/1012/1012 1078/1078/1078
f 1012/1012/1012 1077/1077/1077 1078/1078/1078
f 1014/1014/1014 1013/1013/1013 1079/1079/1079
f 1013/1013/1013 1078/1078/1078 1079/1079/1079
f 1015/1015/1015 1014/1014/1014 1080/1080/1080
f 1014/1014/1014 1079/1079/1079 1080/1080/1080
f 1016/1016/1016 1015/1015/1015 1081/1081/1081
f 1015/1015/1015 1080/1080/1080 1081/1081/1081
f 1017/1017/1017 1016/1016/1016 1082/1082/1082
f 1016/1016/1016 1081/1081/1081 1082/1082/1082
f 1018/1018/1018 1017/1017/1017 1083/1083/1083
f 1017/1017/1017 1082/1082/1082 1083/1083/1083
f 1019/1019/1019 1018/1018/1018 1084/1084/1084
f 1018/1018/1018 1083/1083/1083 1084/1084/1084
f 1020/1020/1020 1019/1019/1019 1085/1085/1085
f 1019/1019/1019 1084/1084/1084 1085/1085/1085
f 1021/1021/1021 1020/1020/1020 1086/1086/1086
f 1020/1020/1020 1085/1085/1085 1086/1086/1086
f 1022/1022/1022 1021/1021/1021 1087/1087/1087
f 1021/1021/1021 1086/1086/1086 1087/1087/1087
f 1023/1023/1023 1022/1022/1022 1088/1088/1088
f 1022/1022/1022 1087/1087/1087 1088/1088/1088
f 1024/1024/1024 1023/1023/1023 1089/1089/1089
f 1023/1023/1023 1088/1088/1088 1089/1089/1089
f 1025/1025/1025 1024/1024/1024 1090/1090/1090
f 1024/1024/1024 1089/1089/1089 1090/1090/1090
f 1026/1026/1026 1025/1025/1025 1091/1091/1091
f 1025/1025/1025 1090/1090/1090 1091/1091/1091
f 1027/1027/1027 1026/1026/1026 1092/1092/1092
f 1026/1026/1026 1091/1091/1091 1092/1092/1092
f 1028/1028/1028 1027/1027/1027 1093/1093/1093
f 1027/1027/1027 1092/1092/1092 1093/1093/1093
f 1029/1029/1029 1028/1028/1028 1094/1094/1094
f 1028/1028/1028 1093/1093/1093 1094/1094/1094
f 1030/1030/1030 1029/1029/1029 1095/1095/1095
f 1029/1029/1029 1094/1094/1094 1095/1095/1095
f 1031/1031/1031 1030/1030/1030 1096/1096/1096
f 1030/1030/1030 1095/1095/1095 1096/1096/1096
f 1032/1032/1032 1031/1031/1031 1097/1097/1097
f 1031/1031/1031 1096/1096/1096 1097/1097/1097
f 1033/1033/1033 1032/1032/1032 1098/1098/1098
f 1032/1032/1032 1097/1097/1097 1098/1098/1098
f 1034/1034/1034 1033/1033/1033 1099/1099/1099
f 1033/1033/1033 1098/1098/1098 1099/1099/1099
f 1035/1035/1035 1034/1034/1034 1100/1100/1100
f 1034/1034/1034 1099/1099/1099 1100/1100/1100
f 1036/1036/1036 1035/1035/1035 1101/1101/1101
f 1035/1035/1035 1100/1100/1100 1101/1101/1101
f 1037/1037/1037 1036/1036/1036 1102/1102/1102
f 1036/1036/1036 1101/1101/1101 1102/1102/1102
f 1038/1038/1038 1037/1037/1037 1103/1103/1103
f 1037/1037/1037 1102/1102/1102 1103/1103/1103
f 1039/1039/1039 1038/1038/1038 1104/1104/1104
f 1038/1038/1038 1103/1103/1103 1104/1104/1104
f 1040/1040/1040 1039/1039/1039 1105/1105/1105
f 1039/1039/1039 1104/1104/1104 1105/1105/1105
f 1042/1042/1042 1041/1041/1041 1107/1107/1107
f 1041/1041/1041 1106/1106/1106 1107/1107/1107
f 1043/1043/1043 1042/1042/1042 1108/1108/1108
f 1042/1042/1042 1107/1107/1107 1108/1108/1108
f 1044/1044/1044 1043/1043/1043 1109/1109/1109
f 1043/1043/1043 1108/1108/1108 1109/1109/1109
f 1045/1045/1045 1044/1044/1044 1110/1110/1110
f 1044/1044/1044 1109/1109/1109 1110/1110/1110
f 1046/1046/1046 1045/1045/1045 1111/1111/1111
f 1045/1045/1045 1110/1110/1110 1111/1111/1111
f 1047/1047/1047 1046/1046/1046 1112/1112/1112
f 1046/1046/1046 1111/1111/1111 1112/1112/1112
f 1048/1048/1048 1047/1047/1047 1113/1113/1113
f 1047/1047/1047 1112/1112/1112 1113/1113/1113
f 1049/1049/1049 1048/1048/1048 1114/1114/1114
f 1048/1048/1048 1113/1113/1113 1114/1114/1114
f 1050/1050/1050 1049/1049/1049 1115/1115/1115
f 1049/1049/1049 1114/1114/1114 1115/1115/1115
f 1051/1051/1051 1050/1050/1050 1116/1116/1116
f 1050/1050/1050 1115/1115/1115 1116/1116/1116
f 1052/1052/1052 1051/1051/1051 1117/1117/1117
f 1051/1051/1051 1116/1116/1116 1117/1117/1117
f 1053/1053/1053 1052/1052/1052 1118/1118/1118
f 1052/1052/1052 1117/1117/1117 1118/1118/1118
f 1054/1054/1054 1053/1053/1053 1119/1119/1119
f 1053/1053/1053 1118/1118/1118 1119/1119/1119
f 1055/1055/1055 1054/1054/1054 1120/1120/1120
f 1054/1054/1054 1119/1119/1119 1120/1120/1120
f 1056/1056/1056 1055/1055/1055 1121/1121/1121
f 1055/1055/1055 1120/1120/1120 1121/1121/1121
f 1057/1057/1057 1056/1056/1056 1122/1122/1122
f 1056/1056/1056 1121/1121/1121 1122/1122/1122
f 1058/1058/1058 1057/1057/1057 1123/1123/1123
f 1057/1057/1057 1122/1122/1122 1123/1123/1123
f 1059/1059/1059 1058/1058/1058 1124/1124/1124
f 1058/1058/1058 1123/1123/1123 1124/1124/1124
f 1060/1060/1060 1059/1059/1059 1125/1125/1125
f 1059/1059/1059 1124/1124/1124 1125/1125/1125
f 1061/1061/1061 1060/1060/1060 1126/1126/1126
f 1060/1060/1060 1125/1125/1125 1126/1126/1126
f 1062/1062/1062 1061/1061/1061 1127/1127/1127
f 1061/1061/1061 1126/1126/1126 1127/1127/1127
f 1063/1063/1063 1062/1062/1062 1128/1128/1128
f 1062/1062/1062 1127/1127/1127 1128/1128/1128
f 1064/1064/1064 1063/1063/1063 1129/1129/1129
f 1063/1063/1063 1128/1128/1128 1129/1129/1129
f 1065/1065/1065 1064/1064/1064 1130/1130/1130
f 1064/1064/1064 1129/1129/1129 1130/1130/1130
f 1066/1066/1066 1065/1065/1065 1131/1131/1131
f 1065/1065/1065 1130/1130/1130 1131/1131/1131
f 1067/1067/1067 1066/1066/1066 1132/1132/1132
f 1066/1066/1066 1131/1131/1131 1132/1132/1132
f 1068/1068/1068 1067/1067/1067 1133/1133/1133
f 1067/1067/1067 1132/1132/1132 1133/1133/1133
f 1069/1069/1069 1068/1068/1068 1134/1134/1134
f 1068/1068/1068 1133/1133/1133 1134/1134/1134
f 1070/1070/1070 1069/1069/1069 1135/1135/1135
f 1069/1069/1069 1134/1134/1134 1135/1135/1135
f 1071/1071/1071 1070/1070/1070 1136/1136/1136
f 1070/1070/1070 1135/1135/1135 1136/1136/1136
f 1072/1072/1072 1071/1071/1071 1137/1137/1137
f 1071/1071/1071 1136/1136/1136 1137/1137/1137
f 1073/1073/1073 1072/1072/1072 1138/1138/1138
f 1072/1072/1072 1137/1137/1137 1138/1138/1138
f 1074/1074/1074 1073/1073/1073 1139/1139/1139
f 1073/1073/1073 1138/1138/1138 1139/1139/1139
f 1075/1075/1075 1074/1074/1074 1140/1140/1140
f 1074/1074/1074 1139/1139/1139 1140/1140/1140
f 1076/1076/1076 1075/1075/1075 1141/1141/1141
f 1075/1075/1075 1140/1140/1140 1141/1141/1141
f 1077/1077/1077 1076/1076/1076 1142/1142/1142
f 1076/1076/1076 1141/1141/1141 1142/1142/1142
f 1078/1078/1078 1077/1077/1077 1143/1143/1143
f 1077/1077/1077 1142/1142/1142 1143/1143/1143
f 1079/1079/1079 1078/1078/1078 1144/1144/1144
f 1078/1078/1078 1143/1143/1143 1144/1144/1144
f 1080/1080/1080 1079/1079/1079 1145/1145/1145
f 1079/1079/1079 1144/1144/1144 1145/1145/1145
f 1081/1081/1081 1080/1080/1080 1146/1146/1146
f 1080/1080/1080 1145/1145/1145 1146/1146/1146
f 1082/1082/1082 1081/1081/1081 1147/1147/1147
f 1081/1081/1081 1146/1146/1146 1147/1147/1147
f 1083/1083/1083 1082/1082/1082 1148/1148/1148
f 1082/1082/1082 1147/1147/1147 1148/1148/1148
f 1084/1084/1084 1083/1083/1083 1149/1149/1149
f 1083/1083/1083 1148/1148/1148 1149/1149/1149
f 1085/1085/1085 1084/1084/1084 1150/1150/1150
f 1084/1084/1084 1149/1149/1149 1150/1150/1150
f 1086/1086/1086 1085/1085/1085 1151/1151/1151
f 1085/1085/1085 1150/1150/1150 1151/1151/1151
f 1087/1087/1087 1086/1086/1086 1152/1152/1152
f 1086/1086/1086 1151/1151/1151 1152/1152/1152
f 1088/1088/1088 1087/1087/1087 1153/1153/1153
f 1087/1087/1087 1152/1152/1152 1153/1153/1153
f 1089/1089/1089 1088/1088/1088 1154/1154/1154
f 1088/1088/1088 1153/1153/1153 1154/1154/1154
f 1090/1090/1090 1089/1089/1089 1155/1155/1155
f 1089/1089/1089 1154/1154/1154 1155/1155/1155
f 1091/1091/1091 1090/1090/1090 1156/1156/1156
f 1090/1090/1090 1155/1155/1155 1156/1156/1156
f 1092/1092/1092 1091/1091/1091 1157/1157/1157
f 1091/1091/1091 1156/1156/1156 1157/1157/1157
f 1093/1093/1093 1092/1092/1092 1158/1158/1158
f 1092/1092/1092 1157/1157/1157 1158/1158/1158
f 1094/1094/1094 1093/1093/1093 1159/1159/1159
f 1093/1093/1093 1158/1158/1158 1159/1159/1159
f 1095/1095/1095 1094/1094/1094 1160/1160/1160
f 1094/1094/1094 1159/1159/1159 1160/1160/1160
f 1096/1096/1096 1095/1095/1095 1161/1161/1161
f 1095/1095/1095 1160/1160/1160 1161/1161/1161
f 1097/1097/1097 1096/1096/1096 1162/1162/1162
f 1096/1096/1096 1161/1161/1161 1162/1162/1162
f 1098/1098/1098 1097/1097/1097 1163/1163/1163
f 1097/1097/1097 1162/1162/1162 1163/1163/1163
f 1099/1099/1099 1098/1098/1098 1164/1164/1164
f 1098/1098/1098 1163/1163/1163 1164/1164/1164
f 1100/1100/1100 1099/1099/1099 1165/1165/1165
f 1099/1099/1099 1164/1164/1164 1165/1165/1165
f 1101/1101/1101 1100/1100/1100 1166/1166/1166
f 1100/1100/1100 1165/1165/1165 1166/1166/1166
f 1102/1102/1102 1101/1101/1101 1167/1167/1167
f 1101/1101/1101 1166/1166/1166 1167/1167/1167
f 1103/1103/1103 1102/1102/1102 1168/1168/1168
f 1102/1102/1102 1167/1167/1167 1168/1168/1168
f 1104/1104/1104 1103/1103/1103 1169/1169/1169
f 1103/1103/1103 1168/1168/1168 1169/1169/1169
f 1105/1105/1105 1104/1104/1104 1170/1170/1170
f 1104/1104/1104 1169/1169/1169 1170/1170/1170
f 1107/1107/1107 1106/1106/1106 1172/1172/1172
f 1106/1106/1106 1171/1171/1171 1172/1172/1172
f 1108/1108/1108 1107/1107/1107 1173/1173/1173
f 1107/1107/1107 1172/1172/1172 1173/1173/1173
f 1109/1109/1109 1108/1108/1108 1174/1174/1174
f 1108/1108/1108 1173/1173/1173 1174/1174/1174
f 1110/1110/1110 1109/1109/1109 1175/1175/1175
f 1109/1109/1109 1174/1174/1174 1175/1175/1175
f 1111/1111/1111 1110/1110/1110 1176/1176/1176
f 1110/1110/1110 1175/1175/1175 1176/1176/1176
f 1112/1112/1112 1111/1111/1111 1177/1177/1177
f 1111/1111/1111 1176/1176/1176 1177/1177/1177
f 1113/1113/1113 1112/1112/1112 1178/1178/1178
f 1112/1112/1112 1177/1177/1177 1178/1178/1178
f 1114/1114/1114 1113/1113/1113 1179/1179/1179
f 1113/1113/1113 1178/1178/1178 1179/1179/1179
f 1115/1115/1115 1114/1114/1114 1180/1180/1180
f 1114/1114/1114 1179/1179/1179 1180/1180/1180
f 1116/1116/1116 1115/1115/1115 1181/1181/1181
f 1115/1115/1115 1180/1180/1180 1181/1181/1181
f 1117/1117/1117 1116/1116/1116 1182/1182/1182
f 1116/1116/1116 1181/1181/1181 1182/1182/1182
f 1118/1118/1118 1117/1117/1117 1183/1183/1183
f 1117/1117/1117 1182/1182/1182 1183/1183/1183
f 1119/1119/1119 1118/1118/1118 1184/1184/1184
f 1118/1118/1118 1183/1183/1183 1184/1184/1184
f 1120/1120/1120 1119/1119/1119 1185/1185/1185
f 1119/1119/1119 1184/1184/1184 1185/1185/1185
f 1121/1121/1121 1120/1120/1120 1186/1186/1186
f 1120/1120/1120 1185/1185/1185 1186/1186/1186
f 1122/1122/1122 1121/1121/1121 1187/1187/1187
f 1121/1121/1121 1186/1186/1186 1187/1187/1187
f 1123/1123/1123 1122/1122/1122 1188/1188/1188
f 1122/1122/1122 1187/1187/1187 1188/1188/1188
f 1124/1124/1124 1123/1123/1123 1189/1189/1189
f 1123/1123/1123 1188/1188/1188 1189/1189/1189
f 1125/1125/1125 1124/1124/1124 1190/1190/1190
f 1124/1124/1124 1189/1189/1189 1190/1190/1190
f 1126/1126/1126 1125/1125/1125 1191/1191/1191
f 1125/1125/1125 1190/1190/1190 1191/1191/1191
f 1127/1127/1127 1126/1126/1126 1192/1192/1192
f 1126/1126/1126 1191/1191/1191 1192/1192/1192
f 1128/1128/1128 1127/1127/1127 1193/1193/1193
f 1127/1127/1127 1192/1192/1192 1193/1193/1193
f 1129/1129/1129 1128/1128/1128 1194/1194/1194
f 1128/1128/1128 1193/1193/1193 1194/1194/1194
f 1130/1130/1130 1129/1129/1129 1195/1195/1195
f 1129/1129/1129 1194/1194/1194 1195/1195/1195
f 1131/1131/1131 1130/1130/1130 1196/1196/1196
f 1130/1130/1130 1195/1195/1195 1196/1196/1196
f 1132/1132/1132 1131/1131/1131 1197/1197/1197
f 1131/1131/1131 1196/1196/1196 1197/1197/1197
f 1133/1133/1133 1132/1132/1132 1198/1198/1198
f 1132/1132/1132 1197/1197/1197 1198/1198/1198
f 1134/1134/1134 1133/1133/1133 1199/1199/1199
f 1133/1133/1133 1198/1198/1198 1199/1199/1199
f 1135/1135/1135 1134/1134/1134 1200/1200/1200
f 1134/1134/1134 1199/1199/1199 1200/1200/1200
f 1136/1136/1136 1135/1135/1135 1201/1201/1201
f 1135/1135/1135 1200/1200/1200 1201/1201/1201
f 1137/1137/1137 1136/1136/1136 1202/1202/1202
f 1136/1136/1136 1201/1201/1201 1202/1202/1202
f 1138/1138/1138 1137/1137/1137 1203/1203/1203
f 1137/1137/1137 1202/1202/1202 1203/1203/1203
f 1139/1139/1139 1138/1138/1138 1204/1204/1204
f 1138/1138/1138 1203/1203/1203 1204/1204/1204
f 1140/1140/1140 1139/1139/1139 1205/1205/1205
f 1139/1139/1139 1204/1204/1204 1205/1205/1205
f 1141/1141/1141 1140/1140/1140 1206/1206/1206
f 1140/1140/1140 1205/1205/1205 1206/1206/1206
f 1142/1142/1142 1141/1141/1141 1207/1207/1207
f 1141/1141/1141 1206/1206/1206 1207/1207/1207
f 1143/1143/1143 1142/1142/1142 1208/1208/1208
f 1142/1142/1142 1207/1207/1207 1208/1208/1208
f 1144/1144/1144 1143/1143/1143 1209/1209/1209
f 1143/1143/1143 1208/1208/1208 1209/1209/1209
f 1145/1145/1145 1144/1144/1144 1210/1210/1210
f 1144/1144/1144 1209/1209/1209 1210/1210/1210
f 1146/1146/1146 1145/1145/1145 1211/1211/1211
f 1145/1145/1145 1210/1210/1210 1211/1211/1211
f 1147/1147/1147 1146/1146/1146 1212/1212/1212
f 1146/1146/1146 1211/1211/1211 1212/1212/1212
f 1148/1148/1148 1147/1147/1147 1213/1213/1213
f 1147/1147/1147 1212/1212/1212 1213/1213/1213
f 1149/1149/1149 1148/1148/1148 1214/1214/1214
f 1148/1148/1148 1213/1213/1213 1214/1214/1214
f 1150/1150/1150 1149/1149/1149 1215/1215/1215
f 1149/1149/1149 1214/1214/1214 1215/1215/1215
f 1151/1151/1151 1150/1150/1150 1216/1216/1216
f 1150/1150/1150 1215/1215/1215 1216/1216/1216
f 1152/1152/1152 1151/1151/1151 1217/1217/1217
f 1151/1151/1151 1216/1216/1216 1217/1217/1217
f 1153/1153/1153 1152/1152/1152 1218/1218/1218
f 1152/1152/1152 1217/1217/1217 1218/1218/1218
f 1154/1154/1154 1153/1153/1153 1219/1219/1219
f 1153/1153/1153 1218/1218/1218 1219/1219/1219
f 1155/1155/1155 1154/1154/1154 1220/1220/1220
f 1154/1154/1154 1219/1219/1219 1220/1220/1220
f 1156/1156/1156 1155/1155/1155 1221/1221/1221
f 1155/1155/1155 1220/1220/1220 1221/1221/1221
f 1157/1157/1157 1156/1156/1156 1222/1222/1222
f 1156/1156/1156 1221/1221/1221 1222/1222/1222
f 1158/1158/1158 1157/1157/1157 1223/1223/1223
f 1157/1157/1157 1222/1222/1222 1223/1223/1223
f 1159/1159/1159 1158/1158/1158 1224/1224/1224
f 1158/1158/1158 1223/1223/1223 1224/1224/1224
f 1160/1160/1160 1159/1159/1159 1225/1225/1225
f 1159/1159/1159 1224/1224/1224 1225/1225/1225
f 1161/1161/1161 1160/1160/1160 1226/1226/1226
f 1160/1160/1160 1225/1225/1225 1226/1226/1226
f 1162/1162/1162 1161/1161/1161 1227/1227/1227
f 1161/1161/1161 1226/1226/1226 1227/1227/1227
f 1163/1163/1163 1162/1162/1162 1228/1228/1228
f 1162/1162/1162 1227/1227/1227 1228/1228/1228
f 1164/1164/1164 1163/1163/1163 1229/1229/1229
f 1163/1163/1163 1228/1228/1228 1229/1229/1229
f 1165/1165/1165 1164/1164/1164 1230/1230/1230
f 1164/1164/1164 1229/1229/1229 1230/1230/1230
f 1166/1166/1166 1165/1165/1165 1231/1231/1231
f 1165/1165/1165 1230/1230/1230 1231/1231/1231
f 1167/1167/1167 1166/1166/1166 1232/1232/1232
f 1166/1166/1166 1231/1231/1231 1232/1232/1232
f 1168/1168/1168 1167/1167/1167 1233/1233/1233
f 1167/1167/1167 1232/1232/1232 1233/1233/1233
f 1169/1169/1169 1168/1168/1168 1234/1234/1234
f 1168/1168/1168 1233/1233/1233 1234/1234/1234
f 1170/1170/1170 1169/1169/1169 1235/1235/1235
f 1169/1169/1169 1234/1234/1234 1235/1235/1235
f 1172/1172/1172 1171/1171/1171 1237/1237/1237
f 1171/1171/1171 1236/1236/1236 1237/1237/1237
f 1173/1173/1173 1172/1172/1172 1238/1238/1238
f 1172/1172/1172 1237/1237/1237 1238/1238/1238
f 1174/1174/1174 1173/1173/1173 1239/1239/1239
f 1173/1173/1173 1238/1238/1238 1239/1239/1239
f 1175/1175/1175 1174/1174/1174 1240/1240/1240
f 1174/1174/1174 1239/1239/1239 1240/1240/1240
f 1176/1176/1176 1175/1175/1175 1241/1241/1241
f 1175/1175/1175 1240/1240/1240 1241/1241/1241
f 1177/1177/1177 1176/1176/1176 1242/1242/1242
f 1176/1176/1176 1241/1241/1241 1242/1242/1242
f 1178/1178/1178 1177/1177/1177 1243/1243/1243
f 1177/1177/1177 1242/1242/1242 1243/1243/1243
f 1179/1179/1179 1178/1178/1178 1244/1244/1244
f 1178/1178/1178 1243/1243/1243 1244/1244/1244
f 1180/1180/1180 1179/1179/1179 1245/1245/1245
f 1179/1179/1179 1244/1244/1244 1245/1245/1245
f 1181/1181/1181 1180/1180/1180 1246/1246/1246
f 1180/1180/1180 1245/1245/1245 1246/1246/1246
f 1182/1182/1182 1181/1181/1181 1247/1247/1247
f 1181/1181/1181 1246/1246/1246 1247/1247/1247
f 1183/1183/1183 1182/1182/1182 1248/1248/1248
f 1182/1182/1182 1247/1247/1247 1248/1248/1248
f 1184/1184/1184 1183/1183/1183 1249/1249/1249
f 1183/1183/1183 1248/1248/1248 1249/1249/1249
f 1185/1185/1185 1184/1184/1184 1250/1250/1250
f 1184/1184/1184 1249/1249/1249 1250/1250/1250
f 1186/1186/1186 1185/1185/1185 1251/1251/1251
f 1185/1185/1185 1250/1250/1250 1251/1251/1251
f 1187/1187/1187 1186/1186/1186 1252/1252/1252
f 1186/1186/1186 1251/1251/1251 1252/1252/1252
f 1188/1188/1188 1187/1187/1187 1253/1253/1253
f 1187/1187/1187 1252/1252/1252 1253/1253/1253
f 1189/1189/1189 1188/1188/1188 1254/1254/1254
f 1188/1188/1188 1253/1253/1253 1254/1254/1254
f 1190/1190/1190 1189/1189/1189 1255/1255/1255
f 1189/1189/1189 1254/1254/1254 1255/1255/1255
f 1191/1191/1191 1190/1190/1190 1256/1256/1256
f 1190/1190/1190 1255/1255/1255 1256/1256/1256
f 1192/1192/1192 1191/1191/1191 1257/1257/1257
f 1191/1191/1191 1256/1256/1256 1257/1257/1257
f 1193/1193/1193 1192/1192/1192 1258/1258/1258
f 1192/1192/1192 1257/1257/1257 1258/1258/1258
f 1194/1194/1194 1193/1193/1193 1259/1259/1259
f 1193/1193/1193 1258/1258/1258 1259/1259/1259
f 1195/1195/1195 1194/1194/1194 1260/1260/1260
f 1194/1194/1194 1259/1259/1259 1260/1260/1260
f 1196/1196/1196 1195/1195/1195 1261/1261/1261
f 1195/1195/1195 1260/1260/1260 1261/1261/1261
f 1197/1197/1197 1196/1196/1196 1262/1262/1262
f 1196/1196/1196 1261/1261/1261 1262/1262/1262
f 1198/1198/1198 1197/1197/1197 1263/1263/1263
f 1197/1197/1197 1262/1262/1262 1263/1263/1263
f 1199/1199/1199 1198/1198/1198 1264/1264/1264
f 1198/1198/1198 1263/1263/1263 1264/1264/1264
f 1200/1200/1200 1199/1199/1199 1265/1265/1265
f 1199/1199/1199 1264/1264/1264 1265/1265/1265
f 1201/1201/1201 1200/1200/1200 1266/1266/1266
f 1200/1200/1200 1265/1265/1265 1266/1266/1266
f 1202/1202/1202 1201/1201/1201 1267/1267/1267
f 1201/1201/1201 1266/1266/1266 1267/1267/1267
f 1203/1203/1203 1202/1202/1202 1268/1268/1268
f 1202/1202/1202 1267/1267/1267 1268/1268/1268
f 1204/1204/1204 1203/1203/1203 1269/1269/1269
f 1203/1203/1203 1268/1268/1268 1269/1269/1269
f 1205/1205/1205 1204/1204/1204 1270/1270/1270
f 1204/1204/1204 1269/1269/1269 1270/1270/1270
f 1206/1206/1206 1205/1205/1205 1271/1271/1271
f 1205/1205/1205 1270/1270/1270 1271/1271/1271
f 1207/1207/1207 1206/1206/1206 1272/1272/1272
f 1206/1206/1206 1271/1271/1271 1272/1272/1272
f 1208/1208/1208 1207/1207/1207 1273/1273/1273
f 1207/1207/1207 1272/1272/1272 1273/1273/1273
f 1209/1209/1209 1208/1208/1208 1274/1274/1274
f 1208/1208/1208 1273/1273/1273 1274/1274/1274
f 1210/1210/1210 1209/1209/1209 1275/1275/1275
f 1209/1209/1209 1274/1274/1274 1275/1275/1275
f 1211/1211/1211 1210/1210/1210 1276/1276/1276
f 1210/1210/1210 1275/1275/1275 1276/1276/1276
f 1212/1212/1212 1211/1211/1211 1277/1277/1277
f 1211/1211/1211 1276/1276/1276 1277/1277/1277
f 1213/1213/1213 1212/1212/1212 1278/1278/1278
f 1212/1212/1212 1277/1277/1277 1278/1278/1278
f 1214/1214/1214 1213/1213/1213 1279/1279/1279
f 1213/1213/1213 1278/1278/1278 1279/1279/1279
f 1215/1215/1215 1214/1214/1214 1280/1280/1280
f 1214/1214/1214 1279/1279/1279 1280/1280/1280
f 1216/1216/1216 1215/1215/1215 1281/1281/1281
f 1215/1215/1215 1280/1280/1280 1281/1281/1281
f 1217/1217/1217 1216/1216/1216 1282/1282/1282
f 1216/1216/1216 1281/1281/1281 1282/1282/1282
f 1218/1218/1218 1217/1217/1217 1283/1283/1283
f 1217/1217/1217 1282/1282/1282 1283/1283/1283
f 1219/1219/1219 1218/1218/1218 1284/1284/1284
f 1218/1218/1218 1283/1283/1283 1284/1284/1284
f 1220/1220/1220 1219/1219/1219 1285/1285/1285
f 1219/1219/1219 1284/1284/1284 1285/1285/1285
f 1221/1221/1221 1220/1220/1220 1286/1286/1286
f 1220/1220/1220 1285/1285/1285 1286/1286/1286
f 1222/1222/1222 1221/1221/1221 1287/1287/1287
f 1221/1221/1221 1286/1286/1286 1287/1287/1287
f 1223/1223/1223 1222/1222/1222 1288/1288/1288
f 1222/1222/1222 1287/1287/1287 1288/1288/1288
f 1224/1224/1224 1223/1223/1223 1289/1289/1289
f 1223/1223/1223 1288/1288/1288 1289/1289/1289
f 1225/1225/1225 1224/1224/1224 1290/1290/1290
f 1224/1224/1224 1289/1289/1289 1290/1290/1290
f 1226/1226/1226 1225/1225/1225 1291/1291/1291
f 1225/1225/1225 1290/1290/1290 1291/1291/1291
f 1227/1227/1227 1226/1226/1226 1292/1292/1292
f 1226/1226/1226 1291/1291/1291 1292/1292/1292
f 1228/1228/1228 1227/1227/1227 1293/1293/1293
f 1227/1227/1227 1292/1292/1292 1293/1293/1293
f 1229/1229/1229 1228/1228/1228 1294/1294/1294
f 1228/1228/1228 1293/1293/1293 1294/1294/1294
f 1230/1230/1230 1229/1229/1229 1295/1295/1295
f 1229/1229/1229 1294/1294/1294 1295/1295/1295
f 1231/1231/1231 1230/1230/1230 1296/1296/1296
f 1230/1230/1230 1295/1295/1295 1296/1296/1296
f 1232/1232/1232 1231/1231/1231 1297/1297/1297
f 1231/1231/1231 1296/1296/1296 1297/1297/1297
f 1233/1233/1233 1232/1232/1232 1298/1298/1298
f 1232/1232/1232 1297/1297/1297 1298/1298/1298
f 1234/1234/1234 1233/1233/1233 1299/1299/1299
f 1233/1233/1233 1298/1298/1298 1299/1299/1299
f 1235/1235/1235 1234/1234/1234 1300/1300/1300
f 1234/1234/1234 1299/1299/1299 1300/1300/1300
f 1237/1237/1237 1236/1236/1236 1302/1302/1302
f 1236/1236/1236 1301/1301/1301 1302/1302/1302
f 1238/1238/1238 1237/1237/1237 1303/1303/1303
f 1237/1237/1237 1302/1302/1302 1303/1303/1303
f 1239/1239/1239 1238/1238/1238 1304/1304/1304
f 1238/1238/1238 1303/1303/1303 1304/1304/1304
f 1240/1240/1240 1239/1239/1239 1305/1305/1305
f 1239/1239/1239 1304/1304/1304 1305/1305/1305
f 1241/1241/1241 1240/1240/1240 1306/1306/1306
f 1240/1240/1240 1305/1305/1305 1306/1306/1306
f 1242/1242/1242 1241/1241/1241 1307/1307/1307
f 1241/1241/1241 1306/1306/1306 1307/1307/1307
f 1243/1243/1243 1242/1242/1242 1308/1308/1308
f 1242/1242/1242 1307/1307/1307 1308/1308/1308
f 1244/1244/1244 1243/1243/1243 1309/1309/1309
f 1243/1243/1243 1308/1308/1308 1309/1309/1309
f 1245/1245/1245 1244/1244/1244 1310/1310/1310
f 1244/1244/1244 1309/1309/1309 1310/1310/1310
f 1246/1246/1246 1245/1245/1245 1311/1311/1311
f 1245/1245/1245 1310/1310/1310 1311/1311/1311
f 1247/1247/1247 1246/1246/1246 1312/1312/1312
f 1246/1246/1246 1311/1311/1311 1312/1312/1312
f 1248/1248/1248 1247/1247/1247 1313/1313/1313
f 1247/1247/1247 1312/1312/1312 1313/1313/1313
f 1249/1249/1249 1248/1248/1248 1314/1314/1314
f 1248/1248/1248 1313/1313/1313 1314/1314/1314
f 1250/1250/1250 1249/1249/1249 1315/1315/1315
f 1249/1249/1249 1314/1314/1314 1315/1315/1315
f 1251/1251/1251 1250/1250/1250 1316/1316/1316
f 1250/1250/1250 1315/1315/1315 1316/1316/1316
f 1252/1252/1252 1251/1251/1251 1317/1317/1317
f 1251/1251/1251 1316/1316/1316 1317/1317/1317
f 1253/1253/1253 1252/1252/1252 1318/1318/1318
f 1252/1252/1252 1317/1317/1317 1318/1318/1318
f 1254/1254/1254 1253/1253/1253 1319/1319/1319
f 1253/1253/1253 1318/1318/1318 1319/1319/1319
f 1255/1255/1255 1254/1254/1254 1320/1320/1320
f 1254/1254/1254 1319/1319/1319 1320/1320/1320
f 1256/1256/1256 1255/1255/1255 1321/1321/1321
f 1255/1255/1255 1320/1320/1320 1321/1321/1321
f 1257/1257/1257 1256/1256/1256 1322/1322/1322
f 1256/1256/1256 1321/1321/1321 1322/1322/1322
f 1258/1258/1258 1257/1257/1257 1323/1323/1323
f 1257/1257/1257 1322/1322/1322 1323/1323/1323
f 1259/1259/1259 1258/1258/1258 1324/1324/1324
f 1258/1258/1258 1323/1323/1323 1324/1324/1324
f 1260/1260/1260 1259/1259/1259 1325/1325/1325
f 1259/1259/1259 1324/1324/1324 1325/1325/1325
f 1261/1261/1261 1260/1260/1260 1326/1326/1326
f 1260/1260/1260 1325/1325/1325 1326/1326/1326
f 1262/1262/1262 1261/1261/1261 1327/1327/1327
f 1261/1261/1261 1326/1326/1326 1327/1327/1327
f 1263/1263/1263 1262/1262/1262 1328/1328/1328
f 1262/1262/1262 1327/1327/1327 1328/1328/1328
f 1264/1264/1264 1263/1263/1263 1329/1329/1329
f 1263/1263/1263 1328/1328/1328 1329/1329/1329
f 1265/1265/1265 1264/1264/1264 1330/1330/1330
f 1264/1264/1264 1329/1329/1329 1330/1330/1330
f 1266/1266/1266 1265/1265/1265 1331/1331/1331
f 1265/1265/1265 1330/1330/1330 1331/1331/1331
f 1267/1267/1267 1266/1266/1266 1332/1332/1332
f 1266/1266/1266 1331/1331/1331 1332/1332/1332
f 1268/1268/1268 1267/1267/1267 1333/1333/1333
f 1267/1267/1267 1332/1332/1332 1333/1333/1333
f 1269/1269/1269 1268/1268/1268 1334/1334/1334
f 1268/1268/1268 1333/1333/1333 1334/1334/1334
f 1270/1270/1270 1269/1269/1269 1335/1335/1335
f 1269/1269/1269 1334/1334/1334 1335/1335/1335
f 1271/1271/1271 1270/1270/1270 1336/1336/1336
f 1270/1270/1270 1335/1335/1335 1336/1336/1336
f 1272/1272/1272 1271/1271/1271 1337/1337/1337
f 1271/1271/1271 1336/1336/1336 1337/1337/1337
f 1273/1273/1273 1272/1272/1272 1338/1338/1338
f 1272/1272/1272 1337/1337/1337 1338/1338/1338
f 1274/1274/1274 1273/1273/1273 1339/1339/1339
f 1273/1273/1273 1338/1338/1338 1339/1339/1339
f 1275/1275/1275 1274/1274/1274 1340/1340/1340
f 1274/1274/1274 1339/1339/1339 1340/1340/1340
f 1276/1276/1276 1275/1275/1275 1341/1341/1341
f 1275/1275/1275 1340/1340/1340 1341/1341/1341
f 1277/1277/1277 1276/1276/1276 1342/1342/1342
f 1276/1276/1276 1341/1341/1341 1342/1342/1342
f 1278/1278/1278 1277/1277/1277 1343/1343/1343
f 1277/1277/1277 1342/1342/1342 1343/1343/1343
f 1279/1279/1279 1278/1278/1278 1344/1344/1344
f 1278/1278/1278 1343/1343/1343 1344/1344/1344
f 1280/1280/1280 1279/1279/1279 1345/1345/1345
f 1279/1279/1279 1344/1344/1344 1345/1345/1345
f 1281/1281/1281 1280/1280/1280 1346/1346/1346
f 1280/1280/1280 1345/1345/1345 1346/1346/1346
f 1282/1282/1282 1281/1281/1281 1347/1347/1347
f 1281/1281/1281 1346/1346/1346 1347/1347/1347
f 1283/1283/1283 1282/1282/1282 1348/1348/1348
f 1282/1282/1282 1347/1347/1347 1348/1348/1348
f 1284/1284/1284 1283/1283/1283 1349/1349/1349
f 1283/1283/1283 1348/1348/1348 1349/1349/1349
f 1285/1285/1285 1284/1284/1284 1350/1350/1350
f 1284/1284/1284 1349/1349/1349 1350/1350/1350
f 1286/1286/1286 1285/1285/1285 1351/1351/1351
f 1285/1285/1285 1350/1350/1350 1351/1351/1351
f 1287/1287/1287 1286/1286/1286 1352/1352/1352
f 1286/1286/1286 1351/1351/1351 1352/1352/1352
f 1288/1288/1288 1287/1287/1287 1353/1353/1353
f 1287/1287/1287 1352/1352/1352 1353/1353/1353
f 1289/1289/1289 1288/1288/1288 1354/1354/1354
f 1288/1288/1288 1353/1353/1353 1354/1354/1354
f 1290/1290/1290 1289/1289/1289 1355/1355/1355
f 1289/1289/1289 1354/1354/1354 1355/1355/1355
f 1291/1291/1291 1290/1290/1290 1356/1356/1356
f 1290/1290/1290 1355/1355/1355 1356/1356/1356
f 1292/1292/1292 1291/1291/1291 1357/1357/1357
f 1291/1291/1291 1356/1356/1356 1357/1357/1357
f 1293/1293/1293 1292/1292/1292 1358/1358/1358
f 1292/1292/1292 1357/1357/1357 1358/1358/1358
f 1294/1294/1294 1293/1293/1293 1359/1359/1359
f 1293/1293/1293 1358/1358/1358 1359/1359/1359
f 1295/1295/1295 1294/1294/1294 1360/1360/1360
f 1294/1294/1294 1359/1359/1359 1360/1360/1360
f 1296/1296/1296 1295/1295/1295 1361/1361/1361
f 1295/1295/1295 1360/1360/1360 1361/1361/1361
f 1297/1297/1297 1296/1296/1296 1362/1362/1362
f 1296/1296/1296 1361/1361/1361 1362/1362/1362
f 1298/1298/1298 1297/1297/1297 1363/1363/1363
f 1297/1297/1297 1362/1362/1362 1363/1363/1363
f 1299/1299/1299 1298/1298/1298 1364/1364/1364
f 1298/1298/1298 1363/1363/1363 1364/1364/1364
f 1300/1300/1300 1299/1299/1299 1365/1365/1365
f 1299/1299/1299 1364/1364/1364 1365/1365/1365
f 1302/1302/1302 1301/1301/1301 1367/1367/1367
f 1301/1301/1301 1366/1366/1366 1367/1367/1367
f 1303/1303/1303 1302/1302/1302 1368/1368/1368
f 1302/1302/1302 1367/1367/1367 1368/1368/1368
f 1304/1304/1304 1303/1303/1303 1369/1369/1369
f 1303/1303/1303 1368/1368/1368 1369/1369/1369
f 1305/1305/1305 1304/1304/1304 1370/1370/1370
f 1304/1304/1304 1369/1369/1369 1370/1370/1370
f 1306/1306/1306 1305/1305/1305 1371/1371/1371
f 1305/1305/1305 1370/1370/1370 1371/1371/1371
f 1307/1307/1307 1306/1306/1306 1372/1372/1372
f 1306/1306/1306 1371/1371/1371 1372/1372/1372
f 1308/1308/1308 1307/1307/1307 1373/1373/1373
f 1307/1307/1307 1372/1372/1372 1373/1373/1373
f 1309/1309/1309 1308/1308/1308 1374/1374/1374
f 1308/1308/1308 1373/1373/1373 1374/1374/1374
f 1310/1310/1310 1309/1309/1309 1375/1375/1375
f 1309/1309/1309 1374/1374/1374 1375/1375/1375
f 1311/1311/1311 1310/1310/1310 1376/1376/1376
f 1310/1310/1310 1375/1375/1375 1376/1376/1376
f 1312/1312/1312 1311/1311/1311 1377/1377/1377
f 1311/1311/1311 1376/1376/1376 1377/1377/1377
f 1313/1313/1313 1312/1312/1312 1378/1378/1378
f 1312/1312/1312 1377/1377/1377 1378/1378/1378
f 1314/1314/1314 1313/1313/1313 1379/1379/1379
f 1313/1313/1313 1378/1378/1378 1379/1379/1379
f 1315/1315/1315 1314/1314/1314 1380/1380/1380
f 1314/1314/1314 1379/1379/1379 1380/1380/1380
f 1316/1316/1316 1315/1315/1315 1381/1381/1381
f 1315/1315/1315 1380/1380/1380 1381/1381/1381
f 1317/1317/1317 1316/1316/1316 1382/1382/1382
f 1316/1316/1316 1381/1381/1381 1382/1382/1382
f 1318/1318/1318 1317/1317/1317 1383/1383/1383
f 1317/1317/1317 1382/1382/1382 1383/1383/1383
f 1319/1319/1319 1318/1318/1318 1384/1384/1384
f 1318/1318/1318 1383/1383/1383 1384/1384/1384
f 1320/1320/1320 1319/1319/1319 1385/1385/1385
f 1319/1319/1319 1384/1384/1384 1385/1385/1385
f 1321/1321/1321 1320/1320/1320 1386/1386/1386
f 1320/1320/1320 1385/1385/1385 1386/1386/1386
f 1322/1322/1322 1321/1321/1321 1387/1387/1387
f 1321/1321/1321 1386/1386/1386 1387/1387/1387
f 1323/1323/1323 1322/1322/1322 1388/1388/1388
f 1322/1322/1322 1387/1387/1387 1388/1388/1388
f 1324/1324/1324 1323/1323/1323 1389/1389/1389
f 1323/1323/1323 1388/1388/1388 1389/1389/1389
f 1325/1325/1325 1324/1324/1324 1390/1390/1390
f 1324/1324/1324 1389/1389/1389 1390/1390/1390
f 1326/1326/1326 1325/1325/1325 1391/1391/1391
f 1325/1325/1325 1390/1390/1390 1391/1391/1391
f 1327/1327/1327 1326/1326/1326 1392/1392/1392
f 1326/1326/1326 1391/1391/1391 1392/1392/1392
f 1328/1328/1328 1327/1327/1327 1393/1393/1393
f 1327/1327/1327 1392/1392/1392 1393/1393/1393
f 1329/1329/1329 1328/1328/1328 1394/1394/1394
f 1328/1328/1328 1393/1393/1393 1394/1394/1394
f 1330/1330/1330 1329/1329/1329 1395/1395/1395
f 1329/1329/1329 1394/1394/1394 1395/1395/1395
f 1331/1331/1331 1330/1330/1330 1396/1396/1396
f 1330/1330/1330 1395/1395/1395 1396/1396/1396
f 1332/1332/1332 1331/1331/1331 1397/1397/1397
f 1331/1331/1331 1396/1396/1396 1397/1397/1397
f 1333/1333/1333 1332/1332/1332 1398/1398/1398
f 1332/1332/1332 1397/1397/1397 1398/1398/1398
f 1334/1334/1334 1333/1333/1333 1399/1399/1399
f 1333/1333/1333 1398/1398/1398 1399/1399/1399
f 1335/1335/1335 1334/1334/1334 1400/1400/1400
f 1334/1334/1334 1399/1399/1399 1400/1400/1400
f 1336/1336/1336 1335/1335/1335 1401/1401/1401
f 1335/1335/1335 1400/1400/1400 1401/1401/1401
f 1337/1337/1337 1336/1336/1336 1402/1402/1402
f 1336/1336/1336 1401/1401/1401 1402/1402/1402
f 1338/1338/1338 1337/1337/1337 1403/1403/1403
f 1337/1337/1337 1402/1402/1402 1403/1403/1403
f 1339/1339/1339 1338/1338/1338 1404/1404/1404
f 1338/1338/1338 1403/1403/1403 1404/1404/1404
f 1340/1340/1340 1339/1339/1339 1405/1405/1405
f 1339/1339/1339 1404/1404/1404 1405/1405/1405
f 1341/1341/1341 1340/1340/1340 1406/1406/1406
f 1340/1340/1340 1405/1405/1405 1406/1406/1406
f 1342/1342/1342 1341/1341/1341 1407/1407/1407
f 1341/1341/1341 1406/1406/1406 1407/1407/1407
f 1343/1343/1343 1342/1342/1342 1408/1408/1408
f 1342/1342/1342 1407/1407/1407 1408/1408/1408
f 1344/1344/1344 1343/1343/1343 1409/1409/1409
f 1343/1343/1343 1408/1408/1408 1409/1409/1409
f 1345/1345/1345 1344/1344/1344 1410/1410/1410
f 1344/1344/1344 1409/1409/1409 1410/1410/1410
f 1346/1346/1346 1345/1345/1345 1411/1411/1411
f 1345/1345/1345 1410/1410/1410 1411/1411/1411
f 1347/1347/1347 1346/1346/1346 1412/1412/1412
f 1346/1346/1346 1411/1411/1411 1412/1412/1412
f 1348/1348/1348 1347/1347/1347 1413/1413/1413
f 1347/1347/1347 1412/1412/1412 1413/1413/1413
f 1349/1349/1349 1348/1348/1348 1414/1414/1414
f 1348/1348/1348 1413/1413/1413 1414/1414/1414
f 1350/1350/1350 1349/1349/1349 1415/1415/1415
f 1349/1349/1349 1414/1414/1414 1415/1415/1415
f 1351/1351/1351 1350/1350/1350 1416/1416/1416
f 1350/1350/1350 1415/1415/1415 1416/1416/1416
f 1352/1352/1352 1351/1351/1351 1417/1417/1417
f 1351/1351/1351 1416/1416/1416 1417/1417/1417
f 1353/1353/1353 1352/1352/1352 1418/1418/1418
f 1352/1352/1352 1417/1417/1417 1418/1418/1418
f 1354/1354/1354 1353/1353/1353 1419/1419/1419
f 1353/1353/1353 1418/1418/1418 1419/1419/1419
f 1355/1355/1355 1354/1354/1354 1420/1420/1420
f 1354/1354/1354 1419/1419/1419 1420/1420/1420
f 1356/1356/1356 1355/1355/1355 1421/1421/1421
f 1355/1355/1355 1420/1420/1420 1421/1421/1421
f 1357/1357/1357 1356/1356/1356 1422/1422/1422
f 1356/1356/1356 1421/1421/1421 1422/1422/1422
f 1358/1358/1358 1357/1357/1357 1423/1423/1423
f 1357/1357/1357 1422/1422/1422 1423/1423/1423
f 1359/1359/1359 1358/1358/1358 1424/1424/1424
f 1358/1358/1358 1423/1423/1423 1424/1424/1424
f 1360/1360/1360 1359/1359/1359 1425/1425/1425
f 1359/1359/1359 1424/1424/1424 1425/1425/1425
f 1361/1361/1361 1360/1360/1360 1426/1426/1426
f 1360/1360/1360 1425/1425/1425 1426/1426/1426
f 1362/1362/1362 1361/1361/1361 1427/1427/1427
f 1361/1361/1361 1426/1426/1426 1427/1427/1427
f 1363/1363/1363 1362/1362/1362 1428/1428/1428
f 1362/1362/1362 1427/1427/1427 1428/1428/1428
f 1364/1364/1364 1363/1363/1363 1429/1429/1429
f 1363/1363/1363 1428/1428/1428 1429/1429/1429
f 1365/1365/1365 1364/1364/1364 1430/1430/1430
f 1364/1364/1364 1429/1429/1429 1430/1430/1430
f 1367/1367/1367 1366/1366/1366 1432/1432/1432
f 1366/1366/1366 1431/1431/1431 1432/1432/1432
f 1368/1368/1368 1367/1367/1367 1433/1433/1433
f 1367/1367/1367 1432/1432/1432 1433/1433/1433
f 1369/1369/1369 1368/1368/1368 1434/1434/1434
f 1368/1368/1368 1433/1433/1433 1434/1434/1434
f 1370/1370/1370 1369/1369/1369 1435/1435/1435
f 1369/1369/1369 1434/1434/1434 1435/1435/1435
f 1371/1371/1371 1370/1370/1370 1436/1436/1436
f 1370/1370/1370 1435/1435/1435 1436/1436/1436
f 1372/1372/1372 1371/1371/1371 1437/1437/1437
f 1371/1371/1371 1436/1436/1436 1437/1437/1437
f 1373/1373/1373 1372/1372/1372 1438/1438/1438
f 1372/1372/1372 1437/1437/1437 1438/1438/1438
f 1374/1374/1374 1373/1373/1373 1439/1439/1439
f 1373/1373/1373 1438/1438/1438 1439/1439/1439
f 1375/1375/1375 1374/1374/1374 1440/1440/1440
f 1374/1374/1374 1439/1439/1439 1440/1440/1440
f 1376/1376/1376 1375/1375/1375 1441/1441/1441
f 1375/1375/1375 1440/1440/1440 1441/1441/1441
f 1377/1377/1377 1376/1376/1376 1442/1442/1442
f 1376/1376/1376 1441/1441/1441 1442/1442/1442
f 1378/1378/1378 1377/1377/1377 1443/1443/1443
f 1377/1377/1377 1442/1442/1442 1443/1443/1443
f 1379/1379/1379 1378/1378/1378 1444/1444/1444
f 1378/1378/1378 1443/1443/1443 1444/1444/1444
f 1380/1380/1380 1379/1379/1379 1445/1445/1445
f 1379/1379/1379 1444/1444/1444 1445/1445/1445
f 1381/1381/1381 1380/1380/1380 1446/1446/1446
f 1380/1380/1380 1445/1445/1445 1446/1446/1446
f 1382/1382/1382 1381/1381/1381 1447/1447/1447
f 1381/1381/1381 1446/1446/1446 1447/1447/1447
f 1383/1383/1383 1382/1382/1382 1448/1448/1448
f 1382/1382/1382 1447/1447/1447 1448/1448/1448
f 1384/1384/1384 1383/1383/1383 1449/1449/1449
f 1383/1383/1383 1448/1448/1448 1449/1449/1449
f 1385/1385/1385 1384/1384/1384 1450/1450/1450
f 1384/1384/1384 1449/1449/1449 1450/1450/1450
f 1386/1386/1386 1385/1385/1385 1451/1451/1451
f 1385/1385/1385 1450/1450/1450 1451/1451/1451
f 1387/1387/1387 1386/1386/1386 1452/1452/1452
f 1386/1386/1386 1451/1451/1451 1452/1452/1452
f 1388/1388/1388 1387/1387/1387 1453/1453/1453
f 1387/1387/1387 1452/1452/1452 1453/1453/1453
f 1389/1389/1389 1388/1388/1388 1454/1454/1454
f 1388/1388/1388 1453/1453/1453 1454/1454/1454
f 1390/1390/1390 1389/1389/1389 1455/1455/1455
f 1389/1389/1389 1454/1454/1454 1455/1455/1455
f 1391/1391/1391 1390/1390/1390 1456/1456/1456
f 1390/1390/1390 1455/1455/1455 1456/1456/1456
f 1392/1392/1392 1391/1391/1391 1457/1457/1457
f 1391/1391/1391 1456/1456/1456 1457/1457/1457
f 1393/1393/1393 1392/1392/1392 1458/1458/1458
f 1392/1392/1392 1457/1457/1457 1458/1458/1458
f 1394/1394/1394 1393/1393/1393 1459/1459/1459
f 1393/1393/1393 1458/1458/1458 1459/1459/1459
f 1395/1395/1395 1394/1394/1394 1460/1460/1460
f 1394/1394/1394 1459/1459/1459 1460/1460/1460
f 1396/1396/1396 1395/1395/1395 1461/1461/1461
f 1395/1395/1395 1460/1460/1460 1461/1461/1461
f 1397/1397/1397 1396/1396/1396 1462/1462/1462
f 1396/1396/1396 1461/1461/1461 1462/1462/1462
f 1398/1398/1398 1397/1397/1397 1463/1463/1463
f 1397/1397/1397 1462/1462/1462 1463/1463/1463
f 1399/1399/1399 1398/1398/1398 1464/1464/1464
f 1398/1398/1398 1463/1463/1463 1464/1464/1464
f 1400/1400/1400 1399/1399/1399 1465/1465/1465
f 1399/1399/1399 1464/1464/1464 1465/1465/1465
f 1401/1401/1401 1400/1400/1400 1466/1466/1466
f 1400/1400/1400 1465/1465/1465 1466/1466/1466
f 1402/1402/1402 1401/1401/1401 1467/1467/1467
f 1401/1401/1401 1466/1466/1466 1467/1467/1467
f 1403/1403/1403 1402/1402/1402 1468/1468/1468
f 1402/1402/1402 1467/1467/1467 1468/1468/1468
f 1404/1404/1404 1403/1403/1403 1469/1469/1469
f 1403/1403/1403 1468/1468/1468 1469/1469/1469
f 1405/1405/1405 1404/1404/1404 1470/1470/1470
f 1404/1404/1404 1469/1469/1469 1470/1470/1470
f 1406/1406/1406 1405/1405/1405 1471/1471/1471
f 1405/1405/1405 1470/1470/1470 1471/1471/1471
f 1407/1407/1407 1406/1406/1406 1472/1472/1472
f 1406/1406/1406 1471/1471/1471 1472/1472/1472
f 1408/1408/1408 1407/1407/1407 1473/1473/1473
f 1407/1407/1407 1472/1472/1472 1473/1473/1473
f 1409/1409/1409 1408/1408/1408 1474/1474/1474
f 1408/1408/1408 1473/1473/1473 1474/1474/1474
f 1410/1410/1410 1409/1409/1409 1475/1475/1475
f 1409/1409/1409 1474/1474/1474 1475/1475/1475
f 1411/1411/1411 1410/1410/1410 1476/1476/1476
f 1410/1410/1410 1475/1475/1475 1476/1476/1476
f 1412/1412/1412 1411/1411/1411 1477/1477/1477
f 1411/1411/1411 1476/1476/1476 1477/1477/1477
f 1413/1413/1413 1412/1412/1412 1478/1478/1478
f 1412/1412/1412 1477/1477/1477 1478/1478/1478
f 1414/1414/1414 1413/1413/1413 1479/1479/1479
f 1413/1413/1413 1478/1478/1478 1479/1479/1479
f 1415/1415/1415 1414/1414/1414 1480/1480/1480
f 1414/1414/1414 1479/1479/1479 1480/1480/1480
f 1416/1416/1416 1415/1415/1415 1481/1481/1481
f 1415/1415/1415 1480/1480/1480 1481/1481/1481
f 1417/1417/1417 1416/1416/1416 1482/1482/1482
f 1416/1416/1416 1481/1481/1481 1482/1482/1482
f 1418/1418/1418 1417/1417/1417 1483/1483/1483
f 1417/1417/1417 1482/1482/1482 1483/1483/1483
f 1419/1419/1419 1418/1418/1418 1484/1484/1484
f 1418/1418/1418 1483/1483/1483 1484/1484/1484
f 1420/1420/1420 1419/1419/1419 1485/1485/1485
f 1419/1419/1419 1484/1484/1484 1485/1485/1485
f 1421/1421/1421 1420/1420/1420 1486/1486/1486
f 1420/1420/1420 1485/1485/1485 1486/1486/1486
f 1422/1422/1422 1421/1421/1421 1487/1487/1487
f 1421/1421/1421 1486/1486/1486 1487/1487/1487
f 1423/1423/1423 1422/1422/1422 1488/1488/1488
f 1422/1422/1422 1487/1487/1487 1488/1488/1488
f 1424/1424/1424 1423/1423/1423 1489/1489/1489
f 1423/1423/1423 1488/1488/1488 1489/1489/1489
f 1425/1425/1425 1424/1424/1424 1490/1490/1490
f 1424/1424/1424 1489/1489/1489 1490/1490/1490
f 1426/1426/1426 1425/1425/1425 1491/1491/1491
f 1425/1425/1425 1490/1490/1490 1491/1491/1491
f 1427/1427/1427 1426/1426/1426 1492/1492/1492
f 1426/1426/1426 1491/1491/1491 1492/1492/1492
f 1428/1428/1428 1427/1427/1427 1493/1493/1493
f 1427/1427/1427 1492/1492/1492 1493/1493/1493
f 1429/1429/1429 1428/1428/1428 1494/1494/1494
f 1428/1428/1428 1493/1493/1493 1494/1494/1494
f 1430/1430/1430 1429/1429/1429 1495/1495/1495
f 1429/1429/1429 1494/1494/1494 1495/1495/1495
f 1432/1432/1432 1431/1431/1431 1497/1497/1497
f 1431/1431/1431 1496/1496/1496 1497/1497/1497
f 1433/1433/1433 1432/1432/1432 1498/1498/1498
f 1432/1432/1432 1497/1497/1497 1498/1498/1498
f 1434/1434/1434 1433/1433/1433 1499/1499/1499
f 1433/1433/1433 1498/1498/1498 1499/1499/1499
f 1435/1435/1435 1434/1434/1434 1500/1500/1500
f 1434/1434/1434 1499/1499/1499 1500/1500/1500
f 1436/1436/1436 1435/1435/1435 1501/1501/1501
f 1435/1435/1435 1500/1500/1500 1501/1501/1501
f 1437/1437/1437 1436/1436/1436 1502/1502/1502
f 1436/1436/1436 1501/1501/1501 1502/1502/1502
f 1438/1438/1438 1437/1437/1437 1503/1503/1503
f 1437/1437/1437 1502/1502/1502 1503/1503/1503
f 1439/1439/1439 1438/1438/1438 1504/1504/1504
f 1438/1438/1438 1503/1503/1503 1504/1504/1504
f 1440/1440/1440 1439/1439/1439 1505/1505/1505
f 1439/1439/1439 1504/1504/1504 1505/1505/1505
f 1441/1441/1441 1440/1440/1440 1506/1506/1506
f 1440/1440/1440 1505/1505/1505 1506/1506/1506
f 1442/1442/1442 1441/1441/1441 1507/1507/1507
f 1441/1441/1441 1506/1506/1506 1507/1507/1507
f 1443/1443/1443 1442/1442/1442 1508/1508/1508
f 1442/1442/1442 1507/1507/1507 1508/1508/1508
f 1444/1444/1444 1443/1443/1443 1509/1509/1509
f 1443/1443/1443 1508/1508/1508 1509/1509/1509
f 1445/1445/1445 1444/1444/1444 1510/1510/1510
f 1444/1444/1444 1509/1509/1509 1510/1510/1510
f 1446/1446/1446 1445/1445/1445 1511/1511/1511
f 1445/1445/1445 1510/1510/1510 1511/1511/1511
f 1447/1447/1447 1446/1446/1446 1512/1512/1512
f 1446/1446/1446 1511/1511/1511 1512/1512/1512
f 1448/1448/1448 1447/1447/1447 1513/1513/1513
f 1447/1447/1447 1512/1512/1512 1513/1513/1513
f 1449/1449/1449 1448/1448/1448 1514/1514/1514
f 1448/1448/1448 1513/1513/1513 1514/1514/1514
f 1450/1450/1450 1449/1449/1449 1515/1515/1515
f 1449/1449/1449 1514/1514/1514 1515/1515/1515
f 1451/1451/1451 1450/1450/1450 1516/1516/1516
f 1450/1450/1450 1515/1515/1515 1516/1516/1516
f 1452/1452/1452 1451/1451/1451 1517/1517/1517
f 1451/1451/1451 1516/1516/1516 1517/1517/1517
f 1453/1453/1453 1452/1452/1452 1518/1518/1518
f 1452/1452/1452 1517/1517/1517 1518/1518/1518
f 1454/1454/1454 1453/1453/1453 1519/1519/1519
f 1453/1453/1453 1518/1518/1518 1519/1519/1519
f 1455/1455/1455 1454/1454/1454 1520/1520/1520
f 1454/1454/1454 1519/1519/1519 1520/1520/1520
f 1456/1456/1456 1455/1455/1455 1521/1521/1521
f 1455/1455/1455 1520/1520/1520 1521/1521/1521
f 1457/1457/1457 1456/1456/1456 1522/1522/1522
f 1456/1456/1456 1521/1521/1521 1522/1522/1522
f 1458/1458/1458 1457/1457/1457 1523/1523/1523
f 1457/1457/1457 1522/1522/1522 1523/1523/1523
f 1459/1459/1459 1458/1458/1458 1524/1524/1524
f 1458/1458/1458 1523/1523/1523 1524/1524/1524
f 1460/1460/1460 1459/1459/1459 1525/1525/1525
f 1459/1459/1459 1524/1524/1524 1525/1525/1525
f 1461/1461/1461 1460/1460/1460 1526/1526/1526
f 1460/1460/1460 1525/1525/1525 1526/1526/1526
f 1462/1462/1462 1461/1461/1461 1527/1527/1527
f 1461/1461/1461 1526/1526/1526 1527/1527/1527
f 1463/1463/1463 1462/1462/1462 1528/1528/1528
f 1462/1462/1462 1527/1527/1527 1528/1528/1528
f 1464/1464/1464 1463/1463/1463 1529/1529/1529
f 1463/1463/1463 1528/1528/1528 1529/1529/1529
f 1465/1465/1465 1464/1464/1464 1530/1530/1530
f 1464/1464/1464 1529/1529/1529 1530/1530/1530
f 1466/1466/1466 1465/1465/1465 1531/1531/1531
f 1465/1465/1465 1530/1530/1530 1531/1531/1531
f 1467/1467/1467 1466/1466/1466 1532/1532/1532
f 1466/1466/1466 1531/1531/1531 1532/1532/1532
f 1468/1468/1468 1467/1467/1467 1533/1533/1533
f 1467/1467/1467 1532/1532/1532 1533/1533/1533
f 1469/1469/1469 1468/1468/1468 1534/1534/1534
f 1468/1468/1468 1533/1533/1533 1534/1534/1534
f 1470/1470/1470 1469/1469/1469 1535/1535/1535
f 1469/1469/1469 1534/1534/1534 1535/1535/1535
f 1471/1471/1471 1470/1470/1470 1536/1536/1536
f 1470/1470/1470 1535/1535/1535 1536/1536/1536
f 1472/1472/1472 1471/1471/1471 1537/1537/1537
f 1471/1471/1471 1536/1536/1536 1537/1537/1537
f 1473/1473/1473 1472/1472/1472 1538/1538/1538
f 1472/1472/1472 1537/1537/1537 1538/1538/1538
f 1474/1474/1474 1473/1473/1473 1539/1539/1539
f 1473/1473/1473 1538/1538/1538 1539/1539/1539
f 1475/1475/1475 1474/1474/1474 1540/1540/1540
f 1474/1474/1474 1539/1539/1539 1540/1540/1540
f 1476/1476/1476 1475/1475/1475 1541/1541/1541
f 1475/1475/1475 1540/1540/1540 1541/1541/1541
f 1477/1477/1477 1476/1476/1476 1542/1542/1542
f 1476/1476/1476 1541/1541/1541 1542/1542/1542
f 1478/1478/1478 1477/1477/1477 1543/1543/1543
f 1477/1477/1477 1542/1542/1542 1543/1543/1543
f 1479/1479/1479 1478/1478/1478 1544/1544/1544
f 1478/1478/1478 1543/1543/1543 1544/1544/1544
f 1480/1480/1480 1479/1479/1479 1545/1545/1545
f 1479/1479/1479 1544/1544/1544 1545/1545/1545
f 1481/1481/1481 1480/1480/1480 1546/1546/1546
f 1480/1480/1480 1545/1545/1545 1546/1546/1546
f 1482/1482/1482 1481/1481/1481 1547/1547/1547
f 1481/1481/1481 1546/1546/1546 1547/1547/1547
f 1483/1483/1483 1482/1482/1482 1548/1548/1548
f 1482/1482/1482 1547/1547/1547 1548/1548/1548
f 1484/1484/1484 1483/1483/1483 1549/1549/1549
f 1483/1483/1483 1548/1548/1548 1549/1549/1549
f 1485/1485/1485 1484/1484/1484 1550/1550/1550
f 1484/1484/1484 1549/1549/1549 1550/1550/1550
f 1486/1486/1486 1485/1485/1485 1551/1551/1551
f 1485/1485/1485 1550/1550/1550 1551/1551/1551
f 1487/1487/1487 1486/1486/1486 1552/1552/1552
f 1486/1486/1486 1551/1551/1551 1552/1552/1552
f 1488/1488/1488 1487/1487/1487 1553/1553/1553
f 1487/1487/1487 1552/1552/1552 1553/1553/1553
f 1489/1489/1489 1488/1488/1488 1554/1554/1554
f 1488/1488/1488 1553/1553/1553 1554/1554/1554
f 1490/1490/1490 1489/1489/1489 1555/1555/1555
f 1489/1489/1489 1554/1554/1554 1555/1555/1555
f 1491/1491/1491 1490/1490/1490 1556/1556/1556
f 1490/1490/1490 1555/1555/1555 1556/1556/1556
f 1492/1492/1492 1491/1491/1491 1557/1557/1557
f 1491/1491/1491 1556/1556/1556 1557/1557/1557
f 1493/1493/1493 1492/1492/1492 1558/1558/1558
f 1492/1492/1492 1557/1557/1557 1558/1558/1558
f 1494/1494/1494 1493/1493/1493 1559/1559/1559
f 1493/1493/1493 1558/1558/1558 1559/1559/1559
f 1495/1495/1495 1494/1494/1494 1560/1560/1560
f 1494/1494/1494 1559/1559/1559 1560/1560/1560
f 1497/1497/1497 1496/1496/1496 1562/1562/1562
f 1496/1496/1496 1561/1561/1561 1562/1562/1562
f 1498/1498/1498 1497/1497/1497 1563/1563/1563
f 1497/1497/1497 1562/1562/1562 1563/1563/1563
f 1499/1499/1499 1498/1498/1498 1564/1564/1564
f 1498/1498/1498 1563/1563/1563 1564/1564/1564
f 1500/1500/1500 1499/1499/1499 1565/1565/1565
f 1499/1499/1499 1564/1564/1564 1565/1565/1565
f 1501/1501/1501 1500/1500/1500 1566/1566/1566
f 1500/1500/1500 1565/1565/1565 1566/1566/1566
f 1502/1502/1502 1501/1501/1501 1567/1567/1567
f 1501/1501/1501 1566/1566/1566 1567/1567/1567
f 1503/1503/1503 1502/1502/1502 1568/1568/1568
f 1502/1502/1502 1567/1567/1567 1568/1568/1568
f 1504/1504/1504 1503/1503/1503 1569/1569/1569
f 1503/1503/1503 1568/1568/1568 1569/1569/1569
f 1505/1505/1505 1504/1504/1504 1570/1570/1570
f 1504/1504/1504 1569/1569/1569 1570/1570/1570
f 1506/1506/1506 1505/1505/1505 1571/1571/1571
f 1505/1505/1505 1570/1570/1570 1571/1571/1571
f 1507/1507/1507 1506/1506/1506 1572/1572/1572
f 1506/1506/1506 1571/1571/1571 1572/1572/1572
f 1508/1508/1508 1507/1507/1507 1573/1573/1573
f 1507/1507/1507 1572/1572/1572 1573/1573/1573
f 1509/1509/1509 1508/1508/1508 1574/1574/1574
f 1508/1508/1508 1573/1573/1573 1574/1574/1574
f 1510/1510/1510 1509/1509/1509 1575/1575/1575
f 1509/1509/1509 1574/1574/1574 1575/1575/1575
f 1511/1511/1511 1510/1510/1510 1576/1576/1576
f 1510/1510/1510 1575/1575/1575 1576/1576/1576
f 1512/1512/1512 1511/1511/1511 1577/1577/1577
f 1511/1511/1511 1576/1576/1576 1577/1577/1577
f 1513/1513/1513 1512/1512/1512 1578/1578/1578
f 1512/1512/1512 1577/1577/1577 1578/1578/1578
f 1514/1514/1514 1513/1513/1513 1579/1579/1579
f 1513/1513/1513 1578/1578/1578 1579/1579/1579
f 1515/1515/1515 1514/1514/1514 1580/1580/1580
f 1514/1514/1514 1579/1579/1579 1580/1580/1580
f 1516/1516/1516 1515/1515/1515 1581/1581/1581
f 1515/1515/1515 1580/1580/1580 1581/1581/1581
f 1517/1517/1517 1516/1516/1516 1582/1582/1582
f 1516/1516/1516 1581/1581/1581 1582/1582/1582
f 1518/1518/1518 1517/1517/1517 1583/1583/1583
f 1517/1517/1517 1582/1582/1582 1583/1583/1583
f 1519/1519/1519 1518/1518/1518 1584/1584/1584
f 1518/1518/1518 1583/1583/1583 1584/1584/1584
f 1520/1520/1520 1519/1519/1519 1585/1585/1585
f 1519/1519/1519 1584/1584/1584 1585/1585/1585
f 1521/1521/1521 1520/1520/1520 1586/1586/1586
f 1520/1520/1520 1585/1585/1585 1586/1586/1586
f 1522/1522/1522 1521/1521/1521 1587/1587/1587
f 1521/1521/1521 1586/1586/1586 1587/1587/1587
f 1523/1523/1523 1522/1522/1522 1588/1588/1588
f 1522/1522/1522 1587/1587/1587 1588/1588/1588
f 1524/1524/1524 1523/1523/1523 1589/1589/1589
f 1523/1523/1523 1588/1588/1588 1589/1589/1589
f 1525/1525/1525 1524/1524/1524 1590/1590/1590
f 1524/1524/1524 1589/1589/1589 1590/1590/1590
f 1526/1526/1526 1525/1525/1525 1591/1591/1591
f 1525/1525/1525 1590/1590/1590 1591/1591/1591
f 1527/1527/1527 1526/1526/1526 1592/1592/1592
f 1526/1526/1526 1591/1591/1591 1592/1592/1592
f 1528/1528/1528 1527/1527/1527 1593/1593/1593
f 1527/1527/1527 1592/1592/1592 1593/1593/1593
f 1529/1529/1529 1528/1528/1528 1594/1594/1594
f 1528/1528/1528 1593/1593/1593 1594/1594/1594
f 1530/1530/1530 1529/1529/1529 1595/1595/1595
f 1529/1529/1529 1594/1594/1594 1595/1595/1595
f 1531/1531/1531 1530/1530/1530 1596/1596/1596
f 1530/1530/1530 1595/1595/1595 1596/1596/1596
f 1532/1532/1532 1531/1531/1531 1597/1597/1597
f 1531/1531/1531 1596/1596/1596 1597/1597/1597
f 1533/1533/1533 1532/1532/1532 1598/1598/1598
f 1532/1532/1532 1597/1597/1597 1598/1598/1598
f 1534/1534/1534 1533/1533/1533 1599/1599/1599
f 1533/1533/1533 1598/1598/1598 1599/1599/1599
f 1535/1535/1535 1534/1534/1534 1600/1600/1600
f 1534/1534/1534 1599/1599/1599 1600/1600/1600
f 1536/1536/1536 1535/1535/1535 1601/1601/1601
f 1535/1535/1535 1600/1600/1600 1601/1601/1601
f 1537/1537/1537 1536/1536/1536 1602/1602/1602
f 1536/1536/1536 1601/1601/1601 1602/1602/1602
f 1538/1538/1538 1537/1537/1537 1603/1603/1603
f 1537/1537/1537 1602/1602/1602 1603/1603/1603
f 1539/1539/1539 1538/1538/1538 1604/1604/1604
f 1538/1538/1538 1603/1603/1603 1604/1604/1604
f 1540/1540/1540 1539/1539/1539 1605/1605/1605
f 1539/1539/1539 1604/1604/1604 1605/1605/1605
f 1541/1541/1541 1540/1540/1540 1606/1606/1606
f 1540/1540/1540 1605/1605/1605 1606/1606/1606
f 1542/1542/1542 1541/1541/1541 1607/1607/1607
f 1541/1541/1541 1606/1606/1606 1607/1607/1607
f 1543/1543/1543 1542/1542/1542 1608/1608/1608
f 1542/1542/1542 1607/1607/1607 1608/1608/1608
f 1544/1544/1544 1543/1543/1543 1609/1609/1609
f 1543/1543/1543 1608/1608/1608 1609/1609/1609
f 1545/1545/1545 1544/1544/1544 1610/1610/1610
f 1544/1544/1544 1609/1609/1609 1610/1610/1610
f 1546/1546/1546 1545/1545/1545 1611/1611/1611
f 1545/1545/1545 1610/1610/1610 1611/1611/1611
f 1547/1547/1547 1546/1546/1546 1612/1612/1612
f 1546/1546/1546 1611/1611/1611 1612/1612/1612
f 1548/1548/1548 1547/1547/1547 1613/1613/1613
f 1547/1547/1547 1612/1612/1612 1613/1613/1613
f 1549/1549/1549 1548/1548/1548 1614/1614/1614
f 1548/1548/1548 1613/1613/1613 1614/1614/1614
f 1550/1550/1550 1549/1549/1549 1615/1615/1615
f 1549/1549/1549 1614/1614/1614 1615/1615/1615
f 1551/1551/1551 1550/1550/1550 1616/1616/1616
f 1550/1550/1550 1615/1615/1615 1616/1616/1616
f 1552/1552/1552 1551/1551/1551 1617/1617/1617
f 1551/1551/1551 1616/1616/1616 1617/1617/1617
f 1553/1553/1553 1552/1552/1552 1618/1618/1618
f 1552/1552/1552 1617/1617/1617 1618/1618/1618
f 1554/1554/1554 1553/1553/1553 1619/1619/1619
f 1553/1553/1553 1618/1618/1618 1619/1619/1619
f 1555/1555/1555 1554/1554/1554 1620/1620/1620
f 1554/1554/1554 1619/1619/1619 1620/1620/1620
f 1556/1556/1556 1555/1555/1555 1621/1621/1621
f 1555/1555/1555 1620/1620/1620 1621/1621/1621
f 1557/1557/1557 1556/1556/1556 1622/1622/1622
f 1556/1556/1556 1621/1621/1621 1622/1622/1622
f 1558/1558/1558 1557/1557/1557 1623/1623/1623
f 1557/1557/1557 1622/1622/1622 1623/1623/1623
f 1559/1559/1559 1558/1558/1558 1624/1624/1624
f 1558/1558/1558 1623/1623/1623 1624/1624/1624
f 1560/1560/1560 1559/1559/1559 1625/1625/1625
f 1559/1559/1559 1624/1624/1624 1625/1625/1625
f 1562/1562/1562 1561/1561/1561 1627/1627/1627
f 1561/1561/1561 1626/1626/1626 1627/1627/1627
f 1563/1563/1563 1562/1562/1562 1628/1628/1628
f 1562/1562/1562 1627/1627/1627 1628/1628/1628
f 1564/1564/1564 1563/1563/1563 1629/1629/1629
f 1563/1563/1563 1628/1628/1628 1629/1629/1629
f 1565/1565/1565 1564/1564/1564 1630/1630/1630
f 1564/1564/1564 1629/1629/1629 1630/1630/1630
f 1566/1566/1566 1565/1565/1565 1631/1631/1631
f 1565/1565/1565 1630/1630/1630 1631/1631/1631
f 1567/1567/1567 1566/1566/1566 1632/1632/1632
f 1566/1566/1566 1631/1631/1631 1632/1632/1632
f 1568/1568/1568 1567/1567/1567 1633/1633/1633
f 1567/1567/1567 1632/1632/1632 1633/1633/1633
f 1569/1569/1569 1568/1568/1568 1634/1634/1634
f 1568/1568/1568 1633/1633/1633 1634/1634/1634
f 1570/1570/1570 1569/1569/1569 1635/1635/1635
f 1569/1569/1569 1634/1634/1634 1635/1635/1635
f 1571/1571/1571 1570/1570/1570 1636/1636/1636
f 1570/1570/1570 1635/1635/1635 1636/1636/1636
f 1572/1572/1572 1571/1571/1571 1637/1637/1637
f 1571/1571/1571 1636/1636/1636 1637/1637/1637
f 1573/1573/1573 1572/1572/1572 1638/1638/1638
f 1572/1572/1572 1637/1637/1637 1638/1638/1638
f 1574/1574/1574 1573/1573/1573 1639/1639/1639
f 1573/1573/1573 1638/1638/1638 1639/1639/1639
f 1575/1575/1575 1574/1574/1574 1640/1640/1640
f 1574/1574/1574 1639/1639/1639 1640/1640/1640
f 1576/1576/1576 1575/1575/1575 1641/1641/1641
f 1575/1575/1575 1640/1640/1640 1641/1641/1641
f 1577/1577/1577 1576/1576/1576 1642/1642/1642
f 1576/1576/1576 1641/1641/1641 1642/1642/1642
f 1578/1578/1578 1577/1577/1577 1643/1643/1643
f 1577/1577/1577 1642/1642/1642 1643/1643/1643
f 1579/1579/1579 1578/1578/1578 1644/1644/1644
f 1578/1578/1578 1643/1643/1643 1644/1644/1644
f 1580/1580/1580 1579/1579/1579 1645/1645/1645
f 1579/1579/1579 1644/1644/1644 1645/1645/1645
f 1581/1581/1581 1580/1580/1580 1646/1646/1646
f 1580/1580/1580 1645/1645/1645 1646/1646/1646
f 1582/1582/1582 1581/1581/1581 1647/1647/1647
f 1581/1581/1581 1646/1646/1646 1647/1647/1647
f 1583/1583/1583 1582/1582/1582 1648/1648/1648
f 1582/1582/1582 1647/1647/1647 1648/1648/1648
f 1584/1584/1584 1583/1583/1583 1649/1649/1649
f 1583/1583/1583 1648/1648/1648 1649/1649/1649
f 1585/1585/1585 1584/1584/1584 1650/1650/1650
f 1584/1584/1584 1649/1649/1649 1650/1650/1650
f 1586/1586/1586 1585/1585/1585 1651/1651/1651
f 1585/1585/1585 1650/1650/1650 1651/1651/1651
f 1587/1587/1587 1586/1586/1586 1652/1652/1652
f 1586/1586/1586 1651/1651/1651 1652/1652/1652
f 1588/1588/1588 1587/1587/1587 1653/1653/1653
f 1587/1587/1587 1652/1652/1652 1653/1653/1653
f 1589/1589/1589 1588/1588/1588 1654/1654/1654
f 1588/1588/1588 1653/1653/1653 1654/1654/1654
f 1590/1590/1590 1589/1589/1589 1655/1655/1655
f 1589/1589/1589 1654/1654/1654 1655/1655/1655
f 1591/1591/1591 1590/1590/1590 1656/1656/1656
f 1590/1590/1590 1655/1655/1655 1656/1656/1656
f 1592/1592/1592 1591/1591/1591 1657/1657/1657
f 1591/1591/1591 1656/1656/1656 1657/1657/1657
f 1593/1593/1593 1592/1592/1592 1658/1658/1658
f 1592/1592/1592 1657/1657/1657 1658/1658/1658
f 1594/1594/1594 1593/1593/1593 1659/1659/1659
f 1593/1593/1593 1658/1658/1658 1659/1659/1659
f 1595/1595/1595 1594/1594/1594 1660/1660/1660
f 1594/1594/1594 1659/1659/1659 1660/1660/1660
f 1596/1596/1596 1595/1595/1595 1661/1661/1661
f 1595/1595/1595 1660/1660/1660 1661/1661/1661
f 1597/1597/1597 1596/1596/1596 1662/1662/1662
f 1596/1596/1596 1661/1661/1661 1662/1662/1662
f 1598/1598/1598 1597/1597/1597 1663/1663/1663
f 1597/1597/1597 1662/1662/1662 1663/1663/1663
f 1599/1599/1599 1598/1598/1598 1664/1664/1664
f 1598/1598/1598 1663/1663/1663 1664/1664/1664
f 1600/1600/1600 1599/1599/1599 1665/1665/1665
f 1599/1599/1599 1664/1664/1664 1665/1665/1665
f 1601/1601/1601 1600/1600/1600 1666/1666/1666
f 1600/1600/1600 1665/1665/1665 1666/1666/1666
f 1602/1602/1602 1601/1601/1601 1667/1667/1667
f 1601/1601/1601 1666/1666/1666 1667/1667/1667
f 1603/1603/1603 1602/1602/1602 1668/1668/1668
f 1602/1602/1602 1667/1667/1667 1668/1668/1668
f 1604/1604/1604 1603/1603/1603 1669/1669/1669
f 1603/1603/1603 1668/1668/1668 1669/1669/1669
f 1605/1605/1605 1604/1604/1604 1670/1670/1670
f 1604/1604/1604 1669/1669/1669 1670/1670/1670
f 1606/1606/1606 1605/1605/1605 1671/1671/1671
f 1605/1605/1605 1670/1670/1670 1671/1671/1671
f 1607/1607/1607 1606/1606/1606 1672/1672/1672
f 1606/1606/1606 1671/1671/1671 1672/1672/1672
f 1608/1608/1608 1607/1607/1607 1673/1673/1673
f 1607/1607/1607 1672/1672/1672 1673/1673/1673
f 1609/1609/1609 1608/1608/1608 1674/1674/1674
f 1608/1608/1608 1673/1673/1673 1674/1674/1674
f 1610/1610/1610 1609/1609/1609 1675/1675/1675
f 1609/1609/1609 1674/1674/1674 1675/1675/1675
f 1611/1611/1611 1610/1610/1610 1676/1676/1676
f 1610/1610/1610 1675/1675/1675 1676/1676/1676
f 1612/1612/1612 1611/1611/1611 1677/1677/1677
f 1611/1611/1611 1676/1676/1676 1677/1677/1677
f 1613/1613/1613 1612/1612/1612 1678/1678/1678
f 1612/1612/1612 1677/1677/1677 1678/1678/1678
f 1614/1614/1614 1613/1613/1613 1679/1679/1679
f 1613/1613/1613 1678/1678/1678 1679/1679/1679
f 1615/1615/1615 1614/1614/1614 1680/1680/1680
f 1614/1614/1614 1679/1679/1679 1680/1680/1680
f 1616/1616/1616 1615/1615/1615 1681/1681/1681
f 1615/1615/1615 1680/1680/1680 1681/1681/1681
f 1617/1617/1617 1616/1616/1616 1682/1682/1682
f 1616/1616/1616 1681/1681/1681 1682/1682/1682
f 1618/1618/1618 1617/1617/1617 1683/1683/1683
f 1617/1617/1617 1682/1682/1682 1683/1683/1683
f 1619/1619/1619 1618/1618/1618 1684/1684/1684
f 1618/1618/1618 1683/1683/1683 1684/1684/1684
f 1620/1620/1620 1619/1619/1619 1685/1685/1685
f 1619/1619/1619 1684/1684/1684 1685/1685/1685
f 1621/1621/1621 1620/1620/1620 1686/1686/1686
f 1620/1620/1620 1685/1685/1685 1686/1686/1686
f 1622/1622/1622 1621/1621/1621 1687/1687/1687
f 1621/1621/1621 1686/1686/1686 1687/1687/1687
f 1623/1623/1623 1622/1622/1622 1688/1688/1688
f 1622/1622/1622 1687/1687/1687 1688/1688/1688
f 1624/1624/1624 1623/1623/1623 1689/1689/1689
f 1623/1623/1623 1688/1688/1688 1689/1689/1689
f 1625/1625/1625 1624/1624/1624 1690/1690/1690
f 1624/1624/1624 1689/1689/1689 1690/1690/1690
f 1627/1627/1627 1626/1626/1626 1692/1692/1692
f 1626/1626/1626 1691/1691/1691 1692/1692/1692
f 1628/1628/1628 1627/1627/1627 1693/1693/1693
f 1627/1627/1627 1692/1692/1692 1693/1693/1693
f 1629/1629/1629 1628/1628/1628 1694/1694/1694
f 1628/1628/1628 1693/1693/1693 1694/1694/1694
f 1630/1630/1630 1629/1629/1629 1695/1695/1695
f 1629/1629/1629 1694/1694/1694 1695/1695/1695
f 1631/1631/1631 1630/1630/1630 1696/1696/1696
f 1630/1630/1630 1695/1695/1695 1696/1696/1696
f 1632/1632/1632 1631/1631/1631 1697/1697/1697
f 1631/1631/1631 1696/1696/1696 1697/1697/1697
f 1633/1633/1633 1632/1632/1632 1698/1698/1698
f 1632/1632/1632 1697/1697/1697 1698/1698/1698
f 1634/1634/1634 1633/1633/1633 1699/1699/1699
f 1633/1633/1633 1698/1698/1698 1699/1699/1699
f 1635/1635/1635 1634/1634/1634 1700/1700/1700
f 1634/1634/1634 1699/1699/1699 1700/1700/1700
f 1636/1636/1636 1635/1635/1635 1701/1701/1701
f 1635/1635/1635 1700/1700/1700 1701/1701/1701
f 1637/1637/1637 1636/1636/1636 1702/1702/1702
f 1636/1636/1636 1701/1701/1701 1702/1702/1702
f 1638/1638/1638 1637/1637/1637 1703/1703/1703
f 1637/1637/1637 1702/1702/1702 1703/1703/1703
f 1639/1639/1639 1638/1638/1638 1704/1704/1704
f 1638/1638/1638 1703/1703/1703 1704/1704/1704
f 1640/1640/1640 1639/1639/1639 1705/1705/1705
f 1639/1639/1639 1704/1704/1704 1705/1705/1705
f 1641/1641/1641 1640/1640/1640 1706/1706/1706
f 1640/1640/1640 1705/1705/1705 1706/1706/1706
f 1642/1642/1642 1641/1641/1641 1707/1707/1707
f 1641/1641/1641 1706/1706/1706 1707/1707/1707
f 1643/1643/1643 1642/1642/1642 1708/1708/1708
f 1642/1642/1642 1707/1707/1707 1708/1708/1708
f 1644/1644/1644 1643/1643/1643 1709/1709/1709
f 1643/1643/1643 1708/1708/1708 1709/1709/1709
f 1645/1645/1645 1644/1644/1644 1710/1710/1710
f 1644/1644/1644 1709/1709/1709 1710/1710/1710
f 1646/1646/1646 1645/1645/1645 1711/1711/1711
f 1645/1645/1645 1710/1710/1710 1711/1711/1711
f 1647/1647/1647 1646/1646/1646 1712/1712/1712
f 1646/1646/1646 1711/1711/1711 1712/1712/1712
f 1648/1648/1648 1647/1647/1647 1713/1713/1713
f 1647/1647/1647 1712/1712/1712 1713/1713/1713
f 1649/1649/1649 1648/1648/1648 1714/1714/1714
f 1648/1648/1648 1713/1713/1713 1714/1714/1714
f 1650/1650/1650 1649/1649/1649 1715/1715/1715
f 1649/1649/1649 1714/1714/1714 1715/1715/1715
f 1651/1651/1651 1650/1650/1650 1716/1716/1716
f 1650/1650/1650 1715/1715/1715 1716/1716/1716
f 1652/1652/1652 1651/1651/1651 1717/1717/1717
f 1651/1651/1651 1716/1716/1716 1717/1717/1717
f 1653/1653/1653 1652/1652/1652 1718/1718/1718
f 1652/1652/1652 1717/1717/1717 1718/1718/1718
f 1654/1654/1654 1653/1653/1653 1719/1719/1719
f 1653/1653/1653 1718/1718/1718 1719/1719/1719
f 1655/1655/1655 1654/1654/1654 1720/1720/1720
f 1654/1654/1654 1719/1719/1719 1720/1720/1720
f 1656/1656/1656 1655/1655/1655 1721/1721/1721
f 1655/1655/1655 1720/1720/1720 1721/1721/1721
f 1657/1657/1657 1656/1656/1656 1722/1722/1722
f 1656/1656/1656 1721/1721/1721 1722/1722/1722
f 1658/1658/1658 1657/1657/1657 1723/1723/1723
f 1657/1657/1657 1722/1722/1722 1723/1723/1723
f 1659/1659/1659 1658/1658/1658 1724/1724/1724
f 1658/1658/1658 1723/1723/1723 1724/1724/1724
f 1660/1660/1660 1659/1659/1659 1725/1725/1725
f 1659/1659/1659 1724/1724/1724 1725/1725/1725
f 1661/1661/1661 1660/1660/1660 1726/1726/1726
f 1660/1660/1660 1725/1725/1725 1726/1726/1726
f 1662/1662/1662 1661/1661/1661 1727/1727/1727
f 1661/1661/1661 1726/1726/1726 1727/1727/1727
f 1663/1663/1663 1662/1662/1662 1728/1728/1728
f 1662/1662/1662 1727/1727/1727 1728/1728/1728
f 1664/1664/1664 1663/1663/1663 1729/1729/1729
f 1663/1663/1663 1728/1728/1728 1729/1729/1729
f 1665/1665/1665 1664/1664/1664 1730/1730/1730
f 1664/1664/1664 1729/1729/1729 1730/1730/1730
f 1666/1666/1666 1665/1665/1665 1731/1731/1731
f 1665/1665/1665 1730/1730/1730 1731/1731/1731
f 1667/1667/1667 1666/1666/1666 1732/1732/1732
f 1666/1666/1666 1731/1731/1731 1732/1732/1732
f 1668/1668/1668 1667/1667/1667 1733/1733/1733
f 1667/1667/1667 1732/1732/1732 1733/1733/1733
f 1669/1669/1669 1668/1668/1668 1734/1734/1734
f 1668/1668/1668 1733/1733/1733 1734/1734/1734
f 1670/1670/1670 1669/1669/1669 1735/1735/1735
f 1669/1669/1669 1734/1734/1734 1735/1735/1735
f 1671/1671/1671 1670/1670/1670 1736/1736/1736
f 1670/1670/1670 1735/1735/1735 1736/1736/1736
f 1672/1672/1672 1671/1671/1671 1737/1737/1737
f 1671/1671/1671 1736/1736/1736 1737/1737/1737
f 1673/1673/1673 1672/1672/1672 1738/1738/1738
f 1672/1672/1672 1737/1737/1737 1738/1738/1738
f 1674/1674/1674 1673/1673/1673 1739/1739/1739
f 1673/1673/1673 1738/1738/1738 1739/1739/1739
f 1675/1675/1675 1674/1674/1674 1740/1740/1740
f 1674/1674/1674 1739/1739/1739 1740/1740/1740
f 1676/1676/1676 1675/1675/1675 1741/1741/1741
f 1675/1675/1675 1740/1740/1740 1741/1741/1741
f 1677/1677/1677 1676/1676/1676 1742/1742/1742
f 1676/1676/1676 1741/1741/1741 1742/1742/1742
f 1678/1678/1678 1677/1677/1677 1743/1743/1743
f 1677/1677/1677 1742/1742/1742 1743/1743/1743
f 1679/1679/1679 1678/1678/1678 1744/1744/1744
f 1678/1678/1678 1743/1743/1743 1744/1744/1744
f 1680/1680/1680 1679/1679/1679 1745/1745/1745
f 1679/1679/1679 1744/1744/1744 1745/1745/1745
f 1681/1681/1681 1680/1680/1680 1746/1746/1746
f 1680/1680/1680 1745/1745/1745 1746/1746/1746
f 1682/1682/1682 1681/1681/1681 1747/1747/1747
f 1681/1681/1681 1746/1746/1746 1747/1747/1747
f 1683/1683/1683 1682/1682/1682 1748/1748/1748
f 1682/1682/1682 1747/1747/1747 1748/1748/1748
f 1684/1684/1684 1683/1683/1683 1749/1749/1749
f 1683/1683/1683 1748/1748/1748 1749/1749/1749
f 1685/1685/1685 1684/1684/1684 1750/1750/1750
f 1684/1684/1684 1749/1749/1749 1750/1750/1750
f 1686/1686/1686 1685/1685/1685 1751/1751/1751
f 1685/1685/1685 1750/1750/1750 1751/1751/1751
f 1687/1687/1687 1686/1686/1686 1752/1752/1752
f 1686/1686/1686 1751/1751/1751 1752/1752/1752
f 1688/1688/1688 1687/1687/1687 1753/1753/1753
f 1687/1687/1687 1752/1752/1752 1753/1753/1753
f 1689/1689/1689 1688/1688/1688 1754/1754/1754
f 1688/1688/1688 1753/1753/1753 1754/1754/1754
f 1690/1690/1690 1689/1689/1689 1755/1755/1755
f 1689/1689/1689 1754/1754/1754 1755/1755/1755
f 1692/1692/1692 1691/1691/1691 1757/1757/1757
f 1691/1691/1691 1756/1756/1756 1757/1757/1757
f 1693/1693/1693 1692/1692/1692 1758/1758/1758
f 1692/1692/1692 1757/1757/1757 1758/1758/1758
f 1694/1694/1694 1693/1693/1693 1759/1759/1759
f 1693/1693/1693 1758/1758/1758 1759/1759/1759
f 1695/1695/1695 1694/1694/1694 1760/1760/1760
f 1694/1694/1694 1759/1759/1759 1760/1760/1760
f 1696/1696/1696 1695/1695/1695 1761/1761/1761
f 1695/1695/1695 1760/1760/1760 1761/1761/1761
f 1697/1697/1697 1696/1696/1696 1762/1762/1762
f 1696/1696/1696 1761/1761/1761 1762/1762/1762
f 1698/1698/1698 1697/1697/1697 1763/1763/1763
f 1697/1697/1697 1762/1762/1762 1763/1763/1763
f 1699/1699/1699 1698/1698/1698 1764/1764/1764
f 1698/1698/1698 1763/1763/1763 1764/1764/1764
f 1700/1700/1700 1699/1699/1699 1765/1765/1765
f 1699/1699/1699 1764/1764/1764 1765/1765/1765
f 1701/1701/1701 1700/1700/1700 1766/1766/1766
f 1700/1700/1700 1765/1765/1765 1766/1766/1766
f 1702/1702/1702 1701/1701/1701 1767/1767/1767
f 1701/1701/1701 1766/1766/1766 1767/1767/1767
f 1703/1703/1703 1702/1702/1702 1768/1768/1768
f 1702/1702/1702 1767/1767/1767 1768/1768/1768
f 1704/1704/1704 1703/1703/1703 1769/1769/1769
f 1703/1703/1703 1768/1768/1768 1769/1769/1769
f 1705/1705/1705 1704/1704/1704 1770/1770/1770
f 1704/1704/1704 1769/1769/1769 1770/1770/1770
f 1706/1706/1706 1705/1705/1705 1771/1771/1771
f 1705/1705/1705 1770/1770/1770 1771/1771/1771
f 1707/1707/1707 1706/1706/1706 1772/1772/1772
f 1706/1706/1706 1771/1771/1771 1772/1772/1772
f 1708/1708/1708 1707/1707/1707 1773/1773/1773
f 1707/1707/1707 1772/1772/1772 1773/1773/1773
f 1709/1709/1709 1708/1708/1708 1774/1774/1774
f 1708/1708/1708 1773/1773/1773 1774/1774/1774
f 1710/1710/1710 1709/1709/1709 1775/1775/1775
f 1709/1709/1709 1774/1774/1774 1775/1775/1775
f 1711/1711/1711 1710/1710/1710 1776/1776/1776
f 1710/1710/1710 1775/1775/1775 1776/1776/1776
f 1712/1712/1712 1711/1711/1711 1777/1777/1777
f 1711/1711/1711 1776/1776/1776 1777/1777/1777
f 1713/1713/1713 1712/1712/1712 1778/1778/1778
f 1712/1712/1712 1777/1777/1777 1778/1778/1778
f 1714/1714/1714 1713/1713/1713 1779/1779/1779
f 1713/1713/1713 1778/1778/1778 1779/1779/1779
f 1715/1715/1715 1714/1714/1714 1780/1780/1780
f 1714/1714/1714 1779/1779/1779 1780/1780/1780
f 1716/1716/1716 1715/1715/1715 1781/1781/1781
f 1715/1715/1715 1780/1780/1780 1781/1781/1781
f 1717/1717/1717 1716/1716/1716 1782/1782/1782
f 1716/1716/1716 1781/1781/1781 1782/1782/1782
f 1718/1718/1718 1717/1717/1717 1783/1783/1783
f 1717/1717/1717 1782/1782/1782 1783/1783/1783
f 1719/1719/1719 1718/1718/1718 1784/1784/1784
f 1718/1718/1718 1783/1783/1783 1784/1784/1784
f 1720/1720/1720 1719/1719/1719 1785/1785/1785
f 1719/1719/1719 1784/1784/1784 1785/1785/1785
f 1721/1721/1721 1720/1720/1720 1786/1786/1786
f 1720/1720/1720 1785/1785/1785 1786/1786/1786
f 1722/1722/1722 1721/1721/1721 1787/1787/1787
f 1721/1721/1721 1786/1786/1786 1787/1787/1787
f 1723/1723/1723 1722/1722/1722 1788/1788/1788
f 1722/1722/1722 1787/1787/1787 1788/1788/1788
f 1724/1724/1724 1723/1723/1723 1789/1789/1789
f 1723/1723/1723 1788/1788/1788 1789/1789/1789
f 1725/1725/1725 1724/1724/1724 1790/1790/1790
f 1724/1724/1724 1789/1789/1789 1790/1790/1790
f 1726/1726/1726 1725/1725/1725 1791/1791/1791
f 1725/1725/1725 1790/1790/1790 1791/1791/1791
f 1727/1727/1727 1726/1726/1726 1792/1792/1792
f 1726/1726/1726 1791/1791/1791 1792/1792/1792
f 1728/1728/1728 1727/1727/1727 1793/1793/1793
f 1727/1727/1727 1792/1792/1792 1793/1793/1793
f 1729/1729/1729 1728/1728/1728 1794/1794/1794
f 1728/1728/1728 1793/1793/1793 1794/1794/1794
f 1730/1730/1730 1729/1729/1729 1795/1795/1795
f 1729/1729/1729 1794/1794/1794 1795/1795/1795
f 1731/1731/1731 1730/1730/1730 1796/1796/1796
f 1730/1730/1730 1795/1795/1795 1796/1796/1796
f 1732/1732/1732 1731/1731/1731 1797/1797/1797
f 1731/1731/1731 1796/1796/1796 1797/1797/1797
f 1733/1733/1733 1732/1732/1732 1798/1798/1798
f 1732/1732/1732 1797/1797/1797 1798/1798/1798
f 1734/1734/1734 1733/1733/1733 1799/1799/1799
f 1733/1733/1733 1798/1798/1798 1799/1799/1799
f 1735/1735/1735 1734/1734/1734 1800/1800/1800
f 1734/1734/1734 1799/1799/1799 1800/1800/1800
f 1736/1736/1736 1735/1735/1735 1801/1801/1801
f 1735/1735/1735 1800/1800/1800 1801/1801/1801
f 1737/1737/1737 1736/1736/1736 1802/1802/1802
f 1736/1736/1736 1801/1801/1801 1802/1802/1802
f 1738/1738/1738 1737/1737/1737 1803/1803/1803
f 1737/1737/1737 1802/1802/1802 1803/1803/1803
f 1739/1739/1739 1738/1738/1738 1804/1804/1804
f 1738/1738/1738 1803/1803/1803 1804/1804/1804
f 1740/1740/1740 1739/1739/1739 1805/1805/1805
f 1739/1739/1739 1804/1804/1804 1805/1805/1805
f 1741/1741/1741 1740/1740/1740 1806/1806/1806
f 1740/1740/1740 1805/1805/1805 1806/1806/1806
f 1742/1742/1742 1741/1741/1741 1807/1807/1807
f 1741/1741/1741 1806/1806/1806 1807/1807/1807
f 1743/1743/1743 1742/1742/1742 1808/1808/1808
f 1742/1742/1742 1807/1807/1807 1808/1808/1808
f 1744/1744/1744 1743/1743/1743 1809/1809/1809
f 1743/1743/1743 1808/1808/1808 1809/1809/1809
f 1745/1745/1745 1744/1744/1744 1810/1810/1810
f 1744/1744/1744 1809/1809/1809 1810/1810/1810
f 1746/1746/1746 1745/1745/1745 1811/1811/1811
f 1745/1745/1745 1810/1810/1810 1811/1811/1811
f 1747/1747/1747 1746/1746/1746 1812/1812/1812
f 1746/1746/1746 1811/1811/1811 1812/1812/1812
f 1748/1748/1748 1747/1747/1747 1813/1813/1813
f 1747/1747/1747 1812/1812/1812 1813/1813/1813
f 1749/1749/1749 1748/1748/1748 1814/1814/1814
f 1748/1748/1748 1813/1813/1813 1814/1814/1814
f 1750/1750/1750 1749/1749/1749 1815/1815/1815
f 1749/1749/1749 1814/1814/1814 1815/1815/1815
f 1751/1751/1751 1750/1750/1750 1816/1816/1816
f 1750/1750/1750 1815/1815/1815 1816/1816/1816
f 1752/1752/1752 1751/1751/1751 1817/1817/1817
f 1751/1751/1751 1816/1816/1816 1817/1817/1817
f 1753/1753/1753 1752/1752/1752 1818/1818/1818
f 1752/1752/1752 1817/1817/1817 1818/1818/1818
f 1754/1754/1754 1753/1753/1753 1819/1819/1819
f 1753/1753/1753 1818/1818/1818 1819/1819/1819
f 1755/1755/1755 1754/1754/1754 1820/1820/1820
f 1754/1754/1754 1819/1819/1819 1820/1820/1820
f 1757/1757/1757 1756/1756/1756 1822/1822/1822
f 1756/1756/1756 1821/1821/1821 1822/1822/1822
f 1758/1758/1758 1757/1757/1757 1823/1823/1823
f 1757/1757/1757 1822/1822/1822 1823/1823/1823
f 1759/1759/1759 1758/1758/1758 1824/1824/1824
f 1758/1758/1758 1823/1823/1823 1824/1824/1824
f 1760/1760/1760 1759/1759/1759 1825/1825/1825
f 1759/1759/1759 1824/1824/1824 1825/1825/1825
f 1761/1761/1761 1760/1760/1760 1826/1826/1826
f 1760/1760/1760 1825/1825/1825 1826/1826/1826
f 1762/1762/1762 1761/1761/1761 1827/1827/1827
f 1761/1761/1761 1826/1826/1826 1827/1827/1827
f 1763/1763/1763 1762/1762/1762 1828/1828/1828
f 1762/1762/1762 1827/1827/1827 1828/1828/1828
f 1764/1764/1764 1763/1763/1763 1829/1829/1829
f 1763/1763/1763 1828/1828/1828 1829/1829/1829
f 1765/1765/1765 1764/1764/1764 1830/1830/1830
f 1764/1764/1764 1829/1829/1829 1830/1830/1830
f 1766/1766/1766 1765/1765/1765 1831/1831/1831
f 1765/1765/1765 1830/1830/1830 1831/1831/1831
f 1767/1767/1767 1766/1766/1766 1832/1832/1832
f 1766/1766/1766 1831/1831/1831 1832/1832/1832
f 1768/1768/1768 1767/1767/1767 1833/1833/1833
f 1767/1767/1767 1832/1832/1832 1833/1833/1833
f 1769/1769/1769 1768/1768/1768 1834/1834/1834
f 1768/1768/1768 1833/1833/1833 1834/1834/1834
f 1770/1770/1770 1769/1769/1769 1835/1835/1835
f 1769/1769/1769 1834/1834/1834 1835/1835/1835
f 1771/1771/1771 1770/1770/1770 1836/1836/1836
f 1770/1770/1770 1835/1835/1835 1836/1836/1836
f 1772/1772/1772 1771/1771/1771 1837/1837/1837
f 1771/1771/1771 1836/1836/1836 1837/1837/1837
f 1773/1773/1773 1772/1772/1772 1838/1838/1838
f 1772/1772/1772 1837/1837/1837 1838/1838/1838
f 1774/1774/1774 1773/1773/1773 1839/1839/1839
f 1773/1773/1773 1838/1838/1838 1839/1839/1839
f 1775/1775/1775 1774/1774/1774 1840/1840/1840
f 1774/1774/1774 1839/1839/1839 1840/1840/1840
f 1776/1776/1776 1775/1775/1775 1841/1841/1841
f 1775/1775/1775 1840/1840/1840 1841/1841/1841
f 1777/1777/1777 1776/1776/1776 1842/1842/1842
f 1776/1776/1776 1841/1841/1841 1842/1842/1842
f 1778/1778/1778 1777/1777/1777 1843/1843/1843
f 1777/1777/1777 1842/1842/1842 1843/1843/1843
f 1779/1779/1779 1778/1778/1778 1844/1844/1844
f 1778/1778/1778 1843/1843/1843 1844/1844/1844
f 1780/1780/1780 1779/1779/1779 1845/1845/1845
f 1779/1779/1779 1844/1844/1844 1845/1845/1845
f 1781/1781/1781 1780/1780/1780 1846/1846/1846
f 1780/1780/1780 1845/1845/1845 1846/1846/1846
f 1782/1782/1782 1781/1781/1781 1847/1847/1847
f 1781/1781/1781 1846/1846/1846 1847/1847/1847
f 1783/1783/1783 1782/1782/1782 1848/1848/1848
f 1782/1782/1782 1847/1847/1847 1848/1848/1848
f 1784/1784/1784 1783/1783/1783 1849/1849/1849
f 1783/1783/1783 1848/1848/1848 1849/1849/1849
f 1785/1785/1785 1784/1784/1784 1850/1850/1850
f 1784/1784/1784 1849/1849/1849 1850/1850/1850
f 1786/1786/1786 1785/1785/1785 1851/1851/1851
f 1785/1785/1785 1850/1850/1850 1851/1851/1851
f 1787/1787/1787 1786/1786/1786 1852/1852/1852
f 1786/1786/1786 1851/1851/1851 1852/1852/1852
f 1788/1788/1788 1787/1787/1787 1853/1853/1853
f 1787/1787/1787 1852/1852/1852 1853/1853/1853
f 1789/1789/1789 1788/1788/1788 1854/1854/1854
f 1788/1788/1788 1853/1853/1853 1854/1854/1854
f 1790/1790/1790 1789/1789/1789 1855/1855/1855
f 1789/1789/1789 1854/1854/1854 1855/1855/1855
f 1791/1791/1791 1790/1790/1790 1856/1856/1856
f 1790/1790/1790 1855/1855/1855 1856/1856/1856
f 1792/1792/1792 1791/1791/1791 1857/1857/1857
f 1791/1791/1791 1856/1856/1856 1857/1857/1857
f 1793/1793/1793 1792/1792/1792 1858/1858/1858
f 1792/1792/1792 1857/1857/1857 1858/1858/1858
f 1794/1794/1794 1793/1793/1793 1859/1859/1859
f 1793/1793/1793 1858/1858/1858 1859/1859/1859
f 1795/1795/1795 1794/1794/1794 1860/1860/1860
f 1794/1794/1794 1859/1859/1859 1860/1860/1860
f 1796/1796/1796 1795/1795/1795 1861/1861/1861
f 1795/1795/1795 1860/1860/1860 1861/1861/1861
f 1797/1797/1797 1796/1796/1796 1862/1862/1862
f 1796/1796/1796 1861/1861/1861 1862/1862/1862
f 1798/1798/1798 1797/1797/1797 1863/1863/1863
f 1797/1797/1797 1862/1862/1862 1863/1863/1863
f 1799/1799/1799 1798/1798/1798 1864/1864/1864
f 1798/1798/1798 1863/1863/1863 1864/1864/1864
f 1800/1800/1800 1799/1799/1799 1865/1865/1865
f 1799/1799/1799 1864/1864/1864 1865/1865/1865
f 1801/1801/1801 1800/1800/1800 1866/1866/1866
f 1800/1800/1800 1865/1865/1865 1866/1866/1866
f 1802/1802/1802 1801/1801/1801 1867/1867/1867
f 1801/1801/1801 1866/1866/1866 1867/1867/1867
f 1803/1803/1803 1802/1802/1802 1868/1868/1868
f 1802/1802/1802 1867/1867/1867 1868/1868/1868
f 1804/1804/1804 1803/1803/1803 1869/1869/1869
f 1803/1803/1803 1868/1868/1868 1869/1869/1869
f 1805/1805/1805 1804/1804/1804 1870/1870/1870
f 1804/1804/1804 1869/1869/1869 1870/1870/1870
f 1806/1806/1806 1805/1805/1805 1871/1871/1871
f 1805/1805/1805 1870/1870/1870 1871/1871/1871
f 1807/1807/1807 1806/1806/1806 1872/1872/1872
f 1806/1806/1806 1871/1871/1871 1872/1872/1872
f 1808/1808/1808 1807/1807/1807 1873/1873/1873
f 1807/1807/1807 1872/1872/1872 1873/1873/1873
f 1809/1809/1809 1808/1808/1808 1874/1874/1874
f 1808/1808/1808 1873/1873/1873 1874/1874/1874
f 1810/1810/1810 1809/1809/1809 1875/1875/1875
f 1809/1809/1809 1874/1874/1874 1875/1875/1875
f 1811/1811/1811 1810/1810/1810 1876/1876/1876
f 1810/1810/1810 1875/1875/1875 1876/1876/1876
f 1812/1812/1812 1811/1811/1811 1877/1877/1877
f 1811/1811/1811 1876/1876/1876 1877/1877/1877
f 1813/1813/1813 1812/1812/1812 1878/1878/1878
f 1812/1812/1812 1877/1877/1877 1878/1878/1878
f 1814/1814/1814 1813/1813/1813 1879/1879/1879
f 1813/1813/1813 1878/1878/1878 1879/1879/1879
f 1815/1815/1815 1814/1814/1814 1880/1880/1880
f 1814/1814/1814 1879/1879/1879 1880/1880/1880
f 1816/1816/1816 1815/1815/1815 1881/1881/1881
f 1815/1815/1815 1880/1880/1880 1881/1881/1881
f 1817/1817/1817 1816/1816/1816 1882/1882/1882
f 1816/1816/1816 1881/1881/1881 1882/1882/1882
f 1818/1818/1818 1817/1817/1817 1883/1883/1883
f 1817/1817/1817 1882/1882/1882 1883/1883/1883
f 1819/1819/1819 1818/1818/1818 1884/1884/1884
f 1818/1818/1818 1883/1883/1883 1884/1884/1884
f 1820/1820/1820 1819/1819/1819 1885/1885/1885
f 1819/1819/1819 1884/1884/1884 1885/1885/1885
f 1822/1822/1822 1821/1821/1821 1887/1887/1887
f 1821/1821/1821 1886/1886/1886 1887/1887/1887
f 1823/1823/1823 1822/1822/1822 1888/1888/1888
f 1822/1822/1822 1887/1887/1887 1888/1888/1888
f 1824/1824/1824 1823/1823/1823 1889/1889/1889
f 1823/1823/1823 1888/1888/1888 1889/1889/1889
f 1825/1825/1825 1824/1824/1824 1890/1890/1890
f 1824/1824/1824 1889/1889/1889 1890/1890/1890
f 1826/1826/1826 1825/1825/1825 1891/1891/1891
f 1825/1825/1825 1890/1890/1890 1891/1891/1891
f 1827/1827/1827 1826/1826/1826 1892/1892/1892
f 1826/1826/1826 1891/1891/1891 1892/1892/1892
f 1828/1828/1828 1827/1827/1827 1893/1893/1893
f 1827/1827/1827 1892/1892/1892 1893/1893/1893
f 1829/1829/1829 1828/1828/1828 1894/1894/1894
f 1828/1828/1828 1893/1893/1893 1894/1894/1894
f 1830/1830/1830 1829/1829/1829 1895/1895/1895
f 1829/1829/1829 1894/1894/1894 1895/1895/1895
f 1831/1831/1831 1830/1830/1830 1896/1896/1896
f 1830/1830/1830 1895/1895/1895 1896/1896/1896
f 1832/1832/1832 1831/1831/1831 1897/1897/1897
f 1831/1831/1831 1896/1896/1896 1897/1897/1897
f 1833/1833/1833 1832/1832/1832 1898/1898/1898
f 1832/1832/1832 1897/1897/1897 1898/1898/1898
f 1834/1834/1834 1833/1833/1833 1899/1899/1899
f 1833/1833/1833 1898/1898/1898 1899/1899/1899
f 1835/1835/1835 1834/1834/1834 1900/1900/1900
f 1834/1834/1834 1899/1899/1899 1900/1900/1900
f 1836/1836/1836 1835/1835/1835 1901/1901/1901
f 1835/1835/1835 1900/1900/1900 1901/1901/1901
f 1837/1837/1837 1836/1836/1836 1902/1902/1902
f 1836/1836/1836 1901/1901/1901 1902/1902/1902
f 1838/1838/1838 1837/1837/1837 1903/1903/1903
f 1837/1837/1837 1902/1902/1902 1903/1903/1903
f 1839/1839/1839 1838/1838/1838 1904/1904/1904
f 1838/1838/1838 1903/1903/1903 1904/1904/1904
f 1840/1840/1840 1839/1839/1839 1905/1905/1905
f 1839/1839/1839 1904/1904/1904 1905/1905/1905
f 1841/1841/1841 1840/1840/1840 1906/1906/1906
f 1840/1840/1840 1905/1905/1905 1906/1906/1906
f 1842/1842/1842 1841/1841/1841 1907/1907/1907
f 1841/1841/1841 1906/1906/1906 1907/1907/1907
f 1843/1843/1843 1842/1842/1842 1908/1908/1908
f 1842/1842/1842 1907/1907/1907 1908/1908/1908
f 1844/1844/1844 1843/1843/1843 1909/1909/1909
f 1843/1843/1843 1908/1908/1908 1909/1909/1909
f 1845/1845/1845 1844/1844/1844 1910/1910/1910
f 1844/1844/1844 1909/1909/1909 1910/1910/1910
f 1846/1846/1846 1845/1845/1845 1911/1911/1911
f 1845/1845/1845 1910/1910/1910 1911/1911/1911
f 1847/1847/1847 1846/1846/1846 1912/1912/1912
f 1846/1846/1846 1911/1911/1911 1912/1912/1912
f 1848/1848/1848 1847/1847/1847 1913/1913/1913
f 1847/1847/1847 1912/1912/1912 1913/1913/1913
f 1849/1849/1849 1848/1848/1848 1914/1914/1914
f 1848/1848/1848 1913/1913/1913 1914/1914/1914
f 1850/1850/1850 1849/1849/1849 1915/1915/1915
f 1849/1849/1849 1914/1914/1914 1915/1915/1915
f 1851/1851/1851 1850/1850/1850 1916/1916/1916
f 1850/1850/1850 1915/1915/1915 1916/1916/1916
f 1852/1852/1852 1851/1851/1851 1917/1917/1917
f 1851/1851/1851 1916/1916/1916 1917/1917/1917
f 1853/1853/1853 1852/1852/1852 1918/1918/1918
f 1852/1852/1852 1917/1917/1917 1918/1918/1918
f 1854/1854/1854 1853/1853/1853 1919/1919/1919
f 1853/1853/1853 1918/1918/1918 1919/1919/1919
f 1855/1855/1855 1854/1854/1854 1920/1920/1920
f 1854/1854/1854 1919/1919/1919 1920/1920/1920
f 1856/1856/1856 1855/1855/1855 1921/1921/1921
f 1855/1855/1855 1920/1920/1920 1921/1921/1921
f 1857/1857/1857 1856/1856/1856 1922/1922/1922
f 1856/1856/1856 1921/1921/1921 1922/1922/1922
f 1858/1858/1858 1857/1857/1857 1923/1923/1923
f 1857/1857/1857 1922/1922/1922 1923/1923/1923
f 1859/1859/1859 1858/1858/1858 1924/1924/1924
f 1858/1858/1858 1923/1923/1923 1924/1924/1924
f 1860/1860/1860 1859/1859/1859 1925/1925/1925
f 1859/1859/1859 1924/1924/1924 1925/1925/1925
f 1861/1861/1861 1860/1860/1860 1926/1926/1926
f 1860/1860/1860 1925/1925/1925 1926/1926/1926
f 1862/1862/1862 1861/1861/1861 1927/1927/1927
f 1861/1861/1861 1926/1926/1926 1927/1927/1927
f 1863/1863/1863 1862/1862/1862 1928/1928/1928
f 1862/1862/1862 1927/1927/1927 1928/1928/1928
f 1864/1864/1864 1863/1863/1863 1929/1929/1929
f 1863/1863/1863 1928/1928/1928 1929/1929/1929
f 1865/1865/1865 1864/1864/1864 1930/1930/1930
f 1864/1864/1864 1929/1929/1929 1930/1930/1930
f 1866/1866/1866 1865/1865/1865 1931/1931/1931
f 1865/1865/1865 1930/1930/1930 1931/1931/1931
f 1867/1867/1867 1866/1866/1866 1932/1932/1932
f 1866/1866/1866 1931/1931/1931 1932/1932/1932
f 1868/1868/1868 1867/1867/1867 1933/1933/1933
f 1867/1867/1867 1932/1932/1932 1933/1933/1933
f 1869/1869/1869 1868/1868/1868 1934/1934/1934
f 1868/1868/1868 1933/1933/1933 1934/1934/1934
f 1870/1870/1870 1869/1869/1869 1935/1935/1935
f 1869/1869/1869 1934/1934/1934 1935/1935/1935
f 1871/1871/1871 1870/1870/1870 1936/1936/1936
f 1870/1870/1870 1935/1935/1935 1936/1936/1936
f 1872/1872/1872 1871/1871/1871 1937/1937/1937
f 1871/1871/1871 1936/1936/1936 1937/1937/1937
f 1873/1873/1873 1872/1872/1872 1938/1938/1938
f 1872/1872/1872 1937/1937/1937 1938/1938/1938
f 1874/1874/1874 1873/1873/1873 1939/1939/1939
f 1873/1873/1873 1938/1938/1938 1939/1939/1939
f 1875/1875/1875 1874/1874/1874 1940/1940/1940
f 1874/1874/1874 1939/1939/1939 1940/1940/1940
f 1876/1876/1876 1875/1875/1875 1941/1941/1941
f 1875/1875/1875 1940/1940/1940 1941/1941/1941
f 1877/1877/1877 1876/1876/1876 1942/1942/1942
f 1876/1876/1876 1941/1941/1941 1942/1942/1942
f 1878/1878/1878 1877/1877/1877 1943/1943/1943
f 1877/1877/1877 1942/1942/1942 1943/1943/1943
f 1879/1879/1879 1878/1878/1878 1944/1944/1944
f 1878/1878/1878 1943/1943/1943 1944/1944/1944
f 1880/1880/1880 1879/1879/1879 1945/1945/1945
f 1879/1879/1879 1944/1944/1944 1945/1945/1945
f 1881/1881/1881 1880/1880/1880 1946/1946/1946
f 1880/1880/1880 1945/1945/1945 1946/1946/1946
f 1882/1882/1882 1881/1881/1881 1947/1947/1947
f 1881/1881/1881 1946/1946/1946 1947/1947/1947
f 1883/1883/1883 1882/1882/1882 1948/1948/1948
f 1882/1882/1882 1947/1947/1947 1948/1948/1948
f 1884/1884/1884 1883/1883/1883 1949/1949/1949
f 1883/1883/1883 1948/1948/1948 1949/1949/1949
f 1885/1885/1885 1884/1884/1884 1950/1950/1950
f 1884/1884/1884 1949/1949/1949 1950/1950/1950
f 1887/1887/1887 1886/1886/1886 1952/1952/1952
f 1886/1886/1886 1951/1951/1951 1952/1952/1952
f 1888/1888/1888 1887/1887/1887 1953/1953/1953
f 1887/1887/1887 1952/1952/1952 1953/1953/1953
f 1889/1889/1889 1888/1888/1888 1954/1954/1954
f 1888/1888/1888 1953/1953/1953 1954/1954/1954
f 1890/1890/1890 1889/1889/1889 1955/1955/1955
f 1889/1889/1889 1954/1954/1954 1955/1955/1955
f 1891/1891/1891 1890/1890/1890 1956/1956/1956
f 1890/1890/1890 1955/1955/1955 1956/1956/1956
f 1892/1892/1892 1891/1891/1891 1957/1957/1957
f 1891/1891/1891 1956/1956/1956 1957/1957/1957
f 1893/1893/1893 1892/1892/1892 1958/1958/1958
f 1892/1892/1892 1957/1957/1957 1958/1958/1958
f 1894/1894/1894 1893/1893/1893 1959/1959/1959
f 1893/1893/1893 1958/1958/1958 1959/1959/1959
f 1895/1895/1895 1894/1894/1894 1960/1960/1960
f 1894/1894/1894 1959/1959/1959 1960/1960/1960
f 1896/1896/1896 1895/1895/1895 1961/1961/1961
f 1895/1895/1895 1960/1960/1960 1961/1961/1961
f 1897/1897/1897 1896/1896/1896 1962/1962/1962
f 1896/1896/1896 1961/1961/1961 1962/1962/1962
f 1898/1898/1898 1897/1897/1897 1963/1963/1963
f 1897/1897/1897 1962/1962/1962 1963/1963/1963
f 1899/1899/1899 1898/1898/1898 1964/1964/1964
f 1898/1898/1898 1963/1963/1963 1964/1964/1964
f 1900/1900/1900 1899/1899/1899 1965/1965/1965
f 1899/1899/1899 1964/1964/1964 1965/1965/1965
f 1901/1901/1901 1900/1900/1900 1966/1966/1966
f 1900/1900/1900 1965/1965/1965 1966/1966/1966
f 1902/1902/1902 1901/1901/1901 1967/1967/1967
f 1901/1901/1901 1966/1966/1966 1967/1967/1967
f 1903/1903/1903 1902/1902/1902 1968/1968/1968
f 1902/1902/1902 1967/1967/1967 1968/1968/1968
f 1904/1904/1904 1903/1903/1903 1969/1969/1969
f 1903/1903/1903 1968/1968/1968 1969/1969/1969
f 1905/1905/1905 1904/1904/1904 1970/1970/1970
f 1904/1904/1904 1969/1969/1969 1970/1970/1970
f 1906/1906/1906 1905/1905/1905 1971/1971/1971
f 1905/1905/1905 1970/1970/1970 1971/1971/1971
f 1907/1907/1907 1906/1906/1906 1972/1972/1972
f 1906/1906/1906 1971/1971/1971 1972/1972/1972
f 1908/1908/1908 1907/1907/1907 1973/1973/1973
f 1907/1907/1907 1972/1972/1972 1973/1973/1973
f 1909/1909/1909 1908/1908/1908 1974/1974/1974
f 1908/1908/1908 1973/1973/1973 1974/1974/1974
f 1910/1910/1910 1909/1909/1909 1975/1975/1975
f 1909/1909/1909 1974/1974/1974 1975/1975/1975
f 1911/1911/1911 1910/1910/1910 1976/1976/1976
f 1910/1910/1910 1975/1975/1975 1976/1976/1976
f 1912/1912/1912 1911/1911/1911 1977/1977/1977
f 1911/1911/1911 1976/1976/1976 1977/1977/1977
f 1913/1913/1913 1912/1912/1912 1978/1978/1978
f 1912/1912/1912 1977/1977/1977 1978/1978/1978
f 1914/1914/1914 1913/1913/1913 1979/1979/1979
f 1913/1913/1913 1978/1978/1978 1979/1979/1979
f 1915/1915/1915 1914/1914/1914 1980/1980/1980
f 1914/1914/1914 1979/1979/1979 1980/1980/1980
f 1916/1916/1916 1915/1915/1915 1981/1981/1981
f 1915/1915/1915 1980/1980/1980 1981/1981/1981
f 1917/1917/1917 1916/1916/1916 1982/1982/1982
f 1916/1916/1916 1981/1981/1981 1982/1982/1982
f 1918/1918/1918 1917/1917/1917 1983/1983/1983
f 1917/1917/1917 1982/1982/1982 1983/1983/1983
f 1919/1919/1919 1918/1918/1918 1984/1984/1984
f 1918/1918/1918 1983/1983/1983 1984/1984/1984
f 1920/1920/1920 1919/1919/1919 1985/1985/1985
f 1919/1919/1919 1984/1984/1984 1985/1985/1985
f 1921/1921/1921 1920/1920/1920 1986/1986/1986
f 1920/1920/1920 1985/1985/1985 1986/1986/1986
f 1922/1922/1922 1921/1921/1921 1987/1987/1987
f 1921/1921/1921 1986/1986/1986 1987/1987/1987
f 1923/1923/1923 1922/1922/1922 1988/1988/1988
f 1922/1922/1922 1987/1987/1987 1988/1988/1988
f 1924/1924/1924 1923/1923/1923 1989/1989/1989
f 1923/1923/1923 1988/1988/1988 1989/1989/1989
f 1925/1925/1925 1924/1924/1924 1990/1990/1990
f 1924/1924/1924 1989/1989/1989 1990/1990/1990
f 1926/1926/1926 1925/1925/1925 1991/1991/1991
f 1925/1925/1925 1990/1990/1990 1991/1991/1991
f 1927/1927/1927 1926/1926/1926 1992/1992/1992
f 1926/1926/1926 1991/1991/1991 1992/1992/1992
f 1928/1928/1928 1927/1927/1927 1993/1993/1993
f 1927/1927/1927 1992/1992/1992 1993/1993/1993
f 1929/1929/1929 1928/1928/1928 1994/1994/1994
f 1928/1928/1928 1993/1993/1993 1994/1994/1994
f 1930/1930/1930 1929/1929/1929 1995/1995/1995
f 1929/1929/1929 1994/1994/1994 1995/1995/1995
f 1931/1931/1931 1930/1930/1930 1996/1996/1996
f 1930/1930/1930 1995/1995/1995 1996/1996/1996
f 1932/1932/1932 1931/1931/1931 1997/1997/1997
f 1931/1931/1931 1996/1996/1996 1997/1997/1997
f 1933/1933/1933 1932/1932/1932 1998/1998/1998
f 1932/1932/1932 1997/1997/1997 1998/1998/1998
f 1934/1934/1934 1933/1933/1933 1999/1999/1999
f 1933/1933/1933 1998/1998/1998 1999/1999/1999
f 1935/1935/1935 1934/1934/1934 2000/2000/2000
f 1934/1934/1934 1999/1999/1999 2000/2000/2000
f 1936/1936/1936 1935/1935/1935 2001/2001/2001
f 1935/1935/1935 2000/2000/2000 2001/2001/2001
f 1937/1937/1937 1936/1936/1936 2002/2002/2002
f 1936/1936/1936 2001/2001/2001 2002/2002/2002
f 1938/1938/1938 1937/1937/1937 2003/2003/2003
f 1937/1937/1937 2002/2002/2002 2003/2003/2003
f 1939/1939/1939 1938/1938/1938 2004/2004/2004
f 1938/1938/1938 2003/2003/2003 2004/2004/2004
f 1940/1940/1940 1939/1939/1939 2005/2005/2005
f 1939/1939/1939 2004/2004/2004 2005/2005/2005
f 1941/1941/1941 1940/1940/1940 2006/2006/2006
f 1940/1940/1940 2005/2005/2005 2006/2006/2006
f 1942/1942/1942 1941/1941/1941 2007/2007/2007
f 1941/1941/1941 2006/2006/2006 2007/2007/2007
f 1943/1943/1943 1942/1942/1942 2008/2008/2008
f 1942/1942/1942 2007/2007/2007 2008/2008/2008
f 1944/1944/1944 1943/1943/1943 2009/2009/2009
f 1943/1943/1943 2008/2008/2008 2009/2009/2009
f 1945/1945/1945 1944/1944/1944 2010/2010/2010
f 1944/1944/1944 2009/2009/2009 2010/2010/2010
f 1946/1946/1946 1945/1945/1945 2011/2011/2011
f 1945/1945/1945 2010/2010/2010 2011/2011/2011
f 1947/1947/1947 1946/1946/1946 2012/2012/2012
f 1946/1946/1946 2011/2011/2011 2012/2012/2012
f 1948/1948/1948 1947/1947/1947 2013/2013/2013
f 1947/1947/1947 2012/2012/2012 2013/2013/2013
f 1949/1949/1949 1948/1948/1948 2014/2014/2014
f 1948/1948/1948 2013/2013/2013 2014/2014/2014
f 1950/1950/1950 1949/1949/1949 2015/2015/2015
f 1949/1949/1949 2014/2014/2014 2015/2015/2015
f 1952/1952/1952 1951/1951/1951 2017/2017/2017
f 1951/1951/1951 2016/2016/2016 2017/2017/2017
f 1953/1953/1953 1952/1952/1952 2018/2018/2018
f 1952/1952/1952 2017/2017/2017 2018/2018/2018
f 1954/1954/1954 1953/1953/1953 2019/2019/2019
f 1953/1953/1953 2018/2018/2018 2019/2019/2019
f 1955/1955/1955 1954/1954/1954 2020/2020/2020
f 1954/1954/1954 2019/2019/2019 2020/2020/2020
f 1956/1956/1956 1955/1955/1955 2021/2021/2021
f 1955/1955/1955 2020/2020/2020 2021/2021/2021
f 1957/1957/1957 1956/1956/1956 2022/2022/2022
f 1956/1956/1956 2021/2021/2021 2022/2022/2022
f 1958/1958/1958 1957/1957/1957 2023/2023/2023
f 1957/1957/1957 2022/2022/2022 2023/2023/2023
f 1959/1959/1959 1958/1958/1958 2024/2024/2024
f 1958/1958/1958 2023/2023/2023 2024/2024/2024
f 1960/1960/1960 1959/1959/1959 2025/2025/2025
f 1959/1959/1959 2024/2024/2024 2025/2025/2025
f 1961/1961/1961 1960/1960/1960 2026/2026/2026
f 1960/1960/1960 2025/2025/2025 2026/2026/2026
f 1962/1962/1962 1961/1961/1961 2027/2027/2027
f 1961/1961/1961 2026/2026/2026 2027/2027/2027
f 1963/1963/1963 1962/1962/1962 2028/2028/2028
f 1962/1962/1962 2027/2027/2027 2028/2028/2028
f 1964/1964/1964 1963/1963/1963 2029/2029/2029
f 1963/1963/1963 2028/2028/2028 2029/2029/2029
f 1965/1965/1965 1964/1964/1964 2030/2030/2030
f 1964/1964/1964 2029/2029/2029 2030/2030/2030
f 1966/1966/1966 1965/1965/1965 2031/2031/2031
f 1965/1965/1965 2030/2030/2030 2031/2031/2031
f 1967/1967/1967 1966/1966/1966 2032/2032/2032
f 1966/1966/1966 2031/2031/2031 2032/2032/2032
f 1968/1968/1968 1967/1967/1967 2033/2033/2033
f 1967/1967/1967 2032/2032/2032 2033/2033/2033
f 1969/1969/1969 1968/1968/1968 2034/2034/2034
f 1968/1968/1968 2033/2033/2033 2034/2034/2034
f 1970/1970/1970 1969/1969/1969 2035/2035/2035
f 1969/1969/1969 2034/2034/2034 2035/2035/2035
f 1971/1971/1971 1970/1970/1970 2036/2036/2036
f 1970/1970/1970 2035/2035/2035 2036/2036/2036
f 1972/1972/1972 1971/1971/1971 2037/2037/2037
f 1971/1971/1971 2036/2036/2036 2037/2037/2037
f 1973/1973/1973 1972/1972/1972 2038/2038/2038
f 1972/1972/1972 2037/2037/2037 2038/2038/2038
f 1974/1974/1974 1973/1973/1973 2039/2039/2039
f 1973/1973/1973 2038/2038/2038 2039/2039/2039
f 1975/1975/1975 1974/1974/1974 2040/2040/2040
f 1974/1974/1974 2039/2039/2039 2040/2040/2040
f 1976/1976/1976 1975/1975/1975 2041/2041/2041
f 1975/1975/1975 2040/2040/2040 2041/2041/2041
f 1977/1977/1977 1976/1976/1976 2042/2042/2042
f 1976/1976/1976 2041/2041/2041 2042/2042/2042
f 1978/1978/1978 1977/1977/1977 2043/2043/2043
f 1977/1977/1977 2042/2042/2042 2043/2043/2043
f 1979/1979/1979 1978/1978/1978 2044/2044/2044
f 1978/1978/1978 2043/2043/2043 2044/2044/2044
f 1980/1980/1980 1979/1979/1979 2045/2045/2045
f 1979/1979/1979 2044/2044/2044 2045/2045/2045
f 1981/1981/1981 1980/1980/1980 2046/2046/2046
f 1980/1980/1980 2045/2045/2045 2046/2046/2046
f 1982/1982/1982 1981/1981/1981 2047/2047/2047
f 1981/1981/1981 2046/2046/2046 2047/2047/2047
f 1983/1983/1983 1982/1982/1982 2048/2048/2048
f 1982/1982/1982 2047/2047/2047 2048/2048/2048
f 1984/1984/1984 1983/1983/1983 2049/2049/2049
f 1983/1983/1983 2048/2048/2048 2049/2049/2049
f 1985/1985/1985 1984/1984/1984 2050/2050/2050
f 1984/1984/1984 2049/2049/2049 2050/2050/2050
f 1986/1986/1986 1985/1985/1985 2051/2051/2051
f 1985/1985/1985 2050/2050/2050 2051/2051/2051
f 1987/1987/1987 1986/1986/1986 2052/2052/2052
f 1986/1986/1986 2051/2051/2051 2052/2052/2052
f 1988/1988/1988 1987/1987/1987 2053/2053/2053
f 1987/1987/1987 2052/2052/2052 2053/2053/2053
f 1989/1989/1989 1988/1988/1988 2054/2054/2054
f 1988/1988/1988 2053/2053/2053 2054/2054/2054
f 1990/1990/1990 1989/1989/1989 2055/2055/2055
f 1989/1989/1989 2054/2054/2054 2055/2055/2055
f 1991/1991/1991 1990/1990/1990 2056/2056/2056
f 1990/1990/1990 2055/2055/2055 2056/2056/2056
f 1992/1992/1992 1991/1991/1991 2057/2057/2057
f 1991/1991/1991 2056/2056/2056 2057/2057/2057
f 1993/1993/1993 1992/1992/1992 2058/2058/2058
f 1992/1992/1992 2057/2057/2057 2058/2058/2058
f 1994/1994/1994 1993/1993/1993 2059/2059/2059
f 1993/1993/1993 2058/2058/2058 2059/2059/2059
f 1995/1995/1995 1994/1994/1994 2060/2060/2060
f 1994/1994/1994 2059/2059/2059 2060/2060/2060
f 1996/1996/1996 1995/1995/1995 2061/2061/2061
f 1995/1995/1995 2060/2060/2060 2061/2061/2061
f 1997/1997/1997 1996/1996/1996 2062/2062/2062
f 1996/1996/1996 2061/2061/2061 2062/2062/2062
f 1998/1998/1998 1997/1997/1997 2063/2063/2063
f 1997/1997/1997 2062/2062/2062 2063/2063/2063
f 1999/1999/1999 1998/1998/1998 2064/2064/2064
f 1998/1998/1998 2063/2063/2063 2064/2064/2064
f 2000/2000/2000 1999/1999/1999 2065/2065/2065
f 1999/1999/1999 2064/2064/2064 2065/2065/2065
f 2001/2001/2001 2000/2000/2000 2066/2066/2066
f 2000/2000/2000 2065/2065/2065 2066/2066/2066
f 2002/2002/2002 2001/2001/2001 2067/2067/2067
f 2001/2001/2001 2066/2066/2066 2067/2067/2067
f 2003/2003/2003 2002/2002/2002 2068/2068/2068
f 2002/2002/2002 2067/2067/2067 2068/2068/2068
f 2004/2004/2004 2003/2003/2003 2069/2069/2069
f 2003/2003/2003 2068/2068/2068 2069/2069/2069
f 2005/2005/2005 2004/2004/2004 2070/2070/2070
f 2004/2004/2004 2069/2069/2069 2070/2070/2070
f 2006/2006/2006 2005/2005/2005 2071/2071/2071
f 2005/2005/2005 2070/2070/2070 2071/2071/2071
f 2007/2007/2007 2006/2006/2006 2072/2072/2072
f 2006/2006/2006 2071/2071/2071 2072/2072/2072
f 2008/2008/2008 2007/2007/2007 2073/2073/2073
f 2007/2007/2007 2072/2072/2072 2073/2073/2073
f 2009/2009/2009 2008/2008/2008 2074/2074/2074
f 2008/2008/2008 2073/2073/2073 2074/2074/2074
f 2010/2010/2010 2009/2009/2009 2075/2075/2075
f 2009/2009/2009 2074/2074/2074 2075/2075/2075
f 2011/2011/2011 2010/2010/2010 2076/2076/2076
f 2010/2010/2010 2075/2075/2075 2076/2076/2076
f 2012/2012/2012 2011/2011/2011 2077/2077/2077
f 2011/2011/2011 2076/2076/2076 2077/2077/2077
f 2013/2013/2013 2012/2012/2012 2078/2078/2078
f 2012/2012/2012 2077/2077/2077 2078/2078/2078
f 2014/2014/2014 2013/2013/2013 2079/2079/2079
f 2013/2013/2013 2078/2078/2078 2079/2079/2079
f 2015/2015/2015 2014/2014/2014 2080/2080/2080
f 2014/2014/2014 2079/2079/2079 2080/2080/2080
f 2017/2017/2017 2016/2016/2016 2082/2082/2082
f 2016/2016/2016 2081/2081/2081 2082/2082/2082
f 2018/2018/2018 2017/2017/2017 2083/2083/2083
f 2017/2017/2017 2082/2082/2082 2083/2083/2083
f 2019/2019/2019 2018/2018/2018 2084/2084/2084
f 2018/2018/2018 2083/2083/2083 2084/2084/2084
f 2020/2020/2020 2019/2019/2019 2085/2085/2085
f 2019/2019/2019 2084/2084/2084 2085/2085/2085
f 2021/2021/2021 2020/2020/2020 2086/2086/2086
f 2020/2020/2020 2085/2085/2085 2086/2086/2086
f 2022/2022/2022 2021/2021/2021 2087/2087/2087
f 2021/2021/2021 2086/2086/2086 2087/2087/2087
f 2023/2023/2023 2022/2022/2022 2088/2088/2088
f 2022/2022/2022 2087/2087/2087 2088/2088/2088
f 2024/2024/2024 2023/2023/2023 2089/2089/2089
f 2023/2023/2023 2088/2088/2088 2089/2089/2089
f 2025/2025/2025 2024/2024/2024 2090/2090/2090
f 2024/2024/2024 2089/2089/2089 2090/2090/2090
f 2026/2026/2026 2025/2025/2025 2091/2091/2091
f 2025/2025/2025 2090/2090/2090 2091/2091/2091
f 2027/2027/2027 2026/2026/2026 2092/2092/2092
f 2026/2026/2026 2091/2091/2091 2092/2092/2092
f 2028/2028/2028 2027/2027/2027 2093/2093/2093
f 2027/2027/2027 2092/2092/2092 2093/2093/2093
f 2029/2029/2029 2028/2028/2028 2094/2094/2094
f 2028/2028/2028 2093/2093/2093 2094/2094/2094
f 2030/2030/2030 2029/2029/2029 2095/2095/2095
f 2029/2029/2029 2094/2094/2094 2095/2095/2095
f 2031/2031/2031 2030/2030/2030 2096/2096/2096
f 2030/2030/2030 2095/2095/2095 2096/2096/2096
f 2032/2032/2032 2031/2031/2031 2097/2097/2097
f 2031/2031/2031 2096/2096/2096 2097/2097/2097
f 2033/2033/2033 2032/2032/2032 2098/2098/2098
f 2032/2032/2032 2097/2097/2097 2098/2098/2098
f 2034/2034/2034 2033/2033/2033 2099/2099/2099
f 2033/2033/2033 2098/2098/2098 2099/2099/2099
f 2035/2035/2035 2034/2034/2034 2100/2100/2100
f 2034/2034/2034 2099/2099/2099 2100/2100/2100
f 2036/2036/2036 2035/2035/2035 2101/2101/2101
f 2035/2035/2035 2100/2100/2100 2101/2101/2101
f 2037/2037/2037 2036/2036/2036 2102/2102/2102
f 2036/2036/2036 2101/2101/2101 2102/2102/2102
f 2038/2038/2038 2037/2037/2037 2103/2103/2103
f 2037/2037/2037 2102/2102/2102 2103/2103/2103
f 2039/2039/2039 2038/2038/2038 2104/2104/2104
f 2038/2038/2038 2103/2103/2103 2104/2104/2104
f 2040/2040/2040 2039/2039/2039 2105/2105/2105
f 2039/2039/2039 2104/2104/2104 2105/2105/2105
f 2041/2041/2041 2040/2040/2040 2106/2106/2106
f 2040/2040/2040 2105/2105/2105 2106/2106/2106
f 2042/2042/2042 2041/2041/2041 2107/2107/2107
f 2041/2041/2041 2106/2106/2106 2107/2107/2107
f 2043/2043/2043 2042/2042/2042 2108/2108/2108
f 2042/2042/2042 2107/2107/2107 2108/2108/2108
f 2044/2044/2044 2043/2043/2043 2109/2109/2109
f 2043/2043/2043 2108/2108/2108 2109/2109/2109
f 2045/2045/2045 2044/2044/2044 2110/2110/2110
f 2044/2044/2044 2109/2109/2109 2110/2110/2110
f 2046/2046/2046 2045/2045/2045 2111/2111/2111
f 2045/2045/2045 2110/2110/2110 2111/2111/2111
f 2047/2047/2047 2046/2046/2046 2112/2112/2112
f 2046/2046/2046 2111/2111/2111 2112/2112/2112
f 2048/2048/2048 2047/2047/2047 2113/2113/2113
f 2047/2047/2047 2112/2112/2112 2113/2113/2113
f 2049/2049/2049 2048/2048/2048 2114/2114/2114
f 2048/2048/2048 2113/2113/2113 2114/2114/2114
f 2050/2050/2050 2049/2049/2049 2115/2115/2115
f 2049/2049/2049 2114/2114/2114 2115/2115/2115
f 2051/2051/2051 2050/2050/2050 2116/2116/2116
f 2050/2050/2050 2115/2115/2115 2116/2116/2116
f 2052/2052/2052 2051/2051/2051 2117/2117/2117
f 2051/2051/2051 2116/2116/2116 2117/2117/2117
f 2053/2053/2053 2052/2052/2052 2118/2118/2118
f 2052/2052/2052 2117/2117/2117 2118/2118/2118
f 2054/2054/2054 2053/2053/2053 2119/2119/2119
f 2053/2053/2053 2118/2118/2118 2119/2119/2119
f 2055/2055/2055 2054/2054/2054 2120/2120/2120
f 2054/2054/2054 2119/2119/2119 2120/2120/2120
f 2056/2056/2056 2055/2055/2055 2121/2121/2121
f 2055/2055/2055 2120/2120/2120 2121/2121/2121
f 2057/2057/2057 2056/2056/2056 2122/2122/2122
f 2056/2056/2056 2121/2121/2121 2122/2122/2122
f 2058/2058/2058 2057/2057/2057 2123/2123/2123
f 2057/2057/2057 2122/2122/2122 2123/2123/2123
f 2059/2059/2059 2058/2058/2058 2124/2124/2124
f 2058/2058/2058 2123/2123/2123 2124/2124/2124
f 2060/2060/2060 2059/2059/2059 2125/2125/2125
f 2059/2059/2059 2124/2124/2124 2125/2125/2125
f 2061/2061/2061 2060/2060/2060 2126/2126/2126
f 2060/2060/2060 2125/2125/2125 2126/2126/2126
f 2062/2062/2062 2061/2061/2061 2127/2127/2127
f 2061/2061/2061 2126/2126/2126 2127/2127/2127
f 2063/2063/2063 2062/2062/2062 2128/2128/2128
f 2062/2062/2062 2127/2127/2127 2128/2128/2128
f 2064/2064/2064 2063/2063/2063 2129/2129/2129
f 2063/2063/2063 2128/2128/2128 2129/2129/2129
f 2065/2065/2065 2064/2064/2064 2130/2130/2130
f 2064/2064/2064 2129/2129/2129 2130/2130/2130
f 2066/2066/2066 2065/2065/2065 2131/2131/2131
f 2065/2065/2065 2130/2130/2130 2131/2131/2131
f 2067/2067/2067 2066/2066/2066 2132/2132/2132
f 2066/2066/2066 2131/2131/2131 2132/2132/2132
f 2068/2068/2068 2067/2067/2067 2133/2133/2133
f 2067/2067/2067 2132/2132/2132 2133/2133/2133
f 2069/2069/2069 2068/2068/2068 2134/2134/2134
f 2068/2068/2068 2133/2133/2133 2134/2134/2134
f 2070/2070/2070 2069/2069/2069 2135/2135/2135
f 2069/2069/2069 2134/2134/2134 2135/2135/2135
f 2071/2071/2071 2070/2070/2070 2136/2136/2136
f 2070/2070/2070 2135/2135/2135 2136/2136/2136
f 2072/2072/2072 2071/2071/2071 2137/2137/2137
f 2071/2071/2071 2136/2136/2136 2137/2137/2137
f 2073/2073/2073 2072/2072/2072 2138/2138/2138
f 2072/2072/2072 2137/2137/2137 2138/2138/2138
f 2074/2074/2074 2073/2073/2073 2139/2139/2139
f 2073/2073/2073 2138/2138/2138 2139/2139/2139
f 2075/2075/2075 2074/2074/2074 2140/2140/2140
f 2074/2074/2074 2139/2139/2139 2140/2140/2140
f 2076/2076/2076 2075/2075/2075 2141/2141/2141
f 2075/2075/2075 2140/2140/2140 2141/2141/2141
f 2077/2077/2077 2076/2076/2076 2142/2142/2142
f 2076/2076/2076 2141/2141/2141 2142/2142/2142
f 2078/2078/2078 2077/2077/2077 2143/2143/2143
f 2077/2077/2077 2142/2142/2142 2143/2143/2143
f 2079/2079/2079 2078/2078/2078 2144/2144/2144
f 2078/2078/2078 2143/2143/2143 2144/2144/2144
f 2080/2080/2080 2079/2079/2079 2145/2145/2145
f 2079/2079/2079 2144/2144/2144 2145/2145/2145
f 2082/2082/2082 2081/2081/2081 2147/2147/2147
f 2081/2081/2081 2146/2146/2146 2147/2147/2147
f 2083/2083/2083 2082/2082/2082 2148/2148/2148
f 2082/2082/2082 2147/2147/2147 2148/2148/2148
f 2084/2084/2084 2083/2083/2083 2149/2149/2149
f 2083/2083/2083 2148/2148/2148 2149/2149/2149
f 2085/2085/2085 2084/2084/2084 2150/2150/2150
f 2084/2084/2084 2149/2149/2149 2150/2150/2150
f 2086/2086/2086 2085/2085/2085 2151/2151/2151
f 2085/2085/2085 2150/2150/2150 2151/2151/2151
f 2087/2087/2087 2086/2086/2086 2152/2152/2152
f 2086/2086/2086 2151/2151/2151 2152/2152/2152
f 2088/2088/2088 2087/2087/2087 2153/2153/2153
f 2087/2087/2087 2152/2152/2152 2153/2153/2153
f 2089/2089/2089 2088/2088/2088 2154/2154/2154
f 2088/2088/2088 2153/2153/2153 2154/2154/2154
f 2090/2090/2090 2089/2089/2089 2155/2155/2155
f 2089/2089/2089 2154/2154/2154 2155/2155/2155
f 2091/2091/2091 2090/2090/2090 2156/2156/2156
f 2090/2090/2090 2155/2155/2155 2156/2156/2156
f 2092/2092/2092 2091/2091/2091 2157/2157/2157
f 2091/2091/2091 2156/2156/2156 2157/2157/2157
f 2093/2093/2093 2092/2092/2092 2158/2158/2158
f 2092/2092/2092 2157/2157/2157 2158/2158/2158
f 2094/2094/2094 2093/2093/2093 2159/2159/2159
f 2093/2093/2093 2158/2158/2158 2159/2159/2159
f 2095/2095/2095 2094/2094/2094 2160/2160/2160
f 2094/2094/2094 2159/2159/2159 2160/2160/2160
f 2096/2096/2096 2095/2095/2095 2161/2161/2161
f 2095/2095/2095 2160/2160/2160 2161/2161/2161
f 2097/2097/2097 2096/2096/2096 2162/2162/2162
f 2096/2096/2096 2161/2161/2161 2162/2162/2162
f 2098/2098/2098 2097/2097/2097 2163/2163/2163
f 2097/2097/2097 2162/2162/2162 2163/2163/2163
f 2099/2099/2099 2098/2098/2098 2164/2164/2164
f 2098/2098/2098 2163/2163/2163 2164/2164/2164
f 2100/2100/2100 2099/2099/2099 2165/2165/2165
f 2099/2099/2099 2164/2164/2164 2165/2165/2165
f 2101/2101/2101 2100/2100/2100 2166/2166/2166
f 2100/2100/2100 2165/2165/2165 2166/2166/2166
f 2102/2102/2102 2101/2101/2101 2167/2167/2167
f 2101/2101/2101 2166/2166/2166 2167/2167/2167
f 2103/2103/2103 2102/2102/2102 2168/2168/2168
f 2102/2102/2102 2167/2167/2167 2168/2168/2168
f 2104/2104/2104 2103/2103/2103 2169/2169/2169
f 2103/2103/2103 2168/2168/2168 2169/2169/2169
f 2105/2105/2105 2104/2104/2104 2170/2170/2170
f 2104/2104/2104 2169/2169/2169 2170/2170/2170
f 2106/2106/2106 2105/2105/2105 2171/2171/2171
f 2105/2105/2105 2170/2170/2170 2171/2171/2171
f 2107/2107/2107 2106/2106/2106 2172/2172/2172
f 2106/2106/2106 2171/2171/2171 2172/2172/2172
f 2108/2108/2108 2107/2107/2107 2173/2173/2173
f 2107/2107/2107 2172/2172/2172 2173/2173/2173
f 2109/2109/2109 2108/2108/2108 2174/2174/2174
f 2108/2108/2108 2173/2173/2173 2174/2174/2174
f 2110/2110/2110 2109/2109/2109 2175/2175/2175
f 2109/2109/2109 2174/2174/2174 2175/2175/2175
f 2111/2111/2111 2110/2110/2110 2176/2176/2176
f 2110/2110/2110 2175/2175/2175 2176/2176/2176
f 2112/2112/2112 2111/2111/2111 2177/2177/2177
f 2111/2111/2111 2176/2176/2176 2177/2177/2177
f 2113/2113/2113 2112/2112/2112 2178/2178/2178
f 2112/2112/2112 2177/2177/2177 2178/2178/2178
f 2114/2114/2114 2113/2113/2113 2179/2179/2179
f 2113/2113/2113 2178/2178/2178 2179/2179/2179
f 2115/2115/2115 2114/2114/2114 2180/2180/2180
f 2114/2114/2114 2179/2179/2179 2180/2180/2180
f 2116/2116/2116 2115/2115/2115 2181/2181/2181
f 2115/2115/2115 2180/2180/2180 2181/2181/2181
f 2117/2117/2117 2116/2116/2116 2182/2182/2182
f 2116/2116/2116 2181/2181/2181 2182/2182/2182
f 2118/2118/2118 2117/2117/2117 2183/2183/2183
f 2117/2117/2117 2182/2182/2182 2183/2183/2183
f 2119/2119/2119 2118/2118/2118 2184/2184/2184
f 2118/2118/2118 2183/2183/2183 2184/2184/2184
f 2120/2120/2120 2119/2119/2119 2185/2185/2185
f 2119/2119/2119 2184/2184/2184 2185/2185/2185
f 2121/2121/2121 2120/2120/2120 2186/2186/2186
f 2120/2120/2120 2185/2185/2185 2186/2186/2186
f 2122/2122/2122 2121/2121/2121 2187/2187/2187
f 2121/2121/2121 2186/2186/2186 2187/2187/2187
f 2123/2123/2123 2122/2122/2122 2188/2188/2188
f 2122/2122/2122 2187/2187/2187 2188/2188/2188
f 2124/2124/2124 2123/2123/2123 2189/2189/2189
f 2123/2123/2123 2188/2188/2188 2189/2189/2189
f 2125/2125/2125 2124/2124/2124 2190/2190/2190
f 2124/2124/2124 2189/2189/2189 2190/2190/2190
f 2126/2126/2126 2125/2125/2125 2191/2191/2191
f 2125/2125/2125 2190/2190/2190 2191/2191/2191
f 2127/2127/2127 2126/2126/2126 2192/2192/2192
f 2126/2126/2126 2191/2191/2191 2192/2192/2192
f 2128/2128/2128 2127/2127/2127 2193/2193/2193
f 2127/2127/2127 2192/2192/2192 2193/2193/2193
f 2129/2129/2129 2128/2128/2128 2194/2194/2194
f 2128/2128/2128 2193/2193/2193 2194/2194/2194
f 2130/2130/2130 2129/2129/2129 2195/2195/2195
f 2129/2129/2129 2194/2194/2194 2195/2195/2195
f 2131/2131/2131 2130/2130/2130 2196/2196/2196
f 2130/2130/2130 2195/2195/2195 2196/2196/2196
f 2132/2132/2132 2131/2131/2131 2197/2197/2197
f 2131/2131/2131 2196/2196/2196 2197/2197/2197
f 2133/2133/2133 2132/2132/2132 2198/2198/2198
f 2132/2132/2132 2197/2197/2197 2198/2198/2198
f 2134/2134/2134 2133/2133/2133 2199/2199/2199
f 2133/2133/2133 2198/2198/2198 2199/2199/2199
f 2135/2135/2135 2134/2134/2134 2200/2200/2200
f 2134/2134/2134 2199/2199/2199 2200/2200/2200
f 2136/2136/2136 2135/2135/2135 2201/2201/2201
f 2135/2135/2135 2200/2200/2200 2201/2201/2201
f 2137/2137/2137 2136/2136/2136 2202/2202/2202
f 2136/2136/2136 2201/2201/2201 2202/2202/2202
f 2138/2138/2138 2137/2137/2137 2203/2203/2203
f 2137/2137/2137 2202/2202/2202 2203/2203/2203
f 2139/2139/2139 2138/2138/2138 2204/2204/2204
f 2138/2138/2138 2203/2203/2203 2204/2204/2204
f 2140/2140/2140 2139/2139/2139 2205/2205/2205
f 2139/2139/2139 2204/2204/2204 2205/2205/2205
f 2141/2141/2141 2140/2140/2140 2206/2206/2206
f 2140/2140/2140 2205/2205/2205 2206/2206/2206
f 2142/2142/2142 2141/2141/2141 2207/2207/2207
f 2141/2141/2141 2206/2206/2206 2207/2207/2207
f 2143/2143/2143 2142/2142/2142 2208/2208/2208
f 2142/2142/2142 2207/2207/2207 2208/2208/2208
f 2144/2144/2144 2143/2143/2143 2209/2209/2209
f 2143/2143/2143 2208/2208/2208 2209/2209/2209
f 2145/2145/2145 2144/2144/2144 2210/2210/2210
f 2144/2144/2144 2209/2209/2209 2210/2210/2210
f 2147/2147/2147 2146/2146/2146 2212/2212/2212
f 2146/2146/2146 2211/2211/2211 2212/2212/2212
f 2148/2148/2148 2147/2147/2147 2213/2213/2213
f 2147/2147/2147 2212/2212/2212 2213/2213/2213
f 2149/2149/2149 2148/2148/2148 2214/2214/2214
f 2148/2148/2148 2213/2213/2213 2214/2214/2214
f 2150/2150/2150 2149/2149/2149 2215/2215/2215
f 2149/2149/2149 2214/2214/2214 2215/2215/2215
f 2151/2151/2151 2150/2150/2150 2216/2216/2216
f 2150/2150/2150 2215/2215/2215 2216/2216/2216
f 2152/2152/2152 2151/2151/2151 2217/2217/2217
f 2151/2151/2151 2216/2216/2216 2217/2217/2217
f 2153/2153/2153 2152/2152/2152 2218/2218/2218
f 2152/2152/2152 2217/2217/2217 2218/2218/2218
f 2154/2154/2154 2153/2153/2153 2219/2219/2219
f 2153/2153/2153 2218/2218/2218 2219/2219/2219
f 2155/2155/2155 2154/2154/2154 2220/2220/2220
f 2154/2154/2154 2219/2219/2219 2220/2220/2220
f 2156/2156/2156 2155/2155/2155 2221/2221/2221
f 2155/2155/2155 2220/2220/2220 2221/2221/2221
f 2157/2157/2157 2156/2156/2156 2222/2222/2222
f 2156/2156/2156 2221/2221/2221 2222/2222/2222
f 2158/2158/2158 2157/2157/2157 2223/2223/2223
f 2157/2157/2157 2222/2222/2222 2223/2223/2223
f 2159/2159/2159 2158/2158/2158 2224/2224/2224
f 2158/2158/2158 2223/2223/2223 2224/2224/2224
f 2160/2160/2160 2159/2159/2159 2225/2225/2225
f 2159/2159/2159 2224/2224/2224 2225/2225/2225
f 2161/2161/2161 2160/2160/2160 2226/2226/2226
f 2160/2160/2160 2225/2225/2225 2226/2226/2226
f 2162/2162/2162 2161/2161/2161 2227/2227/2227
f 2161/2161/2161 2226/2226/2226 2227/2227/2227
f 2163/2163/2163 2162/2162/2162 2228/2228/2228
f 2162/2162/2162 2227/2227/2227 2228/2228/2228
f 2164/2164/2164 2163/2163/2163 2229/2229/2229
f 2163/2163/2163 2228/2228/2228 2229/2229/2229
f 2165/2165/2165 2164/2164/2164 2230/2230/2230
f 2164/2164/2164 2229/2229/2229 2230/2230/2230
f 2166/2166/2166 2165/2165/2165 2231/2231/2231
f 2165/2165/2165 2230/2230/2230 2231/2231/2231
f 2167/2167/2167 2166/2166/2166 2232/2232/2232
f 2166/2166/2166 2231/2231/2231 2232/2232/2232
f 2168/2168/2168 2167/2167/2167 2233/2233/2233
f 2167/2167/2167 2232/2232/2232 2233/2233/2233
f 2169/2169/2169 2168/2168/2168 2234/2234/2234
f 2168/2168/2168 2233/2233/2233 2234/2234/2234
f 2170/2170/2170 2169/2169/2169 2235/2235/2235
f 2169/2169/2169 2234/2234/2234 2235/2235/2235
f 2171/2171/2171 2170/2170/2170 2236/2236/2236
f 2170/2170/2170 2235/2235/2235 2236/2236/2236
f 2172/2172/2172 2171/2171/2171 2237/2237/2237
f 2171/2171/2171 2236/2236/2236 2237/2237/2237
f 2173/2173/2173 2172/2172/2172 2238/2238/2238
f 2172/2172/2172 2237/2237/2237 2238/2238/2238
f 2174/2174/2174 2173/2173/2173 2239/2239/2239
f 2173/2173/2173 2238/2238/2238 2239/2239/2239
f 2175/2175/2175 2174/2174/2174 2240/2240/2240
f 2174/2174/2174 2239/2239/2239 2240/2240/2240
f 2176/2176/2176 2175/2175/2175 2241/2241/2241
f 2175/2175/2175 2240/2240/2240 2241/2241/2241
f 2177/2177/2177 2176/2176/2176 2242/2242/2242
f 2176/2176/2176 2241/2241/2241 2242/2242/2242
f 2178/2178/2178 2177/2177/2177 2243/2243/2243
f 2177/2177/2177 2242/2242/2242 2243/2243/2243
f 2179/2179/2179 2178/2178/2178 2244/2244/2244
f 2178/2178/2178 2243/2243/2243 2244/2244/2244
f 2180/2180/2180 2179/2179/2179 2245/2245/2245
f 2179/2179/2179 2244/2244/2244 2245/2245/2245
f 2181/2181/2181 2180/2180/2180 2246/2246/2246
f 2180/2180/2180 2245/2245/2245 2246/2246/2246
f 2182/2182/2182 2181/2181/2181 2247/2247/2247
f 2181/2181/2181 2246/2246/2246 2247/2247/2247
f 2183/2183/2183 2182/2182/2182 2248/2248/2248
f 2182/2182/2182 2247/2247/2247 2248/2248/2248
f 2184/2184/2184 2183/2183/2183 2249/2249/2249
f 2183/2183/2183 2248/2248/2248 2249/2249/2249
f 2185/2185/2185 2184/2184/2184 2250/2250/2250
f 2184/2184/2184 2249/2249/2249 2250/2250/2250
f 2186/2186/2186 2185/2185/2185 2251/2251/2251
f 2185/2185/2185 2250/2250/2250 2251/2251/2251
f 2187/2187/2187 2186/2186/2186 2252/2252/2252
f 2186/2186/2186 2251/2251/2251 2252/2252/2252
f 2188/2188/2188 2187/2187/2187 2253/2253/2253
f 2187/2187/2187 2252/2252/2252 2253/2253/2253
f 2189/2189/2189 2188/2188/2188 2254/2254/2254
f 2188/2188/2188 2253/2253/2253 2254/2254/2254
f 2190/2190/2190 2189/2189/2189 2255/2255/2255
f 2189/2189/2189 2254/2254/2254 2255/2255/2255
f 2191/2191/2191 2190/2190/2190 2256/2256/2256
f 2190/2190/2190 2255/2255/2255 2256/2256/2256
f 2192/2192/2192 2191/2191/2191 2257/2257/2257
f 2191/2191/2191 2256/2256/2256 2257/2257/2257
f 2193/2193/2193 2192/2192/2192 2258/2258/2258
f 2192/2192/2192 2257/2257/2257 2258/2258/2258
f 2194/2194/2194 2193/2193/2193 2259/2259/2259
f 2193/2193/2193 2258/2258/2258 2259/2259/2259
f 2195/2195/2195 2194/2194/2194 2260/2260/2260
f 2194/2194/2194 2259/2259/2259 2260/2260/2260
f 2196/2196/2196 2195/2195/2195 2261/2261/2261
f 2195/2195/2195 2260/2260/2260 2261/2261/2261
f 2197/2197/2197 2196/2196/2196 2262/2262/2262
f 2196/2196/2196 2261/2261/2261 2262/2262/2262
f 2198/2198/2198 2197/2197/2197 2263/2263/2263
f 2197/2197/2197 2262/2262/2262 2263/2263/2263
f 2199/2199/2199 2198/2198/2198 2264/2264/2264
f 2198/2198/2198 2263/2263/2263 2264/2264/2264
f 2200/2200/2200 2199/2199/2199 2265/2265/2265
f 2199/2199/2199 2264/2264/2264 2265/2265/2265
f 2201/2201/2201 2200/2200/2200 2266/2266/2266
f 2200/2200/2200 2265/2265/2265 2266/2266/2266
f 2202/2202/2202 2201/2201/2201 2267/2267/2267
f 2201/2201/2201 2266/2266/2266 2267/2267/2267
f 2203/2203/2203 2202/2202/2202 2268/2268/2268
f 2202/2202/2202 2267/2267/2267 2268/2268/2268
f 2204/2204/2204 2203/2203/2203 2269/2269/2269
f 2203/2203/2203 2268/2268/2268 2269/2269/2269
f 2205/2205/2205 2204/2204/2204 2270/2270/2270
f 2204/2204/2204 2269/2269/2269 2270/2270/2270
f 2206/2206/2206 2205/2205/2205 2271/2271/2271
f 2205/2205/2205 2270/2270/2270 2271/2271/2271
f 2207/2207/2207 2206/2206/2206 2272/2272/2272
f 2206/2206/2206 2271/2271/2271 2272/2272/2272
f 2208/2208/2208 2207/2207/2207 2273/2273/2273
f 2207/2207/2207 2272/2272/2272 2273/2273/2273
f 2209/2209/2209 2208/2208/2208 2274/2274/2274
f 2208/2208/2208 2273/2273/2273 2274/2274/2274
f 2210/2210/2210 2209/2209/2209 2275/2275/2275
f 2209/2209/2209 2274/2274/2274 2275/2275/2275
f 2212/2212/2212 2211/2211/2211 2277/2277/2277
f 2211/2211/2211 2276/2276/2276 2277/2277/2277
f 2213/2213/2213 2212/2212/2212 2278/2278/2278
f 2212/2212/2212 2277/2277/2277 2278/2278/2278
f 2214/2214/2214 2213/2213/2213 2279/2279/2279
f 2213/2213/2213 2278/2278/2278 2279/2279/2279
f 2215/2215/2215 2214/2214/2214 2280/2280/2280
f 2214/2214/2214 2279/2279/2279 2280/2280/2280
f 2216/2216/2216 2215/2215/2215 2281/2281/2281
f 2215/2215/2215 2280/2280/2280 2281/2281/2281
f 2217/2217/2217 2216/2216/2216 2282/2282/2282
f 2216/2216/2216 2281/2281/2281 2282/2282/2282
f 2218/2218/2218 2217/2217/2217 2283/2283/2283
f 2217/2217/2217 2282/2282/2282 2283/2283/2283
f 2219/2219/2219 2218/2218/2218 2284/2284/2284
f 2218/2218/2218 2283/2283/2283 2284/2284/2284
f 2220/2220/2220 2219/2219/2219 2285/2285/2285
f 2219/2219/2219 2284/2284/2284 2285/2285/2285
f 2221/2221/2221 2220/2220/2220 2286/2286/2286
f 2220/2220/2220 2285/2285/2285 2286/2286/2286
f 2222/2222/2222 2221/2221/2221 2287/2287/2287
f 2221/2221/2221 2286/2286/2286 2287/2287/2287
f 2223/2223/2223 2222/2222/2222 2288/2288/2288
f 2222/2222/2222 2287/2287/2287 2288/2288/2288
f 2224/2224/2224 2223/2223/2223 2289/2289/2289
f 2223/2223/2223 2288/2288/2288 2289/2289/2289
f 2225/2225/2225 2224/2224/2224 2290/2290/2290
f 2224/2224/2224 2289/2289/2289 2290/2290/2290
f 2226/2226/2226 2225/2225/2225 2291/2291/2291
f 2225/2225/2225 2290/2290/2290 2291/2291/2291
f 2227/2227/2227 2226/2226/2226 2292/2292/2292
f 2226/2226/2226 2291/2291/2291 2292/2292/2292
f 2228/2228/2228 2227/2227/2227 2293/2293/2293
f 2227/2227/2227 2292/2292/2292 2293/2293/2293
f 2229/2229/2229 2228/2228/2228 2294/2294/2294
f 2228/2228/2228 2293/2293/2293 2294/2294/2294
f 2230/2230/2230 2229/2229/2229 2295/2295/2295
f 2229/2229/2229 2294/2294/2294 2295/2295/2295
f 2231/2231/2231 2230/2230/2230 2296/2296/2296
f 2230/2230/2230 2295/2295/2295 2296/2296/2296
f 2232/2232/2232 2231/2231/2231 2297/2297/2297
f 2231/2231/2231 2296/2296/2296 2297/2297/2297
f 2233/2233/2233 2232/2232/2232 2298/2298/2298
f 2232/2232/2232 2297/2297/2297 2298/2298/2298
f 2234/2234/2234 2233/2233/2233 2299/2299/2299
f 2233/2233/2233 2298/2298/2298 2299/2299/2299
f 2235/2235/2235 2234/2234/2234 2300/2300/2300
f 2234/2234/2234 2299/2299/2299 2300/2300/2300
f 2236/2236/2236 2235/2235/2235 2301/2301/2301
f 2235/2235/2235 2300/2300/2300 2301/2301/2301
f 2237/2237/2237 2236/2236/2236 2302/2302/2302
f 2236/2236/2236 2301/2301/2301 2302/2302/2302
f 2238/2238/2238 2237/2237/2237 2303/2303/2303
f 2237/2237/2237 2302/2302/2302 2303/2303/2303
f 2239/2239/2239 2238/2238/2238 2304/2304/2304
f 2238/2238/2238 2303/2303/2303 2304/2304/2304
f 2240/2240/2240 2239/2239/2239 2305/2305/2305
f 2239/2239/2239 2304/2304/2304 2305/2305/2305
f 2241/2241/2241 2240/2240/2240 2306/2306/2306
f 2240/2240/2240 2305/2305/2305 2306/2306/2306
f 2242/2242/2242 2241/2241/2241 2307/2307/2307
f 2241/2241/2241 2306/2306/2306 2307/2307/2307
f 2243/2243/2243 2242/2242/2242 2308/2308/2308
f 2242/2242/2242 2307/2307/2307 2308/2308/2308
f 2244/2244/2244 2243/2243/2243 2309/2309/2309
f 2243/2243/2243 2308/2308/2308 2309/2309/2309
f 2245/2245/2245 2244/2244/2244 2310/2310/2310
f 2244/2244/2244 2309/2309/2309 2310/2310/2310
f 2246/2246/2246 2245/2245/2245 2311/2311/2311
f 2245/2245/2245 2310/2310/2310 2311/2311/2311
f 2247/2247/2247 2246/2246/2246 2312/2312/2312
f 2246/2246/2246 2311/2311/2311 2312/2312/2312
f 2248/2248/2248 2247/2247/2247 2313/2313/2313
f 2247/2247/2247 2312/2312/2312 2313/2313/2313
f 2249/2249/2249 2248/2248/2248 2314/2314/2314
f 2248/2248/2248 2313/2313/2313 2314/2314/2314
f 2250/2250/2250 2249/2249/2249 2315/2315/2315
f 2249/2249/2249 2314/2314/2314 2315/2315/2315
f 2251/2251/2251 2250/2250/2250 2316/2316/2316
f 2250/2250/2250 2315/2315/2315 2316/2316/2316
f 2252/2252/2252 2251/2251/2251 2317/2317/2317
f 2251/2251/2251 2316/2316/2316 2317/2317/2317
f 2253/2253/2253 2252/2252/2252 2318/2318/2318
f 2252/2252/2252 2317/2317/2317 2318/2318/2318
f 2254/2254/2254 2253/2253/2253 2319/2319/2319
f 2253/2253/2253 2318/2318/2318 2319/2319/2319
f 2255/2255/2255 2254/2254/2254 2320/2320/2320
f 2254/2254/2254 2319/2319/2319 2320/2320/2320
f 2256/2256/2256 2255/2255/2255 2321/2321/2321
f 2255/2255/2255 2320/2320/2320 2321/2321/2321
f 2257/2257/2257 2256/2256/2256 2322/2322/2322
f 2256/2256/2256 2321/2321/2321 2322/2322/2322
f 2258/2258/2258 2257/2257/2257 2323/2323/2323
f 2257/2257/2257 2322/2322/2322 2323/2323/2323
f 2259/2259/2259 2258/2258/2258 2324/2324/2324
f 2258/2258/2258 2323/2323/2323 2324/2324/2324
f 2260/2260/2260 2259/2259/2259 2325/2325/2325
f 2259/2259/2259 2324/2324/2324 2325/2325/2325
f 2261/2261/2261 2260/2260/2260 2326/2326/2326
f 2260/2260/2260 2325/2325/2325 2326/2326/2326
f 2262/2262/2262 2261/2261/2261 2327/2327/2327
f 2261/2261/2261 2326/2326/2326 2327/2327/2327
f 2263/2263/2263 2262/2262/2262 2328/2328/2328
f 2262/2262/2262 2327/2327/2327 2328/2328/2328
f 2264/2264/2264 2263/2263/2263 2329/2329/2329
f 2263/2263/2263 2328/2328/2328 2329/2329/2329
f 2265/2265/2265 2264/2264/2264 2330/2330/2330
f 2264/2264/2264 2329/2329/2329 2330/2330/2330
f 2266/2266/2266 2265/2265/2265 2331/2331/2331
f 2265/2265/2265 2330/2330/2330 2331/2331/2331
f 2267/2267/2267 2266/2266/2266 2332/2332/2332
f 2266/2266/2266 2331/2331/2331 2332/2332/2332
f 2268/2268/2268 2267/2267/2267 2333/2333/2333
f 2267/2267/2267 2332/2332/2332 2333/2333/2333
f 2269/2269/2269 2268/2268/2268 2334/2334/2334
f 2268/2268/2268 2333/2333/2333 2334/2334/2334
f 2270/2270/2270 2269/2269/2269 2335/2335/2335
f 2269/2269/2269 2334/2334/2334 2335/2335/2335
f 2271/2271/2271 2270/2270/2270 2336/2336/2336
f 2270/2270/2270 2335/2335/2335 2336/2336/2336
f 2272/2272/2272 2271/2271/2271 2337/2337/2337
f 2271/2271/2271 2336/2336/2336 2337/2337/2337
f 2273/2273/2273 2272/2272/2272 2338/2338/2338
f 2272/2272/2272 2337/2337/2337 2338/2338/2338
f 2274/2274/2274 2273/2273/2273 2339/2339/2339
f 2273/2273/2273 2338/2338/2338 2339/2339/2339
f 2275/2275/2275 2274/2274/2274 2340/2340/2340
f 2274/2274/2274 2339/2339/2339 2340/2340/2340
f 2277/2277/2277 2276/2276/2276 2342/2342/2342
f 2276/2276/2276 2341/2341/2341 2342/2342/2342
f 2278/2278/2278 2277/2277/2277 2343/2343/2343
f 2277/2277/2277 2342/2342/2342 2343/2343/2343
f 2279/2279/2279 2278/2278/2278 2344/2344/2344
f 2278/2278/2278 2343/2343/2343 2344/2344/2344
f 2280/2280/2280 2279/2279/2279 2345/2345/2345
f 2279/2279/2279 2344/2344/2344 2345/2345/2345
f 2281/2281/2281 2280/2280/2280 2346/2346/2346
f 2280/2280/2280 2345/2345/2345 2346/2346/2346
f 2282/2282/2282 2281/2281/2281 2347/2347/2347
f 2281/2281/2281 2346/2346/2346 2347/2347/2347
f 2283/2283/2283 2282/2282/2282 2348/2348/2348
f 2282/2282/2282 2347/2347/2347 2348/2348/2348
f 2284/2284/2284 2283/2283/2283 2349/2349/2349
f 2283/2283/2283 2348/2348/2348 2349/2349/2349
f 2285/2285/2285 2284/2284/2284 2350/2350/2350
f 2284/2284/2284 2349/2349/2349 2350/2350/2350
f 2286/2286/2286 2285/2285/2285 2351/2351/2351
f 2285/2285/2285 2350/2350/2350 2351/2351/2351
f 2287/2287/2287 2286/2286/2286 2352/2352/2352
f 2286/2286/2286 2351/2351/2351 2352/2352/2352
f 2288/2288/2288 2287/2287/2287 2353/2353/2353
f 2287/2287/2287 2352/2352/2352 2353/2353/2353
f 2289/2289/2289 2288/2288/2288 2354/2354/2354
f 2288/2288/2288 2353/2353/2353 2354/2354/2354
f 2290/2290/2290 2289/2289/2289 2355/2355/2355
f 2289/2289/2289 2354/2354/2354 2355/2355/2355
f 2291/2291/2291 2290/2290/2290 2356/2356/2356
f 2290/2290/2290 2355/2355/2355 2356/2356/2356
f 2292/2292/2292 2291/2291/2291 2357/2357/2357
f 2291/2291/2291 2356/2356/2356 2357/2357/2357
f 2293/2293/2293 2292/2292/2292 2358/2358/2358
f 2292/2292/2292 2357/2357/2357 2358/2358/2358
f 2294/2294/2294 2293/2293/2293 2359/2359/2359
f 2293/2293/2293 2358/2358/2358 2359/2359/2359
f 2295/2295/2295 2294/2294/2294 2360/2360/2360
f 2294/2294/2294 2359/2359/2359 2360/2360/2360
f 2296/2296/2296 2295/2295/2295 2361/2361/2361
f 2295/2295/2295 2360/2360/2360 2361/2361/2361
f 2297/2297/2297 2296/2296/2296 2362/2362/2362
f 2296/2296/2296 2361/2361/2361 2362/2362/2362
f 2298/2298/2298 2297/2297/2297 2363/2363/2363
f 2297/2297/2297 2362/2362/2362 2363/2363/2363
f 2299/2299/2299 2298/2298/2298 2364/2364/2364
f 2298/2298/2298 2363/2363/2363 2364/2364/2364
f 2300/2300/2300 2299/2299/2299 2365/2365/2365
f 2299/2299/2299 2364/2364/2364 2365/2365/2365
f 2301/2301/2301 2300/2300/2300 2366/2366/2366
f 2300/2300/2300 2365/2365/2365 2366/2366/2366
f 2302/2302/2302 2301/2301/2301 2367/2367/2367
f 2301/2301/2301 2366/2366/2366 2367/2367/2367
f 2303/2303/2303 2302/2302/2302 2368/2368/2368
f 2302/2302/2302 2367/2367/2367 2368/2368/2368
f 2304/2304/2304 2303/2303/2303 2369/2369/2369
f 2303/2303/2303 2368/2368/2368 2369/2369/2369
f 2305/2305/2305 2304/2304/2304 2370/2370/2370
f 2304/2304/2304 2369/2369/2369 2370/2370/2370
f 2306/2306/2306 2305/2305/2305 2371/2371/2371
f 2305/2305/2305 2370/2370/2370 2371/2371/2371
f 2307/2307/2307 2306/2306/2306 2372/2372/2372
f 2306/2306/2306 2371/2371/2371 2372/2372/2372
f 2308/2308/2308 2307/2307/2307 2373/2373/2373
f 2307/2307/2307 2372/2372/2372 2373/2373/2373
f 2309/2309/2309 2308/2308/2308 2374/2374/2374
f 2308/2308/2308 2373/2373/2373 2374/2374/2374
f 2310/2310/2310 2309/2309/2309 2375/2375/2375
f 2309/2309/2309 2374/2374/2374 2375/2375/2375
f 2311/2311/2311 2310/2310/2310 2376/2376/2376
f 2310/2310/2310 2375/2375/2375 2376/2376/2376
f 2312/2312/2312 2311/2311/2311 2377/2377/2377
f 2311/2311/2311 2376/2376/2376 2377/2377/2377
f 2313/2313/2313 2312/2312/2312 2378/2378/2378
f 2312/2312/2312 2377/2377/2377 2378/2378/2378
f 2314/2314/2314 2313/2313/2313 2379/2379/2379
f 2313/2313/2313 2378/2378/2378 2379/2379/2379
f 2315/2315/2315 2314/2314/2314 2380/2380/2380
f 2314/2314/2314 2379/2379/2379 2380/2380/2380
f 2316/2316/2316 2315/2315/2315 2381/2381/2381
f 2315/2315/2315 2380/2380/2380 2381/2381/2381
f 2317/2317/2317 2316/2316/2316 2382/2382/2382
f 2316/2316/2316 2381/2381/2381 2382/2382/2382
f 2318/2318/2318 2317/2317/2317 2383/2383/2383
f 2317/2317/2317 2382/2382/2382 2383/2383/2383
f 2319/2319/2319 2318/2318/2318 2384/2384/2384
f 2318/2318/2318 2383/2383/2383 2384/2384/2384
f 2320/2320/2320 2319/2319/2319 2385/2385/2385
f 2319/2319/2319 2384/2384/2384 2385/2385/2385
f 2321/2321/2321 2320/2320/2320 2386/2386/2386
f 2320/2320/2320 2385/2385/2385 2386/2386/2386
f 2322/2322/2322 2321/2321/2321 2387/2387/2387
f 2321/2321/2321 2386/2386/2386 2387/2387/2387
f 2323/2323/2323 2322/2322/2322 2388/2388/2388
f 2322/2322/2322 2387/2387/2387 2388/2388/2388
f 2324/2324/2324 2323/2323/2323 2389/2389/2389
f 2323/2323/2323 2388/2388/2388 2389/2389/2389
f 2325/2325/2325 2324/2324/2324 2390/2390/2390
f 2324/2324/2324 2389/2389/2389 2390/2390/2390
f 2326/2326/2326 2325/2325/2325 2391/2391/2391
f 2325/2325/2325 2390/2390/2390 2391/2391/2391
f 2327/2327/2327 2326/2326/2326 2392/2392/2392
f 2326/2326/2326 2391/2391/2391 2392/2392/2392
f 2328/2328/2328 2327/2327/2327 2393/2393/2393
f 2327/2327/2327 2392/2392/2392 2393/2393/2393
f 2329/2329/2329 2328/2328/2328 2394/2394/2394
f 2328/2328/2328 2393/2393/2393 2394/2394/2394
f 2330/2330/2330 2329/2329/2329 2395/2395/2395
f 2329/2329/2329 2394/2394/2394 2395/2395/2395
f 2331/2331/2331 2330/2330/2330 2396/2396/2396
f 2330/2330/2330 2395/2395/2395 2396/2396/2396
f 2332/2332/2332 2331/2331/2331 2397/2397/2397
f 2331/2331/2331 2396/2396/2396 2397/2397/2397
f 2333/2333/2333 2332/2332/2332 2398/2398/2398
f 2332/2332/2332 2397/2397/2397 2398/2398/2398
f 2334/2334/2334 2333/2333/2333 2399/2399/2399
f 2333/2333/2333 2398/2398/2398 2399/2399/2399
f 2335/2335/2335 2334/2334/2334 2400/2400/2400
f 2334/2334/2334 2399/2399/2399 2400/2400/2400
f 2336/2336/2336 2335/2335/2335 2401/2401/2401
f 2335/2335/2335 2400/2400/2400 2401/2401/2401
f 2337/2337/2337 2336/2336/2336 2402/2402/2402
f 2336/2336/2336 2401/2401/2401 2402/2402/2402
f 2338/2338/2338 2337/2337/2337 2403/2403/2403
f 2337/2337/2337 2402/2402/2402 2403/2403/2403
f 2339/2339/2339 2338/2338/2338 2404/2404/2404
f 2338/2338/2338 2403/2403/2403 2404/2404/2404
f 2340/2340/2340 2339/2339/2339 2405/2405/2405
f 2339/2339/2339 2404/2404/2404 2405/2405/2405
f 2342/2342/2342 2341/2341/2341 2407/2407/2407
f 2341/2341/2341 2406/2406/2406 2407/2407/2407
f 2343/2343/2343 2342/2342/2342 2408/2408/2408
f 2342/2342/2342 2407/2407/2407 2408/2408/2408
f 2344/2344/2344 2343/2343/2343 2409/2409/2409
f 2343/2343/2343 2408/2408/2408 2409/2409/2409
f 2345/2345/2345 2344/2344/2344 2410/2410/2410
f 2344/2344/2344 2409/2409/2409 2410/2410/2410
f 2346/2346/2346 2345/2345/2345 2411/2411/2411
f 2345/2345/2345 2410/2410/2410 2411/2411/2411
f 2347/2347/2347 2346/2346/2346 2412/2412/2412
f 2346/2346/2346 2411/2411/2411 2412/2412/2412
f 2348/2348/2348 2347/2347/2347 2413/2413/2413
f 2347/2347/2347 2412/2412/2412 2413/2413/2413
f 2349/2349/2349 2348/2348/2348 2414/2414/2414
f 2348/2348/2348 2413/2413/2413 2414/2414/2414
f 2350/2350/2350 2349/2349/2349 2415/2415/2415
f 2349/2349/2349 2414/2414/2414 2415/2415/2415
f 2351/2351/2351 2350/2350/2350 2416/2416/2416
f 2350/2350/2350 2415/2415/2415 2416/2416/2416
f 2352/2352/2352 2351/2351/2351 2417/2417/2417
f 2351/2351/2351 2416/2416/2416 2417/2417/2417
f 2353/2353/2353 2352/2352/2352 2418/2418/2418
f 2352/2352/2352 2417/2417/2417 2418/2418/2418
f 2354/2354/2354 2353/2353/2353 2419/2419/2419
f 2353/2353/2353 2418/2418/2418 2419/2419/2419
f 2355/2355/2355 2354/2354/2354 2420/2420/2420
f 2354/2354/2354 2419/2419/2419 2420/2420/2420
f 2356/2356/2356 2355/2355/2355 2421/2421/2421
f 2355/2355/2355 2420/2420/2420 2421/2421/2421
f 2357/2357/2357 2356/2356/2356 2422/2422/2422
f 2356/2356/2356 2421/2421/2421 2422/2422/2422
f 2358/2358/2358 2357/2357/2357 2423/2423/2423
f 2357/2357/2357 2422/2422/2422 2423/2423/2423
f 2359/2359/2359 2358/2358/2358 2424/2424/2424
f 2358/2358/2358 2423/2423/2423 2424/2424/2424
f 2360/2360/2360 2359/2359/2359 2425/2425/2425
f 2359/2359/2359 2424/2424/2424 2425/2425/2425
f 2361/2361/2361 2360/2360/2360 2426/2426/2426
f 2360/2360/2360 2425/2425/2425 2426/2426/2426
f 2362/2362/2362 2361/2361/2361 2427/2427/2427
f 2361/2361/2361 2426/2426/2426 2427/2427/2427
f 2363/2363/2363 2362/2362/2362 2428/2428/2428
f 2362/2362/2362 2427/2427/2427 2428/2428/2428
f 2364/2364/2364 2363/2363/2363 2429/2429/2429
f 2363/2363/2363 2428/2428/2428 2429/2429/2429
f 2365/2365/2365 2364/2364/2364 2430/2430/2430
f 2364/2364/2364 2429/2429/2429 2430/2430/2430
f 2366/2366/2366 2365/2365/2365 2431/2431/2431
f 2365/2365/2365 2430/2430/2430 2431/2431/2431
f 2367/2367/2367 2366/2366/2366 2432/2432/2432
f 2366/2366/2366 2431/2431/2431 2432/2432/2432
f 2368/2368/2368 2367/2367/2367 2433/2433/2433
f 2367/2367/2367 2432/2432/2432 2433/2433/2433
f 2369/2369/2369 2368/2368/2368 2434/2434/2434
f 2368/2368/2368 2433/2433/2433 2434/2434/2434
f 2370/2370/2370 2369/2369/2369 2435/2435/2435
f 2369/2369/2369 2434/2434/2434 2435/2435/2435
f 2371/2371/2371 2370/2370/2370 2436/2436/2436
f 2370/2370/2370 2435/2435/2435 2436/2436/2436
f 2372/2372/2372 2371/2371/2371 2437/2437/2437
f 2371/2371/2371 2436/2436/2436 2437/2437/2437
f 2373/2373/2373 2372/2372/2372 2438/2438/2438
f 2372/2372/2372 2437/2437/2437 2438/2438/2438
f 2374/2374/2374 2373/2373/2373 2439/2439/2439
f 2373/2373/2373 2438/2438/2438 2439/2439/2439
f 2375/2375/2375 2374/2374/2374 2440/2440/2440
f 2374/2374/2374 2439/2439/2439 2440/2440/2440
f 2376/2376/2376 2375/2375/2375 2441/2441/2441
f 2375/2375/2375 2440/2440/2440 2441/2441/2441
f 2377/2377/2377 2376/2376/2376 2442/2442/2442
f 2376/2376/2376 2441/2441/2441 2442/2442/2442
f 2378/2378/2378 2377/2377/2377 2443/2443/2443
f 2377/2377/2377 2442/2442/2442 2443/2443/2443
f 2379/2379/2379 2378/2378/2378 2444/2444/2444
f 2378/2378/2378 2443/2443/2443 2444/2444/2444
f 2380/2380/2380 2379/2379/2379 2445/2445/2445
f 2379/2379/2379 2444/2444/2444 2445/2445/2445
f 2381/2381/2381 2380/2380/2380 2446/2446/2446
f 2380/2380/2380 2445/2445/2445 2446/2446/2446
f 2382/2382/2382 2381/2381/2381 2447/2447/2447
f 2381/2381/2381 2446/2446/2446 2447/2447/2447
f 2383/2383/2383 2382/2382/2382 2448/2448/2448
f 2382/2382/2382 2447/2447/2447 2448/2448/2448
f 2384/2384/2384 2383/2383/2383 2449/2449/2449
f 2383/2383/2383 2448/2448/2448 2449/2449/2449
f 2385/2385/2385 2384/2384/2384 2450/2450/2450
f 2384/2384/2384 2449/2449/2449 2450/2450/2450
f 2386/2386/2386 2385/2385/2385 2451/2451/2451
f 2385/2385/2385 2450/2450/2450 2451/2451/2451
f 2387/2387/2387 2386/2386/2386 2452/2452/2452
f 2386/2386/2386 2451/2451/2451 2452/2452/2452
f 2388/2388/2388 2387/2387/2387 2453/2453/2453
f 2387/2387/2387 2452/2452/2452 2453/2453/2453
f 2389/2389/2389 2388/2388/2388 2454/2454/2454
f 2388/2388/2388 2453/2453/2453 2454/2454/2454
f 2390/2390/2390 2389/2389/2389 2455/2455/2455
f 2389/2389/2389 2454/2454/2454 2455/2455/2455
f 2391/2391/2391 2390/2390/2390 2456/2456/2456
f 2390/2390/2390 2455/2455/2455 2456/2456/2456
f 2392/2392/2392 2391/2391/2391 2457/2457/2457
f 2391/2391/2391 2456/2456/2456 2457/2457/2457
f 2393/2393/2393 2392/2392/2392 2458/2458/2458
f 2392/2392/2392 2457/2457/2457 2458/2458/2458
f 2394/2394/2394 2393/2393/2393 2459/2459/2459
f 2393/2393/2393 2458/2458/2458 2459/2459/2459
f 2395/2395/2395 2394/2394/2394 2460/2460/2460
f 2394/2394/2394 2459/2459/2459 2460/2460/2460
f 2396/2396/2396 2395/2395/2395 2461/2461/2461
f 2395/2395/2395 2460/2460/2460 2461/2461/2461
f 2397/2397/2397 2396/2396/2396 2462/2462/2462
f 2396/2396/2396 2461/2461/2461 2462/2462/2462
f 2398/2398/2398 2397/2397/2397 2463/2463/2463
f 2397/2397/2397 2462/2462/2462 2463/2463/2463
f 2399/2399/2399 2398/2398/2398 2464/2464/2464
f 2398/2398/2398 2463/2463/2463 2464/2464/2464
f 2400/2400/2400 2399/2399/2399 2465/2465/2465
f 2399/2399/2399 2464/2464/2464 2465/2465/2465
f 2401/2401/2401 2400/2400/2400 2466/2466/2466
f 2400/2400/2400 2465/2465/2465 2466/2466/2466
f 2402/2402/2402 2401/2401/2401 2467/2467/2467
f 2401/2401/2401 2466/2466/2466 2467/2467/2467
f 2403/2403/2403 2402/2402/2402 2468/2468/2468
f 2402/2402/2402 2467/2467/2467 2468/2468/2468
f 2404/2404/2404 2403/2403/2403 2469/2469/2469
f 2403/2403/2403 2468/2468/2468 2469/2469/2469
f 2405/2405/2405 2404/2404/2404 2470/2470/2470
f 2404/2404/2404 2469/2469/2469 2470/2470/2470
f 2407/2407/2407 2406/2406/2406 2472/2472/2472
f 2406/2406/2406 2471/2471/2471 2472/2472/2472
f 2408/2408/2408 2407/2407/2407 2473/2473/2473
f 2407/2407/2407 2472/2472/2472 2473/2473/2473
f 2409/2409/2409 2408/2408/2408 2474/2474/2474
f 2408/2408/2408 2473/2473/2473 2474/2474/2474
f 2410/2410/2410 2409/2409/2409 2475/2475/2475
f 2409/2409/2409 2474/2474/2474 2475/2475/2475
f 2411/2411/2411 2410/2410/2410 2476/2476/2476
f 2410/2410/2410 2475/2475/2475 2476/2476/2476
f 2412/2412/2412 2411/2411/2411 2477/2477/2477
f 2411/2411/2411 2476/2476/2476 2477/2477/2477
f 2413/2413/2413 2412/2412/2412 2478/2478/2478
f 2412/2412/2412 2477/2477/2477 2478/2478/2478
f 2414/2414/2414 2413/2413/2413 2479/2479/2479
f 2413/2413/2413 2478/2478/2478 2479/2479/2479
f 2415/2415/2415 2414/2414/2414 2480/2480/2480
f 2414/2414/2414 2479/2479/2479 2480/2480/2480
f 2416/2416/2416 2415/2415/2415 2481/2481/2481
f 2415/2415/2415 2480/2480/2480 2481/2481/2481
f 2417/2417/2417 2416/2416/2416 2482/2482/2482
f 2416/2416/2416 2481/2481/2481 2482/2482/2482
f 2418/2418/2418 2417/2417/2417 2483/2483/2483
f 2417/2417/2417 2482/2482/2482 2483/2483/2483
f 2419/2419/2419 2418/2418/2418 2484/2484/2484
f 2418/2418/2418 2483/2483/2483 2484/2484/2484
f 2420/2420/2420 2419/2419/2419 2485/2485/2485
f 2419/2419/2419 2484/2484/2484 2485/2485/2485
f 2421/2421/2421 2420/2420/2420 2486/2486/2486
f 2420/2420/2420 2485/2485/2485 2486/2486/2486
f 2422/2422/2422 2421/2421/2421 2487/2487/2487
f 2421/2421/2421 2486/2486/2486 2487/2487/2487
f 2423/2423/2423 2422/2422/2422 2488/2488/2488
f 2422/2422/2422 2487/2487/2487 2488/2488/2488
f 2424/2424/2424 2423/2423/2423 2489/2489/2489
f 2423/2423/2423 2488/2488/2488 2489/2489/2489
f 2425/2425/2425 2424/2424/2424 2490/2490/2490
f 2424/2424/2424 2489/2489/2489 2490/2490/2490
f 2426/2426/2426 2425/2425/2425 2491/2491/2491
f 2425/2425/2425 2490/2490/2490 2491/2491/2491
f 2427/2427/2427 2426/2426/2426 2492/2492/2492
f 2426/2426/2426 2491/2491/2491 2492/2492/2492
f 2428/2428/2428 2427/2427/2427 2493/2493/2493
f 2427/2427/2427 2492/2492/2492 2493/2493/2493
f 2429/2429/2429 2428/2428/2428 2494/2494/2494
f 2428/2428/2428 2493/2493/2493 2494/2494/2494
f 2430/2430/2430 2429/2429/2429 2495/2495/2495
f 2429/2429/2429 2494/2494/2494 2495/2495/2495
f 2431/2431/2431 2430/2430/2430 2496/2496/2496
f 2430/2430/2430 2495/2495/2495 2496/2496/2496
f 2432/2432/2432 2431/2431/2431 2497/2497/2497
f 2431/2431/2431 2496/2496/2496 2497/2497/2497
f 2433/2433/2433 2432/2432/2432 2498/2498/2498
f 2432/2432/2432 2497/2497/2497 2498/2498/2498
f 2434/2434/2434 2433/2433/2433 2499/2499/2499
f 2433/2433/2433 2498/2498/2498 2499/2499/2499
f 2435/2435/2435 2434/2434/2434 2500/2500/2500
f 2434/2434/2434 2499/2499/2499 2500/2500/2500
f 2436/2436/2436 2435/2435/2435 2501/2501/2501
f 2435/2435/2435 2500/2500/2500 2501/2501/2501
f 2437/2437/2437 2436/2436/2436 2502/2502/2502
f 2436/2436/2436 2501/2501/2501 2502/2502/2502
f 2438/2438/2438 2437/2437/2437 2503/2503/2503
f 2437/2437/2437 2502/2502/2502 2503/2503/2503
f 2439/2439/2439 2438/2438/2438 2504/2504/2504
f 2438/2438/2438 2503/2503/2503 2504/2504/2504
f 2440/2440/2440 2439/2439/2439 2505/2505/2505
f 2439/2439/2439 2504/2504/2504 2505/2505/2505
f 2441/2441/2441 2440/2440/2440 2506/2506/2506
f 2440/2440/2440 2505/2505/2505 2506/2506/2506
f 2442/2442/2442 2441/2441/2441 2507/2507/2507
f 2441/2441/2441 2506/2506/2506 2507/2507/2507
f 2443/2443/2443 2442/2442/2442 2508/2508/2508
f 2442/2442/2442 2507/2507/2507 2508/2508/2508
f 2444/2444/2444 2443/2443/2443 2509/2509/2509
f 2443/2443/2443 2508/2508/2508 2509/2509/2509
f 2445/2445/2445 2444/2444/2444 2510/2510/2510
f 2444/2444/2444 2509/2509/2509 2510/2510/2510
f 2446/2446/2446 2445/2445/2445 2511/2511/2511
f 2445/2445/2445 2510/2510/2510 2511/2511/2511
f 2447/2447/2447 2446/2446/2446 2512/2512/2512
f 2446/2446/2446 2511/2511/2511 2512/2512/2512
f 2448/2448/2448 2447/2447/2447 2513/2513/2513
f 2447/2447/2447 2512/2512/2512 2513/2513/2513
f 2449/2449/2449 2448/2448/2448 2514/2514/2514
f 2448/2448/2448 2513/2513/2513 2514/2514/2514
f 2450/2450/2450 2449/2449/2449 2515/2515/2515
f 2449/2449/2449 2514/2514/2514 2515/2515/2515
f 2451/2451/2451 2450/2450/2450 2516/2516/2516
f 2450/2450/2450 2515/2515/2515 2516/2516/2516
f 2452/2452/2452 2451/2451/2451 2517/2517/2517
f 2451/2451/2451 2516/2516/2516 2517/2517/2517
f 2453/2453/2453 2452/2452/2452 2518/2518/2518
f 2452/2452/2452 2517/2517/2517 2518/2518/2518
f 2454/2454/2454 2453/2453/2453 2519/2519/2519
f 2453/2453/2453 2518/2518/2518 2519/2519/2519
f 2455/2455/2455 2454/2454/2454 2520/2520/2520
f 2454/2454/2454 2519/2519/2519 2520/2520/2520
f 2456/2456/2456 2455/2455/2455 2521/2521/2521
f 2455/2455/2455 2520/2520/2520 2521/2521/2521
f 2457/2457/2457 2456/2456/2456 2522/2522/2522
f 2456/2456/2456 2521/2521/2521 2522/2522/2522
f 2458/2458/2458 2457/2457/2457 2523/2523/2523
f 2457/2457/2457 2522/2522/2522 2523/2523/2523
f 2459/2459/2459 2458/2458/2458 2524/2524/2524
f 2458/2458/2458 2523/2523/2523 2524/2524/2524
f 2460/2460/2460 2459/2459/2459 2525/2525/2525
f 2459/2459/2459 2524/2524/2524 2525/2525/2525
f 2461/2461/2461 2460/2460/2460 2526/2526/2526
f 2460/2460/2460 2525/2525/2525 2526/2526/2526
f 2462/2462/2462 2461/2461/2461 2527/2527/2527
f 2461/2461/2461 2526/2526/2526 2527/2527/2527
f 2463/2463/2463 2462/2462/2462 2528/2528/2528
f 2462/2462/2462 2527/2527/2527 2528/2528/2528
f 2464/2464/2464 2463/2463/2463 2529/2529/2529
f 2463/2463/2463 2528/2528/2528 2529/2529/2529
f 2465/2465/2465 2464/2464/2464 2530/2530/2530
f 2464/2464/2464 2529/2529/2529 2530/2530/2530
f 2466/2466/2466 2465/2465/2465 2531/2531/2531
f 2465/2465/2465 2530/2530/2530 2531/2531/2531
f 2467/2467/2467 2466/2466/2466 2532/2532/2532
f 2466/2466/2466 2531/2531/2531 2532/2532/2532
f 2468/2468/2468 2467/2467/2467 2533/2533/2533
f 2467/2467/2467 2532/2532/2532 2533/2533/2533
f 2469/2469/2469 2468/2468/2468 2534/2534/2534
f 2468/2468/2468 2533/2533/2533 2534/2534/2534
f 2470/2470/2470 2469/2469/2469 2535/2535/2535
f 2469/2469/2469 2534/2534/2534 2535/2535/2535
f 2472/2472/2472 2471/2471/2471 2537/2537/2537
f 2471/2471/2471 2536/2536/2536 2537/2537/2537
f 2473/2473/2473 2472/2472/2472 2538/2538/2538
f 2472/2472/2472 2537/2537/2537 2538/2538/2538
f 2474/2474/2474 2473/2473/2473 2539/2539/2539
f 2473/2473/2473 2538/2538/2538 2539/2539/2539
f 2475/2475/2475 2474/2474/2474 2540/2540/2540
f 2474/2474/2474 2539/2539/2539 2540/2540/2540
f 2476/2476/2476 2475/2475/2475 2541/2541/2541
f 2475/2475/2475 2540/2540/2540 2541/2541/2541
f 2477/2477/2477 2476/2476/2476 2542/2542/2542
f 2476/2476/2476 2541/2541/2541 2542/2542/2542
f 2478/2478/2478 2477/2477/2477 2543/2543/2543
f 2477/2477/2477 2542/2542/2542 2543/2543/2543
f 2479/2479/2479 2478/2478/2478 2544/2544/2544
f 2478/2478/2478 2543/2543/2543 2544/2544/2544
f 2480/2480/2480 2479/2479/2479 2545/2545/2545
f 2479/2479/2479 2544/2544/2544 2545/2545/2545
f 2481/2481/2481 2480/2480/2480 2546/2546/2546
f 2480/2480/2480 2545/2545/2545 2546/2546/2546
f 2482/2482/2482 2481/2481/2481 2547/2547/2547
f 2481/2481/2481 2546/2546/2546 2547/2547/2547
f 2483/2483/2483 2482/2482/2482 2548/2548/2548
f 2482/2482/2482 2547/2547/2547 2548/2548/2548
f 2484/2484/2484 2483/2483/2483 2549/2549/2549
f 2483/2483/2483 2548/2548/2548 2549/2549/2549
f 2485/2485/2485 2484/2484/2484 2550/2550/2550
f 2484/2484/2484 2549/2549/2549 2550/2550/2550
f 2486/2486/2486 2485/2485/2485 2551/2551/2551
f 2485/2485/2485 2550/2550/2550 2551/2551/2551
f 2487/2487/2487 2486/2486/2486 2552/2552/2552
f 2486/2486/2486 2551/2551/2551 2552/2552/2552
f 2488/2488/2488 2487/2487/2487 2553/2553/2553
f 2487/2487/2487 2552/2552/2552 2553/2553/2553
f 2489/2489/2489 2488/2488/2488 2554/2554/2554
f 2488/2488/2488 2553/2553/2553 2554/2554/2554
f 2490/2490/2490 2489/2489/2489 2555/2555/2555
f 2489/2489/2489 2554/2554/2554 2555/2555/2555
f 2491/2491/2491 2490/2490/2490 2556/2556/2556
f 2490/2490/2490 2555/2555/2555 2556/2556/2556
f 2492/2492/2492 2491/2491/2491 2557/2557/2557
f 2491/2491/2491 2556/2556/2556 2557/2557/2557
f 2493/2493/2493 2492/2492/2492 2558/2558/2558
f 2492/2492/2492 2557/2557/2557 2558/2558/2558
f 2494/2494/2494 2493/2493/2493 2559/2559/2559
f 2493/2493/2493 2558/2558/2558 2559/2559/2559
f 2495/2495/2495 2494/2494/2494 2560/2560/2560
f 2494/2494/2494 2559/2559/2559 2560/2560/2560
f 2496/2496/2496 2495/2495/2495 2561/2561/2561
f 2495/2495/2495 2560/2560/2560 2561/2561/2561
f 2497/2497/2497 2496/2496/2496 2562/2562/2562
f 2496/2496/2496 2561/2561/2561 2562/2562/2562
f 2498/2498/2498 2497/2497/2497 2563/2563/2563
f 2497/2497/2497 2562/2562/2562 2563/2563/2563
f 2499/2499/2499 2498/2498/2498 2564/2564/2564
f 2498/2498/2498 2563/2563/2563 2564/2564/2564
f 2500/2500/2500 2499/2499/2499 2565/2565/2565
f 2499/2499/2499 2564/2564/2564 2565/2565/2565
f 2501/2501/2501 2500/2500/2500 2566/2566/2566
f 2500/2500/2500 2565/2565/2565 2566/2566/2566
f 2502/2502/2502 2501/2501/2501 2567/2567/2567
f 2501/2501/2501 2566/2566/2566 2567/2567/2567
f 2503/2503/2503 2502/2502/2502 2568/2568/2568
f 2502/2502/2502 2567/2567/2567 2568/2568/2568
f 2504/2504/2504 2503/2503/2503 2569/2569/2569
f 2503/2503/2503 2568/2568/2568 2569/2569/2569
f 2505/2505/2505 2504/2504/2504 2570/2570/2570
f 2504/2504/2504 2569/2569/2569 2570/2570/2570
f 2506/2506/2506 2505/2505/2505 2571/2571/2571
f 2505/2505/2505 2570/2570/2570 2571/2571/2571
f 2507/2507/2507 2506/2506/2506 2572/2572/2572
f 2506/2506/2506 2571/2571/2571 2572/2572/2572
f 2508/2508/2508 2507/2507/2507 2573/2573/2573
f 2507/2507/2507 2572/2572/2572 2573/2573/2573
f 2509/2509/2509 2508/2508/2508 2574/2574/2574
f 2508/2508/2508 2573/2573/2573 2574/2574/2574
f 2510/2510/2510 2509/2509/2509 2575/2575/2575
f 2509/2509/2509 2574/2574/2574 2575/2575/2575
f 2511/2511/2511 2510/2510/2510 2576/2576/2576
f 2510/2510/2510 2575/2575/2575 2576/2576/2576
f 2512/2512/2512 2511/2511/2511 2577/2577/2577
f 2511/2511/2511 2576/2576/2576 2577/2577/2577
f 2513/2513/2513 2512/2512/2512 2578/2578/2578
f 2512/2512/2512 2577/2577/2577 2578/2578/2578
f 2514/2514/2514 2513/2513/2513 2579/2579/2579
f 2513/2513/2513 2578/2578/2578 2579/2579/2579
f 2515/2515/2515 2514/2514/2514 2580/2580/2580
f 2514/2514/2514 2579/2579/2579 2580/2580/2580
f 2516/2516/2516 2515/2515/2515 2581/2581/2581
f 2515/2515/2515 2580/2580/2580 2581/2581/2581
f 2517/2517/2517 2516/2516/2516 2582/2582/2582
f 2516/2516/2516 2581/2581/2581 2582/2582/2582
f 2518/2518/2518 2517/2517/2517 2583/2583/2583
f 2517/2517/2517 2582/2582/2582 2583/2583/2583
f 2519/2519/2519 2518/2518/2518 2584/2584/2584
f 2518/2518/2518 2583/2583/2583 2584/2584/2584
f 2520/2520/2520 2519/2519/2519 2585/2585/2585
f 2519/2519/2519 2584/2584/2584 2585/2585/2585
f 2521/2521/2521 2520/2520/2520 2586/2586/2586
f 2520/2520/2520 2585/2585/2585 2586/2586/2586
f 2522/2522/2522 2521/2521/2521 2587/2587/2587
f 2521/2521/2521 2586/2586/2586 2587/2587/2587
f 2523/2523/2523 2522/2522/2522 2588/2588/2588
f 2522/2522/2522 2587/2587/2587 2588/2588/2588
f 2524/2524/2524 2523/2523/2523 2589/2589/2589
f 2523/2523/2523 2588/2588/2588 2589/2589/2589
f 2525/2525/2525 2524/2524/2524 2590/2590/2590
f 2524/2524/2524 2589/2589/2589 2590/2590/2590
f 2526/2526/2526 2525/2525/2525 2591/2591/2591
f 2525/2525/2525 2590/2590/2590 2591/2591/2591
f 2527/2527/2527 2526/2526/2526 2592/2592/2592
f 2526/2526/2526 2591/2591/2591 2592/2592/2592
f 2528/2528/2528 2527/2527/2527 2593/2593/2593
f 2527/2527/2527 2592/2592/2592 2593/2593/2593
f 2529/2529/2529 2528/2528/2528 2594/2594/2594
f 2528/2528/2528 2593/2593/2593 2594/2594/2594
f 2530/2530/2530 2529/2529/2529 2595/2595/2595
f 2529/2529/2529 2594/2594/2594 2595/2595/2595
f 2531/2531/2531 2530/2530/2530 2596/2596/2596
f 2530/2530/2530 2595/2595/2595 2596/2596/2596
f 2532/2532/2532 2531/2531/2531 2597/2597/2597
f 2531/2531/2531 2596/2596/2596 2597/2597/2597
f 2533/2533/2533 2532/2532/2532 2598/2598/2598
f 2532/2532/2532 2597/2597/2597 2598/2598/2598
f 2534/2534/2534 2533/2533/2533 2599/2599/2599
f 2533/2533/2533 2598/2598/2598 2599/2599/2599
f 2535/2535/2535 2534/2534/2534 2600/2600/2600
f 2534/2534/2534 2599/2599/2599 2600/2600/2600
f 2537/2537/2537 2536/2536/2536 2602/2602/2602
f 2538/2538/2538 2537/2537/2537 2603/2603/2603
f 2539/2539/2539 2538/2538/2538 2604/2604/2604
f 2540/2540/2540 2539/2539/2539 2605/2605/2605
f 2541/2541/2541 2540/2540/2540 2606/2606/2606
f 2542/2542/2542 2541/2541/2541 2607/2607/2607
f 2543/2543/2543 2542/2542/2542 2608/2608/2608
f 2544/2544/2544 2543/2543/2543 2609/2609/2609
f 2545/2545/2545 2544/2544/2544 2610/2610/2610
f 2546/2546/2546 2545/2545/2545 2611/2611/2611
f 2547/2547/2547 2546/2546/2546 2612/2612/2612
f 2548/2548/2548 2547/2547/2547 2613/2613/2613
f 2549/2549/2549 2548/2548/2548 2614/2614/2614
f 2550/2550/2550 2549/2549/2549 2615/2615/2615
f 2551/2551/2551 2550/2550/2550 2616/2616/2616
f 2552/2552/2552 2551/2551/2551 2617/2617/2617
f 2553/2553/2553 2552/2552/2552 2618/2618/2618
f 2554/2554/2554 2553/2553/2553 2619/2619/2619
f 2555/2555/2555 2554/2554/2554 2620/2620/2620
f 2556/2556/2556 2555/2555/2555 2621/2621/2621
f 2557/2557/2557 2556/2556/2556 2622/2622/2622
f 2558/2558/2558 2557/2557/2557 2623/2623/2623
f 2559/2559/2559 2558/2558/2558 2624/2624/2624
f 2560/2560/2560 2559/2559/2559 2625/2625/2625
f 2561/2561/2561 2560/2560/2560 2626/2626/2626
f 2562/2562/2562 2561/2561/2561 2627/2627/2627
f 2563/2563/2563 2562/2562/2562 2628/2628/2628
f 2564/2564/2564 2563/2563/2563 2629/2629/2629
f 2565/2565/2565 2564/2564/2564 2630/2630/2630
f 2566/2566/2566 2565/2565/2565 2631/2631/2631
f 2567/2567/2567 2566/2566/2566 2632/2632/2632
f 2568/2568/2568 2567/2567/2567 2633/2633/2633
f 2569/2569/2569 2568/2568/2568 2634/2634/2634
f 2570/2570/2570 2569/2569/2569 2635/2635/2635
f 2571/2571/2571 2570/2570/2570 2636/2636/2636
f 2572/2572/2572 2571/2571/2571 2637/2637/2637
f 2573/2573/2573 2572/2572/2572 2638/2638/2638
f 2574/2574/2574 2573/2573/2573 2639/2639/2639
f 2575/2575/2575 2574/2574/2574 2640/2640/2640
f 2576/2576/2576 2575/2575/2575 2641/2641/2641
f 2577/2577/2577 2576/2576/2576 2642/2642/2642
f 2578/2578/2578 2577/2577/2577 2643/2643/2643
f 2579/2579/2579 2578/2578/2578 2644/2644/2644
f 2580/2580/2580 2579/2579/2579 2645/2645/2645
f 2581/2581/2581 2580/2580/2580 2646/2646/2646
f 2582/2582/2582 2581/2581/2581 2647/2647/2647
f 2583/2583/2583 2582/2582/2582 2648/2648/2648
f 2584/2584/2584 2583/2583/2583 2649/2649/2649
f 2585/2585/2585 2584/2584/2584 2650/2650/2650
f 2586/2586/2586 2585/2585/2585 2651/2651/2651
f 2587/2587/2587 2586/2586/2586 2652/2652/2652
f 2588/2588/2588 2587/2587/2587 2653/2653/2653
f 2589/2589/2589 2588/2588/2588 2654/2654/2654
f 2590/2590/2590 2589/2589/2589 2655/2655/2655
f 2591/2591/2591 2590/2590/2590 2656/2656/2656
f 2592/2592/2592 2591/2591/2591 2657/2657/2657
f 2593/2593/2593 2592/2592/2592 2658/2658/2658
f 2594/2594/2594 2593/2593/2593 2659/2659/2659
f 2595/2595/2595 2594/2594/2594 2660/2660/2660
f 2596/2596/2596 2595/2595/2595 2661/2661/2661
f 2597/2597/2597 2596/2596/2596 2662/2662/2662
f 2598/2598/2598 2597/2597/2597 2663/2663/2663
f 2599/2599/2599 2598/2598/2598 2664/2664/2664
f 2600/2600/2600 2599/2599/2599 2665/2665/2665
o 
v 0 -0.26630517840385437 -0.04032791405916214
v 0.03826834261417389 -0.26265576481819153 -0.04700811579823494
v 0.0707106739282608 -0.2522631287574768 -0.06603170931339264
v 0.09238795191049576 -0.23670943081378937 -0.0945025384426117
v 0.10000000149011612 -0.21836261451244354 -0.1280861645936966
v 0.09238795191049576 -0.20001579821109772 -0.1616698056459427
v 0.0707106739282608 -0.18446211516857147 -0.19014061987400055
v 0.03826834261417389 -0.17406947910785675 -0.20916421711444855
v 1.2246468525851679e-17 -0.1704200655221939 -0.21584442257881165
v -0.03826834261417389 -0.17406947910785675 -0.20916421711444855
v -0.0707106739282608 -0.18446211516857147 -0.19014061987400055
v -0.09238795191049576 -0.20001579821109772 -0.1616698056459427
v -0.10000000149011612 -0.21836261451244354 -0.1280861645936966
v -0.09238795191049576 -0.23670943081378937 -0.0945025384426117
v -0.0707106739282608 -0.2522631287574768 -0.06603170931339264
v -0.03826834261417389 -0.26265576481819153 -0.04700811579823494
v -2.4492937051703357e-17 -0.26630517840385437 -0.04032791405916214
v 0 -0.5295799374580383 -0.18415556848049164
v 0.03826834261417389 -0.5259305238723755 -0.19083577394485474
v 0.0707106739282608 -0.5155379176139832 -0.20985937118530273
v 0.09238795191049576 -0.4999842047691345 -0.2383302003145218
v 0.10000000149011612 -0.4816373884677887 -0.2719138264656067
v 0.09238795191049576 -0.46329057216644287 -0.3054974675178528
v 0.0707106739282608 -0.4477368891239166 -0.33396828174591064
v 0.03826834261417389 -0.4373442530632019 -0.35299187898635864
v 1.2246468525851679e-17 -0.43369483947753906 -0.35967209935188293
v -0.03826834261417389 -0.4373442530632019 -0.35299187898635864
v -0.0707106739282608 -0.4477368891239166 -0.33396828174591064
v -0.09238795191049576 -0.46329057216644287 -0.3054974675178528
v -0.10000000149011612 -0.4816373884677887 -0.2719138264656067
v -0.09238795191049576 -0.4999842047691345 -0.2383302003145218
v -0.0707106739282608 -0.5155379176139832 -0.20985937118530273
v -0.03826834261417389 -0.5259305238723755 -0.19083577394485474
v -2.4492937051703357e-17 -0.5295799374580383 -0.18415556848049164
v 0 -0.21836261451244354 -0.1280861645936966
v 0 -0.21836261451244354 -0.1280861645936966
v 0 -0.21836261451244354 -0.1280861645936966
v 0 -0.21836261451244354 -0.1280861645936966
v 0 -0.21836261451244354 -0.1280861645936966
v 0 -0.21836261451244354 -0.1280861645936966
v 0 -0.21836261451244354 -0.1280861645936966
v 0 -0.21836261451244354 -0.1280861645936966
v 0 -0.21836261451244354 -0.1280861645936966
v 0 -0.21836261451244354 -0.1280861645936966
v 0 -0.21836261451244354 -0.1280861645936966
v 0 -0.21836261451244354 -0.1280861645936966
v 0 -0.21836261451244354 -0.1280861645936966
v 0 -0.21836261451244354 -0.1280861645936966
v 0 -0.21836261451244354 -0.1280861645936966
v 0 -0.21836261451244354 -0.1280861645936966
v 0 -0.26630517840385437 -0.04032791405916214
v 0.03826834261417389 -0.26265576481819153 -0.04700811579823494
v 0.0707106739282608 -0.2522631287574768 -0.06603170931339264
v 0.09238795191049576 -0.23670943081378937 -0.0945025384426117
v 0.10000000149011612 -0.21836261451244354 -0.1280861645936966
v 0.09238795191049576 -0.20001579821109772 -0.1616698056459427
v 0.0707106739282608 -0.18446211516857147 -0.19014061987400055
v 0.03826834261417389 -0.17406947910785675 -0.20916421711444855
v 1.2246468525851679e-17 -0.1704200655221939 -0.21584442257881165
v -0.03826834261417389 -0.17406947910785675 -0.20916421711444855
v -0.0707106739282608 -0.18446211516857147 -0.19014061987400055
v -0.09238795191049576 -0.20001579821109772 -0.1616698056459427
v -0.10000000149011612 -0.21836261451244354 -0.1280861645936966
v -0.09238795191049576 -0.23670943081378937 -0.0945025384426117
v -0.0707106739282608 -0.2522631287574768 -0.06603170931339264
v -0.03826834261417389 -0.26265576481819153 -0.04700811579823494
v -2.4492937051703357e-17 -0.26630517840385437 -0.04032791405916214
v 0 -0.4816373884677887 -0.2719138264656067
v 0 -0.4816373884677887 -0.2719138264656067
v 0 -0.4816373884677887 -0.2719138264656067
v 0 -0.4816373884677887 -0.2719138264656067
v 0 -0.4816373884677887 -0.2719138264656067
v 0 -0.4816373884677887 -0.2719138264656067
v 0 -0.4816373884677887 -0.2719138264656067
v 0 -0.4816373884677887 -0.2719138264656067
v 0 -0.4816373884677887 -0.2719138264656067
v 0 -0.4816373884677887 -0.2719138264656067
v 0 -0.4816373884677887 -0.2719138264656067
v 0 -0.4816373884677887 -0.2719138264656067
v 0 -0.4816373884677887 -0.2719138264656067
v 0 -0.4816373884677887 -0.2719138264656067
v 0 -0.4816373884677887 -0.2719138264656067
v 0 -0.4816373884677887 -0.2719138264656067
v 0 -0.5295799374580383 -0.18415556848049164
v 0.03826834261417389 -0.5259305238723755 -0.19083577394485474
v 0.0707106739282608 -0.5155379176139832 -0.20985937118530273
v 0.09238795191049576 -0.4999842047691345 -0.2383302003145218
v 0.10000000149011612 -0.4816373884677887 -0.2719138264656067
v 0.09238795191049576 -0.46329057216644287 -0.3054974675178528
v 0.0707106739282608 -0.4477368891239166 -0.33396828174591064
v 0.03826834261417389 -0.4373442530632019 -0.35299187898635864
v 1.2246468525851679e-17 -0.43369483947753906 -0.35967209935188293
v -0.03826834261417389 -0.4373442530632019 -0.35299187898635864
v -0.0707106739282608 -0.4477368891239166 -0.33396828174591064
v -0.09238795191049576 -0.46329057216644287 -0.3054974675178528
v -0.10000000149011612 -0.4816373884677887 -0.2719138264656067
v -0.09238795191049576 -0.4999842047691345 -0.2383302003145218
v -0.0707106739282608 -0.5155379176139832 -0.20985937118530273
v -0.03826834261417389 -0.5259305238723755 -0.19083577394485474
v -2.4492937051703357e-17 -0.5295799374580383 -0.18415556848049164
vt 0 1
vt 0.0625 1
vt 0.125 1
vt 0.1875 1
vt 0.25 1
vt 0.3125 1
vt 0.375 1
vt 0.4375 1
vt 0.5 1
vt 0.5625 1
vt 0.625 1
vt 0.6875 1
vt 0.75 1
vt 0.8125 1
vt 0.875 1
vt 0.9375 1
vt 1 1
vt 0 0
vt 0.0625 0
vt 0.125 0
vt 0.1875 0
vt 0.25 0
vt 0.3125 0
vt 0.375 0
vt 0.4375 0
vt 0.5 0
vt 0.5625 0
vt 0.625 0
vt 0.6875 0
vt 0.75 0
vt 0.8125 0
vt 0.875 0
vt 0.9375 0
vt 1 0
vt 0.5 0.5
vt 0.5 0.5
vt 0.5 0.5
vt 0.5 0.5
vt 0.5 0.5
vt 0.5 0.5
vt 0.5 0.5
vt 0.5 0.5
vt 0.5 0.5
vt 0.5 0.5
vt 0.5 0.5
vt 0.5 0.5
vt 0.5 0.5
vt 0.5 0.5
vt 0.5 0.5
vt 0.5 0.5
vt 1 0.5
vt 0.9619397521018982 0.6913416981697083
vt 0.8535534143447876 0.8535534143447876
vt 0.6913416981697083 0.9619397521018982
vt 0.5 1
vt 0.30865827202796936 0.9619397521018982
vt 0.1464466154575348 0.8535534143447876
vt 0.03806023299694061 0.6913416981697083
vt 0 0.5
vt 0.03806023299694061 0.30865827202796936
vt 0.1464466154575348 0.1464466154575348
vt 0.30865827202796936 0.03806023299694061
vt 0.5 0
vt 0.6913416981697083 0.03806023299694061
vt 0.8535534143447876 0.1464466154575348
vt 0.9619397521018982 0.30865827202796936
vt 1 0.5
vt 0.5 0.5
vt 0.5 0.5
vt 0.5 0.5
vt 0.5 0.5
vt 0.5 0.5
vt 0.5 0.5
vt 0.5 0.5
vt 0.5 0.5
vt 0.5 0.5
vt 0.5 0.5
vt 0.5 0.5
vt 0.5 0.5
vt 0.5 0.5
vt 0.5 0.5
vt 0.5 0.5
vt 0.5 0.5
vt 1 0.5
vt 0.9619397521018982 0.30865827202796936
vt 0.8535534143447876 0.1464466154575348
vt 0.6913416981697083 0.03806023299694061
vt 0.5 0
vt 0.30865827202796936 0.03806023299694061
vt 0.1464466154575348 0.1464466154575348
vt 0.03806023299694061 0.30865827202796936
vt 0 0.5
vt 0.03806023299694061 0.6913416981697083
vt 0.1464466154575348 0.8535534143447876
vt 0.30865827202796936 0.9619397521018982
vt 0.5 1
vt 0.6913416981697083 0.9619397521018982
vt 0.8535534143447876 0.8535534143447876
vt 0.9619397521018982 0.6913416981697083
vt 1 0.5
vn 0 -0.47942555198327147 0.8775825545813541
vn 0.38268342136754374 -0.4429314379270114 0.8107805746972117
vn 0.7071067864485783 -0.3390050613679419 0.6205445680410736
vn 0.9238795244778207 -0.18346821174305009 0.3358363284852359
vn 1 -2.9356348771931334e-17 5.3736435227025306e-17
vn 0.9238795244778207 0.18346821174305009 -0.3358363284852359
vn 0.7071067864485783 0.3390050613679419 -0.6205445680410736
vn 0.38268342136754374 0.4429314379270114 -0.8107805746972117
vn 1.2246468589102068e-16 0.47942555198327147 -0.8775825545813541
vn -0.38268342136754374 0.4429314379270114 -0.8107805746972117
vn -0.7071067864485783 0.3390050613679419 -0.6205445680410736
vn -0.9238795244778207 0.18346821174305009 -0.3358363284852359
vn -1 8.80690396983491e-17 -1.6120929575490857e-16
vn -0.9238795244778207 -0.18346821174305009 0.3358363284852359
vn -0.7071067864485783 -0.3390050613679419 0.6205445680410736
vn -0.38268342136754374 -0.4429314379270114 0.8107805746972117
vn -2.4492937178204135e-16 -0.47942555198327147 0.8775825545813541
vn 0 -0.47942555198327147 0.8775825545813541
vn 0.38268342136754374 -0.4429314379270114 0.8107805746972117
vn 0.7071067864485783 -0.3390050613679419 0.6205445680410736
vn 0.9238795244778207 -0.18346821174305009 0.3358363284852359
vn 1 -2.9356348771931334e-17 5.3736435227025306e-17
vn 0.9238795244778207 0.18346821174305009 -0.3358363284852359
vn 0.7071067864485783 0.3390050613679419 -0.6205445680410736
vn 0.38268342136754374 0.4429314379270114 -0.8107805746972117
vn 1.2246468589102068e-16 0.47942555198327147 -0.8775825545813541
vn -0.38268342136754374 0.4429314379270114 -0.8107805746972117
vn -0.7071067864485783 0.3390050613679419 -0.6205445680410736
vn -0.9238795244778207 0.18346821174305009 -0.3358363284852359
vn -1 8.80690396983491e-17 -1.6120929575490857e-16
vn -0.9238795244778207 -0.18346821174305009 0.3358363284852359
vn -0.7071067864485783 -0.3390050613679419 0.6205445680410736
vn -0.38268342136754374 -0.4429314379270114 0.8107805746972117
vn -2.4492937178204135e-16 -0.47942555198327147 0.8775825545813541
vn 0 0.8775825545813541 0.47942555198327147
vn 0 0.8775825545813541 0.47942555198327147
vn 0 0.8775825545813541 0.47942555198327147
vn 0 0.8775825545813541 0.47942555198327147
vn 0 0.8775825545813541 0.47942555198327147
vn 0 0.8775825545813541 0.47942555198327147
vn 0 0.8775825545813541 0.47942555198327147
vn 0 0.8775825545813541 0.47942555198327147
vn 0 0.8775825545813541 0.47942555198327147
vn 0 0.8775825545813541 0.47942555198327147
vn 0 0.8775825545813541 0.47942555198327147
vn 0 0.8775825545813541 0.47942555198327147
vn 0 0.8775825545813541 0.47942555198327147
vn 0 0.8775825545813541 0.47942555198327147
vn 0 0.8775825545813541 0.47942555198327147
vn 0 0.8775825545813541 0.47942555198327147
vn 0 0.8775825545813541 0.47942555198327147
vn 0 0.8775825545813541 0.47942555198327147
vn 0 0.8775825545813541 0.47942555198327147
vn 0 0.8775825545813541 0.47942555198327147
vn 0 0.8775825545813541 0.47942555198327147
vn 0 0.8775825545813541 0.47942555198327147
vn 0 0.8775825545813541 0.47942555198327147
vn 0 0.8775825545813541 0.47942555198327147
vn 0 0.8775825545813541 0.47942555198327147
vn 0 0.8775825545813541 0.47942555198327147
vn 0 0.8775825545813541 0.47942555198327147
vn 0 0.8775825545813541 0.47942555198327147
vn 0 0.8775825545813541 0.47942555198327147
vn 0 0.8775825545813541 0.47942555198327147
vn 0 0.8775825545813541 0.47942555198327147
vn 0 0.8775825545813541 0.47942555198327147
vn 0 0.8775825545813541 0.47942555198327147
vn 0 -0.8775825545813541 -0.47942555198327147
vn 0 -0.8775825545813541 -0.47942555198327147
vn 0 -0.8775825545813541 -0.47942555198327147
vn 0 -0.8775825545813541 -0.47942555198327147
vn 0 -0.8775825545813541 -0.47942555198327147
vn 0 -0.8775825545813541 -0.47942555198327147
vn 0 -0.8775825545813541 -0.47942555198327147
vn 0 -0.8775825545813541 -0.47942555198327147
vn 0 -0.8775825545813541 -0.47942555198327147
vn 0 -0.8775825545813541 -0.47942555198327147
vn 0 -0.8775825545813541 -0.47942555198327147
vn 0 -0.8775825545813541 -0.47942555198327147
vn 0 -0.8775825545813541 -0.47942555198327147
vn 0 -0.8775825545813541 -0.47942555198327147
vn 0 -0.8775825545813541 -0.47942555198327147
vn 0 -0.8775825545813541 -0.47942555198327147
vn 0 -0.8775825545813541 -0.47942555198327147
vn 0 -0.8775825545813541 -0.47942555198327147
vn 0 -0.8775825545813541 -0.47942555198327147
vn 0 -0.8775825545813541 -0.47942555198327147
vn 0 -0.8775825545813541 -0.47942555198327147
vn 0 -0.8775825545813541 -0.47942555198327147
vn 0 -0.8775825545813541 -0.47942555198327147
vn 0 -0.8775825545813541 -0.47942555198327147
vn 0 -0.8775825545813541 -0.47942555198327147
vn 0 -0.8775825545813541 -0.47942555198327147
vn 0 -0.8775825545813541 -0.47942555198327147
vn 0 -0.8775825545813541 -0.47942555198327147
vn 0 -0.8775825545813541 -0.47942555198327147
vn 0 -0.8775825545813541 -0.47942555198327147
vn 0 -0.8775825545813541 -0.47942555198327147
vn 0 -0.8775825545813541 -0.47942555198327147
vn 0 -0.8775825545813541 -0.47942555198327147
f 2666/2666/2666 2683/2683/2683 2667/2667/2667
f 2683/2683/2683 2684/2684/2684 2667/2667/2667
f 2667/2667/2667 2684/2684/2684 2668/2668/2668
f 2684/2684/2684 2685/2685/2685 2668/2668/2668
f 2668/2668/2668 2685/2685/2685 2669/2669/2669
f 2685/2685/2685 2686/2686/2686 2669/2669/2669
f 2669/2669/2669 2686/2686/2686 2670/2670/2670
f 2686/2686/2686 2687/2687/2687 2670/2670/2670
f 2670/2670/2670 2687/2687/2687 2671/2671/2671
f 2687/2687/2687 2688/2688/2688 2671/2671/2671
f 2671/2671/2671 2688/2688/2688 2672/2672/2672
f 2688/2688/2688 2689/2689/2689 2672/2672/2672
f 2672/2672/2672 2689/2689/2689 2673/2673/2673
f 2689/2689/2689 2690/2690/2690 2673/2673/2673
f 2673/2673/2673 2690/2690/2690 2674/2674/2674
f 2690/2690/2690 2691/2691/2691 2674/2674/2674
f 2674/2674/2674 2691/2691/2691 2675/2675/2675
f 2691/2691/2691 2692/2692/2692 2675/2675/2675
f 2675/2675/2675 2692/2692/2692 2676/2676/2676
f 2692/2692/2692 2693/2693/2693 2676/2676/2676
f 2676/2676/2676 2693/2693/2693 2677/2677/2677
f 2693/2693/2693 2694/2694/2694 2677/2677/2677
f 2677/2677/2677 2694/2694/2694 2678/2678/2678
f 2694/2694/2694 2695/2695/2695 2678/2678/2678
f 2678/2678/2678 2695/2695/2695 2679/2679/2679
f 2695/2695/2695 2696/2696/2696 2679/2679/2679
f 2679/2679/2679 2696/2696/2696 2680/2680/2680
f 2696/2696/2696 2697/2697/2697 2680/2680/2680
f 2680/2680/2680 2697/2697/2697 2681/2681/2681
f 2697/2697/2697 2698/2698/2698 2681/2681/2681
f 2681/2681/2681 2698/2698/2698 2682/2682/2682
f 2698/2698/2698 2699/2699/2699 2682/2682/2682
f 2716/2716/2716 2717/2717/2717 2700/2700/2700
f 2717/2717/2717 2718/2718/2718 2701/2701/2701
f 2718/2718/2718 2719/2719/2719 2702/2702/2702
f 2719/2719/2719 2720/2720/2720 2703/2703/2703
f 2720/2720/2720 2721/2721/2721 2704/2704/2704
f 2721/2721/2721 2722/2722/2722 2705/2705/2705
f 2722/2722/2722 2723/2723/2723 2706/2706/2706
f 2723/2723/2723 2724/2724/2724 2707/2707/2707
f 2724/2724/2724 2725/2725/2725 2708/2708/2708
f 2725/2725/2725 2726/2726/2726 2709/2709/2709
f 2726/2726/2726 2727/2727/2727 2710/2710/2710
f 2727/2727/2727 2728/2728/2728 2711/2711/2711
f 2728/2728/2728 2729/2729/2729 2712/2712/2712
f 2729/2729/2729 2730/2730/2730 2713/2713/2713
f 2730/2730/2730 2731/2731/2731 2714/2714/2714
f 2731/2731/2731 2732/2732/2732 2715/2715/2715
f 2750/2750/2750 2749/2749/2749 2733/2733/2733
f 2751/2751/2751 2750/2750/2750 2734/2734/2734
f 2752/2752/2752 2751/2751/2751 2735/2735/2735
f 2753/2753/2753 2752/2752/2752 2736/2736/2736
f 2754/2754/2754 2753/2753/2753 2737/2737/2737
f 2755/2755/2755 2754/2754/2754 2738/2738/2738
f 2756/2756/2756 2755/2755/2755 2739/2739/2739
f 2757/2757/2757 2756/2756/2756 2740/2740/2740
f 2758/2758/2758 2757/2757/2757 2741/2741/2741
f 2759/2759/2759 2758/2758/2758 2742/2742/2742
f 2760/2760/2760 2759/2759/2759 2743/2743/2743
f 2761/2761/2761 2760/2760/2760 2744/2744/2744
f 2762/2762/2762 2761/2761/2761 2745/2745/2745
f 2763/2763/2763 2762/2762/2762 2746/2746/2746
f 2764/2764/2764 2763/2763/2763 2747/2747/2747
f 2765/2765/2765 2764/2764/2764 2748/2748/2748
