o 
v 0 0.4000000059604645 0
v 0 0.4000000059604645 0
v 0 0.4000000059604645 0
v 0 0.4000000059604645 0
v 0 0.4000000059604645 0
v 0 0.4000000059604645 0
v 0 0.4000000059604645 0
v 0 0.4000000059604645 0
v 0 0.4000000059604645 0
v 0 0.4000000059604645 0
v 0 0.4000000059604645 0
v 0 0.4000000059604645 0
v 0 0.4000000059604645 0
v 0 0.4000000059604645 0
v 0 0.4000000059604645 0
v 0 0.4000000059604645 0
v 0 0.4000000059604645 0
v 0 0.4000000059604645 0
v 0 0.4000000059604645 0
v 0 0.4000000059604645 0
v 0 0.4000000059604645 0
v -0.0890083760023117 0.38997116684913635 0
v -0.08465199172496796 0.38997116684913635 0.027505099773406982
v -0.07200928777456284 0.38997116684913635 0.05231780931353569
v -0.05231780931353569 0.38997116684913635 0.07200928777456284
v -0.027505099773406982 0.38997116684913635 0.08465199172496796
v -5.450191312896555e-18 0.38997116684913635 0.0890083760023117
v 0.027505099773406982 0.38997116684913635 0.08465199172496796
v 0.05231780931353569 0.38997116684913635 0.07200928777456284
v 0.07200928777456284 0.38997116684913635 0.05231780931353569
v 0.08465199172496796 0.38997116684913635 0.027505099773406982
v 0.0890083760023117 0.38997116684913635 1.090038262579311e-17
v 0.08465199172496796 0.38997116684913635 -0.027505099773406982
v 0.07200928777456284 0.38997116684913635 -0.05231780931353569
v 0.05231780931353569 0.38997116684913635 -0.07200928777456284
v 0.027505099773406982 0.38997116684913635 -0.08465199172496796
v 1.6350573111509053e-17 0.38997116684913635 -0.0890083760023117
v -0.027505099773406982 0.38997116684913635 -0.08465199172496796
v -0.05231780931353569 0.38997116684913635 -0.07200928777456284
v -0.07200928777456284 0.38997116684913635 -0.05231780931353569
v -0.08465199172496796 0.38997116684913635 -0.027505099773406982
v -0.0890083760023117 0.38997116684913635 -2.180076525158622e-17
v -0.1735534965991974 0.36038753390312195 0
v -0.1650591790676117 0.36038753390312195 0.053630977869033813
v -0.1404077261686325 0.36038753390312195 0.10201217979192734
v -0.10201217979192734 0.36038753390312195 0.1404077261686325
v -0.053630977869033813 0.36038753390312195 0.1650591790676117
v -1.0627086287308653e-17 0.36038753390312195 0.1735534965991974
v 0.053630977869033813 0.36038753390312195 0.1650591790676117
v 0.10201217979192734 0.36038753390312195 0.1404077261686325
v 0.1404077261686325 0.36038753390312195 0.10201217979192734
v 0.1650591790676117 0.36038753390312195 0.053630977869033813
v 0.1735534965991974 0.36038753390312195 2.1254172574617306e-17
v 0.1650591790676117 0.36038753390312195 -0.053630977869033813
v 0.1404077261686325 0.36038753390312195 -0.10201217979192734
v 0.10201217979192734 0.36038753390312195 -0.1404077261686325
v 0.053630977869033813 0.36038753390312195 -0.1650591790676117
v 3.1881258034745347e-17 0.36038753390312195 -0.1735534965991974
v -0.053630977869033813 0.36038753390312195 -0.1650591790676117
v -0.10201217979192734 0.36038753390312195 -0.1404077261686325
v -0.1404077261686325 0.36038753390312195 -0.10201217979192734
v -0.1650591790676117 0.36038753390312195 -0.053630977869033813
v -0.1735534965991974 0.36038753390312195 -4.250834514923461e-17
v -0.2493959218263626 0.31273260712623596 0
v -0.2371896207332611 0.31273260712623596 0.07706757634878159
v -0.2017655372619629 0.31273260712623596 0.14659124612808228
v -0.14659124612808228 0.31273260712623596 0.2017655372619629
v -0.07706757634878159 0.31273260712623596 0.2371896207332611
v -1.5271095794682452e-17 0.31273260712623596 0.2493959218263626
v 0.07706757634878159 0.31273260712623596 0.2371896207332611
v 0.14659124612808228 0.31273260712623596 0.2017655372619629
v 0.2017655372619629 0.31273260712623596 0.14659124612808228
v 0.2371896207332611 0.31273260712623596 0.07706757634878159
v 0.2493959218263626 0.31273260712623596 3.0542191589364904e-17
v 0.2371896207332611 0.31273260712623596 -0.07706757634878159
v 0.2017655372619629 0.31273260712623596 -0.14659124612808228
v 0.14659124612808228 0.31273260712623596 -0.2017655372619629
v 0.07706757634878159 0.31273260712623596 -0.2371896207332611
v 4.581328572968613e-17 0.31273260712623596 -0.2493959218263626
v -0.07706757634878159 0.31273260712623596 -0.2371896207332611
v -0.14659124612808228 0.31273260712623596 -0.2017655372619629
v -0.2017655372619629 0.31273260712623596 -0.14659124612808228
v -0.2371896207332611 0.31273260712623596 -0.07706757634878159
v -0.2493959218263626 0.31273260712623596 -6.108438317872981e-17
v -0.31273260712623596 0.2493959218263626 0
v -0.29742637276649475 0.2493959218263626 0.09663968533277512
v -0.2530059814453125 0.2493959218263626 0.18381960690021515
v -0.18381960690021515 0.2493959218263626 0.2530059814453125
v -0.09663968533277512 0.2493959218263626 0.29742637276649475
v -1.9149348640249573e-17 0.2493959218263626 0.31273260712623596
v 0.09663968533277512 0.2493959218263626 0.29742637276649475
v 0.18381960690021515 0.2493959218263626 0.2530059814453125
v 0.2530059814453125 0.2493959218263626 0.18381960690021515
v 0.29742637276649475 0.2493959218263626 0.09663968533277512
v 0.31273260712623596 0.2493959218263626 3.8298697280499146e-17
v 0.29742637276649475 0.2493959218263626 -0.09663968533277512
v 0.2530059814453125 0.2493959218263626 -0.18381960690021515
v 0.18381960690021515 0.2493959218263626 -0.2530059814453125
v 0.09663968533277512 0.2493959218263626 -0.29742637276649475
v 5.74480442663875e-17 0.2493959218263626 -0.31273260712623596
v -0.09663968533277512 0.2493959218263626 -0.29742637276649475
v -0.18381960690021515 0.2493959218263626 -0.2530059814453125
v -0.2530059814453125 0.2493959218263626 -0.18381960690021515
v -0.29742637276649475 0.2493959218263626 -0.09663968533277512
v -0.31273260712623596 0.2493959218263626 -7.659739456099829e-17
v -0.36038753390312195 0.1735534965991974 0
v -0.3427489399909973 0.1735534965991974 0.11136587709188461
v -0.291559636592865 0.1735534965991974 0.2118304967880249
v -0.2118304967880249 0.1735534965991974 0.291559636592865
v -0.11136587709188461 0.1735534965991974 0.3427489399909973
v -2.2067372180456963e-17 0.1735534965991974 0.36038753390312195
v 0.11136587709188461 0.1735534965991974 0.3427489399909973
v 0.2118304967880249 0.1735534965991974 0.291559636592865
v 0.291559636592865 0.1735534965991974 0.2118304967880249
v 0.3427489399909973 0.1735534965991974 0.11136587709188461
v 0.36038753390312195 0.1735534965991974 4.4134744360913925e-17
v 0.3427489399909973 0.1735534965991974 -0.11136587709188461
v 0.291559636592865 0.1735534965991974 -0.2118304967880249
v 0.2118304967880249 0.1735534965991974 -0.291559636592865
v 0.11136587709188461 0.1735534965991974 -0.3427489399909973
v 6.620212315881579e-17 0.1735534965991974 -0.36038753390312195
v -0.11136587709188461 0.1735534965991974 -0.3427489399909973
v -0.2118304967880249 0.1735534965991974 -0.291559636592865
v -0.291559636592865 0.1735534965991974 -0.2118304967880249
v -0.3427489399909973 0.1735534965991974 -0.11136587709188461
v -0.36038753390312195 0.1735534965991974 -8.826948872182785e-17
v -0.38997116684913635 0.0890083760023117 0
v -0.37088459730148315 0.0890083760023117 0.12050771713256836
v -0.31549328565597534 0.0890083760023117 0.22921928763389587
v -0.22921928763389587 0.0890083760023117 0.31549328565597534
v -0.12050771713256836 0.0890083760023117 0.37088459730148315
v -2.3878846436750115e-17 0.0890083760023117 0.38997116684913635
v 0.12050771713256836 0.0890083760023117 0.37088459730148315
v 0.22921928763389587 0.0890083760023117 0.31549328565597534
v 0.31549328565597534 0.0890083760023117 0.22921928763389587
v 0.37088459730148315 0.0890083760023117 0.12050771713256836
v 0.38997116684913635 0.0890083760023117 4.775769287350023e-17
v 0.37088459730148315 0.0890083760023117 -0.12050771713256836
v 0.31549328565597534 0.0890083760023117 -0.22921928763389587
v 0.22921928763389587 0.0890083760023117 -0.31549328565597534
v 0.12050771713256836 0.0890083760023117 -0.37088459730148315
v 7.163654096461157e-17 0.0890083760023117 -0.38997116684913635
v -0.12050771713256836 0.0890083760023117 -0.37088459730148315
v -0.22921928763389587 0.0890083760023117 -0.31549328565597534
v -0.31549328565597534 0.0890083760023117 -0.22921928763389587
v -0.37088459730148315 0.0890083760023117 -0.12050771713256836
v -0.38997116684913635 0.0890083760023117 -9.551538574700046e-17
v -0.4000000059604645 2.4492937051703357e-17 0
v -0.3804226219654083 2.4492937051703357e-17 0.12360680103302002
v -0.32360678911209106 2.4492937051703357e-17 0.23511409759521484
v -0.23511409759521484 2.4492937051703357e-17 0.32360678911209106
v -0.12360680103302002 2.4492937051703357e-17 0.3804226219654083
v -2.4492937051703357e-17 2.4492937051703357e-17 0.4000000059604645
v 0.12360680103302002 2.4492937051703357e-17 0.3804226219654083
v 0.23511409759521484 2.4492937051703357e-17 0.32360678911209106
v 0.32360678911209106 2.4492937051703357e-17 0.23511409759521484
v 0.3804226219654083 2.4492937051703357e-17 0.12360680103302002
v 0.4000000059604645 2.4492937051703357e-17 4.8985874103406714e-17
v 0.3804226219654083 2.4492937051703357e-17 -0.12360680103302002
v 0.32360678911209106 2.4492937051703357e-17 -0.23511409759521484
v 0.23511409759521484 2.4492937051703357e-17 -0.32360678911209106
v 0.12360680103302002 2.4492937051703357e-17 -0.3804226219654083
v 7.347880453766517e-17 2.4492937051703357e-17 -0.4000000059604645
v -0.12360680103302002 2.4492937051703357e-17 -0.3804226219654083
v -0.23511409759521484 2.4492937051703357e-17 -0.32360678911209106
v -0.32360678911209106 2.4492937051703357e-17 -0.23511409759521484
v -0.3804226219654083 2.4492937051703357e-17 -0.12360680103302002
v -0.4000000059604645 2.4492937051703357e-17 -9.797174820681343e-17
v -0.38997116684913635 -0.0890083760023117 0
v -0.37088459730148315 -0.0890083760023117 0.12050771713256836
v -0.31549328565597534 -0.0890083760023117 0.22921928763389587
v -0.22921928763389587 -0.0890083760023117 0.31549328565597534
v -0.12050771713256836 -0.0890083760023117 0.37088459730148315
v -2.3878846436750115e-17 -0.0890083760023117 0.38997116684913635
v 0.12050771713256836 -0.0890083760023117 0.37088459730148315
v 0.22921928763389587 -0.0890083760023117 0.31549328565597534
v 0.31549328565597534 -0.0890083760023117 0.22921928763389587
v 0.37088459730148315 -0.0890083760023117 0.12050771713256836
v 0.38997116684913635 -0.0890083760023117 4.775769287350023e-17
v 0.37088459730148315 -0.0890083760023117 -0.12050771713256836
v 0.31549328565597534 -0.0890083760023117 -0.22921928763389587
v 0.22921928763389587 -0.0890083760023117 -0.31549328565597534
v 0.12050771713256836 -0.0890083760023117 -0.37088459730148315
v 7.163654096461157e-17 -0.0890083760023117 -0.38997116684913635
v -0.12050771713256836 -0.0890083760023117 -0.37088459730148315
v -0.22921928763389587 -0.0890083760023117 -0.31549328565597534
v -0.31549328565597534 -0.0890083760023117 -0.22921928763389587
v -0.37088459730148315 -0.0890083760023117 -0.12050771713256836
v -0.38997116684913635 -0.0890083760023117 -9.551538574700046e-17
v -0.36038753390312195 -0.1735534965991974 0
v -0.3427489399909973 -0.1735534965991974 0.11136587709188461
v -0.291559636592865 -0.1735534965991974 0.2118304967880249
v -0.2118304967880249 -0.1735534965991974 0.291559636592865
v -0.11136587709188461 -0.1735534965991974 0.3427489399909973
v -2.2067372180456963e-17 -0.1735534965991974 0.36038753390312195
v 0.11136587709188461 -0.1735534965991974 0.3427489399909973
v 0.2118304967880249 -0.1735534965991974 0.291559636592865
v 0.291559636592865 -0.1735534965991974 0.2118304967880249
v 0.3427489399909973 -0.1735534965991974 0.11136587709188461
v 0.36038753390312195 -0.1735534965991974 4.4134744360913925e-17
v 0.3427489399909973 -0.1735534965991974 -0.11136587709188461
v 0.291559636592865 -0.1735534965991974 -0.2118304967880249
v 0.2118304967880249 -0.1735534965991974 -0.291559636592865
v 0.11136587709188461 -0.1735534965991974 -0.3427489399909973
v 6.620212315881579e-17 -0.1735534965991974 -0.36038753390312195
v -0.11136587709188461 -0.1735534965991974 -0.3427489399909973
v -0.2118304967880249 -0.1735534965991974 -0.291559636592865
v -0.291559636592865 -0.1735534965991974 -0.2118304967880249
v -0.3427489399909973 -0.1735534965991974 -0.11136587709188461
v -0.36038753390312195 -0.1735534965991974 -8.826948872182785e-17
v -0.31273260712623596 -0.2493959218263626 0
v -0.29742637276649475 -0.2493959218263626 0.09663968533277512
v -0.2530059814453125 -0.2493959218263626 0.18381960690021515
v -0.18381960690021515 -0.2493959218263626 0.2530059814453125
v -0.09663968533277512 -0.2493959218263626 0.29742637276649475
v -1.9149348640249573e-17 -0.2493959218263626 0.31273260712623596
v 0.09663968533277512 -0.2493959218263626 0.29742637276649475
v 0.18381960690021515 -0.2493959218263626 0.2530059814453125
v 0.2530059814453125 -0.2493959218263626 0.18381960690021515
v 0.29742637276649475 -0.2493959218263626 0.09663968533277512
v 0.31273260712623596 -0.2493959218263626 3.8298697280499146e-17
v 0.29742637276649475 -0.2493959218263626 -0.09663968533277512
v 0.2530059814453125 -0.2493959218263626 -0.18381960690021515
v 0.18381960690021515 -0.2493959218263626 -0.2530059814453125
v 0.09663968533277512 -0.2493959218263626 -0.29742637276649475
v 5.74480442663875e-17 -0.2493959218263626 -0.31273260712623596
v -0.09663968533277512 -0.2493959218263626 -0.29742637276649475
v -0.18381960690021515 -0.2493959218263626 -0.2530059814453125
v -0.2530059814453125 -0.2493959218263626 -0.18381960690021515
v -0.29742637276649475 -0.2493959218263626 -0.09663968533277512
v -0.31273260712623596 -0.2493959218263626 -7.659739456099829e-17
v -0.2493959218263626 -0.31273260712623596 0
v -0.2371896207332611 -0.31273260712623596 0.07706757634878159
v -0.2017655372619629 -0.31273260712623596 0.14659124612808228
v -0.14659124612808228 -0.31273260712623596 0.2017655372619629
v -0.07706757634878159 -0.31273260712623596 0.2371896207332611
v -1.5271095794682452e-17 -0.31273260712623596 0.2493959218263626
v 0.07706757634878159 -0.31273260712623596 0.2371896207332611
v 0.14659124612808228 -0.31273260712623596 0.2017655372619629
v 0.2017655372619629 -0.31273260712623596 0.14659124612808228
v 0.2371896207332611 -0.31273260712623596 0.07706757634878159
v 0.2493959218263626 -0.31273260712623596 3.0542191589364904e-17
v 0.2371896207332611 -0.31273260712623596 -0.07706757634878159
v 0.2017655372619629 -0.31273260712623596 -0.14659124612808228
v 0.14659124612808228 -0.31273260712623596 -0.2017655372619629
v 0.07706757634878159 -0.31273260712623596 -0.2371896207332611
v 4.581328572968613e-17 -0.31273260712623596 -0.2493959218263626
v -0.07706757634878159 -0.31273260712623596 -0.2371896207332611
v -0.14659124612808228 -0.31273260712623596 -0.2017655372619629
v -0.2017655372619629 -0.31273260712623596 -0.14659124612808228
v -0.2371896207332611 -0.31273260712623596 -0.07706757634878159
v -0.2493959218263626 -0.31273260712623596 -6.108438317872981e-17
v -0.1735534965991974 -0.36038753390312195 0
v -0.1650591790676117 -0.36038753390312195 0.053630977869033813
v -0.1404077261686325 -0.36038753390312195 0.10201217979192734
v -0.10201217979192734 -0.36038753390312195 0.1404077261686325
v -0.053630977869033813 -0.36038753390312195 0.1650591790676117
v -1.0627086287308653e-17 -0.36038753390312195 0.1735534965991974
v 0.053630977869033813 -0.36038753390312195 0.1650591790676117
v 0.10201217979192734 -0.36038753390312195 0.1404077261686325
v 0.1404077261686325 -0.36038753390312195 0.10201217979192734
v 0.1650591790676117 -0.36038753390312195 0.053630977869033813
v 0.1735534965991974 -0.36038753390312195 2.1254172574617306e-17
v 0.1650591790676117 -0.36038753390312195 -0.053630977869033813
v 0.1404077261686325 -0.36038753390312195 -0.10201217979192734
v 0.10201217979192734 -0.36038753390312195 -0.1404077261686325
v 0.053630977869033813 -0.36038753390312195 -0.1650591790676117
v 3.1881258034745347e-17 -0.36038753390312195 -0.1735534965991974
v -0.053630977869033813 -0.36038753390312195 -0.1650591790676117
v -0.10201217979192734 -0.36038753390312195 -0.1404077261686325
v -0.1404077261686325 -0.36038753390312195 -0.10201217979192734
v -0.1650591790676117 -0.36038753390312195 -0.053630977869033813
v -0.1735534965991974 -0.36038753390312195 -4.250834514923461e-17
v -0.0890083760023117 -0.38997116684913635 0
v -0.08465199172496796 -0.38997116684913635 0.027505099773406982
v -0.07200928777456284 -0.38997116684913635 0.05231780931353569
v -0.05231780931353569 -0.38997116684913635 0.07200928777456284
v -0.027505099773406982 -0.38997116684913635 0.08465199172496796
v -5.450191312896555e-18 -0.38997116684913635 0.0890083760023117
v 0.027505099773406982 -0.38997116684913635 0.08465199172496796
v 0.05231780931353569 -0.38997116684913635 0.07200928777456284
v 0.07200928777456284 -0.38997116684913635 0.05231780931353569
v 0.08465199172496796 -0.38997116684913635 0.027505099773406982
v 0.0890083760023117 -0.38997116684913635 1.090038262579311e-17
v 0.08465199172496796 -0.38997116684913635 -0.027505099773406982
v 0.07200928777456284 -0.38997116684913635 -0.05231780931353569
v 0.05231780931353569 -0.38997116684913635 -0.07200928777456284
v 0.027505099773406982 -0.38997116684913635 -0.08465199172496796
v 1.6350573111509053e-17 -0.38997116684913635 -0.0890083760023117
v -0.027505099773406982 -0.38997116684913635 -0.08465199172496796
v -0.05231780931353569 -0.38997116684913635 -0.07200928777456284
v -0.07200928777456284 -0.38997116684913635 -0.05231780931353569
v -0.08465199172496796 -0.38997116684913635 -0.027505099773406982
v -0.0890083760023117 -0.38997116684913635 -2.180076525158622e-17
v -4.8985874103406714e-17 -0.4000000059604645 0
v -4.6588330802591166e-17 -0.4000000059604645 1.513746807544696e-17
v -3.963040181842787e-17 -0.4000000059604645 2.879317112368073e-17
v -2.879317112368073e-17 -0.4000000059604645 3.963040181842787e-17
v -1.513746807544696e-17 -0.4000000059604645 4.6588330802591166e-17
v -2.9995195879107854e-33 -0.4000000059604645 4.8985874103406714e-17
v 1.513746807544696e-17 -0.4000000059604645 4.6588330802591166e-17
v 2.879317112368073e-17 -0.4000000059604645 3.963040181842787e-17
v 3.963040181842787e-17 -0.4000000059604645 2.879317112368073e-17
v 4.6588330802591166e-17 -0.4000000059604645 1.513746807544696e-17
v 4.8985874103406714e-17 -0.4000000059604645 5.999039175821571e-33
v 4.6588330802591166e-17 -0.4000000059604645 -1.513746807544696e-17
v 3.963040181842787e-17 -0.4000000059604645 -2.879317112368073e-17
v 2.879317112368073e-17 -0.4000000059604645 -3.963040181842787e-17
v 1.513746807544696e-17 -0.4000000059604645 -4.6588330802591166e-17
v 8.998558396390371e-33 -0.4000000059604645 -4.8985874103406714e-17
v -1.513746807544696e-17 -0.4000000059604645 -4.6588330802591166e-17
v -2.879317112368073e-17 -0.4000000059604645 -3.963040181842787e-17
v -3.963040181842787e-17 -0.4000000059604645 -2.879317112368073e-17
v -4.6588330802591166e-17 -0.4000000059604645 -1.513746807544696e-17
v -4.8985874103406714e-17 -0.4000000059604645 -1.1998078351643141e-32
vt 0.02500000037252903 1
vt 0.07500000298023224 1
vt 0.125 1
vt 0.17499999701976776 1
vt 0.22499999403953552 1
vt 0.2750000059604645 1
vt 0.32499998807907104 1
vt 0.375 1
vt 0.42500001192092896 1
vt 0.4749999940395355 1
vt 0.5249999761581421 1
vt 0.574999988079071 1
vt 0.625 1
vt 0.675000011920929 1
vt 0.7250000238418579 1
vt 0.7749999761581421 1
vt 0.824999988079071 1
vt 0.875 1
vt 0.925000011920929 1
vt 0.9750000238418579 1
vt 1.024999976158142 1
vt 0 0.9285714030265808
vt 0.05000000074505806 0.9285714030265808
vt 0.10000000149011612 0.9285714030265808
vt 0.15000000596046448 0.9285714030265808
vt 0.20000000298023224 0.9285714030265808
vt 0.25 0.9285714030265808
vt 0.30000001192092896 0.9285714030265808
vt 0.3499999940395355 0.9285714030265808
vt 0.4000000059604645 0.9285714030265808
vt 0.44999998807907104 0.9285714030265808
vt 0.5 0.9285714030265808
vt 0.550000011920929 0.9285714030265808
vt 0.6000000238418579 0.9285714030265808
vt 0.6499999761581421 0.9285714030265808
vt 0.699999988079071 0.9285714030265808
vt 0.75 0.9285714030265808
vt 0.800000011920929 0.9285714030265808
vt 0.8500000238418579 0.9285714030265808
vt 0.8999999761581421 0.9285714030265808
vt 0.949999988079071 0.9285714030265808
vt 1 0.9285714030265808
vt 0 0.8571428656578064
vt 0.05000000074505806 0.8571428656578064
vt 0.10000000149011612 0.8571428656578064
vt 0.15000000596046448 0.8571428656578064
vt 0.20000000298023224 0.8571428656578064
vt 0.25 0.8571428656578064
vt 0.30000001192092896 0.8571428656578064
vt 0.3499999940395355 0.8571428656578064
vt 0.4000000059604645 0.8571428656578064
vt 0.44999998807907104 0.8571428656578064
vt 0.5 0.8571428656578064
vt 0.550000011920929 0.8571428656578064
vt 0.6000000238418579 0.8571428656578064
vt 0.6499999761581421 0.8571428656578064
vt 0.699999988079071 0.8571428656578064
vt 0.75 0.8571428656578064
vt 0.800000011920929 0.8571428656578064
vt 0.8500000238418579 0.8571428656578064
vt 0.8999999761581421 0.8571428656578064
vt 0.949999988079071 0.8571428656578064
vt 1 0.8571428656578064
vt 0 0.7857142686843872
vt 0.05000000074505806 0.7857142686843872
vt 0.10000000149011612 0.7857142686843872
vt 0.15000000596046448 0.7857142686843872
vt 0.20000000298023224 0.7857142686843872
vt 0.25 0.7857142686843872
vt 0.30000001192092896 0.7857142686843872
vt 0.3499999940395355 0.7857142686843872
vt 0.4000000059604645 0.7857142686843872
vt 0.44999998807907104 0.7857142686843872
vt 0.5 0.7857142686843872
vt 0.550000011920929 0.7857142686843872
vt 0.6000000238418579 0.7857142686843872
vt 0.6499999761581421 0.7857142686843872
vt 0.699999988079071 0.7857142686843872
vt 0.75 0.7857142686843872
vt 0.800000011920929 0.7857142686843872
vt 0.8500000238418579 0.7857142686843872
vt 0.8999999761581421 0.7857142686843872
vt 0.949999988079071 0.7857142686843872
vt 1 0.7857142686843872
vt 0 0.7142857313156128
vt 0.05000000074505806 0.7142857313156128
vt 0.10000000149011612 0.7142857313156128
vt 0.15000000596046448 0.7142857313156128
vt 0.20000000298023224 0.7142857313156128
vt 0.25 0.7142857313156128
vt 0.30000001192092896 0.7142857313156128
vt 0.3499999940395355 0.7142857313156128
vt 0.4000000059604645 0.7142857313156128
vt 0.44999998807907104 0.7142857313156128
vt 0.5 0.7142857313156128
vt 0.550000011920929 0.7142857313156128
vt 0.6000000238418579 0.7142857313156128
vt 0.6499999761581421 0.7142857313156128
vt 0.699999988079071 0.7142857313156128
vt 0.75 0.7142857313156128
vt 0.800000011920929 0.7142857313156128
vt 0.8500000238418579 0.7142857313156128
vt 0.8999999761581421 0.7142857313156128
vt 0.949999988079071 0.7142857313156128
vt 1 0.7142857313156128
vt 0 0.6428571343421936
vt 0.05000000074505806 0.6428571343421936
vt 0.10000000149011612 0.6428571343421936
vt 0.15000000596046448 0.6428571343421936
vt 0.20000000298023224 0.6428571343421936
vt 0.25 0.6428571343421936
vt 0.30000001192092896 0.6428571343421936
vt 0.3499999940395355 0.6428571343421936
vt 0.4000000059604645 0.6428571343421936
vt 0.44999998807907104 0.6428571343421936
vt 0.5 0.6428571343421936
vt 0.550000011920929 0.6428571343421936
vt 0.6000000238418579 0.6428571343421936
vt 0.6499999761581421 0.6428571343421936
vt 0.699999988079071 0.6428571343421936
vt 0.75 0.6428571343421936
vt 0.800000011920929 0.6428571343421936
vt 0.8500000238418579 0.6428571343421936
vt 0.8999999761581421 0.6428571343421936
vt 0.949999988079071 0.6428571343421936
vt 1 0.6428571343421936
vt 0 0.5714285969734192
vt 0.05000000074505806 0.5714285969734192
vt 0.10000000149011612 0.5714285969734192
vt 0.15000000596046448 0.5714285969734192
vt 0.20000000298023224 0.5714285969734192
vt 0.25 0.5714285969734192
vt 0.30000001192092896 0.5714285969734192
vt 0.3499999940395355 0.5714285969734192
vt 0.4000000059604645 0.5714285969734192
vt 0.44999998807907104 0.5714285969734192
vt 0.5 0.5714285969734192
vt 0.550000011920929 0.5714285969734192
vt 0.6000000238418579 0.5714285969734192
vt 0.6499999761581421 0.5714285969734192
vt 0.699999988079071 0.5714285969734192
vt 0.75 0.5714285969734192
vt 0.800000011920929 0.5714285969734192
vt 0.8500000238418579 0.5714285969734192
vt 0.8999999761581421 0.5714285969734192
vt 0.949999988079071 0.5714285969734192
vt 1 0.5714285969734192
vt 0 0.5
vt 0.05000000074505806 0.5
vt 0.10000000149011612 0.5
vt 0.15000000596046448 0.5
vt 0.20000000298023224 0.5
vt 0.25 0.5
vt 0.30000001192092896 0.5
vt 0.3499999940395355 0.5
vt 0.4000000059604645 0.5
vt 0.44999998807907104 0.5
vt 0.5 0.5
vt 0.550000011920929 0.5
vt 0.6000000238418579 0.5
vt 0.6499999761581421 0.5
vt 0.699999988079071 0.5
vt 0.75 0.5
vt 0.800000011920929 0.5
vt 0.8500000238418579 0.5
vt 0.8999999761581421 0.5
vt 0.949999988079071 0.5
vt 1 0.5
vt 0 0.4285714328289032
vt 0.05000000074505806 0.4285714328289032
vt 0.10000000149011612 0.4285714328289032
vt 0.15000000596046448 0.4285714328289032
vt 0.20000000298023224 0.4285714328289032
vt 0.25 0.4285714328289032
vt 0.30000001192092896 0.4285714328289032
vt 0.3499999940395355 0.4285714328289032
vt 0.4000000059604645 0.4285714328289032
vt 0.44999998807907104 0.4285714328289032
vt 0.5 0.4285714328289032
vt 0.550000011920929 0.4285714328289032
vt 0.6000000238418579 0.4285714328289032
vt 0.6499999761581421 0.4285714328289032
vt 0.699999988079071 0.4285714328289032
vt 0.75 0.4285714328289032
vt 0.800000011920929 0.4285714328289032
vt 0.8500000238418579 0.4285714328289032
vt 0.8999999761581421 0.4285714328289032
vt 0.949999988079071 0.4285714328289032
vt 1 0.4285714328289032
vt 0 0.3571428656578064
vt 0.05000000074505806 0.3571428656578064
vt 0.10000000149011612 0.3571428656578064
vt 0.15000000596046448 0.3571428656578064
vt 0.20000000298023224 0.3571428656578064
vt 0.25 0.3571428656578064
vt 0.30000001192092896 0.3571428656578064
vt 0.3499999940395355 0.3571428656578064
vt 0.4000000059604645 0.3571428656578064
vt 0.44999998807907104 0.3571428656578064
vt 0.5 0.3571428656578064
vt 0.550000011920929 0.3571428656578064
vt 0.6000000238418579 0.3571428656578064
vt 0.6499999761581421 0.3571428656578064
vt 0.699999988079071 0.3571428656578064
vt 0.75 0.3571428656578064
vt 0.800000011920929 0.3571428656578064
vt 0.8500000238418579 0.3571428656578064
vt 0.8999999761581421 0.3571428656578064
vt 0.949999988079071 0.3571428656578064
vt 1 0.3571428656578064
vt 0 0.2857142984867096
vt 0.05000000074505806 0.2857142984867096
vt 0.10000000149011612 0.2857142984867096
vt 0.15000000596046448 0.2857142984867096
vt 0.20000000298023224 0.2857142984867096
vt 0.25 0.2857142984867096
vt 0.30000001192092896 0.2857142984867096
vt 0.3499999940395355 0.2857142984867096
vt 0.4000000059604645 0.2857142984867096
vt 0.44999998807907104 0.2857142984867096
vt 0.5 0.2857142984867096
vt 0.550000011920929 0.2857142984867096
vt 0.6000000238418579 0.2857142984867096
vt 0.6499999761581421 0.2857142984867096
vt 0.699999988079071 0.2857142984867096
vt 0.75 0.2857142984867096
vt 0.800000011920929 0.2857142984867096
vt 0.8500000238418579 0.2857142984867096
vt 0.8999999761581421 0.2857142984867096
vt 0.949999988079071 0.2857142984867096
vt 1 0.2857142984867096
vt 0 0.2142857164144516
vt 0.05000000074505806 0.2142857164144516
vt 0.10000000149011612 0.2142857164144516
vt 0.15000000596046448 0.2142857164144516
vt 0.20000000298023224 0.2142857164144516
vt 0.25 0.2142857164144516
vt 0.30000001192092896 0.2142857164144516
vt 0.3499999940395355 0.2142857164144516
vt 0.4000000059604645 0.2142857164144516
vt 0.44999998807907104 0.2142857164144516
vt 0.5 0.2142857164144516
vt 0.550000011920929 0.2142857164144516
vt 0.6000000238418579 0.2142857164144516
vt 0.6499999761581421 0.2142857164144516
vt 0.699999988079071 0.2142857164144516
vt 0.75 0.2142857164144516
vt 0.800000011920929 0.2142857164144516
vt 0.8500000238418579 0.2142857164144516
vt 0.8999999761581421 0.2142857164144516
vt 0.949999988079071 0.2142857164144516
vt 1 0.2142857164144516
vt 0 0.1428571492433548
vt 0.05000000074505806 0.1428571492433548
vt 0.10000000149011612 0.1428571492433548
vt 0.15000000596046448 0.1428571492433548
vt 0.20000000298023224 0.1428571492433548
vt 0.25 0.1428571492433548
vt 0.30000001192092896 0.1428571492433548
vt 0.3499999940395355 0.1428571492433548
vt 0.4000000059604645 0.1428571492433548
vt 0.44999998807907104 0.1428571492433548
vt 0.5 0.1428571492433548
vt 0.550000011920929 0.1428571492433548
vt 0.6000000238418579 0.1428571492433548
vt 0.6499999761581421 0.1428571492433548
vt 0.699999988079071 0.1428571492433548
vt 0.75 0.1428571492433548
vt 0.800000011920929 0.1428571492433548
vt 0.8500000238418579 0.1428571492433548
vt 0.8999999761581421 0.1428571492433548
vt 0.949999988079071 0.1428571492433548
vt 1 0.1428571492433548
vt 0 0.0714285746216774
vt 0.05000000074505806 0.0714285746216774
vt 0.10000000149011612 0.0714285746216774
vt 0.15000000596046448 0.0714285746216774
vt 0.20000000298023224 0.0714285746216774
vt 0.25 0.0714285746216774
vt 0.30000001192092896 0.0714285746216774
vt 0.3499999940395355 0.0714285746216774
vt 0.4000000059604645 0.0714285746216774
vt 0.44999998807907104 0.0714285746216774
vt 0.5 0.0714285746216774
vt 0.550000011920929 0.0714285746216774
vt 0.6000000238418579 0.0714285746216774
vt 0.6499999761581421 0.0714285746216774
vt 0.699999988079071 0.0714285746216774
vt 0.75 0.0714285746216774
vt 0.800000011920929 0.0714285746216774
vt 0.8500000238418579 0.0714285746216774
vt 0.8999999761581421 0.0714285746216774
vt 0.949999988079071 0.0714285746216774
vt 1 0.0714285746216774
vt -0.02500000037252903 0
vt 0.02500000037252903 0
vt 0.07500000298023224 0
vt 0.125 0
vt 0.17499999701976776 0
vt 0.22499999403953552 0
vt 0.2750000059604645 0
vt 0.32499998807907104 0
vt 0.375 0
vt 0.42500001192092896 0
vt 0.4749999940395355 0
vt 0.5249999761581421 0
vt 0.574999988079071 0
vt 0.625 0
vt 0.675000011920929 0
vt 0.7250000238418579 0
vt 0.7749999761581421 0
vt 0.824999988079071 0
vt 0.875 0
vt 0.925000011920929 0
vt 0.9750000238418579 0
vn 0 1 0
vn 0 1 0
vn 0 1 0
vn 0 1 0
vn 0 1 0
vn 0 1 0
vn 0 1 0
vn 0 1 0
vn 0 1 0
vn 0 1 0
vn 0 1 0
vn 0 1 0
vn 0 1 0
vn 0 1 0
vn 0 1 0
vn 0 1 0
vn 0 1 0
vn 0 1 0
vn 0 1 0
vn 0 1 0
vn 0 1 0
vn -0.22252093478534796 0.9749279119926021 0
vn -0.21162998871662786 0.974927911221566 0.06876275006828945
vn -0.18002322467243556 0.9749279104031842 0.1307945262440999
vn -0.1307945262440999 0.9749279104031842 0.18002322467243556
vn -0.06876275006828945 0.974927911221566 0.21162998871662786
vn -1.3625478005208345e-17 0.9749279119926021 0.22252093478534796
vn 0.06876275006828945 0.974927911221566 0.21162998871662786
vn 0.1307945262440999 0.9749279104031842 0.18002322467243556
vn 0.18002322467243556 0.9749279104031842 0.1307945262440999
vn 0.21162998871662786 0.974927911221566 0.06876275006828945
vn 0.22252093478534796 0.9749279119926021 2.725095601041669e-17
vn 0.21162998871662786 0.974927911221566 -0.06876275006828945
vn 0.18002322467243556 0.9749279104031842 -0.1307945262440999
vn 0.1307945262440999 0.9749279104031842 -0.18002322467243556
vn 0.06876275006828945 0.974927911221566 -0.21162998871662786
vn 4.087643401562504e-17 0.9749279119926021 -0.22252093478534796
vn -0.06876275006828945 0.974927911221566 -0.21162998871662786
vn -0.1307945262440999 0.9749279104031842 -0.18002322467243556
vn -0.18002322467243556 0.9749279104031842 -0.1307945262440999
vn -0.21162998871662786 0.974927911221566 -0.06876275006828945
vn -0.22252093478534796 0.9749279119926021 -5.450191202083338e-17
vn -0.4338837360855756 0.9009688693625448 0
vn -0.41264796871058623 0.9009688630658064 0.13407744666771998
vn -0.35101932898912397 0.9009688653595043 0.2550304576493415
vn -0.2550304576493415 0.9009688653595043 0.35101932898912397
vn -0.13407744666771998 0.9009688630658064 0.41264796871058623
vn -2.6567716712879905e-17 0.9009688693625448 0.4338837360855756
vn 0.13407744666771998 0.9009688630658064 0.41264796871058623
vn 0.2550304576493415 0.9009688653595043 0.35101932898912397
vn 0.35101932898912397 0.9009688653595043 0.2550304576493415
vn 0.41264796871058623 0.9009688630658064 0.13407744666771998
vn 0.4338837360855756 0.9009688693625448 5.313543342575981e-17
vn 0.41264796871058623 0.9009688630658064 -0.13407744666771998
vn 0.35101932898912397 0.9009688653595043 -0.2550304576493415
vn 0.2550304576493415 0.9009688653595043 -0.35101932898912397
vn 0.13407744666771998 0.9009688630658064 -0.41264796871058623
vn 7.970314848427846e-17 0.9009688693625448 -0.4338837360855756
vn -0.13407744666771998 0.9009688630658064 -0.41264796871058623
vn -0.2550304576493415 0.9009688653595043 -0.35101932898912397
vn -0.35101932898912397 0.9009688653595043 -0.2550304576493415
vn -0.41264796871058623 0.9009688630658064 -0.13407744666771998
vn -0.4338837360855756 0.9009688693625448 -1.0627086685151962e-16
vn -0.6234897889923936 0.7818314927285933 0
vn -0.592974047468267 0.7818314775123019 0.19266893833732643
vn -0.5044138348007076 0.7818314899655842 0.36647810925052426
vn -0.36647810925052426 0.7818314899655842 0.5044138348007076
vn -0.19266893833732643 0.7818314775123019 0.592974047468267
vn -3.8177739816500574e-17 0.7818314927285933 0.6234897889923936
vn 0.19266893833732643 0.7818314775123019 0.592974047468267
vn 0.36647810925052426 0.7818314899655842 0.5044138348007076
vn 0.5044138348007076 0.7818314899655842 0.36647810925052426
vn 0.592974047468267 0.7818314775123019 0.19266893833732643
vn 0.6234897889923936 0.7818314927285933 7.635547963300115e-17
vn 0.592974047468267 0.7818314775123019 -0.19266893833732643
vn 0.5044138348007076 0.7818314899655842 -0.36647810925052426
vn 0.36647810925052426 0.7818314899655842 -0.5044138348007076
vn 0.19266893833732643 0.7818314775123019 -0.592974047468267
vn 1.145332128320569e-16 0.7818314927285933 -0.6234897889923936
vn -0.19266893833732643 0.7818314775123019 -0.592974047468267
vn -0.36647810925052426 0.7818314899655842 -0.5044138348007076
vn -0.5044138348007076 0.7818314899655842 -0.36647810925052426
vn -0.592974047468267 0.7818314775123019 -0.19266893833732643
vn -0.6234897889923936 0.7818314927285933 -1.527109592660023e-16
vn -0.7818314927285933 0.6234897889923936 0
vn -0.7435659238053025 0.6234898028090203 0.24159921926350658
vn -0.6325149580220867 0.6234898014612235 0.4595490130031419
vn -0.4595490130031419 0.6234898014612235 0.6325149580220867
vn -0.24159921926350658 0.6234898028090203 0.7435659238053025
vn -4.787337180410201e-17 0.6234897889923936 0.7818314927285933
vn 0.24159921926350658 0.6234898028090203 0.7435659238053025
vn 0.4595490130031419 0.6234898014612235 0.6325149580220867
vn 0.6325149580220867 0.6234898014612235 0.4595490130031419
vn 0.7435659238053025 0.6234898028090203 0.24159921926350658
vn 0.7818314927285933 0.6234897889923936 9.574674360820402e-17
vn 0.7435659238053025 0.6234898028090203 -0.24159921926350658
vn 0.6325149580220867 0.6234898014612235 -0.4595490130031419
vn 0.4595490130031419 0.6234898014612235 -0.6325149580220867
vn 0.24159921926350658 0.6234898028090203 -0.7435659238053025
vn 1.4362011210358362e-16 0.6234897889923936 -0.7818314927285933
vn -0.24159921926350658 0.6234898028090203 -0.7435659238053025
vn -0.4595490130031419 0.6234898014612235 -0.6325149580220867
vn -0.6325149580220867 0.6234898014612235 -0.4595490130031419
vn -0.7435659238053025 0.6234898028090203 -0.24159921926350658
vn -0.7818314927285933 0.6234897889923936 -1.9149348721640805e-16
vn -0.9009688693625448 0.4338837360855756 0
vn -0.8568723182514643 0.43388372562274896 0.27841469582995165
vn -0.7288991164467876 0.4338837237171497 0.5295762384552692
vn -0.5295762384552692 0.4338837237171497 0.7288991164467876
vn -0.27841469582995165 0.43388372562274896 0.8568723182514643
vn -5.516843165763863e-17 0.4338837360855756 0.9009688693625448
vn 0.27841469582995165 0.43388372562274896 0.8568723182514643
vn 0.5295762384552692 0.4338837237171497 0.7288991164467876
vn 0.7288991164467876 0.4338837237171497 0.5295762384552692
vn 0.8568723182514643 0.43388372562274896 0.27841469582995165
vn 0.9009688693625448 0.4338837360855756 1.1033686331527726e-16
vn 0.8568723182514643 0.43388372562274896 -0.27841469582995165
vn 0.7288991164467876 0.4338837237171497 -0.5295762384552692
vn 0.5295762384552692 0.4338837237171497 -0.7288991164467876
vn 0.27841469582995165 0.43388372562274896 -0.8568723182514643
vn 1.6550530489908347e-16 0.4338837360855756 -0.9009688693625448
vn -0.27841469582995165 0.43388372562274896 -0.8568723182514643
vn -0.5295762384552692 0.4338837237171497 -0.7288991164467876
vn -0.7288991164467876 0.4338837237171497 -0.5295762384552692
vn -0.8568723182514643 0.43388372562274896 -0.27841469582995165
vn -0.9009688693625448 0.4338837360855756 -2.2067372663055453e-16
vn -0.9749279119926021 0.22252093478534796 0
vn -0.9272115412681976 0.22252093692592567 0.3012692987489129
vn -0.7887332541960783 0.22252093544805132 0.5730482414357353
vn -0.5730482414357353 0.22252093544805132 0.7887332541960783
vn -0.3012692987489129 0.22252093692592567 0.9272115412681976
vn -5.96971158629911e-17 0.22252093478534796 0.9749279119926021
vn 0.3012692987489129 0.22252093692592567 0.9272115412681976
vn 0.5730482414357353 0.22252093544805132 0.7887332541960783
vn 0.7887332541960783 0.22252093544805132 0.5730482414357353
vn 0.9272115412681976 0.22252093692592567 0.3012692987489129
vn 0.9749279119926021 0.22252093478534796 1.193942317259822e-16
vn 0.9272115412681976 0.22252093692592567 -0.3012692987489129
vn 0.7887332541960783 0.22252093544805132 -0.5730482414357353
vn 0.5730482414357353 0.22252093544805132 -0.7887332541960783
vn 0.3012692987489129 0.22252093692592567 -0.9272115412681976
vn 1.7909135420641827e-16 0.22252093478534796 -0.9749279119926021
vn -0.3012692987489129 0.22252093692592567 -0.9272115412681976
vn -0.5730482414357353 0.22252093544805132 -0.7887332541960783
vn -0.7887332541960783 0.22252093544805132 -0.5730482414357353
vn -0.9272115412681976 0.22252093692592567 -0.3012692987489129
vn -0.9749279119926021 0.22252093478534796 -2.387884634519644e-16
vn -1 6.123234262925839e-17 0
vn -0.9510565161477913 6.123234109277411e-17 0.3090169948284817
vn -0.8090170011595983 6.123234252155896e-17 0.5877852429542022
vn -0.5877852429542022 6.123234252155896e-17 0.8090170011595983
vn -0.3090169948284817 6.123234109277411e-17 0.9510565161477913
vn -6.123234262925839e-17 6.123234262925839e-17 1
vn 0.3090169948284817 6.123234109277411e-17 0.9510565161477913
vn 0.5877852429542022 6.123234252155896e-17 0.8090170011595983
vn 0.8090170011595983 6.123234252155896e-17 0.5877852429542022
vn 0.9510565161477913 6.123234109277411e-17 0.3090169948284817
vn 1 6.123234262925839e-17 1.2246468525851679e-16
vn 0.9510565161477913 6.123234109277411e-17 -0.3090169948284817
vn 0.8090170011595983 6.123234252155896e-17 -0.5877852429542022
vn 0.5877852429542022 6.123234252155896e-17 -0.8090170011595983
vn 0.3090169948284817 6.123234109277411e-17 -0.9510565161477913
vn 1.8369701465288538e-16 6.123234262925839e-17 -1
vn -0.3090169948284817 6.123234109277411e-17 -0.9510565161477913
vn -0.5877852429542022 6.123234252155896e-17 -0.8090170011595983
vn -0.8090170011595983 6.123234252155896e-17 -0.5877852429542022
vn -0.9510565161477913 6.123234109277411e-17 -0.3090169948284817
vn -1 6.123234262925839e-17 -2.4492937051703357e-16
vn -0.9749279119926021 -0.22252093478534796 0
vn -0.9272115412681976 -0.22252093692592567 0.3012692987489129
vn -0.7887332541960783 -0.22252093544805132 0.5730482414357353
vn -0.5730482414357353 -0.22252093544805132 0.7887332541960783
vn -0.3012692987489129 -0.22252093692592567 0.9272115412681976
vn -5.96971158629911e-17 -0.22252093478534796 0.9749279119926021
vn 0.3012692987489129 -0.22252093692592567 0.9272115412681976
vn 0.5730482414357353 -0.22252093544805132 0.7887332541960783
vn 0.7887332541960783 -0.22252093544805132 0.5730482414357353
vn 0.9272115412681976 -0.22252093692592567 0.3012692987489129
vn 0.9749279119926021 -0.22252093478534796 1.193942317259822e-16
vn 0.9272115412681976 -0.22252093692592567 -0.3012692987489129
vn 0.7887332541960783 -0.22252093544805132 -0.5730482414357353
vn 0.5730482414357353 -0.22252093544805132 -0.7887332541960783
vn 0.3012692987489129 -0.22252093692592567 -0.9272115412681976
vn 1.7909135420641827e-16 -0.22252093478534796 -0.9749279119926021
vn -0.3012692987489129 -0.22252093692592567 -0.9272115412681976
vn -0.5730482414357353 -0.22252093544805132 -0.7887332541960783
vn -0.7887332541960783 -0.22252093544805132 -0.5730482414357353
vn -0.9272115412681976 -0.22252093692592567 -0.3012692987489129
vn -0.9749279119926021 -0.22252093478534796 -2.387884634519644e-16
vn -0.9009688693625448 -0.4338837360855756 0
vn -0.8568723182514643 -0.43388372562274896 0.27841469582995165
vn -0.7288991164467876 -0.4338837237171497 0.5295762384552692
vn -0.5295762384552692 -0.4338837237171497 0.7288991164467876
vn -0.27841469582995165 -0.43388372562274896 0.8568723182514643
vn -5.516843165763863e-17 -0.4338837360855756 0.9009688693625448
vn 0.27841469582995165 -0.43388372562274896 0.8568723182514643
vn 0.5295762384552692 -0.4338837237171497 0.7288991164467876
vn 0.7288991164467876 -0.4338837237171497 0.5295762384552692
vn 0.8568723182514643 -0.43388372562274896 0.27841469582995165
vn 0.9009688693625448 -0.4338837360855756 1.1033686331527726e-16
vn 0.8568723182514643 -0.43388372562274896 -0.27841469582995165
vn 0.7288991164467876 -0.4338837237171497 -0.5295762384552692
vn 0.5295762384552692 -0.4338837237171497 -0.7288991164467876
vn 0.27841469582995165 -0.43388372562274896 -0.8568723182514643
vn 1.6550530489908347e-16 -0.4338837360855756 -0.9009688693625448
vn -0.27841469582995165 -0.43388372562274896 -0.8568723182514643
vn -0.5295762384552692 -0.4338837237171497 -0.7288991164467876
vn -0.7288991164467876 -0.4338837237171497 -0.5295762384552692
vn -0.8568723182514643 -0.43388372562274896 -0.27841469582995165
vn -0.9009688693625448 -0.4338837360855756 -2.2067372663055453e-16
vn -0.7818314927285933 -0.6234897889923936 0
vn -0.7435659238053025 -0.6234898028090203 0.24159921926350658
vn -0.6325149580220867 -0.6234898014612235 0.4595490130031419
vn -0.4595490130031419 -0.6234898014612235 0.6325149580220867
vn -0.24159921926350658 -0.6234898028090203 0.7435659238053025
vn -4.787337180410201e-17 -0.6234897889923936 0.7818314927285933
vn 0.24159921926350658 -0.6234898028090203 0.7435659238053025
vn 0.4595490130031419 -0.6234898014612235 0.6325149580220867
vn 0.6325149580220867 -0.6234898014612235 0.4595490130031419
vn 0.7435659238053025 -0.6234898028090203 0.24159921926350658
vn 0.7818314927285933 -0.6234897889923936 9.574674360820402e-17
vn 0.7435659238053025 -0.6234898028090203 -0.24159921926350658
vn 0.6325149580220867 -0.6234898014612235 -0.4595490130031419
vn 0.4595490130031419 -0.6234898014612235 -0.6325149580220867
vn 0.24159921926350658 -0.6234898028090203 -0.7435659238053025
vn 1.4362011210358362e-16 -0.6234897889923936 -0.7818314927285933
vn -0.24159921926350658 -0.6234898028090203 -0.7435659238053025
vn -0.4595490130031419 -0.6234898014612235 -0.6325149580220867
vn -0.6325149580220867 -0.6234898014612235 -0.4595490130031419
vn -0.7435659238053025 -0.6234898028090203 -0.24159921926350658
vn -0.7818314927285933 -0.6234897889923936 -1.9149348721640805e-16
vn -0.6234897889923936 -0.7818314927285933 0
vn -0.592974047468267 -0.7818314775123019 0.19266893833732643
vn -0.5044138348007076 -0.7818314899655842 0.36647810925052426
vn -0.36647810925052426 -0.7818314899655842 0.5044138348007076
vn -0.19266893833732643 -0.7818314775123019 0.592974047468267
vn -3.8177739816500574e-17 -0.7818314927285933 0.6234897889923936
vn 0.19266893833732643 -0.7818314775123019 0.592974047468267
vn 0.36647810925052426 -0.7818314899655842 0.5044138348007076
vn 0.5044138348007076 -0.7818314899655842 0.36647810925052426
vn 0.592974047468267 -0.7818314775123019 0.19266893833732643
vn 0.6234897889923936 -0.7818314927285933 7.635547963300115e-17
vn 0.592974047468267 -0.7818314775123019 -0.19266893833732643
vn 0.5044138348007076 -0.7818314899655842 -0.36647810925052426
vn 0.36647810925052426 -0.7818314899655842 -0.5044138348007076
vn 0.19266893833732643 -0.7818314775123019 -0.592974047468267
vn 1.145332128320569e-16 -0.7818314927285933 -0.6234897889923936
vn -0.19266893833732643 -0.7818314775123019 -0.592974047468267
vn -0.36647810925052426 -0.7818314899655842 -0.5044138348007076
vn -0.5044138348007076 -0.7818314899655842 -0.36647810925052426
vn -0.592974047468267 -0.7818314775123019 -0.19266893833732643
vn -0.6234897889923936 -0.7818314927285933 -1.527109592660023e-16
vn -0.4338837360855756 -0.9009688693625448 0
vn -0.41264796871058623 -0.9009688630658064 0.13407744666771998
vn -0.35101932898912397 -0.9009688653595043 0.2550304576493415
vn -0.2550304576493415 -0.9009688653595043 0.35101932898912397
vn -0.13407744666771998 -0.9009688630658064 0.41264796871058623
vn -2.6567716712879905e-17 -0.9009688693625448 0.4338837360855756
vn 0.13407744666771998 -0.9009688630658064 0.41264796871058623
vn 0.2550304576493415 -0.9009688653595043 0.35101932898912397
vn 0.35101932898912397 -0.9009688653595043 0.2550304576493415
vn 0.41264796871058623 -0.9009688630658064 0.13407744666771998
vn 0.4338837360855756 -0.9009688693625448 5.313543342575981e-17
vn 0.41264796871058623 -0.9009688630658064 -0.13407744666771998
vn 0.35101932898912397 -0.9009688653595043 -0.2550304576493415
vn 0.2550304576493415 -0.9009688653595043 -0.35101932898912397
vn 0.13407744666771998 -0.9009688630658064 -0.41264796871058623
vn 7.970314848427846e-17 -0.9009688693625448 -0.4338837360855756
vn -0.13407744666771998 -0.9009688630658064 -0.41264796871058623
vn -0.2550304576493415 -0.9009688653595043 -0.35101932898912397
vn -0.35101932898912397 -0.9009688653595043 -0.2550304576493415
vn -0.41264796871058623 -0.9009688630658064 -0.13407744666771998
vn -0.4338837360855756 -0.9009688693625448 -1.0627086685151962e-16
vn -0.22252093478534796 -0.9749279119926021 0
vn -0.21162998871662786 -0.974927911221566 0.06876275006828945
vn -0.18002322467243556 -0.9749279104031842 0.1307945262440999
vn -0.1307945262440999 -0.9749279104031842 0.18002322467243556
vn -0.06876275006828945 -0.974927911221566 0.21162998871662786
vn -1.3625478005208345e-17 -0.9749279119926021 0.22252093478534796
vn 0.06876275006828945 -0.974927911221566 0.21162998871662786
vn 0.1307945262440999 -0.9749279104031842 0.18002322467243556
vn 0.18002322467243556 -0.9749279104031842 0.1307945262440999
vn 0.21162998871662786 -0.974927911221566 0.06876275006828945
vn 0.22252093478534796 -0.9749279119926021 2.725095601041669e-17
vn 0.21162998871662786 -0.974927911221566 -0.06876275006828945
vn 0.18002322467243556 -0.9749279104031842 -0.1307945262440999
vn 0.1307945262440999 -0.9749279104031842 -0.18002322467243556
vn 0.06876275006828945 -0.974927911221566 -0.21162998871662786
vn 4.087643401562504e-17 -0.9749279119926021 -0.22252093478534796
vn -0.06876275006828945 -0.974927911221566 -0.21162998871662786
vn -0.1307945262440999 -0.9749279104031842 -0.18002322467243556
vn -0.18002322467243556 -0.9749279104031842 -0.1307945262440999
vn -0.21162998871662786 -0.974927911221566 -0.06876275006828945
vn -0.22252093478534796 -0.9749279119926021 -5.450191202083338e-17
vn -1.2246468525851679e-16 -1 0
vn -1.1647082866083914e-16 -1 3.7843668534256176e-17
vn -9.907600785479212e-17 -1 7.198293111792428e-17
vn -7.198293111792428e-17 -1 9.907600785479212e-17
vn -3.7843668534256176e-17 -1 1.1647082866083914e-16
vn -7.498798786105971e-33 -1 1.2246468525851679e-16
vn 3.7843668534256176e-17 -1 1.1647082866083914e-16
vn 7.198293111792428e-17 -1 9.907600785479212e-17
vn 9.907600785479212e-17 -1 7.198293111792428e-17
vn 1.1647082866083914e-16 -1 3.7843668534256176e-17
vn 1.2246468525851679e-16 -1 1.4997597572211942e-32
vn 1.1647082866083914e-16 -1 -3.7843668534256176e-17
vn 9.907600785479212e-17 -1 -7.198293111792428e-17
vn 7.198293111792428e-17 -1 -9.907600785479212e-17
vn 3.7843668534256176e-17 -1 -1.1647082866083914e-16
vn 2.2496396358317913e-32 -1 -1.2246468525851679e-16
vn -3.7843668534256176e-17 -1 -1.1647082866083914e-16
vn -7.198293111792428e-17 -1 -9.907600785479212e-17
vn -9.907600785479212e-17 -1 -7.198293111792428e-17
vn -1.1647082866083914e-16 -1 -3.7843668534256176e-17
vn -1.2246468525851679e-16 -1 -2.9995195144423884e-32
f 1/1/1 22/22/22 23/23/23
f 2/2/2 23/23/23 24/24/24
f 3/3/3 24/24/24 25/25/25
f 4/4/4 25/25/25 26/26/26
f 5/5/5 26/26/26 27/27/27
f 6/6/6 27/27/27 28/28/28
f 7/7/7 28/28/28 29/29/29
f 8/8/8 29/29/29 30/30/30
f 9/9/9 30/30/30 31/31/31
f 10/10/10 31/31/31 32/32/32
f 11/11/11 32/32/32 33/33/33
f 12/12/12 33/33/33 34/34/34
f 13/13/13 34/34/34 35/35/35
f 14/14/14 35/35/35 36/36/36
f 15/15/15 36/36/36 37/37/37
f 16/16/16 37/37/37 38/38/38
f 17/17/17 38/38/38 39/39/39
f 18/18/18 39/39/39 40/40/40
f 19/19/19 40/40/40 41/41/41
f 20/20/20 41/41/41 42/42/42
f 23/23/23 22/22/22 44/44/44
f 22/22/22 43/43/43 44/44/44
f 24/24/24 23/23/23 45/45/45
f 23/23/23 44/44/44 45/45/45
f 25/25/25 24/24/24 46/46/46
f 24/24/24 45/45/45 46/46/46
f 26/26/26 25/25/25 47/47/47
f 25/25/25 46/46/46 47/47/47
f 27/27/27 26/26/26 48/48/48
f 26/26/26 47/47/47 48/48/48
f 28/28/28 27/27/27 49/49/49
f 27/27/27 48/48/48 49/49/49
f 29/29/29 28/28/28 50/50/50
f 28/28/28 49/49/49 50/50/50
f 30/30/30 29/29/29 51/51/51
f 29/29/29 50/50/50 51/51/51
f 31/31/31 30/30/30 52/52/52
f 30/30/30 51/51/51 52/52/52
f 32/32/32 31/31/31 53/53/53
f 31/31/31 52/52/52 53/53/53
f 33/33/33 32/32/32 54/54/54
f 32/32/32 53/53/53 54/54/54
f 34/34/34 33/33/33 55/55/55
f 33/33/33 54/54/54 55/55/55
f 35/35/35 34/34/34 56/56/56
f 34/34/34 55/55/55 56/56/56
f 36/36/36 35/35/35 57/57/57
f 35/35/35 56/56/56 57/57/57
f 37/37/37 36/36/36 58/58/58
f 36/36/36 57/57/57 58/58/58
f 38/38/38 37/37/37 59/59/59
f 37/37/37 58/58/58 59/59/59
f 39/39/39 38/38/38 60/60/60
f 38/38/38 59/59/59 60/60/60
f 40/40/40 39/39/39 61/61/61
f 39/39/39 60/60/60 61/61/61
f 41/41/41 40/40/40 62/62/62
f 40/40/40 61/61/61 62/62/62
f 42/42/42 41/41/41 63/63/63
f 41/41/41 62/62/62 63/63/63
f 44/44/44 43/43/43 65/65/65
f 43/43/43 64/64/64 65/65/65
f 45/45/45 44/44/44 66/66/66
f 44/44/44 65/65/65 66/66/66
f 46/46/46 45/45/45 67/67/67
f 45/45/45 66/66/66 67/67/67
f 47/47/47 46/46/46 68/68/68
f 46/46/46 67/67/67 68/68/68
f 48/48/48 47/47/47 69/69/69
f 47/47/47 68/68/68 69/69/69
f 49/49/49 48/48/48 70/70/70
f 48/48/48 69/69/69 70/70/70
f 50/50/50 49/49/49 71/71/71
f 49/49/49 70/70/70 71/71/71
f 51/51/51 50/50/50 72/72/72
f 50/50/50 71/71/71 72/72/72
f 52/52/52 51/51/51 73/73/73
f 51/51/51 72/72/72 73/73/73
f 53/53/53 52/52/52 74/74/74
f 52/52/52 73/73/73 74/74/74
f 54/54/54 53/53/53 75/75/75
f 53/53/53 74/74/74 75/75/75
f 55/55/55 54/54/54 76/76/76
f 54/54/54 75/75/75 76/76/76
f 56/56/56 55/55/55 77/77/77
f 55/55/55 76/76/76 77/77/77
f 57/57/57 56/56/56 78/78/78
f 56/56/56 77/77/77 78/78/78
f 58/58/58 57/57/57 79/79/79
f 57/57/57 78/78/78 79/79/79
f 59/59/59 58/58/58 80/80/80
f 58/58/58 79/79/79 80/80/80
f 60/60/60 59/59/59 81/81/81
f 59/59/59 80/80/80 81/81/81
f 61/61/61 60/60/60 82/82/82
f 60/60/60 81/81/81 82/82/82
f 62/62/62 61/61/61 83/83/83
f 61/61/61 82/82/82 83/83/83
f 63/63/63 62/62/62 84/84/84
f 62/62/62 83/83/83 84/84/84
f 65/65/65 64/64/64 86/86/86
f 64/64/64 85/85/85 86/86/86
f 66/66/66 65/65/65 87/87/87
f 65/65/65 86/86/86 87/87/87
f 67/67/67 66/66/66 88/88/88
f 66/66/66 87/87/87 88/88/88
f 68/68/68 67/67/67 89/89/89
f 67/67/67 88/88/88 89/89/89
f 69/69/69 68/68/68 90/90/90
f 68/68/68 89/89/89 90/90/90
f 70/70/70 69/69/69 91/91/91
f 69/69/69 90/90/90 91/91/91
f 71/71/71 70/70/70 92/92/92
f 70/70/70 91/91/91 92/92/92
f 72/72/72 71/71/71 93/93/93
f 71/71/71 92/92/92 93/93/93
f 73/73/73 72/72/72 94/94/94
f 72/72/72 93/93/93 94/94/94
f 74/74/74 73/73/73 95/95/95
f 73/73/73 94/94/94 95/95/95
f 75/75/75 74/74/74 96/96/96
f 74/74/74 95/95/95 96/96/96
f 76/76/76 75/75/75 97/97/97
f 75/75/75 96/96/96 97/97/97
f 77/77/77 76/76/76 98/98/98
f 76/76/76 97/97/97 98/98/98
f 78/78/78 77/77/77 99/99/99
f 77/77/77 98/98/98 99/99/99
f 79/79/79 78/78/78 100/100/100
f 78/78/78 99/99/99 100/100/100
f 80/80/80 79/79/79 101/101/101
f 79/79/79 100/100/100 101/101/101
f 81/81/81 80/80/80 102/102/102
f 80/80/80 101/101/101 102/102/102
f 82/82/82 81/81/81 103/103/103
f 81/81/81 102/102/102 103/103/103
f 83/83/83 82/82/82 104/104/104
f 82/82/82 103/103/103 104/104/104
f 84/84/84 83/83/83 105/105/105
f 83/83/83 104/104/104 105/105/105
f 86/86/86 85/85/85 107/107/107
f 85/85/85 106/106/106 107/107/107
f 87/87/87 86/86/86 108/108/108
f 86/86/86 107/107/107 108/108/108
f 88/88/88 87/87/87 109/109/109
f 87/87/87 108/108/108 109/109/109
f 89/89/89 88/88/88 110/110/110
f 88/88/88 109/109/109 110/110/110
f 90/90/90 89/89/89 111/111/111
f 89/89/89 110/110/110 111/111/111
f 91/91/91 90/90/90 112/112/112
f 90/90/90 111/111/111 112/112/112
f 92/92/92 91/91/91 113/113/113
f 91/91/91 112/112/112 113/113/113
f 93/93/93 92/92/92 114/114/114
f 92/92/92 113/113/113 114/114/114
f 94/94/94 93/93/93 115/115/115
f 93/93/93 114/114/114 115/115/115
f 95/95/95 94/94/94 116/116/116
f 94/94/94 115/115/115 116/116/116
f 96/96/96 95/95/95 117/117/117
f 95/95/95 116/116/116 117/117/117
f 97/97/97 96/96/96 118/118/118
f 96/96/96 117/117/117 118/118/118
f 98/98/98 97/97/97 119/119/119
f 97/97/97 118/118/118 119/119/119
f 99/99/99 98/98/98 120/120/120
f 98/98/98 119/119/119 120/120/120
f 100/100/100 99/99/99 121/121/121
f 99/99/99 120/120/120 121/121/121
f 101/101/101 100/100/100 122/122/122
f 100/100/100 121/121/121 122/122/122
f 102/102/102 101/101/101 123/123/123
f 101/101/101 122/122/122 123/123/123
f 103/103/103 102/102/102 124/124/124
f 102/102/102 123/123/123 124/124/124
f 104/104/104 103/103/103 125/125/125
f 103/103/103 124/124/124 125/125/125
f 105/105/105 104/104/104 126/126/126
f 104/104/104 125/125/125 126/126/126
f 107/107/107 106/106/106 128/128/128
f 106/106/106 127/127/127 128/128/128
f 108/108/108 107/107/107 129/129/129
f 107/107/107 128/128/128 129/129/129
f 109/109/109 108/108/108 130/130/130
f 108/108/108 129/129/129 130/130/130
f 110/110/110 109/109/109 131/131/131
f 109/109/109 130/130/130 131/131/131
f 111/111/111 110/110/110 132/132/132
f 110/110/110 131/131/131 132/132/132
f 112/112/112 111/111/111 133/133/133
f 111/111/111 132/132/132 133/133/133
f 113/113/113 112/112/112 134/134/134
f 112/112/112 133/133/133 134/134/134
f 114/114/114 113/113/113 135/135/135
f 113/113/113 134/134/134 135/135/135
f 115/115/115 114/114/114 136/136/136
f 114/114/114 135/135/135 136/136/136
f 116/116/116 115/115/115 137/137/137
f 115/115/115 136/136/136 137/137/137
f 117/117/117 116/116/116 138/138/138
f 116/116/116 137/137/137 138/138/138
f 118/118/118 117/117/117 139/139/139
f 117/117/117 138/138/138 139/139/139
f 119/119/119 118/118/118 140/140/140
f 118/118/118 139/139/139 140/140/140
f 120/120/120 119/119/119 141/141/141
f 119/119/119 140/140/140 141/141/141
f 121/121/121 120/120/120 142/142/142
f 120/120/120 141/141/141 142/142/142
f 122/122/122 121/121/121 143/143/143
f 121/121/121 142/142/142 143/143/143
f 123/123/123 122/122/122 144/144/144
f 122/122/122 143/143/143 144/144/144
f 124/124/124 123/123/123 145/145/145
f 123/123/123 144/144/144 145/145/145
f 125/125/125 124/124/124 146/146/146
f 124/124/124 145/145/145 146/146/146
f 126/126/126 125/125/125 147/147/147
f 125/125/125 146/146/146 147/147/147
f 128/128/128 127/127/127 149/149/149
f 127/127/127 148/148/148 149/149/149
f 129/129/129 128/128/128 150/150/150
f 128/128/128 149/149/149 150/150/150
f 130/130/130 129/129/129 151/151/151
f 129/129/129 150/150/150 151/151/151
f 131/131/131 130/130/130 152/152/152
f 130/130/130 151/151/151 152/152/152
f 132/132/132 131/131/131 153/153/153
f 131/131/131 152/152/152 153/153/153
f 133/133/133 132/132/132 154/154/154
f 132/132/132 153/153/153 154/154/154
f 134/134/134 133/133/133 155/155/155
f 133/133/133 154/154/154 155/155/155
f 135/135/135 134/134/134 156/156/156
f 134/134/134 155/155/155 156/156/156
f 136/136/136 135/135/135 157/157/157
f 135/135/135 156/156/156 157/157/157
f 137/137/137 136/136/136 158/158/158
f 136/136/136 157/157/157 158/158/158
f 138/138/138 137/137/137 159/159/159
f 137/137/137 158/158/158 159/159/159
f 139/139/139 138/138/138 160/160/160
f 138/138/138 159/159/159 160/160/160
f 140/140/140 139/139/139 161/161/161
f 139/139/139 160/160/160 161/161/161
f 141/141/141 140/140/140 162/162/162
f 140/140/140 161/161/161 162/162/162
f 142/142/142 141/141/141 163/163/163
f 141/141/141 162/162/162 163/163/163
f 143/143/143 142/142/142 164/164/164
f 142/142/142 163/163/163 164/164/164
f 144/144/144 143/143/143 165/165/165
f 143/143/143 164/164/164 165/165/165
f 145/145/145 144/144/144 166/166/166
f 144/144/144 165/165/165 166/166/166
f 146/146/146 145/145/145 167/167/167
f 145/145/145 166/166/166 167/167/167
f 147/147/147 146/146/146 168/168/168
f 146/146/146 167/167/167 168/168/168
f 149/149/149 148/148/148 170/170/170
f 148/148/148 169/169/169 170/170/170
f 150/150/150 149/149/149 171/171/171
f 149/149/149 170/170/170 171/171/171
f 151/151/151 150/150/150 172/172/172
f 150/150/150 171/171/171 172/172/172
f 152/152/152 151/151/151 173/173/173
f 151/151/151 172/172/172 173/173/173
f 153/153/153 152/152/152 174/174/174
f 152/152/152 173/173/173 174/174/174
f 154/154/154 153/153/153 175/175/175
f 153/153/153 174/174/174 175/175/175
f 155/155/155 154/154/154 176/176/176
f 154/154/154 175/175/175 176/176/176
f 156/156/156 155/155/155 177/177/177
f 155/155/155 176/176/176 177/177/177
f 157/157/157 156/156/156 178/178/178
f 156/156/156 177/177/177 178/178/178
f 158/158/158 157/157/157 179/179/179
f 157/157/157 178/178/178 179/179/179
f 159/159/159 158/158/158 180/180/180
f 158/158/158 179/179/179 180/180/180
f 160/160/160 159/159/159 181/181/181
f 159/159/159 180/180/180 181/181/181
f 161/161/161 160/160/160 182/182/182
f 160/160/160 181/181/181 182/182/182
f 162/162/162 161/161/161 183/183/183
f 161/161/161 182/182/182 183/183/183
f 163/163/163 162/162/162 184/184/184
f 162/162/162 183/183/183 184/184/184
f 164/164/164 163/163/163 185/185/185
f 163/163/163 184/184/184 185/185/185
f 165/165/165 164/164/164 186/186/186
f 164/164/164 185/185/185 186/186/186
f 166/166/166 165/165/165 187/187/187
f 165/165/165 186/186/186 187/187/187
f 167/167/167 166/166/166 188/188/188
f 166/166/166 187/187/187 188/188/188
f 168/168/168 167/167/167 189/189/189
f 167/167/167 188/188/188 189/189/189
f 170/170/170 169/169/169 191/191/191
f 169/169/169 190/190/190 191/191/191
f 171/171/171 170/170/170 192/192/192
f 170/170/170 191/191/191 192/192/192
f 172/172/172 171/171/171 193/193/193
f 171/171/171 192/192/192 193/193/193
f 173/173/173 172/172/172 194/194/194
f 172/172/172 193/193/193 194/194/194
f 174/174/174 173/173/173 195/195/195
f 173/173/173 194/194/194 195/195/195
f 175/175/175 174/174/174 196/196/196
f 174/174/174 195/195/195 196/196/196
f 176/176/176 175/175/175 197/197/197
f 175/175/175 196/196/196 197/197/197
f 177/177/177 176/176/176 198/198/198
f 176/176/176 197/197/197 198/198/198
f 178/178/178 177/177/177 199/199/199
f 177/177/177 198/198/198 199/199/199
f 179/179/179 178/178/178 200/200/200
f 178/178/178 199/199/199 200/200/200
f 180/180/180 179/179/179 201/201/201
f 179/179/179 200/200/200 201/201/201
f 181/181/181 180/180/180 202/202/202
f 180/180/180 201/201/201 202/202/202
f 182/182/182 181/181/181 203/203/203
f 181/181/181 202/202/202 203/203/203
f 183/183/183 182/182/182 204/204/204
f 182/182/182 203/203/203 204/204/204
f 184/184/184 183/183/183 205/205/205
f 183/183/183 204/204/204 205/205/205
f 185/185/185 184/184/184 206/206/206
f 184/184/184 205/205/205 206/206/206
f 186/186/186 185/185/185 207/207/207
f 185/185/185 206/206/206 207/207/207
f 187/187/187 186/186/186 208/208/208
f 186/186/186 207/207/207 208/208/208
f 188/188/188 187/187/187 209/209/209
f 187/187/187 208/208/208 209/209/209
f 189/189/189 188/188/188 210/210/210
f 188/188/188 209/209/209 210/210/210
f 191/191/191 190/190/190 212/212/212
f 190/190/190 211/211/211 212/212/212
f 192/192/192 191/191/191 213/213/213
f 191/191/191 212/212/212 213/213/213
f 193/193/193 192/192/192 214/214/214
f 192/192/192 213/213/213 214/214/214
f 194/194/194 193/193/193 215/215/215
f 193/193/193 214/214/214 215/215/215
f 195/195/195 194/194/194 216/216/216
f 194/194/194 215/215/215 216/216/216
f 196/196/196 195/195/195 217/217/217
f 195/195/195 216/216/216 217/217/217
f 197/197/197 196/196/196 218/218/218
f 196/196/196 217/217/217 218/218/218
f 198/198/198 197/197/197 219/219/219
f 197/197/197 218/218/218 219/219/219
f 199/199/199 198/198/198 220/220/220
f 198/198/198 219/219/219 220/220/220
f 200/200/200 199/199/199 221/221/221
f 199/199/199 220/220/220 221/221/221
f 201/201/201 200/200/200 222/222/222
f 200/200/200 221/221/221 222/222/222
f 202/202/202 201/201/201 223/223/223
f 201/201/201 222/222/222 223/223/223
f 203/203/203 202/202/202 224/224/224
f 202/202/202 223/223/223 224/224/224
f 204/204/204 203/203/203 225/225/225
f 203/203/203 224/224/224 225/225/225
f 205/205/205 204/204/204 226/226/226
f 204/204/204 225/225/225 226/226/226
f 206/206/206 205/205/205 227/227/227
f 205/205/205 226/226/226 227/227/227
f 207/207/207 206/206/206 228/228/228
f 206/206/206 227/227/227 228/228/228
f 208/208/208 207/207/207 229/229/229
f 207/207/207 228/228/228 229/229/229
f 209/209/209 208/208/208 230/230/230
f 208/208/208 229/229/229 230/230/230
f 210/210/210 209/209/209 231/231/231
f 209/209/209 230/230/230 231/231/231
f 212/212/212 211/211/211 233/233/233
f 211/211/211 232/232/232 233/233/233
f 213/213/213 212/212/212 234/234/234
f 212/212/212 233/233/233 234/234/234
f 214/214/214 213/213/213 235/235/235
f 213/213/213 234/234/234 235/235/235
f 215/215/215 214/214/214 236/236/236
f 214/214/214 235/235/235 236/236/236
f 216/216/216 215/215/215 237/237/237
f 215/215/215 236/236/236 237/237/237
f 217/217/217 216/216/216 238/238/238
f 216/216/216 237/237/237 238/238/238
f 218/218/218 217/217/217 239/239/239
f 217/217/217 238/238/238 239/239/239
f 219/219/219 218/218/218 240/240/240
f 218/218/218 239/239/239 240/240/240
f 220/220/220 219/219/219 241/241/241
f 219/219/219 240/240/240 241/241/241
f 221/221/221 220/220/220 242/242/242
f 220/220/220 241/241/241 242/242/242
f 222/222/222 221/221/221 243/243/243
f 221/221/221 242/242/242 243/243/243
f 223/223/223 222/222/222 244/244/244
f 222/222/222 243/243/243 244/244/244
f 224/224/224 223/223/223 245/245/245
f 223/223/223 244/244/244 245/245/245
f 225/225/225 224/224/224 246/246/246
f 224/224/224 245/245/245 246/246/246
f 226/226/226 225/225/225 247/247/247
f 225/225/225 246/246/246 247/247/247
f 227/227/227 226/226/226 248/248/248
f 226/226/226 247/247/247 248/248/248
f 228/228/228 227/227/227 249/249/249
f 227/227/227 248/248/248 249/249/249
f 229/229/229 228/228/228 250/250/250
f 228/228/228 249/249/249 250/250/250
f 230/230/230 229/229/229 251/251/251
f 229/229/229 250/250/250 251/251/251
f 231/231/231 230/230/230 252/252/252
f 230/230/230 251/251/251 252/252/252
f 233/233/233 232/232/232 254/254/254
f 232/232/232 253/253/253 254/254/254
f 234/234/234 233/233/233 255/255/255
f 233/233/233 254/254/254 255/255/255
f 235/235/235 234/234/234 256/256/256
f 234/234/234 255/255/255 256/256/256
f 236/236/236 235/235/235 257/257/257
f 235/235/235 256/256/256 257/257/257
f 237/237/237 236/236/236 258/258/258
f 236/236/236 257/257/257 258/258/258
f 238/238/238 237/237/237 259/259/259
f 237/237/237 258/258/258 259/259/259
f 239/239/239 238/238/238 260/260/260
f 238/238/238 259/259/259 260/260/260
f 240/240/240 239/239/239 261/261/261
f 239/239/239 260/260/260 261/261/261
f 241/241/241 240/240/240 262/262/262
f 240/240/240 261/261/261 262/262/262
f 242/242/242 241/241/241 263/263/263
f 241/241/241 262/262/262 263/263/263
f 243/243/243 242/242/242 264/264/264
f 242/242/242 263/263/263 264/264/264
f 244/244/244 243/243/243 265/265/265
f 243/243/243 264/264/264 265/265/265
f 245/245/245 244/244/244 266/266/266
f 244/244/244 265/265/265 266/266/266
f 246/246/246 245/245/245 267/267/267
f 245/245/245 266/266/266 267/267/267
f 247/247/247 246/246/246 268/268/268
f 246/246/246 267/267/267 268/268/268
f 248/248/248 247/247/247 269/269/269
f 247/247/247 268/268/268 269/269/269
f 249/249/249 248/248/248 270/270/270
f 248/248/248 269/269/269 270/270/270
f 250/250/250 249/249/249 271/271/271
f 249/249/249 270/270/270 271/271/271
f 251/251/251 250/250/250 272/272/272
f 250/250/250 271/271/271 272/272/272
f 252/252/252 251/251/251 273/273/273
f 251/251/251 272/272/272 273/273/273
f 254/254/254 253/253/253 275/275/275
f 253/253/253 274/274/274 275/275/275
f 255/255/255 254/254/254 276/276/276
f 254/254/254 275/275/275 276/276/276
f 256/256/256 255/255/255 277/277/277
f 255/255/255 276/276/276 277/277/277
f 257/257/257 256/256/256 278/278/278
f 256/256/256 277/277/277 278/278/278
f 258/258/258 257/257/257 279/279/279
f 257/257/257 278/278/278 279/279/279
f 259/259/259 258/258/258 280/280/280
f 258/258/258 279/279/279 280/280/280
f 260/260/260 259/259/259 281/281/281
f 259/259/259 280/280/280 281/281/281
f 261/261/261 260/260/260 282/282/282
f 260/260/260 281/281/281 282/282/282
f 262/262/262 261/261/261 283/283/283
f 261/261/261 282/282/282 283/283/283
f 263/263/263 262/262/262 284/284/284
f 262/262/262 283/283/283 284/284/284
f 264/264/264 263/263/263 285/285/285
f 263/263/263 284/284/284 285/285/285
f 265/265/265 264/264/264 286/286/286
f 264/264/264 285/285/285 286/286/286
f 266/266/266 265/265/265 287/287/287
f 265/265/265 286/286/286 287/287/287
f 267/267/267 266/266/266 288/288/288
f 266/266/266 287/287/287 288/288/288
f 268/268/268 267/267/267 289/289/289
f 267/267/267 288/288/288 289/289/289
f 269/269/269 268/268/268 290/290/290
f 268/268/268 289/289/289 290/290/290
f 270/270/270 269/269/269 291/291/291
f 269/269/269 290/290/290 291/291/291
f 271/271/271 270/270/270 292/292/292
f 270/270/270 291/291/291 292/292/292
f 272/272/272 271/271/271 293/293/293
f 271/271/271 292/292/292 293/293/293
f 273/273/273 272/272/272 294/294/294
f 272/272/272 293/293/293 294/294/294
f 275/275/275 274/274/274 296/296/296
f 276/276/276 275/275/275 297/297/297
f 277/277/277 276/276/276 298/298/298
f 278/278/278 277/277/277 299/299/299
f 279/279/279 278/278/278 300/300/300
f 280/280/280 279/279/279 301/301/301
f 281/281/281 280/280/280 302/302/302
f 282/282/282 281/281/281 303/303/303
f 283/283/283 282/282/282 304/304/304
f 284/284/284 283/283/283 305/305/305
f 285/285/285 284/284/284 306/306/306
f 286/286/286 285/285/285 307/307/307
f 287/287/287 286/286/286 308/308/308
f 288/288/288 287/287/287 309/309/309
f 289/289/289 288/288/288 310/310/310
f 290/290/290 289/289/289 311/311/311
f 291/291/291 290/290/290 312/312/312
f 292/292/292 291/291/291 313/313/313
f 293/293/293 292/292/292 314/314/314
f 294/294/294 293/293/293 315/315/315
o 
v 0 8.992806525933548e-17 0.4050000011920929
v 0 8.992806525933548e-17 0.4050000011920929
v 0 8.992806525933548e-17 0.4050000011920929
v 0 8.992806525933548e-17 0.4050000011920929
v 0 8.992806525933548e-17 0.4050000011920929
v 0 8.992806525933548e-17 0.4050000011920929
v 0 8.992806525933548e-17 0.4050000011920929
v 0 8.992806525933548e-17 0.4050000011920929
v 0 8.992806525933548e-17 0.4050000011920929
v 0 8.992806525933548e-17 0.4050000011920929
v 0 8.992806525933548e-17 0.4050000011920929
v 0 8.992806525933548e-17 0.4050000011920929
v 0 8.992806525933548e-17 0.4050000011920929
v 0 8.992806525933548e-17 0.4050000011920929
v 0 8.992806525933548e-17 0.4050000011920929
v 0 8.992806525933548e-17 0.4050000011920929
v 0 8.992806525933548e-17 0.4050000011920929
v 0 8.992806525933548e-17 0.4050000011920929
v 0 8.992806525933548e-17 0.4050000011920929
v 0 8.992806525933548e-17 0.4050000011920929
v 0 8.992806525933548e-17 0.4050000011920929
v 0 8.992806525933548e-17 0.4050000011920929
v 0 8.992806525933548e-17 0.4050000011920929
v 0 8.992806525933548e-17 0.4050000011920929
v 0 8.992806525933548e-17 0.4050000011920929
v -0.037073031067848206 8.955050694054177e-17 0.40329962968826294
v -0.035809796303510666 -0.009595206007361412 0.40329962968826294
v -0.0321061871945858 -0.018536515533924103 0.40329962968826294
v -0.026214590296149254 -0.026214590296149254 0.40329962968826294
v -0.018536515533924103 -0.0321061871945858 0.40329962968826294
v -0.009595206007361412 -0.035809796303510666 0.40329962968826294
v -2.2700683577713793e-18 -0.037073031067848206 0.40329962968826294
v 0.009595206007361412 -0.035809796303510666 0.40329962968826294
v 0.018536515533924103 -0.0321061871945858 0.40329962968826294
v 0.026214590296149254 -0.026214590296149254 0.40329962968826294
v 0.0321061871945858 -0.018536515533924103 0.40329962968826294
v 0.035809796303510666 -0.009595206007361412 0.40329962968826294
v 0.037073031067848206 8.501037063858932e-17 0.40329962968826294
v 0.035809796303510666 0.009595206007361412 0.40329962968826294
v 0.0321061871945858 0.018536515533924103 0.40329962968826294
v 0.026214590296149254 0.026214590296149254 0.40329962968826294
v 0.018536515533924103 0.0321061871945858 0.40329962968826294
v 0.009595206007361412 0.035809796303510666 0.40329962968826294
v 6.810204866518985e-18 0.037073031067848206 0.40329962968826294
v -0.009595206007361412 0.035809796303510666 0.40329962968826294
v -0.018536515533924103 0.0321061871945858 0.40329962968826294
v -0.026214590296149254 0.026214590296149254 0.40329962968826294
v -0.0321061871945858 0.018536515533924103 0.40329962968826294
v -0.035809796303510666 0.009595206007361412 0.40329962968826294
v -0.037073031067848206 9.863077954444668e-17 0.40329962968826294
v -0.07383476197719574 8.842100174026796e-17 0.3982127904891968
v -0.07131890207529068 -0.01910984143614769 0.3982127904891968
v -0.06394277513027191 -0.03691738098859787 0.3982127904891968
v -0.05220906063914299 -0.05220906063914299 0.3982127904891968
v -0.03691738098859787 -0.06394277513027191 0.3982127904891968
v -0.01910984143614769 -0.07131890207529068 0.3982127904891968
v -4.521075165507087e-18 -0.07383476197719574 0.3982127904891968
v 0.01910984143614769 -0.07131890207529068 0.3982127904891968
v 0.03691738098859787 -0.06394277513027191 0.3982127904891968
v 0.05220906063914299 -0.05220906063914299 0.3982127904891968
v 0.06394277513027191 -0.03691738098859787 0.3982127904891968
v 0.07131890207529068 -0.01910984143614769 0.3982127904891968
v 0.07383476197719574 7.93788522364344e-17 0.3982127904891968
v 0.07131890207529068 0.01910984143614769 0.3982127904891968
v 0.06394277513027191 0.03691738098859787 0.3982127904891968
v 0.05220906063914299 0.05220906063914299 0.3982127904891968
v 0.03691738098859787 0.06394277513027191 0.3982127904891968
v 0.01910984143614769 0.07131890207529068 0.3982127904891968
v 1.3563225910111566e-17 0.07383476197719574 0.3982127904891968
v -0.01910984143614769 0.07131890207529068 0.3982127904891968
v -0.03691738098859787 0.06394277513027191 0.3982127904891968
v -0.05220906063914299 0.05220906063914299 0.3982127904891968
v -0.06394277513027191 0.03691738098859787 0.3982127904891968
v -0.07131890207529068 0.01910984143614769 0.3982127904891968
v -0.07383476197719574 1.0650530074793508e-16 0.3982127904891968
v -0.10997650772333145 8.654903245705636e-17 0.389782190322876
v -0.10622914880514145 -0.02846401557326317 0.389782190322876
v -0.0952424481511116 -0.054988253861665726 0.389782190322876
v -0.07776513695716858 -0.07776513695716858 0.389782190322876
v -0.054988253861665726 -0.0952424481511116 0.389782190322876
v -0.02846401557326317 -0.10622914880514145 0.389782190322876
v -6.734119139415132e-18 -0.10997650772333145 0.389782190322876
v 0.02846401557326317 -0.10622914880514145 0.389782190322876
v 0.054988253861665726 -0.0952424481511116 0.389782190322876
v 0.07776513695716858 -0.07776513695716858 0.389782190322876
v 0.0952424481511116 -0.054988253861665726 0.389782190322876
v 0.10622914880514145 -0.02846401557326317 0.389782190322876
v 0.10997650772333145 7.308079169668426e-17 0.389782190322876
v 0.10622914880514145 0.02846401557326317 0.389782190322876
v 0.0952424481511116 0.054988253861665726 0.389782190322876
v 0.07776513695716858 0.07776513695716858 0.389782190322876
v 0.054988253861665726 0.0952424481511116 0.389782190322876
v 0.02846401557326317 0.10622914880514145 0.389782190322876
v 2.0202357831835703e-17 0.10997650772333145 0.389782190322876
v -0.02846401557326317 0.10622914880514145 0.389782190322876
v -0.054988253861665726 0.0952424481511116 0.389782190322876
v -0.07776513695716858 0.07776513695716858 0.389782190322876
v -0.0952424481511116 0.054988253861665726 0.389782190322876
v -0.10622914880514145 0.02846401557326317 0.389782190322876
v -0.10997650772333145 1.1348551397780056e-16 0.389782190322876
v -0.14519479870796204 8.395032875743526e-17 0.3780786693096161
v -0.1402474045753479 -0.03757917881011963 0.3780786693096161
v -0.1257423758506775 -0.07259739935398102 0.3780786693096161
v -0.10266822576522827 -0.10266822576522827 0.3780786693096161
v -0.07259739935398102 -0.1257423758506775 0.3780786693096161
v -0.03757917881011963 -0.1402474045753479 0.3780786693096161
v -8.890617460239359e-18 -0.14519479870796204 0.3780786693096161
v 0.03757917881011963 -0.1402474045753479 0.3780786693096161
v 0.07259739935398102 -0.1257423758506775 0.3780786693096161
v 0.10266822576522827 -0.10266822576522827 0.3780786693096161
v 0.1257423758506775 -0.07259739935398102 0.3780786693096161
v 0.1402474045753479 -0.03757917881011963 0.3780786693096161
v 0.14519479870796204 6.616909549131777e-17 0.3780786693096161
v 0.1402474045753479 0.03757917881011963 0.3780786693096161
v 0.1257423758506775 0.07259739935398102 0.3780786693096161
v 0.10266822576522827 0.10266822576522827 0.3780786693096161
v 0.07259739935398102 0.1257423758506775 0.3780786693096161
v 0.03757917881011963 0.1402474045753479 0.3780786693096161
v 2.6671851553537465e-17 0.14519479870796204 0.3780786693096161
v -0.03757917881011963 0.1402474045753479 0.3780786693096161
v -0.07259739935398102 0.1257423758506775 0.3780786693096161
v -0.10266822576522827 0.10266822576522827 0.3780786693096161
v -0.1257423758506775 0.07259739935398102 0.3780786693096161
v -0.1402474045753479 0.03757917881011963 0.3780786693096161
v -0.14519479870796204 1.1951280190711515e-16 0.3780786693096161
v -0.1791938990354538 8.064669512235158e-17 0.36320042610168457
v -0.17308801412582397 -0.04637879505753517 0.36320042610168457
v -0.1551864743232727 -0.0895969495177269 0.36320042610168457
v -0.1267092227935791 -0.1267092227935791 0.36320042610168457
v -0.0895969495177269 -0.1551864743232727 0.36320042610168457
v -0.04637879505753517 -0.17308801412582397 0.36320042610168457
v -1.0972461490009756e-17 -0.1791938990354538 0.36320042610168457
v 0.04637879505753517 -0.17308801412582397 0.36320042610168457
v 0.0895969495177269 -0.1551864743232727 0.36320042610168457
v 0.1267092227935791 -0.1267092227935791 0.36320042610168457
v 0.1551864743232727 -0.0895969495177269 0.36320042610168457
v 0.17308801412582397 -0.04637879505753517 0.36320042610168457
v 0.1791938990354538 5.870177214233207e-17 0.36320042610168457
v 0.17308801412582397 0.04637879505753517 0.36320042610168457
v 0.1551864743232727 0.0895969495177269 0.36320042610168457
v 0.1267092227935791 0.1267092227935791 0.36320042610168457
v 0.0895969495177269 0.1551864743232727 0.36320042610168457
v 0.04637879505753517 0.17308801412582397 0.36320042610168457
v 3.291738447002927e-17 0.1791938990354538 0.36320042610168457
v -0.04637879505753517 0.17308801412582397 0.36320042610168457
v -0.0895969495177269 0.1551864743232727 0.36320042610168457
v -0.1267092227935791 0.1267092227935791 0.36320042610168457
v -0.1551864743232727 0.0895969495177269 0.36320042610168457
v -0.17308801412582397 0.04637879505753517 0.36320042610168457
v -0.1791938990354538 1.245365410823906e-16 0.36320042610168457
v -0.2116883248090744 7.666587849827278e-17 0.345272421836853
v -0.20447522401809692 -0.054788969457149506 0.345272421836853
v -0.18332746624946594 -0.1058441624045372 0.345272421836853
v -0.14968624711036682 -0.14968624711036682 0.345272421836853
v -0.1058441624045372 -0.18332746624946594 0.345272421836853
v -0.054788969457149506 -0.20447522401809692 0.345272421836853
v -1.296217166161216e-17 -0.2116883248090744 0.345272421836853
v 0.054788969457149506 -0.20447522401809692 0.345272421836853
v 0.1058441624045372 -0.18332746624946594 0.345272421836853
v 0.14968624711036682 -0.14968624711036682 0.345272421836853
v 0.18332746624946594 -0.1058441624045372 0.345272421836853
v 0.20447522401809692 -0.054788969457149506 0.345272421836853
v 0.2116883248090744 5.0741535175048464e-17 0.345272421836853
v 0.20447522401809692 0.054788969457149506 0.345272421836853
v 0.18332746624946594 0.1058441624045372 0.345272421836853
v 0.14968624711036682 0.14968624711036682 0.345272421836853
v 0.1058441624045372 0.18332746624946594 0.345272421836853
v 0.054788969457149506 0.20447522401809692 0.345272421836853
v 3.888651498483648e-17 0.2116883248090744 0.345272421836853
v -0.054788969457149506 0.20447522401809692 0.345272421836853
v -0.1058441624045372 0.18332746624946594 0.345272421836853
v -0.14968624711036682 0.14968624711036682 0.345272421836853
v -0.18332746624946594 0.1058441624045372 0.345272421836853
v -0.20447522401809692 0.054788969457149506 0.345272421836853
v -0.2116883248090744 1.2851456514472142e-16 0.345272421836853
vt 0.02083333395421505 1
vt 0.0625 1
vt 0.1041666641831398 1
vt 0.1458333283662796 1
vt 0.1875 1
vt 0.2291666716337204 1
vt 0.2708333432674408 1
vt 0.3125 1
vt 0.3541666567325592 1
vt 0.3958333432674408 1
vt 0.4375 1
vt 0.4791666567325592 1
vt 0.5208333134651184 1
vt 0.5625 1
vt 0.6041666865348816 1
vt 0.6458333134651184 1
vt 0.6875 1
vt 0.7291666865348816 1
vt 0.7708333134651184 1
vt 0.8125 1
vt 0.8541666865348816 1
vt 0.8958333134651184 1
vt 0.9375 1
vt 0.9791666865348816 1
vt 1.0208333730697632 1
vt 0 0.8333333134651184
vt 0.0416666679084301 0.8333333134651184
vt 0.0833333358168602 0.8333333134651184
vt 0.125 0.8333333134651184
vt 0.1666666716337204 0.8333333134651184
vt 0.2083333283662796 0.8333333134651184
vt 0.25 0.8333333134651184
vt 0.2916666567325592 0.8333333134651184
vt 0.3333333432674408 0.8333333134651184
vt 0.375 0.8333333134651184
vt 0.4166666567325592 0.8333333134651184
vt 0.4583333432674408 0.8333333134651184
vt 0.5 0.8333333134651184
vt 0.5416666865348816 0.8333333134651184
vt 0.5833333134651184 0.8333333134651184
vt 0.625 0.8333333134651184
vt 0.6666666865348816 0.8333333134651184
vt 0.7083333134651184 0.8333333134651184
vt 0.75 0.8333333134651184
vt 0.7916666865348816 0.8333333134651184
vt 0.8333333134651184 0.8333333134651184
vt 0.875 0.8333333134651184
vt 0.9166666865348816 0.8333333134651184
vt 0.9583333134651184 0.8333333134651184
vt 1 0.8333333134651184
vt 0 0.6666666865348816
vt 0.0416666679084301 0.6666666865348816
vt 0.0833333358168602 0.6666666865348816
vt 0.125 0.6666666865348816
vt 0.1666666716337204 0.6666666865348816
vt 0.2083333283662796 0.6666666865348816
vt 0.25 0.6666666865348816
vt 0.2916666567325592 0.6666666865348816
vt 0.3333333432674408 0.6666666865348816
vt 0.375 0.6666666865348816
vt 0.4166666567325592 0.6666666865348816
vt 0.4583333432674408 0.6666666865348816
vt 0.5 0.6666666865348816
vt 0.5416666865348816 0.6666666865348816
vt 0.5833333134651184 0.6666666865348816
vt 0.625 0.6666666865348816
vt 0.6666666865348816 0.6666666865348816
vt 0.7083333134651184 0.6666666865348816
vt 0.75 0.6666666865348816
vt 0.7916666865348816 0.6666666865348816
vt 0.8333333134651184 0.6666666865348816
vt 0.875 0.6666666865348816
vt 0.9166666865348816 0.6666666865348816
vt 0.9583333134651184 0.6666666865348816
vt 1 0.6666666865348816
vt 0 0.5
vt 0.0416666679084301 0.5
vt 0.0833333358168602 0.5
vt 0.125 0.5
vt 0.1666666716337204 0.5
vt 0.2083333283662796 0.5
vt 0.25 0.5
vt 0.2916666567325592 0.5
vt 0.3333333432674408 0.5
vt 0.375 0.5
vt 0.4166666567325592 0.5
vt 0.4583333432674408 0.5
vt 0.5 0.5
vt 0.5416666865348816 0.5
vt 0.5833333134651184 0.5
vt 0.625 0.5
vt 0.6666666865348816 0.5
vt 0.7083333134651184 0.5
vt 0.75 0.5
vt 0.7916666865348816 0.5
vt 0.8333333134651184 0.5
vt 0.875 0.5
vt 0.9166666865348816 0.5
vt 0.9583333134651184 0.5
vt 1 0.5
vt 0 0.3333333432674408
vt 0.0416666679084301 0.3333333432674408
vt 0.0833333358168602 0.3333333432674408
vt 0.125 0.3333333432674408
vt 0.1666666716337204 0.3333333432674408
vt 0.2083333283662796 0.3333333432674408
vt 0.25 0.3333333432674408
vt 0.2916666567325592 0.3333333432674408
vt 0.3333333432674408 0.3333333432674408
vt 0.375 0.3333333432674408
vt 0.4166666567325592 0.3333333432674408
vt 0.4583333432674408 0.3333333432674408
vt 0.5 0.3333333432674408
vt 0.5416666865348816 0.3333333432674408
vt 0.5833333134651184 0.3333333432674408
vt 0.625 0.3333333432674408
vt 0.6666666865348816 0.3333333432674408
vt 0.7083333134651184 0.3333333432674408
vt 0.75 0.3333333432674408
vt 0.7916666865348816 0.3333333432674408
vt 0.8333333134651184 0.3333333432674408
vt 0.875 0.3333333432674408
vt 0.9166666865348816 0.3333333432674408
vt 0.9583333134651184 0.3333333432674408
vt 1 0.3333333432674408
vt 0 0.1666666716337204
vt 0.0416666679084301 0.1666666716337204
vt 0.0833333358168602 0.1666666716337204
vt 0.125 0.1666666716337204
vt 0.1666666716337204 0.1666666716337204
vt 0.2083333283662796 0.1666666716337204
vt 0.25 0.1666666716337204
vt 0.2916666567325592 0.1666666716337204
vt 0.3333333432674408 0.1666666716337204
vt 0.375 0.1666666716337204
vt 0.4166666567325592 0.1666666716337204
vt 0.4583333432674408 0.1666666716337204
vt 0.5 0.1666666716337204
vt 0.5416666865348816 0.1666666716337204
vt 0.5833333134651184 0.1666666716337204
vt 0.625 0.1666666716337204
vt 0.6666666865348816 0.1666666716337204
vt 0.7083333134651184 0.1666666716337204
vt 0.75 0.1666666716337204
vt 0.7916666865348816 0.1666666716337204
vt 0.8333333134651184 0.1666666716337204
vt 0.875 0.1666666716337204
vt 0.9166666865348816 0.1666666716337204
vt 0.9583333134651184 0.1666666716337204
vt 1 0.1666666716337204
vt 0 0
vt 0.0416666679084301 0
vt 0.0833333358168602 0
vt 0.125 0
vt 0.1666666716337204 0
vt 0.2083333283662796 0
vt 0.25 0
vt 0.2916666567325592 0
vt 0.3333333432674408 0
vt 0.375 0
vt 0.4166666567325592 0
vt 0.4583333432674408 0
vt 0.5 0
vt 0.5416666865348816 0
vt 0.5833333134651184 0
vt 0.625 0
vt 0.6666666865348816 0
vt 0.7083333134651184 0
vt 0.75 0
vt 0.7916666865348816 0
vt 0.8333333134651184 0
vt 0.875 0
vt 0.9166666865348816 0
vt 0.9583333134651184 0
vt 1 0
vn 0 2.220446049250313e-16 1
vn 0 2.220446049250313e-16 1
vn 0 2.220446049250313e-16 1
vn 0 2.220446049250313e-16 1
vn 0 2.220446049250313e-16 1
vn 0 2.220446049250313e-16 1
vn 0 2.220446049250313e-16 1
vn 0 2.220446049250313e-16 1
vn 0 2.220446049250313e-16 1
vn 0 2.220446049250313e-16 1
vn 0 2.220446049250313e-16 1
vn 0 2.220446049250313e-16 1
vn 0 2.220446049250313e-16 1
vn 0 2.220446049250313e-16 1
vn 0 2.220446049250313e-16 1
vn 0 2.220446049250313e-16 1
vn 0 2.220446049250313e-16 1
vn 0 2.220446049250313e-16 1
vn 0 2.220446049250313e-16 1
vn 0 2.220446049250313e-16 1
vn 0 2.220446049250313e-16 1
vn 0 2.220446049250313e-16 1
vn 0 2.220446049250313e-16 1
vn 0 2.220446049250313e-16 1
vn 0 2.220446049250313e-16 1
vn -0.09153834584288144 2.2111236222820394e-16 0.9958015521379494
vn -0.08841924975544305 -0.0236918661748247 0.9958015523937682
vn -0.07927453390764336 -0.0457691729178358 0.9958015520595171
vn -0.06472737988265242 -0.06472737988265242 0.9958015528141406
vn -0.0457691729178358 -0.07927453390764336 0.9958015520595171
vn -0.0236918661748247 -0.08841924975544305 0.9958015523937682
vn -5.605106849326824e-18 -0.09153834584288144 0.9958015521379494
vn 0.0236918661748247 -0.08841924975544305 0.9958015523937682
vn 0.0457691729178358 -0.07927453390764336 0.9958015520595171
vn 0.06472737988265242 -0.06472737988265242 0.9958015528141406
vn 0.07927453390764336 -0.0457691729178358 0.9958015520595171
vn 0.08841924975544305 -0.0236918661748247 0.9958015523937682
vn 0.09153834584288144 2.099021460480085e-16 0.9958015521379494
vn 0.08841924975544305 0.0236918661748247 0.9958015523937682
vn 0.07927453390764336 0.0457691729178358 0.9958015520595171
vn 0.06472737988265242 0.06472737988265242 0.9958015528141406
vn 0.0457691729178358 0.07927453390764336 0.9958015520595171
vn 0.0236918661748247 0.08841924975544305 0.9958015523937682
vn 1.681532096157077e-17 0.09153834584288144 0.9958015521379494
vn -0.0236918661748247 0.08841924975544305 0.9958015523937682
vn -0.0457691729178358 0.07927453390764336 0.9958015520595171
vn -0.06472737988265242 0.06472737988265242 0.9958015528141406
vn -0.07927453390764336 0.0457691729178358 0.9958015520595171
vn -0.08841924975544305 0.0236918661748247 0.9958015523937682
vn -0.09153834584288144 2.435327945885948e-16 0.9958015521379494
vn -0.18230805243341452 2.1832346213626901e-16 0.9832414627231377
vn -0.17609605620162655 -0.04718479628542888 0.9832414627087978
vn -0.15788340939681086 -0.09115402614770589 0.983241461978848
vn -0.12891125992547287 -0.12891125992547287 0.9832414627795424
vn -0.09115402614770589 -0.15788340939681086 0.983241461978848
vn -0.04718479628542888 -0.17609605620162655 0.9832414627087978
vn -1.1163149225943616e-17 -0.18230805243341452 0.9832414627231377
vn 0.04718479628542888 -0.17609605620162655 0.9832414627087978
vn 0.09115402614770589 -0.15788340939681086 0.983241461978848
vn 0.12891125992547287 -0.12891125992547287 0.9832414627795424
vn 0.15788340939681086 -0.09115402614770589 0.983241461978848
vn 0.17609605620162655 -0.04718479628542888 0.9832414627087978
vn 0.18230805243341452 1.9599716864746558e-16 0.9832414627231377
vn 0.17609605620162655 0.04718479628542888 0.9832414627087978
vn 0.15788340939681086 0.09115402614770589 0.983241461978848
vn 0.12891125992547287 0.12891125992547287 0.9832414627795424
vn 0.09115402614770589 0.15788340939681086 0.983241461978848
vn 0.04718479628542888 0.17609605620162655 0.9832414627087978
vn 3.3489446850650216e-17 0.18230805243341452 0.9832414627231377
vn -0.04718479628542888 0.17609605620162655 0.9832414627087978
vn -0.09115402614770589 0.15788340939681086 0.983241461978848
vn -0.12891125992547287 0.12891125992547287 0.9832414627795424
vn -0.15788340939681086 0.09115402614770589 0.983241461978848
vn -0.17609605620162655 0.04718479628542888 0.9832414627087978
vn -0.18230805243341452 2.6297607558365615e-16 0.9832414627231377
vn -0.27154693719391987 2.1370132276235878e-16 0.9624251975611411
vn -0.2622942091538925 -0.070281522123291 0.9624251947514505
vn -0.23516655529953737 -0.13577346828027614 0.9624251953163397
vn -0.19201268708304106 -0.19201268708304106 0.9624251950142932
vn -0.13577346828027614 -0.23516655529953737 0.9624251953163397
vn -0.070281522123291 -0.2622942091538925 0.9624251947514505
vn -1.662745405951469e-17 -0.27154693719391987 0.9624251975611411
vn 0.070281522123291 -0.2622942091538925 0.9624251947514505
vn 0.13577346828027614 -0.23516655529953737 0.9624251953163397
vn 0.19201268708304106 -0.19201268708304106 0.9624251950142932
vn 0.23516655529953737 -0.13577346828027614 0.9624251953163397
vn 0.2622942091538925 -0.070281522123291 0.9624251947514505
vn 0.27154693719391987 1.8044642456949702e-16 0.9624251975611411
vn 0.2622942091538925 0.070281522123291 0.9624251947514505
vn 0.23516655529953737 0.13577346828027614 0.9624251953163397
vn 0.19201268708304106 0.19201268708304106 0.9624251950142932
vn 0.13577346828027614 0.23516655529953737 0.9624251953163397
vn 0.070281522123291 0.2622942091538925 0.9624251947514505
vn 4.988236383290534e-17 0.27154693719391987 0.9624251975611411
vn -0.070281522123291 0.2622942091538925 0.9624251947514505
vn -0.13577346828027614 0.23516655529953737 0.9624251953163397
vn -0.19201268708304106 0.19201268708304106 0.9624251950142932
vn -0.23516655529953737 0.13577346828027614 0.9624251953163397
vn -0.2622942091538925 0.070281522123291 0.9624251947514505
vn -0.27154693719391987 2.8021115885275274e-16 0.9624251975611411
vn -0.35850567332103717 2.07284755501629e-16 0.9335275476367207
vn -0.34628988104629227 -0.09278809491502867 0.9335275505987941
vn -0.31047502702306573 -0.17925283625856628 0.9335275455434008
vn -0.25350180575338804 -0.25350180575338804 0.9335275405468995
vn -0.17925283625856628 -0.31047502702306573 0.9335275455434008
vn -0.09278809491502867 -0.34628988104629227 0.9335275505987941
vn -2.1952141390656415e-17 -0.35850567332103717 0.9335275476367207
vn 0.09278809491502867 -0.34628988104629227 0.9335275505987941
vn 0.17925283625856628 -0.31047502702306573 0.9335275455434008
vn 0.25350180575338804 -0.25350180575338804 0.9335275405468995
vn 0.31047502702306573 -0.17925283625856628 0.9335275455434008
vn 0.34628988104629227 -0.09278809491502867 0.9335275505987941
vn 0.35850567332103717 1.6338046941159367e-16 0.9335275476367207
vn 0.34628988104629227 0.09278809491502867 0.9335275505987941
vn 0.31047502702306573 0.17925283625856628 0.9335275455434008
vn 0.25350180575338804 0.25350180575338804 0.9335275405468995
vn 0.17925283625856628 0.31047502702306573 0.9335275455434008
vn 0.09278809491502867 0.34628988104629227 0.9335275505987941
vn 6.585642251760798e-17 0.35850567332103717 0.9335275476367207
vn -0.09278809491502867 0.34628988104629227 0.9335275505987941
vn -0.17925283625856628 0.31047502702306573 0.9335275455434008
vn -0.25350180575338804 0.25350180575338804 0.9335275405468995
vn -0.31047502702306573 0.17925283625856628 0.9335275455434008
vn -0.34628988104629227 0.09278809491502867 0.9335275505987941
vn -0.35850567332103717 2.9509331444680964e-16 0.9335275476367207
vn -0.4424540723361513 1.9912763996376944e-16 0.8967911651399983
vn -0.42737782098272853 -0.1145155432433233 0.8967911621373961
vn -0.3831764762602666 -0.22122703521332618 0.8967911612697169
vn -0.3128622780284401 -0.3128622780284401 0.8967911629658881
vn -0.22122703521332618 -0.3831764762602666 0.8967911612697169
vn -0.1145155432433233 -0.42737782098272853 0.8967911621373961
vn -2.7092497862498688e-17 -0.4424540723361513 0.8967911651399983
vn 0.1145155432433233 -0.42737782098272853 0.8967911621373961
vn 0.22122703521332618 -0.3831764762602666 0.8967911612697169
vn 0.3128622780284401 -0.3128622780284401 0.8967911629658881
vn 0.3831764762602666 -0.22122703521332618 0.8967911612697169
vn 0.42737782098272853 -0.1145155432433233 0.8967911621373961
vn 0.4424540723361513 1.44942650856217e-16 0.8967911651399983
vn 0.42737782098272853 0.1145155432433233 0.8967911621373961
vn 0.3831764762602666 0.22122703521332618 0.8967911612697169
vn 0.3128622780284401 0.3128622780284401 0.8967911629658881
vn 0.22122703521332618 0.3831764762602666 0.8967911612697169
vn 0.1145155432433233 0.42737782098272853 0.8967911621373961
vn 8.127749689621854e-17 0.4424540723361513 0.8967911651399983
vn -0.1145155432433233 0.42737782098272853 0.8967911621373961
vn -0.22122703521332618 0.3831764762602666 0.8967911612697169
vn -0.3128622780284401 0.3128622780284401 0.8967911629658881
vn -0.3831764762602666 0.22122703521332618 0.8967911612697169
vn -0.42737782098272853 0.1145155432433233 0.8967911621373961
vn -0.4424540723361513 3.0749763141376417e-16 0.8967911651399983
vn -0.5226872502271384 1.8929846779037148e-16 0.8525245090025229
vn -0.5048770922659175 -0.13528141427903845 0.8525245220260679
vn -0.4526604125808437 -0.2613436287365337 0.8525245208209328
vn -0.369595679644712 -0.369595679644712 0.8525245258500934
vn -0.2613436287365337 -0.4526604125808437 0.8525245208209328
vn -0.13528141427903845 -0.5048770922659175 0.8525245220260679
vn -3.200536122233504e-17 -0.5226872502271384 0.8525245090025229
vn 0.13528141427903845 -0.5048770922659175 0.8525245220260679
vn 0.2613436287365337 -0.4526604125808437 0.8525245208209328
vn 0.369595679644712 -0.369595679644712 0.8525245258500934
vn 0.4526604125808437 -0.2613436287365337 0.8525245208209328
vn 0.5048770922659175 -0.13528141427903845 0.8525245220260679
vn 0.5226872502271384 1.2528773872825658e-16 0.8525245090025229
vn 0.5048770922659175 0.13528141427903845 0.8525245220260679
vn 0.4526604125808437 0.2613436287365337 0.8525245208209328
vn 0.369595679644712 0.369595679644712 0.8525245258500934
vn 0.2613436287365337 0.4526604125808437 0.8525245208209328
vn 0.13528141427903845 0.5048770922659175 0.8525245220260679
vn 9.601608697572754e-17 0.5226872502271384 0.8525245090025229
vn -0.13528141427903845 0.5048770922659175 0.8525245220260679
vn -0.2613436287365337 0.4526604125808437 0.8525245208209328
vn -0.369595679644712 0.369595679644712 0.8525245258500934
vn -0.4526604125808437 0.2613436287365337 0.8525245208209328
vn -0.5048770922659175 0.13528141427903845 0.8525245220260679
vn -0.5226872502271384 3.17319899444822e-16 0.8525245090025229
f 316/316/316 341/341/341 342/342/342
f 317/317/317 342/342/342 343/343/343
f 318/318/318 343/343/343 344/344/344
f 319/319/319 344/344/344 345/345/345
f 320/320/320 345/345/345 346/346/346
f 321/321/321 346/346/346 347/347/347
f 322/322/322 347/347/347 348/348/348
f 323/323/323 348/348/348 349/349/349
f 324/324/324 349/349/349 350/350/350
f 325/325/325 350/350/350 351/351/351
f 326/326/326 351/351/351 352/352/352
f 327/327/327 352/352/352 353/353/353
f 328/328/328 353/353/353 354/354/354
f 329/329/329 354/354/354 355/355/355
f 330/330/330 355/355/355 356/356/356
f 331/331/331 356/356/356 357/357/357
f 332/332/332 357/357/357 358/358/358
f 333/333/333 358/358/358 359/359/359
f 334/334/334 359/359/359 360/360/360
f 335/335/335 360/360/360 361/361/361
f 336/336/336 361/361/361 362/362/362
f 337/337/337 362/362/362 363/363/363
f 338/338/338 363/363/363 364/364/364
f 339/339/339 364/364/364 365/365/365
f 342/342/342 341/341/341 367/367/367
f 341/341/341 366/366/366 367/367/367
f 343/343/343 342/342/342 368/368/368
f 342/342/342 367/367/367 368/368/368
f 344/344/344 343/343/343 369/369/369
f 343/343/343 368/368/368 369/369/369
f 345/345/345 344/344/344 370/370/370
f 344/344/344 369/369/369 370/370/370
f 346/346/346 345/345/345 371/371/371
f 345/345/345 370/370/370 371/371/371
f 347/347/347 346/346/346 372/372/372
f 346/346/346 371/371/371 372/372/372
f 348/348/348 347/347/347 373/373/373
f 347/347/347 372/372/372 373/373/373
f 349/349/349 348/348/348 374/374/374
f 348/348/348 373/373/373 374/374/374
f 350/350/350 349/349/349 375/375/375
f 349/349/349 374/374/374 375/375/375
f 351/351/351 350/350/350 376/376/376
f 350/350/350 375/375/375 376/376/376
f 352/352/352 351/351/351 377/377/377
f 351/351/351 376/376/376 377/377/377
f 353/353/353 352/352/352 378/378/378
f 352/352/352 377/377/377 378/378/378
f 354/354/354 353/353/353 379/379/379
f 353/353/353 378/378/378 379/379/379
f 355/355/355 354/354/354 380/380/380
f 354/354/354 379/379/379 380/380/380
f 356/356/356 355/355/355 381/381/381
f 355/355/355 380/380/380 381/381/381
f 357/357/357 356/356/356 382/382/382
f 356/356/356 381/381/381 382/382/382
f 358/358/358 357/357/357 383/383/383
f 357/357/357 382/382/382 383/383/383
f 359/359/359 358/358/358 384/384/384
f 358/358/358 383/383/383 384/384/384
f 360/360/360 359/359/359 385/385/385
f 359/359/359 384/384/384 385/385/385
f 361/361/361 360/360/360 386/386/386
f 360/360/360 385/385/385 386/386/386
f 362/362/362 361/361/361 387/387/387
f 361/361/361 386/386/386 387/387/387
f 363/363/363 362/362/362 388/388/388
f 362/362/362 387/387/387 388/388/388
f 364/364/364 363/363/363 389/389/389
f 363/363/363 388/388/388 389/389/389
f 365/365/365 364/364/364 390/390/390
f 364/364/364 389/389/389 390/390/390
f 367/367/367 366/366/366 392/392/392
f 366/366/366 391/391/391 392/392/392
f 368/368/368 367/367/367 393/393/393
f 367/367/367 392/392/392 393/393/393
f 369/369/369 368/368/368 394/394/394
f 368/368/368 393/393/393 394/394/394
f 370/370/370 369/369/369 395/395/395
f 369/369/369 394/394/394 395/395/395
f 371/371/371 370/370/370 396/396/396
f 370/370/370 395/395/395 396/396/396
f 372/372/372 371/371/371 397/397/397
f 371/371/371 396/396/396 397/397/397
f 373/373/373 372/372/372 398/398/398
f 372/372/372 397/397/397 398/398/398
f 374/374/374 373/373/373 399/399/399
f 373/373/373 398/398/398 399/399/399
f 375/375/375 374/374/374 400/400/400
f 374/374/374 399/399/399 400/400/400
f 376/376/376 375/375/375 401/401/401
f 375/375/375 400/400/400 401/401/401
f 377/377/377 376/376/376 402/402/402
f 376/376/376 401/401/401 402/402/402
f 378/378/378 377/377/377 403/403/403
f 377/377/377 402/402/402 403/403/403
f 379/379/379 378/378/378 404/404/404
f 378/378/378 403/403/403 404/404/404
f 380/380/380 379/379/379 405/405/405
f 379/379/379 404/404/404 405/405/405
f 381/381/381 380/380/380 406/406/406
f 380/380/380 405/405/405 406/406/406
f 382/382/382 381/381/381 407/407/407
f 381/381/381 406/406/406 407/407/407
f 383/383/383 382/382/382 408/408/408
f 382/382/382 407/407/407 408/408/408
f 384/384/384 383/383/383 409/409/409
f 383/383/383 408/408/408 409/409/409
f 385/385/385 384/384/384 410/410/410
f 384/384/384 409/409/409 410/410/410
f 386/386/386 385/385/385 411/411/411
f 385/385/385 410/410/410 411/411/411
f 387/387/387 386/386/386 412/412/412
f 386/386/386 411/411/411 412/412/412
f 388/388/388 387/387/387 413/413/413
f 387/387/387 412/412/412 413/413/413
f 389/389/389 388/388/388 414/414/414
f 388/388/388 413/413/413 414/414/414
f 390/390/390 389/389/389 415/415/415
f 389/389/389 414/414/414 415/415/415
f 392/392/392 391/391/391 417/417/417
f 391/391/391 416/416/416 417/417/417
f 393/393/393 392/392/392 418/418/418
f 392/392/392 417/417/417 418/418/418
f 394/394/394 393/393/393 419/419/419
f 393/393/393 418/418/418 419/419/419
f 395/395/395 394/394/394 420/420/420
f 394/394/394 419/419/419 420/420/420
f 396/396/396 395/395/395 421/421/421
f 395/395/395 420/420/420 421/421/421
f 397/397/397 396/396/396 422/422/422
f 396/396/396 421/421/421 422/422/422
f 398/398/398 397/397/397 423/423/423
f 397/397/397 422/422/422 423/423/423
f 399/399/399 398/398/398 424/424/424
f 398/398/398 423/423/423 424/424/424
f 400/400/400 399/399/399 425/425/425
f 399/399/399 424/424/424 425/425/425
f 401/401/401 400/400/400 426/426/426
f 400/400/400 425/425/425 426/426/426
f 402/402/402 401/401/401 427/427/427
f 401/401/401 426/426/426 427/427/427
f 403/403/403 402/402/402 428/428/428
f 402/402/402 427/427/427 428/428/428
f 404/404/404 403/403/403 429/429/429
f 403/403/403 428/428/428 429/429/429
f 405/405/405 404/404/404 430/430/430
f 404/404/404 429/429/429 430/430/430
f 406/406/406 405/405/405 431/431/431
f 405/405/405 430/430/430 431/431/431
f 407/407/407 406/406/406 432/432/432
f 406/406/406 431/431/431 432/432/432
f 408/408/408 407/407/407 433/433/433
f 407/407/407 432/432/432 433/433/433
f 409/409/409 408/408/408 434/434/434
f 408/408/408 433/433/433 434/434/434
f 410/410/410 409/409/409 435/435/435
f 409/409/409 434/434/434 435/435/435
f 411/411/411 410/410/410 436/436/436
f 410/410/410 435/435/435 436/436/436
f 412/412/412 411/411/411 437/437/437
f 411/411/411 436/436/436 437/437/437
f 413/413/413 412/412/412 438/438/438
f 412/412/412 437/437/437 438/438/438
f 414/414/414 413/413/413 439/439/439
f 413/413/413 438/438/438 439/439/439
f 415/415/415 414/414/414 440/440/440
f 414/414/414 439/439/439 440/440/440
f 417/417/417 416/416/416 442/442/442
f 416/416/416 441/441/441 442/442/442
f 418/418/418 417/417/417 443/443/443
f 417/417/417 442/442/442 443/443/443
f 419/419/419 418/418/418 444/444/444
f 418/418/418 443/443/443 444/444/444
f 420/420/420 419/419/419 445/445/445
f 419/419/419 444/444/444 445/445/445
f 421/421/421 420/420/420 446/446/446
f 420/420/420 445/445/445 446/446/446
f 422/422/422 421/421/421 447/447/447
f 421/421/421 446/446/446 447/447/447
f 423/423/423 422/422/422 448/448/448
f 422/422/422 447/447/447 448/448/448
f 424/424/424 423/423/423 449/449/449
f 423/423/423 448/448/448 449/449/449
f 425/425/425 424/424/424 450/450/450
f 424/424/424 449/449/449 450/450/450
f 426/426/426 425/425/425 451/451/451
f 425/425/425 450/450/450 451/451/451
f 427/427/427 426/426/426 452/452/452
f 426/426/426 451/451/451 452/452/452
f 428/428/428 427/427/427 453/453/453
f 427/427/427 452/452/452 453/453/453
f 429/429/429 428/428/428 454/454/454
f 428/428/428 453/453/453 454/454/454
f 430/430/430 429/429/429 455/455/455
f 429/429/429 454/454/454 455/455/455
f 431/431/431 430/430/430 456/456/456
f 430/430/430 455/455/455 456/456/456
f 432/432/432 431/431/431 457/457/457
f 431/431/431 456/456/456 457/457/457
f 433/433/433 432/432/432 458/458/458
f 432/432/432 457/457/457 458/458/458
f 434/434/434 433/433/433 459/459/459
f 433/433/433 458/458/458 459/459/459
f 435/435/435 434/434/434 460/460/460
f 434/434/434 459/459/459 460/460/460
f 436/436/436 435/435/435 461/461/461
f 435/435/435 460/460/460 461/461/461
f 437/437/437 436/436/436 462/462/462
f 436/436/436 461/461/461 462/462/462
f 438/438/438 437/437/437 463/463/463
f 437/437/437 462/462/462 463/463/463
f 439/439/439 438/438/438 464/464/464
f 438/438/438 463/463/463 464/464/464
f 440/440/440 439/439/439 465/465/465
f 439/439/439 464/464/464 465/465/465
f 442/442/442 441/441/441 467/467/467
f 441/441/441 466/466/466 467/467/467
f 443/443/443 442/442/442 468/468/468
f 442/442/442 467/467/467 468/468/468
f 444/444/444 443/443/443 469/469/469
f 443/443/443 468/468/468 469/469/469
f 445/445/445 444/444/444 470/470/470
f 444/444/444 469/469/469 470/470/470
f 446/446/446 445/445/445 471/471/471
f 445/445/445 470/470/470 471/471/471
f 447/447/447 446/446/446 472/472/472
f 446/446/446 471/471/471 472/472/472
f 448/448/448 447/447/447 473/473/473
f 447/447/447 472/472/472 473/473/473
f 449/449/449 448/448/448 474/474/474
f 448/448/448 473/473/473 474/474/474
f 450/450/450 449/449/449 475/475/475
f 449/449/449 474/474/474 475/475/475
f 451/451/451 450/450/450 476/476/476
f 450/450/450 475/475/475 476/476/476
f 452/452/452 451/451/451 477/477/477
f 451/451/451 476/476/476 477/477/477
f 453/453/453 452/452/452 478/478/478
f 452/452/452 477/477/477 478/478/478
f 454/454/454 453/453/453 479/479/479
f 453/453/453 478/478/478 479/479/479
f 455/455/455 454/454/454 480/480/480
f 454/454/454 479/479/479 480/480/480
f 456/456/456 455/455/455 481/481/481
f 455/455/455 480/480/480 481/481/481
f 457/457/457 456/456/456 482/482/482
f 456/456/456 481/481/481 482/482/482
f 458/458/458 457/457/457 483/483/483
f 457/457/457 482/482/482 483/483/483
f 459/459/459 458/458/458 484/484/484
f 458/458/458 483/483/483 484/484/484
f 460/460/460 459/459/459 485/485/485
f 459/459/459 484/484/484 485/485/485
f 461/461/461 460/460/460 486/486/486
f 460/460/460 485/485/485 486/486/486
f 462/462/462 461/461/461 487/487/487
f 461/461/461 486/486/486 487/487/487
f 463/463/463 462/462/462 488/488/488
f 462/462/462 487/487/487 488/488/488
f 464/464/464 463/463/463 489/489/489
f 463/463/463 488/488/488 489/489/489
f 465/465/465 464/464/464 490/490/490
f 464/464/464 489/489/489 490/490/490
o 
v 0 9.103828722516945e-17 0.4099999964237213
v 0 9.103828722516945e-17 0.4099999964237213
v 0 9.103828722516945e-17 0.4099999964237213
v 0 9.103828722516945e-17 0.4099999964237213
v 0 9.103828722516945e-17 0.4099999964237213
v 0 9.103828722516945e-17 0.4099999964237213
v 0 9.103828722516945e-17 0.4099999964237213
v 0 9.103828722516945e-17 0.4099999964237213
v 0 9.103828722516945e-17 0.4099999964237213
v 0 9.103828722516945e-17 0.4099999964237213
v 0 9.103828722516945e-17 0.4099999964237213
v 0 9.103828722516945e-17 0.4099999964237213
v 0 9.103828722516945e-17 0.4099999964237213
v 0 9.103828722516945e-17 0.4099999964237213
v 0 9.103828722516945e-17 0.4099999964237213
v 0 9.103828722516945e-17 0.4099999964237213
v 0 9.103828722516945e-17 0.4099999964237213
v 0 9.103828722516945e-17 0.4099999964237213
v 0 9.103828722516945e-17 0.4099999964237213
v 0 9.103828722516945e-17 0.4099999964237213
v 0 9.103828722516945e-17 0.4099999964237213
v 0 9.103828722516945e-17 0.4099999964237213
v 0 9.103828722516945e-17 0.4099999964237213
v 0 9.103828722516945e-17 0.4099999964237213
v 0 9.103828722516945e-17 0.4099999964237213
v -0.02560831978917122 9.086053603769915e-17 0.40919947624206543
v -0.024735737591981888 -0.006627921015024185 0.40919947624206543
v -0.022177455946803093 -0.01280415989458561 0.40919947624206543
v -0.018107816576957703 -0.018107816576957703 0.40919947624206543
v -0.01280415989458561 -0.022177455946803093 0.40919947624206543
v -0.006627921015024185 -0.024735737591981888 0.40919947624206543
v -1.5680573358953352e-18 -0.02560831978917122 0.40919947624206543
v 0.006627921015024185 -0.024735737591981888 0.40919947624206543
v 0.01280415989458561 -0.022177455946803093 0.40919947624206543
v 0.018107816576957703 -0.018107816576957703 0.40919947624206543
v 0.022177455946803093 -0.01280415989458561 0.40919947624206543
v 0.024735737591981888 -0.006627921015024185 0.40919947624206543
v 0.02560831978917122 8.772442302026971e-17 0.40919947624206543
v 0.024735737591981888 0.006627921015024185 0.40919947624206543
v 0.022177455946803093 0.01280415989458561 0.40919947624206543
v 0.018107816576957703 0.018107816576957703 0.40919947624206543
v 0.01280415989458561 0.022177455946803093 0.40919947624206543
v 0.006627921015024185 0.024735737591981888 0.40919947624206543
v 4.704172007686006e-18 0.02560831978917122 0.40919947624206543
v -0.006627921015024185 0.024735737591981888 0.40919947624206543
v -0.01280415989458561 0.022177455946803093 0.40919947624206543
v -0.018107816576957703 0.018107816576957703 0.40919947624206543
v -0.022177455946803093 0.01280415989458561 0.40919947624206543
v -0.024735737591981888 0.006627921015024185 0.40919947624206543
v -0.02560831978917122 9.713276207255804e-17 0.40919947624206543
v -0.051116641610860825 9.032797730700281e-17 0.4068010449409485
v -0.04937488213181496 -0.013229960575699806 0.4068010449409485
v -0.04426831007003784 -0.025558320805430412 0.4068010449409485
v -0.0361449234187603 -0.0361449234187603 0.4068010449409485
v -0.025558320805430412 -0.04426831007003784 0.4068010449409485
v -0.013229960575699806 -0.04937488213181496 0.4068010449409485
v -3.1299914673062466e-18 -0.051116641610860825 0.4068010449409485
v 0.013229960575699806 -0.04937488213181496 0.4068010449409485
v 0.025558320805430412 -0.04426831007003784 0.4068010449409485
v 0.0361449234187603 -0.0361449234187603 0.4068010449409485
v 0.04426831007003784 -0.025558320805430412 0.4068010449409485
v 0.04937488213181496 -0.013229960575699806 0.4068010449409485
v 0.051116641610860825 8.406799354520971e-17 0.4068010449409485
v 0.04937488213181496 0.013229960575699806 0.4068010449409485
v 0.04426831007003784 0.025558320805430412 0.4068010449409485
v 0.0361449234187603 0.0361449234187603 0.4068010449409485
v 0.025558320805430412 0.04426831007003784 0.4068010449409485
v 0.013229960575699806 0.04937488213181496 0.4068010449409485
v 9.389974815509046e-18 0.051116641610860825 0.4068010449409485
v -0.013229960575699806 0.04937488213181496 0.4068010449409485
v -0.025558320805430412 0.04426831007003784 0.4068010449409485
v -0.0361449234187603 0.0361449234187603 0.4068010449409485
v -0.04426831007003784 0.025558320805430412 0.4068010449409485
v -0.04937488213181496 0.013229960575699806 0.4068010449409485
v -0.051116641610860825 1.0284794483058902e-16 0.4068010449409485
v -0.07642535120248795 8.944268891077916e-17 0.4028140604496002
v -0.07382122427225113 -0.019780335947871208 0.4028140604496002
v -0.06618629395961761 -0.03821267560124397 0.4028140604496002
v -0.05404088273644447 -0.05404088273644447 0.4028140604496002
v -0.03821267560124397 -0.06618629395961761 0.4028140604496002
v -0.019780335947871208 -0.07382122427225113 0.4028140604496002
v -4.6797031779860745e-18 -0.07642535120248795 0.4028140604496002
v 0.019780335947871208 -0.07382122427225113 0.4028140604496002
v 0.03821267560124397 -0.06618629395961761 0.4028140604496002
v 0.05404088273644447 -0.05404088273644447 0.4028140604496002
v 0.06618629395961761 -0.03821267560124397 0.4028140604496002
v 0.07382122427225113 -0.019780335947871208 0.4028140604496002
v 0.07642535120248795 8.008328586352946e-17 0.4028140604496002
v 0.07382122427225113 0.019780335947871208 0.4028140604496002
v 0.06618629395961761 0.03821267560124397 0.4028140604496002
v 0.05404088273644447 0.05404088273644447 0.4028140604496002
v 0.03821267560124397 0.06618629395961761 0.4028140604496002
v 0.019780335947871208 0.07382122427225113 0.4028140604496002
v 1.4039109533958224e-17 0.07642535120248795 0.4028140604496002
v -0.019780335947871208 0.07382122427225113 0.4028140604496002
v -0.03821267560124397 0.06618629395961761 0.4028140604496002
v -0.05404088273644447 0.05404088273644447 0.4028140604496002
v -0.06618629395961761 0.03821267560124397 0.4028140604496002
v -0.07382122427225113 0.019780335947871208 0.4028140604496002
v -0.07642535120248795 1.0816150162272346e-16 0.4028140604496002
v -0.10143562406301498 8.820812515526622e-17 0.397254079580307
v -0.09797928482294083 -0.0262534711509943 0.397254079580307
v -0.0878458246588707 -0.05071781203150749 0.397254079580307
v -0.07172581553459167 -0.07172581553459167 0.397254079580307
v -0.05071781203150749 -0.0878458246588707 0.397254079580307
v -0.0262534711509943 -0.09797928482294083 0.397254079580307
v -6.211140400983075e-18 -0.10143562406301498 0.397254079580307
v 0.0262534711509943 -0.09797928482294083 0.397254079580307
v 0.05071781203150749 -0.0878458246588707 0.397254079580307
v 0.07172581553459167 -0.07172581553459167 0.397254079580307
v 0.0878458246588707 -0.05071781203150749 0.397254079580307
v 0.09797928482294083 -0.0262534711509943 0.397254079580307
v 0.10143562406301498 7.578584435330007e-17 0.397254079580307
v 0.09797928482294083 0.0262534711509943 0.397254079580307
v 0.0878458246588707 0.05071781203150749 0.397254079580307
v 0.07172581553459167 0.07172581553459167 0.397254079580307
v 0.05071781203150749 0.0878458246588707 0.397254079580307
v 0.0262534711509943 0.09797928482294083 0.397254079580307
v 1.8633421202949224e-17 0.10143562406301498 0.397254079580307
v -0.0262534711509943 0.09797928482294083 0.397254079580307
v -0.05071781203150749 0.0878458246588707 0.397254079580307
v -0.07172581553459167 0.07172581553459167 0.397254079580307
v -0.0878458246588707 0.05071781203150749 0.397254079580307
v -0.09797928482294083 0.0262534711509943 0.397254079580307
v -0.10143562406301498 1.1305269337664342e-16 0.397254079580307
vt 0.02083333395421505 1
vt 0.0625 1
vt 0.1041666641831398 1
vt 0.1458333283662796 1
vt 0.1875 1
vt 0.2291666716337204 1
vt 0.2708333432674408 1
vt 0.3125 1
vt 0.3541666567325592 1
vt 0.3958333432674408 1
vt 0.4375 1
vt 0.4791666567325592 1
vt 0.5208333134651184 1
vt 0.5625 1
vt 0.6041666865348816 1
vt 0.6458333134651184 1
vt 0.6875 1
vt 0.7291666865348816 1
vt 0.7708333134651184 1
vt 0.8125 1
vt 0.8541666865348816 1
vt 0.8958333134651184 1
vt 0.9375 1
vt 0.9791666865348816 1
vt 1.0208333730697632 1
vt 0 0.75
vt 0.0416666679084301 0.75
vt 0.0833333358168602 0.75
vt 0.125 0.75
vt 0.1666666716337204 0.75
vt 0.2083333283662796 0.75
vt 0.25 0.75
vt 0.2916666567325592 0.75
vt 0.3333333432674408 0.75
vt 0.375 0.75
vt 0.4166666567325592 0.75
vt 0.4583333432674408 0.75
vt 0.5 0.75
vt 0.5416666865348816 0.75
vt 0.5833333134651184 0.75
vt 0.625 0.75
vt 0.6666666865348816 0.75
vt 0.7083333134651184 0.75
vt 0.75 0.75
vt 0.7916666865348816 0.75
vt 0.8333333134651184 0.75
vt 0.875 0.75
vt 0.9166666865348816 0.75
vt 0.9583333134651184 0.75
vt 1 0.75
vt 0 0.5
vt 0.0416666679084301 0.5
vt 0.0833333358168602 0.5
vt 0.125 0.5
vt 0.1666666716337204 0.5
vt 0.2083333283662796 0.5
vt 0.25 0.5
vt 0.2916666567325592 0.5
vt 0.3333333432674408 0.5
vt 0.375 0.5
vt 0.4166666567325592 0.5
vt 0.4583333432674408 0.5
vt 0.5 0.5
vt 0.5416666865348816 0.5
vt 0.5833333134651184 0.5
vt 0.625 0.5
vt 0.6666666865348816 0.5
vt 0.7083333134651184 0.5
vt 0.75 0.5
vt 0.7916666865348816 0.5
vt 0.8333333134651184 0.5
vt 0.875 0.5
vt 0.9166666865348816 0.5
vt 0.9583333134651184 0.5
vt 1 0.5
vt 0 0.25
vt 0.0416666679084301 0.25
vt 0.0833333358168602 0.25
vt 0.125 0.25
vt 0.1666666716337204 0.25
vt 0.2083333283662796 0.25
vt 0.25 0.25
vt 0.2916666567325592 0.25
vt 0.3333333432674408 0.25
vt 0.375 0.25
vt 0.4166666567325592 0.25
vt 0.4583333432674408 0.25
vt 0.5 0.25
vt 0.5416666865348816 0.25
vt 0.5833333134651184 0.25
vt 0.625 0.25
vt 0.6666666865348816 0.25
vt 0.7083333134651184 0.25
vt 0.75 0.25
vt 0.7916666865348816 0.25
vt 0.8333333134651184 0.25
vt 0.875 0.25
vt 0.9166666865348816 0.25
vt 0.9583333134651184 0.25
vt 1 0.25
vt 0 0
vt 0.0416666679084301 0
vt 0.0833333358168602 0
vt 0.125 0
vt 0.1666666716337204 0
vt 0.2083333283662796 0
vt 0.25 0
vt 0.2916666567325592 0
vt 0.3333333432674408 0
vt 0.375 0
vt 0.4166666567325592 0
vt 0.4583333432674408 0
vt 0.5 0
vt 0.5416666865348816 0
vt 0.5833333134651184 0
vt 0.625 0
vt 0.6666666865348816 0
vt 0.7083333134651184 0
vt 0.75 0
vt 0.7916666865348816 0
vt 0.8333333134651184 0
vt 0.875 0
vt 0.9166666865348816 0
vt 0.9583333134651184 0
vt 1 0
vn 0 2.220446049250313e-16 1
vn 0 2.220446049250313e-16 1
vn 0 2.220446049250313e-16 1
vn 0 2.220446049250313e-16 1
vn 0 2.220446049250313e-16 1
vn 0 2.220446049250313e-16 1
vn 0 2.220446049250313e-16 1
vn 0 2.220446049250313e-16 1
vn 0 2.220446049250313e-16 1
vn 0 2.220446049250313e-16 1
vn 0 2.220446049250313e-16 1
vn 0 2.220446049250313e-16 1
vn 0 2.220446049250313e-16 1
vn 0 2.220446049250313e-16 1
vn 0 2.220446049250313e-16 1
vn 0 2.220446049250313e-16 1
vn 0 2.220446049250313e-16 1
vn 0 2.220446049250313e-16 1
vn 0 2.220446049250313e-16 1
vn 0 2.220446049250313e-16 1
vn 0 2.220446049250313e-16 1
vn 0 2.220446049250313e-16 1
vn 0 2.220446049250313e-16 1
vn 0 2.220446049250313e-16 1
vn 0 2.220446049250313e-16 1
vn -0.062459314867737335 2.2161106525114977e-16 0.9980475108862568
vn -0.06033106772931408 -0.016165660371712156 0.9980475107385357
vn -0.05409135561693128 -0.031229657430076174 0.998047510765055
vn -0.044165405499893284 -0.044165405499893284 0.9980475108500898
vn -0.031229657430076174 -0.05409135561693128 0.998047510765055
vn -0.016165660371712156 -0.06033106772931408 0.9980475107385357
vn -3.8245302841748536e-18 -0.062459314867737335 0.9980475108862568
vn 0.016165660371712156 -0.06033106772931408 0.9980475107385357
vn 0.031229657430076174 -0.05409135561693128 0.998047510765055
vn 0.044165405499893284 -0.044165405499893284 0.9980475108500898
vn 0.05409135561693128 -0.031229657430076174 0.998047510765055
vn 0.06033106772931408 -0.016165660371712156 0.9980475107385357
vn 0.062459314867737335 2.1396200054689707e-16 0.9980475108862568
vn 0.06033106772931408 0.016165660371712156 0.9980475107385357
vn 0.05409135561693128 0.031229657430076174 0.998047510765055
vn 0.044165405499893284 0.044165405499893284 0.9980475108500898
vn 0.031229657430076174 0.05409135561693128 0.998047510765055
vn 0.016165660371712156 0.06033106772931408 0.9980475107385357
vn 1.1473590438934261e-17 0.062459314867737335 0.9980475108862568
vn -0.016165660371712156 0.06033106772931408 0.9980475107385357
vn -0.031229657430076174 0.05409135561693128 0.998047510765055
vn -0.044165405499893284 0.044165405499893284 0.9980475108500898
vn -0.05409135561693128 0.031229657430076174 0.998047510765055
vn -0.06033106772931408 0.016165660371712156 0.9980475107385357
vn -0.062459314867737335 2.369091814247656e-16 0.9980475108862568
vn -0.12467472694250338 2.2031213920723276e-16 0.9921976680388903
vn -0.12042654007276767 -0.032268195544762346 0.9921976678073715
vn -0.10797148670873122 -0.06233736343061863 0.9921976673921509
vn -0.08815834455347321 -0.08815834455347321 0.9921976680940053
vn -0.06233736343061863 -0.10797148670873122 0.9921976673921509
vn -0.032268195544762346 -0.12042654007276767 0.9921976678073715
vn -7.634125786474207e-18 -0.12467472694250338 0.9921976680388903
vn 0.032268195544762346 -0.12042654007276767 0.9921976678073715
vn 0.06233736343061863 -0.10797148670873122 0.9921976673921509
vn 0.08815834455347321 -0.08815834455347321 0.9921976680940053
vn 0.10797148670873122 -0.06233736343061863 0.9921976673921509
vn 0.12042654007276767 -0.032268195544762346 0.9921976678073715
vn 0.12467472694250338 2.0504388101683963e-16 0.9921976680388903
vn 0.12042654007276767 0.032268195544762346 0.9921976678073715
vn 0.10797148670873122 0.06233736343061863 0.9921976673921509
vn 0.08815834455347321 0.08815834455347321 0.9921976680940053
vn 0.06233736343061863 0.10797148670873122 0.9921976673921509
vn 0.032268195544762346 0.12042654007276767 0.9921976678073715
vn 2.2902375705061438e-17 0.12467472694250338 0.9921976680388903
vn -0.032268195544762346 0.12042654007276767 0.9921976678073715
vn -0.06233736343061863 0.10797148670873122 0.9921976673921509
vn -0.08815834455347321 0.08815834455347321 0.9921976680940053
vn -0.10797148670873122 0.06233736343061863 0.9921976673921509
vn -0.12042654007276767 0.032268195544762346 0.9921976678073715
vn -0.12467472694250338 2.508486423531296e-16 0.9921976680388903
vn -0.18640328956229762 2.181528989602768e-16 0.982473314467296
vn -0.1800517587555293 -0.048244722152724726 0.9824733130998762
vn -0.16142998640454848 -0.09320164474570139 0.9824733140936316
vn -0.13180702936171032 -0.13180702936171032 0.9824733146613615
vn -0.09320164474570139 -0.16142998640454848 0.9824733140936316
vn -0.048244722152724726 -0.1800517587555293 0.9824733130998762
vn -1.1413910419790709e-17 -0.18640328956229762 0.982473314467296
vn 0.048244722152724726 -0.1800517587555293 0.9824733130998762
vn 0.09320164474570139 -0.16142998640454848 0.9824733140936316
vn 0.13180702936171032 -0.13180702936171032 0.9824733146613615
vn 0.16142998640454848 -0.09320164474570139 0.9824733140936316
vn 0.1800517587555293 -0.048244722152724726 0.9824733130998762
vn 0.18640328956229762 1.9532508308377907e-16 0.982473314467296
vn 0.1800517587555293 0.048244722152724726 0.9824733130998762
vn 0.16142998640454848 0.09320164474570139 0.9824733140936316
vn 0.13180702936171032 0.13180702936171032 0.9824733146613615
vn 0.09320164474570139 0.16142998640454848 0.9824733140936316
vn 0.048244722152724726 0.1800517587555293 0.9824733130998762
vn 3.424173043219151e-17 0.18640328956229762 0.982473314467296
vn -0.048244722152724726 0.1800517587555293 0.9824733130998762
vn -0.09320164474570139 0.16142998640454848 0.9824733140936316
vn -0.13180702936171032 0.13180702936171032 0.9824733146613615
vn -0.16142998640454848 0.09320164474570139 0.9824733140936316
vn -0.1800517587555293 0.048244722152724726 0.9824733130998762
vn -0.18640328956229762 2.638085439481621e-16 0.982473314467296
vn -0.24740396385846902 2.1514177562466417e-16 0.9689124205350644
vn -0.2389738707644859 -0.06403286007107215 0.9689124222152163
vn -0.21425811893518054 -0.12370198189487752 0.9689124202659587
vn -0.17494101800566217 -0.17494101800566217 0.9689124214490622
vn -0.12370198189487752 -0.21425811893518054 0.9689124202659587
vn -0.06403286007107215 -0.2389738707644859 0.9689124222152163
vn -1.514912301710078e-17 -0.24740396385846902 0.9689124205350644
vn 0.06403286007107215 -0.2389738707644859 0.9689124222152163
vn 0.12370198189487752 -0.21425811893518054 0.9689124202659587
vn 0.17494101800566217 -0.17494101800566217 0.9689124214490622
vn 0.21425811893518054 -0.12370198189487752 0.9689124202659587
vn 0.2389738707644859 -0.06403286007107215 0.9689124222152163
vn 0.24740396385846902 1.8484352628174018e-16 0.9689124205350644
vn 0.2389738707644859 0.06403286007107215 0.9689124222152163
vn 0.21425811893518054 0.12370198189487752 0.9689124202659587
vn 0.17494101800566217 0.17494101800566217 0.9689124214490622
vn 0.12370198189487752 0.21425811893518054 0.9689124202659587
vn 0.06403286007107215 0.2389738707644859 0.9689124222152163
vn 4.544737070566356e-17 0.24740396385846902 0.9689124205350644
vn -0.06403286007107215 0.2389738707644859 0.9689124222152163
vn -0.12370198189487752 0.21425811893518054 0.9689124202659587
vn -0.17494101800566217 0.17494101800566217 0.9689124214490622
vn -0.21425811893518054 0.12370198189487752 0.9689124202659587
vn -0.2389738707644859 0.06403286007107215 0.9689124222152163
vn -0.24740396385846902 2.757382610756224e-16 0.9689124205350644
f 491/491/491 516/516/516 517/517/517
f 492/492/492 517/517/517 518/518/518
f 493/493/493 518/518/518 519/519/519
f 494/494/494 519/519/519 520/520/520
f 495/495/495 520/520/520 521/521/521
f 496/496/496 521/521/521 522/522/522
f 497/497/497 522/522/522 523/523/523
f 498/498/498 523/523/523 524/524/524
f 499/499/499 524/524/524 525/525/525
f 500/500/500 525/525/525 526/526/526
f 501/501/501 526/526/526 527/527/527
f 502/502/502 527/527/527 528/528/528
f 503/503/503 528/528/528 529/529/529
f 504/504/504 529/529/529 530/530/530
f 505/505/505 530/530/530 531/531/531
f 506/506/506 531/531/531 532/532/532
f 507/507/507 532/532/532 533/533/533
f 508/508/508 533/533/533 534/534/534
f 509/509/509 534/534/534 535/535/535
f 510/510/510 535/535/535 536/536/536
f 511/511/511 536/536/536 537/537/537
f 512/512/512 537/537/537 538/538/538
f 513/513/513 538/538/538 539/539/539
f 514/514/514 539/539/539 540/540/540
f 517/517/517 516/516/516 542/542/542
f 516/516/516 541/541/541 542/542/542
f 518/518/518 517/517/517 543/543/543
f 517/517/517 542/542/542 543/543/543
f 519/519/519 518/518/518 544/544/544
f 518/518/518 543/543/543 544/544/544
f 520/520/520 519/519/519 545/545/545
f 519/519/519 544/544/544 545/545/545
f 521/521/521 520/520/520 546/546/546
f 520/520/520 545/545/545 546/546/546
f 522/522/522 521/521/521 547/547/547
f 521/521/521 546/546/546 547/547/547
f 523/523/523 522/522/522 548/548/548
f 522/522/522 547/547/547 548/548/548
f 524/524/524 523/523/523 549/549/549
f 523/523/523 548/548/548 549/549/549
f 525/525/525 524/524/524 550/550/550
f 524/524/524 549/549/549 550/550/550
f 526/526/526 525/525/525 551/551/551
f 525/525/525 550/550/550 551/551/551
f 527/527/527 526/526/526 552/552/552
f 526/526/526 551/551/551 552/552/552
f 528/528/528 527/527/527 553/553/553
f 527/527/527 552/552/552 553/553/553
f 529/529/529 528/528/528 554/554/554
f 528/528/528 553/553/553 554/554/554
f 530/530/530 529/529/529 555/555/555
f 529/529/529 554/554/554 555/555/555
f 531/531/531 530/530/530 556/556/556
f 530/530/530 555/555/555 556/556/556
f 532/532/532 531/531/531 557/557/557
f 531/531/531 556/556/556 557/557/557
f 533/533/533 532/532/532 558/558/558
f 532/532/532 557/557/557 558/558/558
f 534/534/534 533/533/533 559/559/559
f 533/533/533 558/558/558 559/559/559
f 535/535/535 534/534/534 560/560/560
f 534/534/534 559/559/559 560/560/560
f 536/536/536 535/535/535 561/561/561
f 535/535/535 560/560/560 561/561/561
f 537/537/537 536/536/536 562/562/562
f 536/536/536 561/561/561 562/562/562
f 538/538/538 537/537/537 563/563/563
f 537/537/537 562/562/562 563/563/563
f 539/539/539 538/538/538 564/564/564
f 538/538/538 563/563/563 564/564/564
f 540/540/540 539/539/539 565/565/565
f 539/539/539 564/564/564 565/565/565
f 542/542/542 541/541/541 567/567/567
f 541/541/541 566/566/566 567/567/567
f 543/543/543 542/542/542 568/568/568
f 542/542/542 567/567/567 568/568/568
f 544/544/544 543/543/543 569/569/569
f 543/543/543 568/568/568 569/569/569
f 545/545/545 544/544/544 570/570/570
f 544/544/544 569/569/569 570/570/570
f 546/546/546 545/545/545 571/571/571
f 545/545/545 570/570/570 571/571/571
f 547/547/547 546/546/546 572/572/572
f 546/546/546 571/571/571 572/572/572
f 548/548/548 547/547/547 573/573/573
f 547/547/547 572/572/572 573/573/573
f 549/549/549 548/548/548 574/574/574
f 548/548/548 573/573/573 574/574/574
f 550/550/550 549/549/549 575/575/575
f 549/549/549 574/574/574 575/575/575
f 551/551/551 550/550/550 576/576/576
f 550/550/550 575/575/575 576/576/576
f 552/552/552 551/551/551 577/577/577
f 551/551/551 576/576/576 577/577/577
f 553/553/553 552/552/552 578/578/578
f 552/552/552 577/577/577 578/578/578
f 554/554/554 553/553/553 579/579/579
f 553/553/553 578/578/578 579/579/579
f 555/555/555 554/554/554 580/580/580
f 554/554/554 579/579/579 580/580/580
f 556/556/556 555/555/555 581/581/581
f 555/555/555 580/580/580 581/581/581
f 557/557/557 556/556/556 582/582/582
f 556/556/556 581/581/581 582/582/582
f 558/558/558 557/557/557 583/583/583
f 557/557/557 582/582/582 583/583/583
f 559/559/559 558/558/558 584/584/584
f 558/558/558 583/583/583 584/584/584
f 560/560/560 559/559/559 585/585/585
f 559/559/559 584/584/584 585/585/585
f 561/561/561 560/560/560 586/586/586
f 560/560/560 585/585/585 586/586/586
f 562/562/562 561/561/561 587/587/587
f 561/561/561 586/586/586 587/587/587
f 563/563/563 562/562/562 588/588/588
f 562/562/562 587/587/587 588/588/588
f 564/564/564 563/563/563 589/589/589
f 563/563/563 588/588/588 589/589/589
f 565/565/565 564/564/564 590/590/590
f 564/564/564 589/589/589 590/590/590
f 567/567/567 566/566/566 592/592/592
f 566/566/566 591/591/591 592/592/592
f 568/568/568 567/567/567 593/593/593
f 567/567/567 592/592/592 593/593/593
f 569/569/569 568/568/568 594/594/594
f 568/568/568 593/593/593 594/594/594
f 570/570/570 569/569/569 595/595/595
f 569/569/569 594/594/594 595/595/595
f 571/571/571 570/570/570 596/596/596
f 570/570/570 595/595/595 596/596/596
f 572/572/572 571/571/571 597/597/597
f 571/571/571 596/596/596 597/597/597
f 573/573/573 572/572/572 598/598/598
f 572/572/572 597/597/597 598/598/598
f 574/574/574 573/573/573 599/599/599
f 573/573/573 598/598/598 599/599/599
f 575/575/575 574/574/574 600/600/600
f 574/574/574 599/599/599 600/600/600
f 576/576/576 575/575/575 601/601/601
f 575/575/575 600/600/600 601/601/601
f 577/577/577 576/576/576 602/602/602
f 576/576/576 601/601/601 602/602/602
f 578/578/578 577/577/577 603/603/603
f 577/577/577 602/602/602 603/603/603
f 579/579/579 578/578/578 604/604/604
f 578/578/578 603/603/603 604/604/604
f 580/580/580 579/579/579 605/605/605
f 579/579/579 604/604/604 605/605/605
f 581/581/581 580/580/580 606/606/606
f 580/580/580 605/605/605 606/606/606
f 582/582/582 581/581/581 607/607/607
f 581/581/581 606/606/606 607/607/607
f 583/583/583 582/582/582 608/608/608
f 582/582/582 607/607/607 608/608/608
f 584/584/584 583/583/583 609/609/609
f 583/583/583 608/608/608 609/609/609
f 585/585/585 584/584/584 610/610/610
f 584/584/584 609/609/609 610/610/610
f 586/586/586 585/585/585 611/611/611
f 585/585/585 610/610/610 611/611/611
f 587/587/587 586/586/586 612/612/612
f 586/586/586 611/611/611 612/612/612
f 588/588/588 587/587/587 613/613/613
f 587/587/587 612/612/612 613/613/613
f 589/589/589 588/588/588 614/614/614
f 588/588/588 613/613/613 614/614/614
f 590/590/590 589/589/589 615/615/615
f 589/589/589 614/614/614 615/615/615
o 
v 0.05875450745224953 0.0050320313312113285 -0.36892813444137573
v 0.04154571145772934 0.04218260571360588 -0.38972532749176025
v 4.43034337847737e-18 0.05462317913770676 -0.4048255681991577
v -0.04154571145772934 0.03506623953580856 -0.40538331866264343
v -0.05875450745224953 -0.0050320313312113285 -0.3910718858242035
v -0.04154571145772934 -0.04218260571360588 -0.37027469277381897
v -1.162569511872962e-17 -0.05462317913770676 -0.3551744520664215
v 0.04154571145772934 -0.03506623953580856 -0.3546166718006134
v 0.05875450745224953 0.0050320313312113285 -0.36892813444137573
v 0.06593924760818481 -0.006715274415910244 -0.39612072706222534
v 0.0486554391682148 0.030560346320271492 -0.41662999987602234
v 0.007576269563287497 0.04222318157553673 -0.4335211515426636
v -0.03323464095592499 0.021441295742988586 -0.4368996024131775
v -0.049870815128088 -0.019611559808254242 -0.4247862994670868
v -0.03258700668811798 -0.0568871796131134 -0.4042770564556122
v 0.008492162451148033 -0.06855001300573349 -0.38738590478897095
v 0.049303073436021805 -0.04776813089847565 -0.38400745391845703
v 0.06593924760818481 -0.006715274415910244 -0.39612072706222534
v 0.0749550387263298 -0.01837320439517498 -0.42504605650901794
v 0.05763044208288193 0.018955867737531662 -0.4454232454299927
v 0.01680494286119938 0.030286258086562157 -0.4631357491016388
v -0.0236064363270998 0.008980774320662022 -0.4678077697753906
v -0.03993126004934311 -0.03248011693358421 -0.4567025601863861
v -0.022606663405895233 -0.069809190928936 -0.4363253712654114
v 0.018218833953142166 -0.08113957941532135 -0.41861289739608765
v 0.058630213141441345 -0.05983409658074379 -0.4139408469200134
v 0.0749550387263298 -0.01837320439517498 -0.42504605650901794
v 0.08488205820322037 -0.03035443089902401 -0.45545363426208496
v 0.06755781918764114 0.006974207703024149 -0.47583192586898804
v 0.02673010528087616 0.01830729842185974 -0.493537575006485
v -0.013684759847819805 -0.002993926638737321 -0.49819886684417725
v -0.030012300238013268 -0.044451501220464706 -0.4870852530002594
v -0.012688061222434044 -0.08178013563156128 -0.4667069613933563
v 0.02813965082168579 -0.09311322867870331 -0.4490013122558594
v 0.06855452060699463 -0.07181200385093689 -0.4443400204181671
v 0.08488205820322037 -0.03035443089902401 -0.45545363426208496
v 0.0948137491941452 -0.04324476793408394 -0.48739850521087646
v 0.07753097265958786 -0.005970594938844442 -0.5079112648963928
v 0.03644542023539543 0.005701249931007624 -0.5247806906700134
v -0.004375535994768143 -0.015066441148519516 -0.5281248688697815
v -0.02101953886449337 -0.05610823631286621 -0.5159848928451538
v -0.003736755345016718 -0.09338241070508957 -0.49547213315963745
v 0.03734879195690155 -0.10505425184965134 -0.47860273718833923
v 0.07816974818706512 -0.08428656309843063 -0.4752585291862488
v 0.0948137491941452 -0.04324476793408394 -0.48739850521087646
v 0.103669174015522 -0.05786485597491264 -0.5211522579193115
v 0.08646194636821747 -0.020717427134513855 -0.54195636510849
v 0.04490649327635765 -0.008257287554442883 -0.5570135712623596
v 0.003345438279211521 -0.02778341807425022 -0.5575036406517029
v -0.013875315897166729 -0.06785767525434494 -0.5431393980979919
v 0.003331914311274886 -0.10500510036945343 -0.5223352909088135
v 0.04488736763596535 -0.11746524274349213 -0.5072780847549438
v 0.08644842356443405 -0.09793911129236221 -0.5067880153656006
v 0.103669174015522 -0.05786485597491264 -0.5211522579193115
v 0.10985283553600311 -0.07538200169801712 -0.5570414662361145
v 0.09272868186235428 -0.038476426154375076 -0.5783387422561646
v 0.05065653473138809 -0.024512046948075294 -0.5903288125991821
v 0.008281683549284935 -0.04166899994015694 -0.5859880447387695
v -0.009573254734277725 -0.07989697903394699 -0.5678592324256897
v 0.007550899870693684 -0.11680255085229874 -0.5465619564056396
v 0.049623049795627594 -0.13076692819595337 -0.5345718860626221
v 0.0919978991150856 -0.11360997706651688 -0.5389126539230347
v 0.10985283553600311 -0.07538200169801712 -0.5570414662361145
v 0.11075950413942337 -0.09726480394601822 -0.5948622226715088
v 0.09364964067935944 -0.06078559160232544 -0.6168928742408752
v 0.051488615572452545 -0.044169455766677856 -0.6243214011192322
v 0.008973788470029831 -0.05714990198612213 -0.6127963066101074
v -0.008990232832729816 -0.09212316572666168 -0.5890687704086304
v 0.008119632489979267 -0.12860238552093506 -0.5670381188392639
v 0.05028065666556358 -0.14521852135658264 -0.5596095323562622
v 0.0927954837679863 -0.13223807513713837 -0.5711346864700317
v 0.11075950413942337 -0.09726480394601822 -0.5948622226715088
v 0.10075081884860992 -0.12612628936767578 -0.6351849436759949
v 0.08374536037445068 -0.0893523097038269 -0.6568025350570679
v 0.043585870414972305 -0.06708560138940811 -0.6563123464584351
v 0.0037972338031977415 -0.07236968725919724 -0.6340014934539795
v -0.012312907725572586 -0.10210923105478287 -0.6029394268989563
v 0.004692548885941505 -0.13888320326805115 -0.5813218355178833
v 0.044852036982774734 -0.16114991903305054 -0.5818120241165161
v 0.08464067429304123 -0.1558658331632614 -0.6041228771209717
v 0.10075081884860992 -0.12612628936767578 -0.6351849436759949
v 0.08195807039737701 -0.152509868144989 -0.6657174825668335
v 0.0650869607925415 -0.11554387211799622 -0.6871116757392883
v 0.02751544490456581 -0.08957791328430176 -0.6823177337646484
v -0.00874758418649435 -0.08982250839471817 -0.6541439294815063
v -0.022459737956523895 -0.11613437533378601 -0.6190940737724304
v -0.005588623695075512 -0.1531003713607788 -0.5976998805999756
v 0.031982891261577606 -0.17906633019447327 -0.6024937629699707
v 0.06824591755867004 -0.17882174253463745 -0.6306676268577576
v 0.08195807039737701 -0.152509868144989 -0.6657174825668335
v 0.06146533414721489 -0.17557908594608307 -0.6892136931419373
v 0.044435787945985794 -0.1387932002544403 -0.7107920050621033
v 0.008226215839385986 -0.11127892881631851 -0.7044152617454529
v -0.025952303782105446 -0.10915377736091614 -0.6738187670707703
v -0.03807845711708069 -0.133662611246109 -0.6369256377220154
v -0.021048909053206444 -0.17044851183891296 -0.6153473258018494
v 0.015160663053393364 -0.19796276092529297 -0.6217240691184998
v 0.049339182674884796 -0.20008791983127594 -0.6523205637931824
v 0.06146533414721489 -0.17557908594608307 -0.6892136931419373
v 0.04168497398495674 -0.1966860145330429 -0.7089818120002747
v 0.024186065420508385 -0.1604052037000656 -0.731034517288208
v -0.01192468125373125 -0.13278459012508392 -0.7245578169822693
v -0.04549408331513405 -0.13000397384166718 -0.6933457255363464
v -0.0568576343357563 -0.15369220077991486 -0.655681848526001
v -0.039358727633953094 -0.18997302651405334 -0.6336291432380676
v -0.003247980261221528 -0.21759362518787384 -0.6401057839393616
v 0.03032141923904419 -0.2203742414712906 -0.6713178753852844
v 0.04168497398495674 -0.1966860145330429 -0.7089818120002747
v 0.024411840364336967 -0.2161937803030014 -0.726376473903656
v 0.0060551464557647705 -0.18089401721954346 -0.7493066191673279
v -0.031310033053159714 -0.1547081172466278 -0.744113028049469
v -0.06579568237066269 -0.1529754102230072 -0.7138381600379944
v -0.07720057666301727 -0.17671091854572296 -0.6762165427207947
v -0.05884388089179993 -0.2120106816291809 -0.6532864570617676
v -0.021478701382875443 -0.23819658160209656 -0.6584799885749817
v 0.013006946071982384 -0.23992928862571716 -0.6887549161911011
v 0.024411840364336967 -0.2161937803030014 -0.726376473903656
v 0.012426760047674179 -0.23285846412181854 -0.7410334348678589
v -0.007330059073865414 -0.1995774358510971 -0.7657493352890015
v -0.04767656326293945 -0.17769010365009308 -0.7643581628799438
v -0.08497831225395203 -0.18001773953437805 -0.7376750111579895
v -0.09738445281982422 -0.20519687235355377 -0.7013303637504578
v -0.07762763649225235 -0.2384779006242752 -0.67661452293396
v -0.037281133234500885 -0.26036524772644043 -0.6780056953430176
v 0.000020619369024643674 -0.25803759694099426 -0.7046888470649719
v 0.012426760047674179 -0.23285846412181854 -0.7410334348678589
v 0.00917072407901287 -0.24060901999473572 -0.7480056285858154
v -0.011979999020695686 -0.21206896007061005 -0.7771078944206238
v -0.05575087293982506 -0.20182864367961884 -0.7864928245544434
v -0.09650151431560516 -0.2158866971731186 -0.7706629037857056
v -0.11036074906587601 -0.24600811302661896 -0.7388910055160522
v -0.08921002596616745 -0.27454817295074463 -0.7097887396812439
v -0.04543915390968323 -0.28478848934173584 -0.7004037499427795
v -0.004688511602580547 -0.2707304358482361 -0.7162337303161621
v 0.00917072407901287 -0.24060901999473572 -0.7480056285858154
v 0.010836045257747173 -0.24306289851665497 -0.7507603764533997
v -0.008080587722361088 -0.22131310403347015 -0.7865086793899536
v -0.046929165720939636 -0.226033553481102 -0.8105365037918091
v -0.08295271545648575 -0.25445905327796936 -0.8087686896324158
v -0.09504913538694382 -0.289938360452652 -0.7822408676147461
v -0.07613249868154526 -0.3116881549358368 -0.7464926242828369
v -0.03728392347693443 -0.30696770548820496 -0.7224647402763367
v -0.0012603719951584935 -0.2785421907901764 -0.72423255443573
v 0.010836045257747173 -0.24306289851665497 -0.7507603764533997
v 0.021898413076996803 -0.2534795105457306 -0.7611770033836365
v 0.0061949179507792 -0.23495833575725555 -0.800153911113739
v -0.026054922491312027 -0.2463093101978302 -0.8308122754096985
v -0.055959589779376984 -0.28088319301605225 -0.835192859172821
v -0.06600133329629898 -0.31842705607414246 -0.8107295632362366
v -0.05029784142971039 -0.3369482457637787 -0.771752655506134
v -0.01804800145328045 -0.32559725642204285 -0.7410942912101746
v 0.011856666766107082 -0.2910234034061432 -0.7367137670516968
v 0.021898413076996803 -0.2534795105457306 -0.7611770033836365
v 0.041720036417245865 -0.26676204800605774 -0.7744595408439636
v 0.027766812592744827 -0.24943943321704865 -0.8146349787712097
v -0.0008885478600859642 -0.26325181126594543 -0.8477547764778137
v -0.027460120618343353 -0.3001081049442291 -0.8544178009033203
v -0.03638264164328575 -0.3384184241294861 -0.8307209014892578
v -0.022429415956139565 -0.35574105381965637 -0.7905454635620117
v 0.00622594403102994 -0.3419286608695984 -0.7574257254600525
v 0.032797519117593765 -0.3050723671913147 -0.7507627010345459
v 0.041720036417245865 -0.26676204800605774 -0.7744595408439636
v 0.06656596064567566 -0.2812723219394684 -0.7889698147773743
v 0.05313821882009506 -0.26426026225090027 -0.8294558525085449
v 0.025562040507793427 -0.2787105143070221 -0.8632134795188904
v -0.000008829296348267235 -0.316158264875412 -0.8704679012298584
v -0.008595320396125317 -0.35466715693473816 -0.8469696640968323
v 0.00483241630718112 -0.3716792166233063 -0.8064836263656616
v 0.03240859508514404 -0.35722899436950684 -0.7727260589599609
v 0.057979464530944824 -0.31978121399879456 -0.7654715776443481
v 0.06656596064567566 -0.2812723219394684 -0.7889698147773743
v 0.09436840564012527 -0.2975364029407501 -0.805233895778656
v 0.08040871471166611 -0.28020980954170227 -0.8454053997993469
v 0.05174008011817932 -0.2940140962600708 -0.8785170316696167
v 0.02515619806945324 -0.3308628797531128 -0.8851725459098816
v 0.016229545697569847 -0.3691706359386444 -0.8614731431007385
v 0.030189232900738716 -0.38649722933769226 -0.8213016390800476
v 0.05885786563158035 -0.37269294261932373 -0.7881900072097778
v 0.08544174581766129 -0.33584415912628174 -0.7815344929695129
v 0.09436840564012527 -0.2975364029407501 -0.805233895778656
v 0.12398458272218704 -0.3175528943538666 -0.8252503871917725
v 0.10826868563890457 -0.29902219772338867 -0.8642177581787109
v 0.0759933739900589 -0.3103535771369934 -0.8948565125465393
v 0.04606509208679199 -0.34490931034088135 -0.8992189764976501
v 0.03601541742682457 -0.38244709372520447 -0.8747496008872986
v 0.05173131451010704 -0.40097782015800476 -0.8357822299003601
v 0.08400662243366241 -0.38964641094207764 -0.8051434755325317
v 0.11393490433692932 -0.3550906777381897 -0.8007810115814209
v 0.12398458272218704 -0.3175528943538666 -0.8252503871917725
vt 0 0
vt 0 0.125
vt 0 0.25
vt 0 0.375
vt 0 0.5
vt 0 0.625
vt 0 0.75
vt 0 0.875
vt 0 1
vt 0.05000000074505806 0
vt 0.05000000074505806 0.125
vt 0.05000000074505806 0.25
vt 0.05000000074505806 0.375
vt 0.05000000074505806 0.5
vt 0.05000000074505806 0.625
vt 0.05000000074505806 0.75
vt 0.05000000074505806 0.875
vt 0.05000000074505806 1
vt 0.10000000149011612 0
vt 0.10000000149011612 0.125
vt 0.10000000149011612 0.25
vt 0.10000000149011612 0.375
vt 0.10000000149011612 0.5
vt 0.10000000149011612 0.625
vt 0.10000000149011612 0.75
vt 0.10000000149011612 0.875
vt 0.10000000149011612 1
vt 0.15000000596046448 0
vt 0.15000000596046448 0.125
vt 0.15000000596046448 0.25
vt 0.15000000596046448 0.375
vt 0.15000000596046448 0.5
vt 0.15000000596046448 0.625
vt 0.15000000596046448 0.75
vt 0.15000000596046448 0.875
vt 0.15000000596046448 1
vt 0.20000000298023224 0
vt 0.20000000298023224 0.125
vt 0.20000000298023224 0.25
vt 0.20000000298023224 0.375
vt 0.20000000298023224 0.5
vt 0.20000000298023224 0.625
vt 0.20000000298023224 0.75
vt 0.20000000298023224 0.875
vt 0.20000000298023224 1
vt 0.25 0
vt 0.25 0.125
vt 0.25 0.25
vt 0.25 0.375
vt 0.25 0.5
vt 0.25 0.625
vt 0.25 0.75
vt 0.25 0.875
vt 0.25 1
vt 0.30000001192092896 0
vt 0.30000001192092896 0.125
vt 0.30000001192092896 0.25
vt 0.30000001192092896 0.375
vt 0.30000001192092896 0.5
vt 0.30000001192092896 0.625
vt 0.30000001192092896 0.75
vt 0.30000001192092896 0.875
vt 0.30000001192092896 1
vt 0.3499999940395355 0
vt 0.3499999940395355 0.125
vt 0.3499999940395355 0.25
vt 0.3499999940395355 0.375
vt 0.3499999940395355 0.5
vt 0.3499999940395355 0.625
vt 0.3499999940395355 0.75
vt 0.3499999940395355 0.875
vt 0.3499999940395355 1
vt 0.4000000059604645 0
vt 0.4000000059604645 0.125
vt 0.4000000059604645 0.25
vt 0.4000000059604645 0.375
vt 0.4000000059604645 0.5
vt 0.4000000059604645 0.625
vt 0.4000000059604645 0.75
vt 0.4000000059604645 0.875
vt 0.4000000059604645 1
vt 0.44999998807907104 0
vt 0.44999998807907104 0.125
vt 0.44999998807907104 0.25
vt 0.44999998807907104 0.375
vt 0.44999998807907104 0.5
vt 0.44999998807907104 0.625
vt 0.44999998807907104 0.75
vt 0.44999998807907104 0.875
vt 0.44999998807907104 1
vt 0.5 0
vt 0.5 0.125
vt 0.5 0.25
vt 0.5 0.375
vt 0.5 0.5
vt 0.5 0.625
vt 0.5 0.75
vt 0.5 0.875
vt 0.5 1
vt 0.550000011920929 0
vt 0.550000011920929 0.125
vt 0.550000011920929 0.25
vt 0.550000011920929 0.375
vt 0.550000011920929 0.5
vt 0.550000011920929 0.625
vt 0.550000011920929 0.75
vt 0.550000011920929 0.875
vt 0.550000011920929 1
vt 0.6000000238418579 0
vt 0.6000000238418579 0.125
vt 0.6000000238418579 0.25
vt 0.6000000238418579 0.375
vt 0.6000000238418579 0.5
vt 0.6000000238418579 0.625
vt 0.6000000238418579 0.75
vt 0.6000000238418579 0.875
vt 0.6000000238418579 1
vt 0.6499999761581421 0
vt 0.6499999761581421 0.125
vt 0.6499999761581421 0.25
vt 0.6499999761581421 0.375
vt 0.6499999761581421 0.5
vt 0.6499999761581421 0.625
vt 0.6499999761581421 0.75
vt 0.6499999761581421 0.875
vt 0.6499999761581421 1
vt 0.699999988079071 0
vt 0.699999988079071 0.125
vt 0.699999988079071 0.25
vt 0.699999988079071 0.375
vt 0.699999988079071 0.5
vt 0.699999988079071 0.625
vt 0.699999988079071 0.75
vt 0.699999988079071 0.875
vt 0.699999988079071 1
vt 0.75 0
vt 0.75 0.125
vt 0.75 0.25
vt 0.75 0.375
vt 0.75 0.5
vt 0.75 0.625
vt 0.75 0.75
vt 0.75 0.875
vt 0.75 1
vt 0.800000011920929 0
vt 0.800000011920929 0.125
vt 0.800000011920929 0.25
vt 0.800000011920929 0.375
vt 0.800000011920929 0.5
vt 0.800000011920929 0.625
vt 0.800000011920929 0.75
vt 0.800000011920929 0.875
vt 0.800000011920929 1
vt 0.8500000238418579 0
vt 0.8500000238418579 0.125
vt 0.8500000238418579 0.25
vt 0.8500000238418579 0.375
vt 0.8500000238418579 0.5
vt 0.8500000238418579 0.625
vt 0.8500000238418579 0.75
vt 0.8500000238418579 0.875
vt 0.8500000238418579 1
vt 0.8999999761581421 0
vt 0.8999999761581421 0.125
vt 0.8999999761581421 0.25
vt 0.8999999761581421 0.375
vt 0.8999999761581421 0.5
vt 0.8999999761581421 0.625
vt 0.8999999761581421 0.75
vt 0.8999999761581421 0.875
vt 0.8999999761581421 1
vt 0.949999988079071 0
vt 0.949999988079071 0.125
vt 0.949999988079071 0.25
vt 0.949999988079071 0.375
vt 0.949999988079071 0.5
vt 0.949999988079071 0.625
vt 0.949999988079071 0.75
vt 0.949999988079071 0.875
vt 0.949999988079071 1
vt 1 0
vt 1 0.125
vt 1 0.25
vt 1 0.375
vt 1 0.5
vt 1 0.625
vt 1 0.75
vt 1 0.875
vt 1 1
vn 0.9792417892654017 0.08386719234357674 0.18453133122778934
vn 0.6924285267292168 0.703043398669141 -0.1620886021882768
vn 7.383905307877724e-17 0.910386341907195 -0.4137592397383241
vn -0.6924285144176415 0.5844372981659591 -0.42305531190832685
vn -0.9792417892654017 -0.08386719234357674 -0.18453133122778934
vn -0.6924285267292168 -0.703043398669141 0.1620886021882768
vn -1.9376159630747416e-16 -0.910386341907195 0.4137592397383241
vn 0.6924285144176415 -0.5844372981659591 0.42305531190832685
vn 0.9792417892654017 0.08386719234357674 0.18453133122778934
vn 0.965083863378418 0.10746904750648809 0.23887976154256987
vn 0.6770203945423284 0.7287293926393943 -0.10294103981002556
vn -0.007632442751112747 0.9231099487652424 -0.38446035986598454
vn -0.687814303084728 0.5767452186125267 -0.440768008457577
vn -0.965083863378418 -0.10746904750648809 -0.23887976154256987
vn -0.6770203945423284 -0.7287293926393943 0.10294103981002556
vn 0.007632442751112747 -0.9231099487652424 0.38446035986598454
vn 0.687814303084728 -0.5767452186125267 0.440768008457577
vn 0.965083863378418 0.10746904750648809 0.23887976154256987
vn 0.9573857823371452 0.11755761552184517 0.2638042281911161
vn 0.6686425208420874 0.739708840777924 -0.07581563293225724
vn -0.011782430051521733 0.9285486292575899 -0.3710237424288799
vn -0.6853054174658306 0.5734572417962448 -0.44889116344992447
vn -0.9573857823371452 -0.11755761552184517 -0.2638042281911161
vn -0.6686425208420874 -0.739708840777924 0.07581563293225724
vn 0.011782430051521733 -0.9285486292575899 0.3710237424288799
vn 0.6853054174658306 -0.5734572417962448 0.44889116344992447
vn 0.9573857823371452 0.11755761552184517 0.2638042281911161
vn 0.9574529644643978 0.11747558557295396 0.2635968657488712
vn 0.6687156571375892 0.7396195545644849 -0.07604133352904341
vn -0.011746210094443259 0.9285044112262589 -0.3711355343830544
vn -0.6853272925683165 0.5734840044473242 -0.4488235719122187
vn -0.9574529644643978 -0.11747558557295396 -0.2635968657488712
vn -0.6687156571375892 -0.7396195545644849 0.07604133352904341
vn 0.011746210094443259 -0.9285044112262589 0.3711355343830544
vn 0.6853272925683165 -0.5734840044473242 0.4488235719122187
vn 0.9574529644643978 0.11747558557295396 0.2635968657488712
vn 0.9652774193717144 0.10719556950759837 0.23821967494106172
vn 0.6772310314476874 0.7284317802737358 -0.10365940155884314
vn -0.007528100471480448 0.9229625271091595 -0.3848161915194907
vn -0.6878773771805 0.5768343379397325 -0.44055290322151636
vn -0.9652774193717144 -0.10719556950759837 -0.23821967494106172
vn -0.6772310314476874 -0.7284317802737358 0.10365940155884314
vn 0.007528100471480448 -0.9229625271091595 0.3848161915194907
vn 0.6878773771805 -0.5768343379397325 0.44055290322151636
vn 0.9652774193717144 0.10719556950759837 0.23821967494106172
vn 0.9795374339331091 0.0832735082079087 0.18322646739619045
vn 0.6927502797186041 0.7023972915393304 -0.16350869942608165
vn 0.00015938140655855364 0.9100662949708397 -0.4144626802929494
vn -0.6925248579220291 0.5846307937492928 -0.42263004644741625
vn -0.9795374339331091 -0.0832735082079087 -0.18322646739619045
vn -0.6927502797186041 -0.7023972915393304 0.16350869942608165
vn -0.00015938140655855364 -0.9100662949708397 0.4144626802929494
vn 0.6925248579220291 -0.5846307937492928 0.42263004644741625
vn 0.9795374339331091 0.0832735082079087 0.18322646739619045
vn 0.9952174340759323 0.03762482819848671 0.09014782978170807
vn 0.7098148478935888 0.6527177108084139 -0.26480647972967947
vn 0.0086123653944833 0.8854573895774416 -0.46464076274581706
vn -0.6976351224599315 0.599508173417337 -0.39229476916742667
vn -0.9952174340759323 -0.03762482819848671 -0.09014782978170807
vn -0.7098148478935888 -0.6527177108084139 0.26480647972967947
vn -0.0086123653944833 -0.8854573895774416 0.46464076274581706
vn 0.6976351224599315 -0.599508173417337 0.39229476916742667
vn 0.9952174340759323 0.03762482819848671 0.09014782978170807
vn 0.9979144734621316 -0.04284699176939197 -0.048278762940969326
vn 0.7127500628512661 0.5651399379068697 -0.4154566144474485
vn 0.010066321817202116 0.8420755667620798 -0.5392656201051523
vn -0.6985141079777253 0.6257347501184435 -0.34718015993183093
vn -0.9979144734621316 0.04284699176939197 0.048278762940969326
vn -0.7127500628512661 -0.5651399379068697 0.4154566144474485
vn -0.010066321817202116 -0.8420755667620798 0.5392656201051523
vn 0.6985141079777253 -0.6257347501184435 0.34718015993183093
vn 0.9979144734621316 -0.04284699176939197 -0.048278762940969326
vn 0.9421976887301412 -0.2001420873061319 -0.2687129699890284
vn 0.6587734312604323 0.4127574917559994 -0.6290062156009688
vn -0.010551389109491164 0.7838693114576701 -0.6208361867213753
vn -0.6736953263477093 0.6958011393904215 -0.24898871797783262
vn -0.9421976887301412 0.2001420873061319 0.2687129699890284
vn -0.6587734312604323 -0.4127574917559994 0.6290062156009688
vn 0.010551389109491164 -0.7838693114576701 0.6208361867213753
vn 0.6736953263477093 -0.6958011393904215 0.24898871797783262
vn 0.9421976887301412 -0.2001420873061319 -0.2687129699890284
vn 0.8701484188321331 -0.30312916584152005 -0.38852855496110295
vn 0.5889631545607912 0.3129708487952261 -0.7450984165693799
vn -0.03722871177648112 0.745736794349471 -0.6651997117955165
vn -0.6416125266804806 0.7416602337588003 -0.19563604797565104
vn -0.8701484188321331 0.30312916584152005 0.38852855496110295
vn -0.5889631545607912 -0.3129708487952261 0.7450984165693799
vn 0.03722871177648112 -0.745736794349471 0.6651997117955165
vn 0.6416125266804806 -0.7416602337588003 0.19563604797565104
vn 0.8701484188321331 -0.30312916584152005 -0.38852855496110295
vn 0.829531608568684 -0.34930390058774347 -0.43573397322178054
vn 0.5457057983551583 0.263794244818347 -0.7953727290033756
vn -0.05778705733509023 0.722365323763636 -0.6890928783759184
vn -0.6274290613838835 0.7577845373239861 -0.17915180134068187
vn -0.829531608568684 0.34930390058774347 0.43573397322178054
vn -0.5457057983551583 -0.263794244818347 0.7953727290033756
vn 0.05778705733509023 -0.722365323763636 0.6890928783759184
vn 0.6274290613838835 -0.7577845373239861 0.17915180134068187
vn 0.829531608568684 -0.34930390058774347 -0.43573397322178054
vn 0.8211884148927338 -0.3582818317618712 -0.4441663160070983
vn 0.5295399370254885 0.24639849098792613 -0.8117113025786413
vn -0.07230584214426265 0.7067419184021886 -0.7037668122077108
vn -0.6317958444876879 0.7530855189699792 -0.18356527995731198
vn -0.8211884148927338 0.3582818317618712 0.4441663160070983
vn -0.5295399370254885 -0.24639849098792613 0.8117113025786413
vn 0.07230584214426265 -0.7067419184021886 0.7037668122077108
vn 0.6317958444876879 -0.7530855189699792 0.18356527995731198
vn 0.8211884148927338 -0.3582818317618712 -0.4441663160070983
vn 0.8467701067497283 -0.32902389726069464 -0.4179995949118104
vn 0.5408252457818659 0.25930553579633775 -0.8001679152717626
vn -0.08192773971607197 0.6957373076729021 -0.7136087472677707
vn -0.656688571440907 0.7246155743957691 -0.209027245788655
vn -0.8467701067497283 0.32902389726069464 0.4179995949118104
vn -0.5408252457818659 -0.25930553579633775 0.8001679152717626
vn 0.08192773971607197 -0.6957373076729021 0.7136087472677707
vn 0.656688571440907 -0.7246155743957691 0.209027245788655
vn 0.8467701067497283 -0.32902389726069464 -0.4179995949118104
vn 0.9150934674188865 -0.23051318170538274 -0.3308589109383948
vn 0.5858131630359585 0.3241704991131401 -0.7427896239976317
vn -0.0866285804729495 0.6889594942016014 -0.7196042692999502
vn -0.7083244361790514 0.6501653825408951 -0.2748844638335904
vn -0.9150934674188865 0.23051318170538274 0.3308589109383948
vn -0.5858131630359585 -0.3241704991131401 0.7427896239976317
vn 0.0866285804729495 -0.6889594942016014 0.7196042692999502
vn 0.7083244361790514 -0.6501653825408951 0.2748844638335904
vn 0.9150934674188865 -0.23051318170538274 -0.3308589109383948
vn 0.9960956386368426 0.044992352921969216 -0.07595503187548167
vn 0.643583588563477 0.5206600369466516 -0.5609931287087824
vn -0.08593099603330864 0.6913321049608934 -0.7174090775638846
vn -0.7651083603872708 0.4570312282308404 -0.4535765131566134
vn -0.9960956386368426 -0.044992352921969216 0.07595503187548167
vn -0.643583588563477 -0.5206600369466516 0.5609931287087824
vn 0.08593099603330864 -0.6913321049608934 0.7174090775638846
vn 0.7651083603872708 -0.4570312282308404 0.4535765131566134
vn 0.9960956386368426 0.044992352921969216 -0.07595503187548167
vn 0.8823764809979238 0.3906288992232139 0.26233720451621173
vn 0.5670992813806177 0.753125499615823 -0.3334672201071702
vn -0.0803770134067005 0.6744514184522512 -0.7339310729650064
vn -0.6807695075058965 0.20069281886275403 -0.7044680760028101
vn -0.8823764809979238 -0.3906288992232139 -0.26233720451621173
vn -0.5670992813806177 -0.753125499615823 0.3334672201071702
vn 0.0803770134067005 -0.6744514184522512 0.7339310729650064
vn 0.6807695075058965 -0.20069281886275403 0.7044680760028101
vn 0.8823764809979238 0.3906288992232139 0.26233720451621173
vn 0.7324978826036412 0.5412294354920972 0.4129377073337917
vn 0.47077299076735385 0.8499157593456872 -0.2366769806715576
vn -0.06672434588090424 0.6607329923944733 -0.7476494997177558
vn -0.5651354731571806 0.08450177969988591 -0.8206590925633869
vn -0.7324978826036412 -0.5412294354920972 -0.4129377073337917
vn -0.47077299076735385 -0.8499157593456872 0.2366769806715576
vn 0.06672434588090424 -0.6607329923944733 0.7476494997177558
vn 0.5651354731571806 -0.08450177969988591 0.8206590925633869
vn 0.7324978826036412 0.5412294354920972 0.4129377073337917
vn 0.6508556517594692 0.5971362511162518 0.4688445565169601
vn 0.41830189719532773 0.8858468257964871 -0.20074591908449327
vn -0.05928743072547361 0.6556403431715164 -0.7527421477265029
vn -0.5021470119544724 0.041368636660996674 -0.8637922286557141
vn -0.6508556517594692 -0.5971362511162518 -0.4688445565169601
vn -0.41830189719532773 -0.8858468257964871 0.20074591908449327
vn 0.05928743072547361 -0.6556403431715164 0.7527421477265029
vn 0.5021470119544724 -0.041368636660996674 0.8637922286557141
vn 0.6508556517594692 0.5971362511162518 0.4688445565169601
vn 0.6263439687497693 0.6116236479725085 0.4833319212007303
vn 0.40254836381820597 0.8951577941739803 -0.19143494539100994
vn -0.05705462458407193 0.6543206643937078 -0.7540618263517572
vn -0.4832357683485175 0.030191361399582863 -0.8749695274039307
vn -0.6263439687497693 -0.6116236479725085 -0.4833319212007303
vn -0.40254836381820597 -0.8951577941739803 0.19143494539100994
vn 0.05705462458407193 -0.6543206643937078 0.7540618263517572
vn 0.4832357683485175 -0.030191361399582863 0.8749695274039307
vn 0.6263439687497693 0.6116236479725085 0.4833319212007303
vn 0.6511571522796376 0.59695209131316 0.46866039272795124
vn 0.41849565382444187 0.8857284758170875 -0.20086426973653684
vn -0.05931489607703524 0.6556571198471786 -0.7527253710996283
vn -0.5023796042668883 0.04151071674446082 -0.8636501569570898
vn -0.6511571522796376 -0.59695209131316 -0.46866039272795124
vn -0.41849565382444187 -0.8857284758170875 0.20086426973653684
vn 0.05931489607703524 -0.6556571198471786 0.7527253710996283
vn 0.5023796042668883 -0.04151071674446082 0.8636501569570898
vn 0.6511571522796376 0.59695209131316 0.46866039272795124
vn 0.7330763824836999 0.5407849468211517 0.41249322265493826
vn 0.47114478354820505 0.8496300960115966 -0.2369626402761415
vn -0.06677704373010984 0.6607734628802446 -0.7476090269545418
vn -0.565581783078787 0.0848446986707021 -0.8203161730436003
vn -0.7330763824836999 -0.5407849468211517 -0.41249322265493826
vn -0.47114478354820505 -0.8496300960115966 0.2369626402761415
vn 0.06677704373010984 -0.6607734628802446 0.7476090269545418
vn 0.565581783078787 -0.0848446986707021 0.8203161730436003
vn 0.7330763824836999 0.5407849468211517 0.41249322265493826
f 616/616/616 625/625/625 617/617/617
f 625/625/625 626/626/626 617/617/617
f 617/617/617 626/626/626 618/618/618
f 626/626/626 627/627/627 618/618/618
f 618/618/618 627/627/627 619/619/619
f 627/627/627 628/628/628 619/619/619
f 619/619/619 628/628/628 620/620/620
f 628/628/628 629/629/629 620/620/620
f 620/620/620 629/629/629 621/621/621
f 629/629/629 630/630/630 621/621/621
f 621/621/621 630/630/630 622/622/622
f 630/630/630 631/631/631 622/622/622
f 622/622/622 631/631/631 623/623/623
f 631/631/631 632/632/632 623/623/623
f 623/623/623 632/632/632 624/624/624
f 632/632/632 633/633/633 624/624/624
f 625/625/625 634/634/634 626/626/626
f 634/634/634 635/635/635 626/626/626
f 626/626/626 635/635/635 627/627/627
f 635/635/635 636/636/636 627/627/627
f 627/627/627 636/636/636 628/628/628
f 636/636/636 637/637/637 628/628/628
f 628/628/628 637/637/637 629/629/629
f 637/637/637 638/638/638 629/629/629
f 629/629/629 638/638/638 630/630/630
f 638/638/638 639/639/639 630/630/630
f 630/630/630 639/639/639 631/631/631
f 639/639/639 640/640/640 631/631/631
f 631/631/631 640/640/640 632/632/632
f 640/640/640 641/641/641 632/632/632
f 632/632/632 641/641/641 633/633/633
f 641/641/641 642/642/642 633/633/633
f 634/634/634 643/643/643 635/635/635
f 643/643/643 644/644/644 635/635/635
f 635/635/635 644/644/644 636/636/636
f 644/644/644 645/645/645 636/636/636
f 636/636/636 645/645/645 637/637/637
f 645/645/645 646/646/646 637/637/637
f 637/637/637 646/646/646 638/638/638
f 646/646/646 647/647/647 638/638/638
f 638/638/638 647/647/647 639/639/639
f 647/647/647 648/648/648 639/639/639
f 639/639/639 648/648/648 640/640/640
f 648/648/648 649/649/649 640/640/640
f 640/640/640 649/649/649 641/641/641
f 649/649/649 650/650/650 641/641/641
f 641/641/641 650/650/650 642/642/642
f 650/650/650 651/651/651 642/642/642
f 643/643/643 652/652/652 644/644/644
f 652/652/652 653/653/653 644/644/644
f 644/644/644 653/653/653 645/645/645
f 653/653/653 654/654/654 645/645/645
f 645/645/645 654/654/654 646/646/646
f 654/654/654 655/655/655 646/646/646
f 646/646/646 655/655/655 647/647/647
f 655/655/655 656/656/656 647/647/647
f 647/647/647 656/656/656 648/648/648
f 656/656/656 657/657/657 648/648/648
f 648/648/648 657/657/657 649/649/649
f 657/657/657 658/658/658 649/649/649
f 649/649/649 658/658/658 650/650/650
f 658/658/658 659/659/659 650/650/650
f 650/650/650 659/659/659 651/651/651
f 659/659/659 660/660/660 651/651/651
f 652/652/652 661/661/661 653/653/653
f 661/661/661 662/662/662 653/653/653
f 653/653/653 662/662/662 654/654/654
f 662/662/662 663/663/663 654/654/654
f 654/654/654 663/663/663 655/655/655
f 663/663/663 664/664/664 655/655/655
f 655/655/655 664/664/664 656/656/656
f 664/664/664 665/665/665 656/656/656
f 656/656/656 665/665/665 657/657/657
f 665/665/665 666/666/666 657/657/657
f 657/657/657 666/666/666 658/658/658
f 666/666/666 667/667/667 658/658/658
f 658/658/658 667/667/667 659/659/659
f 667/667/667 668/668/668 659/659/659
f 659/659/659 668/668/668 660/660/660
f 668/668/668 669/669/669 660/660/660
f 661/661/661 670/670/670 662/662/662
f 670/670/670 671/671/671 662/662/662
f 662/662/662 671/671/671 663/663/663
f 671/671/671 672/672/672 663/663/663
f 663/663/663 672/672/672 664/664/664
f 672/672/672 673/673/673 664/664/664
f 664/664/664 673/673/673 665/665/665
f 673/673/673 674/674/674 665/665/665
f 665/665/665 674/674/674 666/666/666
f 674/674/674 675/675/675 666/666/666
f 666/666/666 675/675/675 667/667/667
f 675/675/675 676/676/676 667/667/667
f 667/667/667 676/676/676 668/668/668
f 676/676/676 677/677/677 668/668/668
f 668/668/668 677/677/677 669/669/669
f 677/677/677 678/678/678 669/669/669
f 670/670/670 679/679/679 671/671/671
f 679/679/679 680/680/680 671/671/671
f 671/671/671 680/680/680 672/672/672
f 680/680/680 681/681/681 672/672/672
f 672/672/672 681/681/681 673/673/673
f 681/681/681 682/682/682 673/673/673
f 673/673/673 682/682/682 674/674/674
f 682/682/682 683/683/683 674/674/674
f 674/674/674 683/683/683 675/675/675
f 683/683/683 684/684/684 675/675/675
f 675/675/675 684/684/684 676/676/676
f 684/684/684 685/685/685 676/676/676
f 676/676/676 685/685/685 677/677/677
f 685/685/685 686/686/686 677/677/677
f 677/677/677 686/686/686 678/678/678
f 686/686/686 687/687/687 678/678/678
f 679/679/679 688/688/688 680/680/680
f 688/688/688 689/689/689 680/680/680
f 680/680/680 689/689/689 681/681/681
f 689/689/689 690/690/690 681/681/681
f 681/681/681 690/690/690 682/682/682
f 690/690/690 691/691/691 682/682/682
f 682/682/682 691/691/691 683/683/683
f 691/691/691 692/692/692 683/683/683
f 683/683/683 692/692/692 684/684/684
f 692/692/692 693/693/693 684/684/684
f 684/684/684 693/693/693 685/685/685
f 693/693/693 694/694/694 685/685/685
f 685/685/685 694/694/694 686/686/686
f 694/694/694 695/695/695 686/686/686
f 686/686/686 695/695/695 687/687/687
f 695/695/695 696/696/696 687/687/687
f 688/688/688 697/697/697 689/689/689
f 697/697/697 698/698/698 689/689/689
f 689/689/689 698/698/698 690/690/690
f 698/698/698 699/699/699 690/690/690
f 690/690/690 699/699/699 691/691/691
f 699/699/699 700/700/700 691/691/691
f 691/691/691 700/700/700 692/692/692
f 700/700/700 701/701/701 692/692/692
f 692/692/692 701/701/701 693/693/693
f 701/701/701 702/702/702 693/693/693
f 693/693/693 702/702/702 694/694/694
f 702/702/702 703/703/703 694/694/694
f 694/694/694 703/703/703 695/695/695
f 703/703/703 704/704/704 695/695/695
f 695/695/695 704/704/704 696/696/696
f 704/704/704 705/705/705 696/696/696
f 697/697/697 706/706/706 698/698/698
f 706/706/706 707/707/707 698/698/698
f 698/698/698 707/707/707 699/699/699
f 707/707/707 708/708/708 699/699/699
f 699/699/699 708/708/708 700/700/700
f 708/708/708 709/709/709 700/700/700
f 700/700/700 709/709/709 701/701/701
f 709/709/709 710/710/710 701/701/701
f 701/701/701 710/710/710 702/702/702
f 710/710/710 711/711/711 702/702/702
f 702/702/702 711/711/711 703/703/703
f 711/711/711 712/712/712 703/703/703
f 703/703/703 712/712/712 704/704/704
f 712/712/712 713/713/713 704/704/704
f 704/704/704 713/713/713 705/705/705
f 713/713/713 714/714/714 705/705/705
f 706/706/706 715/715/715 707/707/707
f 715/715/715 716/716/716 707/707/707
f 707/707/707 716/716/716 708/708/708
f 716/716/716 717/717/717 708/708/708
f 708/708/708 717/717/717 709/709/709
f 717/717/717 718/718/718 709/709/709
f 709/709/709 718/718/718 710/710/710
f 718/718/718 719/719/719 710/710/710
f 710/710/710 719/719/719 711/711/711
f 719/719/719 720/720/720 711/711/711
f 711/711/711 720/720/720 712/712/712
f 720/720/720 721/721/721 712/712/712
f 712/712/712 721/721/721 713/713/713
f 721/721/721 722/722/722 713/713/713
f 713/713/713 722/722/722 714/714/714
f 722/722/722 723/723/723 714/714/714
f 715/715/715 724/724/724 716/716/716
f 724/724/724 725/725/725 716/716/716
f 716/716/716 725/725/725 717/717/717
f 725/725/725 726/726/726 717/717/717
f 717/717/717 726/726/726 718/718/718
f 726/726/726 727/727/727 718/718/718
f 718/718/718 727/727/727 719/719/719
f 727/727/727 728/728/728 719/719/719
f 719/719/719 728/728/728 720/720/720
f 728/728/728 729/729/729 720/720/720
f 720/720/720 729/729/729 721/721/721
f 729/729/729 730/730/730 721/721/721
f 721/721/721 730/730/730 722/722/722
f 730/730/730 731/731/731 722/722/722
f 722/722/722 731/731/731 723/723/723
f 731/731/731 732/732/732 723/723/723
f 724/724/724 733/733/733 725/725/725
f 733/733/733 734/734/734 725/725/725
f 725/725/725 734/734/734 726/726/726
f 734/734/734 735/735/735 726/726/726
f 726/726/726 735/735/735 727/727/727
f 735/735/735 736/736/736 727/727/727
f 727/727/727 736/736/736 728/728/728
f 736/736/736 737/737/737 728/728/728
f 728/728/728 737/737/737 729/729/729
f 737/737/737 738/738/738 729/729/729
f 729/729/729 738/738/738 730/730/730
f 738/738/738 739/739/739 730/730/730
f 730/730/730 739/739/739 731/731/731
f 739/739/739 740/740/740 731/731/731
f 731/731/731 740/740/740 732/732/732
f 740/740/740 741/741/741 732/732/732
f 733/733/733 742/742/742 734/734/734
f 742/742/742 743/743/743 734/734/734
f 734/734/734 743/743/743 735/735/735
f 743/743/743 744/744/744 735/735/735
f 735/735/735 744/744/744 736/736/736
f 744/744/744 745/745/745 736/736/736
f 736/736/736 745/745/745 737/737/737
f 745/745/745 746/746/746 737/737/737
f 737/737/737 746/746/746 738/738/738
f 746/746/746 747/747/747 738/738/738
f 738/738/738 747/747/747 739/739/739
f 747/747/747 748/748/748 739/739/739
f 739/739/739 748/748/748 740/740/740
f 748/748/748 749/749/749 740/740/740
f 740/740/740 749/749/749 741/741/741
f 749/749/749 750/750/750 741/741/741
f 742/742/742 751/751/751 743/743/743
f 751/751/751 752/752/752 743/743/743
f 743/743/743 752/752/752 744/744/744
f 752/752/752 753/753/753 744/744/744
f 744/744/744 753/753/753 745/745/745
f 753/753/753 754/754/754 745/745/745
f 745/745/745 754/754/754 746/746/746
f 754/754/754 755/755/755 746/746/746
f 746/746/746 755/755/755 747/747/747
f 755/755/755 756/756/756 747/747/747
f 747/747/747 756/756/756 748/748/748
f 756/756/756 757/757/757 748/748/748
f 748/748/748 757/757/757 749/749/749
f 757/757/757 758/758/758 749/749/749
f 749/749/749 758/758/758 750/750/750
f 758/758/758 759/759/759 750/750/750
f 751/751/751 760/760/760 752/752/752
f 760/760/760 761/761/761 752/752/752
f 752/752/752 761/761/761 753/753/753
f 761/761/761 762/762/762 753/753/753
f 753/753/753 762/762/762 754/754/754
f 762/762/762 763/763/763 754/754/754
f 754/754/754 763/763/763 755/755/755
f 763/763/763 764/764/764 755/755/755
f 755/755/755 764/764/764 756/756/756
f 764/764/764 765/765/765 756/756/756
f 756/756/756 765/765/765 757/757/757
f 765/765/765 766/766/766 757/757/757
f 757/757/757 766/766/766 758/758/758
f 766/766/766 767/767/767 758/758/758
f 758/758/758 767/767/767 759/759/759
f 767/767/767 768/768/768 759/759/759
f 760/760/760 769/769/769 761/761/761
f 769/769/769 770/770/770 761/761/761
f 761/761/761 770/770/770 762/762/762
f 770/770/770 771/771/771 762/762/762
f 762/762/762 771/771/771 763/763/763
f 771/771/771 772/772/772 763/763/763
f 763/763/763 772/772/772 764/764/764
f 772/772/772 773/773/773 764/764/764
f 764/764/764 773/773/773 765/765/765
f 773/773/773 774/774/774 765/765/765
f 765/765/765 774/774/774 766/766/766
f 774/774/774 775/775/775 766/766/766
f 766/766/766 775/775/775 767/767/767
f 775/775/775 776/776/776 767/767/767
f 767/767/767 776/776/776 768/768/768
f 776/776/776 777/777/777 768/768/768
f 769/769/769 778/778/778 770/770/770
f 778/778/778 779/779/779 770/770/770
f 770/770/770 779/779/779 771/771/771
f 779/779/779 780/780/780 771/771/771
f 771/771/771 780/780/780 772/772/772
f 780/780/780 781/781/781 772/772/772
f 772/772/772 781/781/781 773/773/773
f 781/781/781 782/782/782 773/773/773
f 773/773/773 782/782/782 774/774/774
f 782/782/782 783/783/783 774/774/774
f 774/774/774 783/783/783 775/775/775
f 783/783/783 784/784/784 775/775/775
f 775/775/775 784/784/784 776/776/776
f 784/784/784 785/785/785 776/776/776
f 776/776/776 785/785/785 777/777/777
f 785/785/785 786/786/786 777/777/777
f 778/778/778 787/787/787 779/779/779
f 787/787/787 788/788/788 779/779/779
f 779/779/779 788/788/788 780/780/780
f 788/788/788 789/789/789 780/780/780
f 780/780/780 789/789/789 781/781/781
f 789/789/789 790/790/790 781/781/781
f 781/781/781 790/790/790 782/782/782
f 790/790/790 791/791/791 782/782/782
f 782/782/782 791/791/791 783/783/783
f 791/791/791 792/792/792 783/783/783
f 783/783/783 792/792/792 784/784/784
f 792/792/792 793/793/793 784/784/784
f 784/784/784 793/793/793 785/785/785
f 793/793/793 794/794/794 785/785/785
f 785/785/785 794/794/794 786/786/786
f 794/794/794 795/795/795 786/786/786
f 787/787/787 796/796/796 788/788/788
f 796/796/796 797/797/797 788/788/788
f 788/788/788 797/797/797 789/789/789
f 797/797/797 798/798/798 789/789/789
f 789/789/789 798/798/798 790/790/790
f 798/798/798 799/799/799 790/790/790
f 790/790/790 799/799/799 791/791/791
f 799/799/799 800/800/800 791/791/791
f 791/791/791 800/800/800 792/792/792
f 800/800/800 801/801/801 792/792/792
f 792/792/792 801/801/801 793/793/793
f 801/801/801 802/802/802 793/793/793
f 793/793/793 802/802/802 794/794/794
f 802/802/802 803/803/803 794/794/794
f 794/794/794 803/803/803 795/795/795
f 803/803/803 804/804/804 795/795/795
