o 
v 1.2999999523162842 0.899999988079071 1.100000023841858
v 1.2999999523162842 0.899999988079071 -1.100000023841858
v 1.2999999523162842 1.1920928966180355e-8 1.100000023841858
v 1.2999999523162842 1.1920928966180355e-8 -1.100000023841858
v -1.2999999523162842 0.899999988079071 -1.100000023841858
v -1.2999999523162842 0.899999988079071 1.100000023841858
v -1.2999999523162842 1.1920928966180355e-8 -1.100000023841858
v -1.2999999523162842 1.1920928966180355e-8 1.100000023841858
v -1.2999999523162842 0.899999988079071 -1.100000023841858
v 1.2999999523162842 0.899999988079071 -1.100000023841858
v -1.2999999523162842 0.899999988079071 1.100000023841858
v 1.2999999523162842 0.899999988079071 1.100000023841858
v -1.2999999523162842 1.1920928966180355e-8 1.100000023841858
v 1.2999999523162842 1.1920928966180355e-8 1.100000023841858
v -1.2999999523162842 1.1920928966180355e-8 -1.100000023841858
v 1.2999999523162842 1.1920928966180355e-8 -1.100000023841858
v -1.2999999523162842 0.899999988079071 1.100000023841858
v 1.2999999523162842 0.899999988079071 1.100000023841858
v -1.2999999523162842 1.1920928966180355e-8 1.100000023841858
v 1.2999999523162842 1.1920928966180355e-8 1.100000023841858
v 1.2999999523162842 0.899999988079071 -1.100000023841858
v -1.2999999523162842 0.899999988079071 -1.100000023841858
v 1.2999999523162842 1.1920928966180355e-8 -1.100000023841858
v -1.2999999523162842 1.1920928966180355e-8 -1.100000023841858
vt 0 1
vt 1 1
vt 0 0
vt 1 0
vt 0 1
vt 1 1
vt 0 0
vt 1 0
vt 0 1
vt 1 1
vt 0 0
vt 1 0
vt 0 1
vt 1 1
vt 0 0
vt 1 0
vt 0 1
vt 1 1
vt 0 0
vt 1 0
vt 0 1
vt 1 1
vt 0 0
vt 1 0
vn 1 0 0
vn 1 0 0
vn 1 0 0
vn 1 0 0
vn -1 0 0
vn -1 0 0
vn -1 0 0
vn -1 0 0
vn 0 1 0
vn 0 1 0
vn 0 1 0
vn 0 1 0
vn 0 -1 0
vn 0 -1 0
vn 0 -1 0
vn 0 -1 0
vn 0 0 1
vn 0 0 1
vn 0 0 1
vn 0 0 1
vn 0 0 -1
vn 0 0 -1
vn 0 0 -1
vn 0 0 -1
f 1/1/1 3/3/3 2/2/2
f 3/3/3 4/4/4 2/2/2
f 5/5/5 7/7/7 6/6/6
f 7/7/7 8/8/8 6/6/6
f 9/9/9 11/11/11 10/10/10
f 11/11/11 12/12/12 10/10/10
f 13/13/13 15/15/15 14/14/14
f 15/15/15 16/16/16 14/14/14
f 17/17/17 19/19/19 18/18/18
f 19/19/19 20/20/20 18/18/18
f 21/21/21 23/23/23 22/22/22
f 23/23/23 24/24/24 22/22/22
o 
v -1.2999999523162842 0.8000000059604645 1.11
v 1.2999999523162842 0.8000000059604645 1.11
v -1.2999999523162842 0.49999999403953554 1.11
v 1.2999999523162842 0.49999999403953554 1.11
vt 0 1
vt 1 1
vt 0 0
vt 1 0
vn 0 0 1
vn 0 0 1
vn 0 0 1
vn 0 0 1
f 25/25/25 27/27/27 26/26/26
f 27/27/27 28/28/28 26/26/26
o 
v -0.45 0.5500000059604647 1.100000023841858
v -0.3160607933998108 0.5766421496868136 1.100000023841858
v -0.2025126338005066 0.6525126338005068 1.100000023841858
v -0.12664214968681337 0.766060793399811 1.100000023841858
v -0.10000000596046449 0.9000000000000002 1.100000023841858
v -0.12664214968681337 1.0339392066001896 1.100000023841858
v -0.2025126338005066 1.1474873661994938 1.100000023841858
v -0.3160607933998108 1.223357850313187 1.100000023841858
v -0.44999999999999996 1.2499999940395359 1.100000023841858
v -0.5839392066001892 1.223357850313187 1.100000023841858
v -0.6974873661994934 1.1474873661994938 1.100000023841858
v -0.7733578503131866 1.0339392066001896 1.100000023841858
v -0.7999999940395355 0.9000000000000004 1.100000023841858
v -0.7733578503131866 0.766060793399811 1.100000023841858
v -0.6974873661994934 0.6525126338005068 1.100000023841858
v -0.5839392066001892 0.5766421496868136 1.100000023841858
v -0.4500000000000001 0.5500000059604647 1.100000023841858
v -0.45 0.5500000059604643 -1.100000023841858
v -0.3160607933998108 0.5766421496868132 -1.100000023841858
v -0.2025126338005066 0.6525126338005064 -1.100000023841858
v -0.12664214968681337 0.7660607933998106 -1.100000023841858
v -0.10000000596046449 0.8999999999999998 -1.100000023841858
v -0.12664214968681337 1.033939206600189 -1.100000023841858
v -0.2025126338005066 1.147487366199493 -1.100000023841858
v -0.3160607933998108 1.2233578503131866 -1.100000023841858
v -0.44999999999999996 1.2499999940395354 -1.100000023841858
v -0.5839392066001892 1.2233578503131866 -1.100000023841858
v -0.6974873661994934 1.147487366199493 -1.100000023841858
v -0.7733578503131866 1.033939206600189 -1.100000023841858
v -0.7999999940395355 0.8999999999999998 -1.100000023841858
v -0.7733578503131866 0.7660607933998106 -1.100000023841858
v -0.6974873661994934 0.6525126338005064 -1.100000023841858
v -0.5839392066001892 0.5766421496868132 -1.100000023841858
v -0.4500000000000001 0.5500000059604643 -1.100000023841858
v -0.45 0.9000000000000002 1.100000023841858
v -0.45 0.9000000000000002 1.100000023841858
v -0.45 0.9000000000000002 1.100000023841858
v -0.45 0.9000000000000002 1.100000023841858
v -0.45 0.9000000000000002 1.100000023841858
v -0.45 0.9000000000000002 1.100000023841858
v -0.45 0.9000000000000002 1.100000023841858
v -0.45 0.9000000000000002 1.100000023841858
v -0.45 0.9000000000000002 1.100000023841858
v -0.45 0.9000000000000002 1.100000023841858
v -0.45 0.9000000000000002 1.100000023841858
v -0.45 0.9000000000000002 1.100000023841858
v -0.45 0.9000000000000002 1.100000023841858
v -0.45 0.9000000000000002 1.100000023841858
v -0.45 0.9000000000000002 1.100000023841858
v -0.45 0.9000000000000002 1.100000023841858
v -0.45 0.5500000059604647 1.100000023841858
v -0.3160607933998108 0.5766421496868136 1.100000023841858
v -0.2025126338005066 0.6525126338005068 1.100000023841858
v -0.12664214968681337 0.766060793399811 1.100000023841858
v -0.10000000596046449 0.9000000000000002 1.100000023841858
v -0.12664214968681337 1.0339392066001896 1.100000023841858
v -0.2025126338005066 1.1474873661994938 1.100000023841858
v -0.3160607933998108 1.223357850313187 1.100000023841858
v -0.44999999999999996 1.2499999940395359 1.100000023841858
v -0.5839392066001892 1.223357850313187 1.100000023841858
v -0.6974873661994934 1.1474873661994938 1.100000023841858
v -0.7733578503131866 1.0339392066001896 1.100000023841858
v -0.7999999940395355 0.9000000000000004 1.100000023841858
v -0.7733578503131866 0.766060793399811 1.100000023841858
v -0.6974873661994934 0.6525126338005068 1.100000023841858
v -0.5839392066001892 0.5766421496868136 1.100000023841858
v -0.4500000000000001 0.5500000059604647 1.100000023841858
v -0.45 0.8999999999999998 -1.100000023841858
v -0.45 0.8999999999999998 -1.100000023841858
v -0.45 0.8999999999999998 -1.100000023841858
v -0.45 0.8999999999999998 -1.100000023841858
v -0.45 0.8999999999999998 -1.100000023841858
v -0.45 0.8999999999999998 -1.100000023841858
v -0.45 0.8999999999999998 -1.100000023841858
v -0.45 0.8999999999999998 -1.100000023841858
v -0.45 0.8999999999999998 -1.100000023841858
v -0.45 0.8999999999999998 -1.100000023841858
v -0.45 0.8999999999999998 -1.100000023841858
v -0.45 0.8999999999999998 -1.100000023841858
v -0.45 0.8999999999999998 -1.100000023841858
v -0.45 0.8999999999999998 -1.100000023841858
v -0.45 0.8999999999999998 -1.100000023841858
v -0.45 0.8999999999999998 -1.100000023841858
v -0.45 0.5500000059604643 -1.100000023841858
v -0.3160607933998108 0.5766421496868132 -1.100000023841858
v -0.2025126338005066 0.6525126338005064 -1.100000023841858
v -0.12664214968681337 0.7660607933998106 -1.100000023841858
v -0.10000000596046449 0.8999999999999998 -1.100000023841858
v -0.12664214968681337 1.033939206600189 -1.100000023841858
v -0.2025126338005066 1.147487366199493 -1.100000023841858
v -0.3160607933998108 1.2233578503131866 -1.100000023841858
v -0.44999999999999996 1.2499999940395354 -1.100000023841858
v -0.5839392066001892 1.2233578503131866 -1.100000023841858
v -0.6974873661994934 1.147487366199493 -1.100000023841858
v -0.7733578503131866 1.033939206600189 -1.100000023841858
v -0.7999999940395355 0.8999999999999998 -1.100000023841858
v -0.7733578503131866 0.7660607933998106 -1.100000023841858
v -0.6974873661994934 0.6525126338005064 -1.100000023841858
v -0.5839392066001892 0.5766421496868132 -1.100000023841858
v -0.4500000000000001 0.5500000059604643 -1.100000023841858
vt 0 1
vt 0.0625 1
vt 0.125 1
vt 0.1875 1
vt 0.25 1
vt 0.3125 1
vt 0.375 1
vt 0.4375 1
vt 0.5 1
vt 0.5625 1
vt 0.625 1
vt 0.6875 1
vt 0.75 1
vt 0.8125 1
vt 0.875 1
vt 0.9375 1
vt 1 1
vt 0 0
vt 0.0625 0
vt 0.125 0
vt 0.1875 0
vt 0.25 0
vt 0.3125 0
vt 0.375 0
vt 0.4375 0
vt 0.5 0
vt 0.5625 0
vt 0.625 0
vt 0.6875 0
vt 0.75 0
vt 0.8125 0
vt 0.875 0
vt 0.9375 0
vt 1 0
vt 0.5 0.5
vt 0.5 0.5
vt 0.5 0.5
vt 0.5 0.5
vt 0.5 0.5
vt 0.5 0.5
vt 0.5 0.5
vt 0.5 0.5
vt 0.5 0.5
vt 0.5 0.5
vt 0.5 0.5
vt 0.5 0.5
vt 0.5 0.5
vt 0.5 0.5
vt 0.5 0.5
vt 0.5 0.5
vt 1 0.5
vt 0.9619397521018982 0.6913416981697083
vt 0.8535534143447876 0.8535534143447876
vt 0.6913416981697083 0.9619397521018982
vt 0.5 1
vt 0.30865827202796936 0.9619397521018982
vt 0.1464466154575348 0.8535534143447876
vt 0.03806023299694061 0.6913416981697083
vt 0 0.5
vt 0.03806023299694061 0.30865827202796936
vt 0.1464466154575348 0.1464466154575348
vt 0.30865827202796936 0.03806023299694061
vt 0.5 0
vt 0.6913416981697083 0.03806023299694061
vt 0.8535534143447876 0.1464466154575348
vt 0.9619397521018982 0.30865827202796936
vt 1 0.5
vt 0.5 0.5
vt 0.5 0.5
vt 0.5 0.5
vt 0.5 0.5
vt 0.5 0.5
vt 0.5 0.5
vt 0.5 0.5
vt 0.5 0.5
vt 0.5 0.5
vt 0.5 0.5
vt 0.5 0.5
vt 0.5 0.5
vt 0.5 0.5
vt 0.5 0.5
vt 0.5 0.5
vt 0.5 0.5
vt 1 0.5
vt 0.9619397521018982 0.30865827202796936
vt 0.8535534143447876 0.1464466154575348
vt 0.6913416981697083 0.03806023299694061
vt 0.5 0
vt 0.30865827202796936 0.03806023299694061
vt 0.1464466154575348 0.1464466154575348
vt 0.03806023299694061 0.30865827202796936
vt 0 0.5
vt 0.03806023299694061 0.6913416981697083
vt 0.1464466154575348 0.8535534143447876
vt 0.30865827202796936 0.9619397521018982
vt 0.5 1
vt 0.6913416981697083 0.9619397521018982
vt 0.8535534143447876 0.8535534143447876
vt 0.9619397521018982 0.6913416981697083
vt 1 0.5
vn 0 -1 2.220446049250313e-16
vn 0.3826834370613369 -0.9238795305660377 2.0514246536285922e-16
vn 0.7071067811865476 -0.7071067811865476 1.5700924586837752e-16
vn 0.9238795305660377 -0.3826834370613369 8.497279259363763e-17
vn 1 -6.123234262925839e-17 1.3596311327747833e-32
vn 0.9238795305660377 0.3826834370613369 -8.497279259363763e-17
vn 0.7071067811865476 0.7071067811865476 -1.5700924586837752e-16
vn 0.3826834370613369 0.9238795305660377 -2.0514246536285922e-16
vn 1.2246468525851679e-16 1 -2.220446049250313e-16
vn -0.3826834370613369 0.9238795305660377 -2.0514246536285922e-16
vn -0.7071067811865476 0.7071067811865476 -1.5700924586837752e-16
vn -0.9238795305660377 0.3826834370613369 -8.497279259363763e-17
vn -1 1.8369701465288538e-16 -4.078893104450762e-32
vn -0.9238795305660377 -0.3826834370613369 8.497279259363763e-17
vn -0.7071067811865476 -0.7071067811865476 1.5700924586837752e-16
vn -0.3826834370613369 -0.9238795305660377 2.0514246536285922e-16
vn -2.4492937051703357e-16 -1 2.220446049250313e-16
vn 0 -1 2.220446049250313e-16
vn 0.3826834370613369 -0.9238795305660377 2.0514246536285922e-16
vn 0.7071067811865476 -0.7071067811865476 1.5700924586837752e-16
vn 0.9238795305660377 -0.3826834370613369 8.497279259363763e-17
vn 1 -6.123234262925839e-17 1.3596311327747833e-32
vn 0.9238795305660377 0.3826834370613369 -8.497279259363763e-17
vn 0.7071067811865476 0.7071067811865476 -1.5700924586837752e-16
vn 0.3826834370613369 0.9238795305660377 -2.0514246536285922e-16
vn 1.2246468525851679e-16 1 -2.220446049250313e-16
vn -0.3826834370613369 0.9238795305660377 -2.0514246536285922e-16
vn -0.7071067811865476 0.7071067811865476 -1.5700924586837752e-16
vn -0.9238795305660377 0.3826834370613369 -8.497279259363763e-17
vn -1 1.8369701465288538e-16 -4.078893104450762e-32
vn -0.9238795305660377 -0.3826834370613369 8.497279259363763e-17
vn -0.7071067811865476 -0.7071067811865476 1.5700924586837752e-16
vn -0.3826834370613369 -0.9238795305660377 2.0514246536285922e-16
vn -2.4492937051703357e-16 -1 2.220446049250313e-16
vn 0 2.220446049250313e-16 1
vn 0 2.220446049250313e-16 1
vn 0 2.220446049250313e-16 1
vn 0 2.220446049250313e-16 1
vn 0 2.220446049250313e-16 1
vn 0 2.220446049250313e-16 1
vn 0 2.220446049250313e-16 1
vn 0 2.220446049250313e-16 1
vn 0 2.220446049250313e-16 1
vn 0 2.220446049250313e-16 1
vn 0 2.220446049250313e-16 1
vn 0 2.220446049250313e-16 1
vn 0 2.220446049250313e-16 1
vn 0 2.220446049250313e-16 1
vn 0 2.220446049250313e-16 1
vn 0 2.220446049250313e-16 1
vn 0 2.220446049250313e-16 1
vn 0 2.220446049250313e-16 1
vn 0 2.220446049250313e-16 1
vn 0 2.220446049250313e-16 1
vn 0 2.220446049250313e-16 1
vn 0 2.220446049250313e-16 1
vn 0 2.220446049250313e-16 1
vn 0 2.220446049250313e-16 1
vn 0 2.220446049250313e-16 1
vn 0 2.220446049250313e-16 1
vn 0 2.220446049250313e-16 1
vn 0 2.220446049250313e-16 1
vn 0 2.220446049250313e-16 1
vn 0 2.220446049250313e-16 1
vn 0 2.220446049250313e-16 1
vn 0 2.220446049250313e-16 1
vn 0 2.220446049250313e-16 1
vn 0 -2.220446049250313e-16 -1
vn 0 -2.220446049250313e-16 -1
vn 0 -2.220446049250313e-16 -1
vn 0 -2.220446049250313e-16 -1
vn 0 -2.220446049250313e-16 -1
vn 0 -2.220446049250313e-16 -1
vn 0 -2.220446049250313e-16 -1
vn 0 -2.220446049250313e-16 -1
vn 0 -2.220446049250313e-16 -1
vn 0 -2.220446049250313e-16 -1
vn 0 -2.220446049250313e-16 -1
vn 0 -2.220446049250313e-16 -1
vn 0 -2.220446049250313e-16 -1
vn 0 -2.220446049250313e-16 -1
vn 0 -2.220446049250313e-16 -1
vn 0 -2.220446049250313e-16 -1
vn 0 -2.220446049250313e-16 -1
vn 0 -2.220446049250313e-16 -1
vn 0 -2.220446049250313e-16 -1
vn 0 -2.220446049250313e-16 -1
vn 0 -2.220446049250313e-16 -1
vn 0 -2.220446049250313e-16 -1
vn 0 -2.220446049250313e-16 -1
vn 0 -2.220446049250313e-16 -1
vn 0 -2.220446049250313e-16 -1
vn 0 -2.220446049250313e-16 -1
vn 0 -2.220446049250313e-16 -1
vn 0 -2.220446049250313e-16 -1
vn 0 -2.220446049250313e-16 -1
vn 0 -2.220446049250313e-16 -1
vn 0 -2.220446049250313e-16 -1
vn 0 -2.220446049250313e-16 -1
vn 0 -2.220446049250313e-16 -1
f 29/29/29 46/46/46 30/30/30
f 46/46/46 47/47/47 30/30/30
f 30/30/30 47/47/47 31/31/31
f 47/47/47 48/48/48 31/31/31
f 31/31/31 48/48/48 32/32/32
f 48/48/48 49/49/49 32/32/32
f 32/32/32 49/49/49 33/33/33
f 49/49/49 50/50/50 33/33/33
f 33/33/33 50/50/50 34/34/34
f 50/50/50 51/51/51 34/34/34
f 34/34/34 51/51/51 35/35/35
f 51/51/51 52/52/52 35/35/35
f 35/35/35 52/52/52 36/36/36
f 52/52/52 53/53/53 36/36/36
f 36/36/36 53/53/53 37/37/37
f 53/53/53 54/54/54 37/37/37
f 37/37/37 54/54/54 38/38/38
f 54/54/54 55/55/55 38/38/38
f 38/38/38 55/55/55 39/39/39
f 55/55/55 56/56/56 39/39/39
f 39/39/39 56/56/56 40/40/40
f 56/56/56 57/57/57 40/40/40
f 40/40/40 57/57/57 41/41/41
f 57/57/57 58/58/58 41/41/41
f 41/41/41 58/58/58 42/42/42
f 58/58/58 59/59/59 42/42/42
f 42/42/42 59/59/59 43/43/43
f 59/59/59 60/60/60 43/43/43
f 43/43/43 60/60/60 44/44/44
f 60/60/60 61/61/61 44/44/44
f 44/44/44 61/61/61 45/45/45
f 61/61/61 62/62/62 45/45/45
f 79/79/79 80/80/80 63/63/63
f 80/80/80 81/81/81 64/64/64
f 81/81/81 82/82/82 65/65/65
f 82/82/82 83/83/83 66/66/66
f 83/83/83 84/84/84 67/67/67
f 84/84/84 85/85/85 68/68/68
f 85/85/85 86/86/86 69/69/69
f 86/86/86 87/87/87 70/70/70
f 87/87/87 88/88/88 71/71/71
f 88/88/88 89/89/89 72/72/72
f 89/89/89 90/90/90 73/73/73
f 90/90/90 91/91/91 74/74/74
f 91/91/91 92/92/92 75/75/75
f 92/92/92 93/93/93 76/76/76
f 93/93/93 94/94/94 77/77/77
f 94/94/94 95/95/95 78/78/78
f 113/113/113 112/112/112 96/96/96
f 114/114/114 113/113/113 97/97/97
f 115/115/115 114/114/114 98/98/98
f 116/116/116 115/115/115 99/99/99
f 117/117/117 116/116/116 100/100/100
f 118/118/118 117/117/117 101/101/101
f 119/119/119 118/118/118 102/102/102
f 120/120/120 119/119/119 103/103/103
f 121/121/121 120/120/120 104/104/104
f 122/122/122 121/121/121 105/105/105
f 123/123/123 122/122/122 106/106/106
f 124/124/124 123/123/123 107/107/107
f 125/125/125 124/124/124 108/108/108
f 126/126/126 125/125/125 109/109/109
f 127/127/127 126/126/126 110/110/110
f 128/128/128 127/127/127 111/111/111
o 
v 0.1500000238418579 0.9 -0.8999999761581421
v 0.1500000238418579 0.9 -0.8999999761581421
v 0.1500000238418579 0.9 -0.8999999761581421
v 0.1500000238418579 0.9 -0.8999999761581421
v 0.1500000238418579 0.9 -0.8999999761581421
v 0.1500000238418579 0.9 -0.8999999761581421
v 0.1500000238418579 0.9 -0.8999999761581421
v -0.15000001788139344 0.9 -0.800000011920929
v -0.15000001788139344 0.8133974611759186 -0.8500000238418579
v -0.15000001788139344 0.8133974611759186 -0.949999988079071
v -0.15000001788139344 0.9 -1
v -0.15000001788139344 0.9866025388240814 -0.949999988079071
v -0.15000001788139344 0.9866025388240814 -0.8500000238418579
v -0.15000001788139344 0.9 -0.800000011920929
v -0.15000001788139344 0.9 -0.8999999761581421
v -0.15000001788139344 0.9 -0.8999999761581421
v -0.15000001788139344 0.9 -0.8999999761581421
v -0.15000001788139344 0.9 -0.8999999761581421
v -0.15000001788139344 0.9 -0.8999999761581421
v -0.15000001788139344 0.9 -0.8999999761581421
v -0.15000001788139344 0.9 -0.800000011920929
v -0.15000001788139344 0.8133974611759186 -0.8500000238418579
v -0.15000001788139344 0.8133974611759186 -0.949999988079071
v -0.15000001788139344 0.9 -1
v -0.15000001788139344 0.9866025388240814 -0.949999988079071
v -0.15000001788139344 0.9866025388240814 -0.8500000238418579
v -0.15000001788139344 0.9 -0.800000011920929
v -1.0500000238418579 0.9000000000000001 -0.8999999761581421
v -1.0500000238418579 0.9000000000000001 -0.8999999761581421
v -1.0500000238418579 0.9000000000000001 -0.8999999761581421
v -1.0500000238418579 0.9000000000000001 -0.8999999761581421
v -1.0500000238418579 0.9000000000000001 -0.8999999761581421
v -1.0500000238418579 0.9000000000000001 -0.8999999761581421
v -1.0500000238418579 0.9000000000000001 -0.8999999761581421
v -0.7499999821186065 0.9 -0.800000011920929
v -0.7499999821186065 0.9866025388240814 -0.8500000238418579
v -0.7499999821186065 0.9866025388240814 -0.949999988079071
v -0.7499999821186065 0.9 -1
v -0.7499999821186065 0.8133974611759186 -0.949999988079071
v -0.7499999821186065 0.8133974611759186 -0.8500000238418579
v -0.7499999821186065 0.9 -0.800000011920929
v -0.7499999821186065 0.9 -0.8999999761581421
v -0.7499999821186065 0.9 -0.8999999761581421
v -0.7499999821186065 0.9 -0.8999999761581421
v -0.7499999821186065 0.9 -0.8999999761581421
v -0.7499999821186065 0.9 -0.8999999761581421
v -0.7499999821186065 0.9 -0.8999999761581421
v -0.7499999821186065 0.9 -0.800000011920929
v -0.7499999821186065 0.9866025388240814 -0.8500000238418579
v -0.7499999821186065 0.9866025388240814 -0.949999988079071
v -0.7499999821186065 0.9 -1
v -0.7499999821186065 0.8133974611759186 -0.949999988079071
v -0.7499999821186065 0.8133974611759186 -0.8500000238418579
v -0.7499999821186065 0.9 -0.800000011920929
v -0.7500000119209289 0.3803847670555115 -0.8999999761581421
v -0.7500000119209289 0.3803847670555115 -0.8999999761581421
v -0.7500000119209289 0.3803847670555115 -0.8999999761581421
v -0.7500000119209289 0.3803847670555115 -0.8999999761581421
v -0.7500000119209289 0.3803847670555115 -0.8999999761581421
v -0.7500000119209289 0.3803847670555115 -0.8999999761581421
v -0.7500000119209289 0.3803847670555115 -0.8999999761581421
v -0.5999999910593032 0.6401923835277558 -0.800000011920929
v -0.6749999940395355 0.6834936529397965 -0.8500000238418579
v -0.6749999940395355 0.6834936529397965 -0.949999988079071
v -0.5999999910593032 0.6401923835277558 -1
v -0.5249999955296516 0.5968911290168762 -0.949999988079071
v -0.5249999955296516 0.5968911290168762 -0.8500000238418579
v -0.5999999910593032 0.6401923835277558 -0.800000011920929
v -0.5999999910593032 0.6401923835277558 -0.8999999761581421
v -0.5999999910593032 0.6401923835277558 -0.8999999761581421
v -0.5999999910593032 0.6401923835277558 -0.8999999761581421
v -0.5999999910593032 0.6401923835277558 -0.8999999761581421
v -0.5999999910593032 0.6401923835277558 -0.8999999761581421
v -0.5999999910593032 0.6401923835277558 -0.8999999761581421
v -0.5999999910593032 0.6401923835277558 -0.800000011920929
v -0.6749999940395355 0.6834936529397965 -0.8500000238418579
v -0.6749999940395355 0.6834936529397965 -0.949999988079071
v -0.5999999910593032 0.6401923835277558 -1
v -0.5249999955296516 0.5968911290168762 -0.949999988079071
v -0.5249999955296516 0.5968911290168762 -0.8500000238418579
v -0.5999999910593032 0.6401923835277558 -0.800000011920929
v 0.1500000238418579 0.9 0
v 0.1500000238418579 0.9 0
v 0.1500000238418579 0.9 0
v 0.1500000238418579 0.9 0
v 0.1500000238418579 0.9 0
v 0.1500000238418579 0.9 0
v 0.1500000238418579 0.9 0
v -0.15000001788139344 0.9 0.10000000149011612
v -0.15000001788139344 0.8133974611759186 0.05000000074505806
v -0.15000001788139344 0.8133974611759186 -0.05000000074505806
v -0.15000001788139344 0.9 -0.10000000149011612
v -0.15000001788139344 0.9866025388240814 -0.05000000074505806
v -0.15000001788139344 0.9866025388240814 0.05000000074505806
v -0.15000001788139344 0.9 0.10000000149011612
v -0.15000001788139344 0.9 0
v -0.15000001788139344 0.9 0
v -0.15000001788139344 0.9 0
v -0.15000001788139344 0.9 0
v -0.15000001788139344 0.9 0
v -0.15000001788139344 0.9 0
v -0.15000001788139344 0.9 0.10000000149011612
v -0.15000001788139344 0.8133974611759186 0.05000000074505806
v -0.15000001788139344 0.8133974611759186 -0.05000000074505806
v -0.15000001788139344 0.9 -0.10000000149011612
v -0.15000001788139344 0.9866025388240814 -0.05000000074505806
v -0.15000001788139344 0.9866025388240814 0.05000000074505806
v -0.15000001788139344 0.9 0.10000000149011612
v -0.14999998807907106 1.4196152329444884 0
v -0.14999998807907106 1.4196152329444884 0
v -0.14999998807907106 1.4196152329444884 0
v -0.14999998807907106 1.4196152329444884 0
v -0.14999998807907106 1.4196152329444884 0
v -0.14999998807907106 1.4196152329444884 0
v -0.14999998807907106 1.4196152329444884 0
v -0.3000000089406967 1.1598076164722442 0.10000000149011612
v -0.2250000059604645 1.1165063470602035 0.05000000074505806
v -0.2250000059604645 1.1165063470602035 -0.05000000074505806
v -0.3000000089406967 1.1598076164722442 -0.10000000149011612
v -0.37500000447034837 1.2031088709831237 -0.05000000074505806
v -0.37500000447034837 1.2031088709831237 0.05000000074505806
v -0.3000000089406967 1.1598076164722442 0.10000000149011612
v -0.3000000089406967 1.1598076164722442 0
v -0.3000000089406967 1.1598076164722442 0
v -0.3000000089406967 1.1598076164722442 0
v -0.3000000089406967 1.1598076164722442 0
v -0.3000000089406967 1.1598076164722442 0
v -0.3000000089406967 1.1598076164722442 0
v -0.3000000089406967 1.1598076164722442 0.10000000149011612
v -0.2250000059604645 1.1165063470602035 0.05000000074505806
v -0.2250000059604645 1.1165063470602035 -0.05000000074505806
v -0.3000000089406967 1.1598076164722442 -0.10000000149011612
v -0.37500000447034837 1.2031088709831237 -0.05000000074505806
v -0.37500000447034837 1.2031088709831237 0.05000000074505806
v -0.3000000089406967 1.1598076164722442 0.10000000149011612
v -0.7500000119209289 1.4196152329444884 0
v -0.7500000119209289 1.4196152329444884 0
v -0.7500000119209289 1.4196152329444884 0
v -0.7500000119209289 1.4196152329444884 0
v -0.7500000119209289 1.4196152329444884 0
v -0.7500000119209289 1.4196152329444884 0
v -0.7500000119209289 1.4196152329444884 0
v -0.5999999910593032 1.1598076164722442 0.10000000149011612
v -0.5249999955296516 1.2031088709831237 0.05000000074505806
v -0.5249999955296516 1.2031088709831237 -0.05000000074505806
v -0.5999999910593032 1.1598076164722442 -0.10000000149011612
v -0.6749999940395355 1.1165063470602035 -0.05000000074505806
v -0.6749999940395355 1.1165063470602035 0.05000000074505806
v -0.5999999910593032 1.1598076164722442 0.10000000149011612
v -0.5999999910593032 1.1598076164722442 0
v -0.5999999910593032 1.1598076164722442 0
v -0.5999999910593032 1.1598076164722442 0
v -0.5999999910593032 1.1598076164722442 0
v -0.5999999910593032 1.1598076164722442 0
v -0.5999999910593032 1.1598076164722442 0
v -0.5999999910593032 1.1598076164722442 0.10000000149011612
v -0.5249999955296516 1.2031088709831237 0.05000000074505806
v -0.5249999955296516 1.2031088709831237 -0.05000000074505806
v -0.5999999910593032 1.1598076164722442 -0.10000000149011612
v -0.6749999940395355 1.1165063470602035 -0.05000000074505806
v -0.6749999940395355 1.1165063470602035 0.05000000074505806
v -0.5999999910593032 1.1598076164722442 0.10000000149011612
v -1.0500000238418579 0.9000000000000001 0
v -1.0500000238418579 0.9000000000000001 0
v -1.0500000238418579 0.9000000000000001 0
v -1.0500000238418579 0.9000000000000001 0
v -1.0500000238418579 0.9000000000000001 0
v -1.0500000238418579 0.9000000000000001 0
v -1.0500000238418579 0.9000000000000001 0
v -0.7499999821186065 0.9 0.10000000149011612
v -0.7499999821186065 0.9866025388240814 0.05000000074505806
v -0.7499999821186065 0.9866025388240814 -0.05000000074505806
v -0.7499999821186065 0.9 -0.10000000149011612
v -0.7499999821186065 0.8133974611759186 -0.05000000074505806
v -0.7499999821186065 0.8133974611759186 0.05000000074505806
v -0.7499999821186065 0.9 0.10000000149011612
v -0.7499999821186065 0.9 0
v -0.7499999821186065 0.9 0
v -0.7499999821186065 0.9 0
v -0.7499999821186065 0.9 0
v -0.7499999821186065 0.9 0
v -0.7499999821186065 0.9 0
v -0.7499999821186065 0.9 0.10000000149011612
v -0.7499999821186065 0.9866025388240814 0.05000000074505806
v -0.7499999821186065 0.9866025388240814 -0.05000000074505806
v -0.7499999821186065 0.9 -0.10000000149011612
v -0.7499999821186065 0.8133974611759186 -0.05000000074505806
v -0.7499999821186065 0.8133974611759186 0.05000000074505806
v -0.7499999821186065 0.9 0.10000000149011612
v -0.7500000119209289 0.3803847670555115 0
v -0.7500000119209289 0.3803847670555115 0
v -0.7500000119209289 0.3803847670555115 0
v -0.7500000119209289 0.3803847670555115 0
v -0.7500000119209289 0.3803847670555115 0
v -0.7500000119209289 0.3803847670555115 0
v -0.7500000119209289 0.3803847670555115 0
v -0.5999999910593032 0.6401923835277558 0.10000000149011612
v -0.6749999940395355 0.6834936529397965 0.05000000074505806
v -0.6749999940395355 0.6834936529397965 -0.05000000074505806
v -0.5999999910593032 0.6401923835277558 -0.10000000149011612
v -0.5249999955296516 0.5968911290168762 -0.05000000074505806
v -0.5249999955296516 0.5968911290168762 0.05000000074505806
v -0.5999999910593032 0.6401923835277558 0.10000000149011612
v -0.5999999910593032 0.6401923835277558 0
v -0.5999999910593032 0.6401923835277558 0
v -0.5999999910593032 0.6401923835277558 0
v -0.5999999910593032 0.6401923835277558 0
v -0.5999999910593032 0.6401923835277558 0
v -0.5999999910593032 0.6401923835277558 0
v -0.5999999910593032 0.6401923835277558 0.10000000149011612
v -0.6749999940395355 0.6834936529397965 0.05000000074505806
v -0.6749999940395355 0.6834936529397965 -0.05000000074505806
v -0.5999999910593032 0.6401923835277558 -0.10000000149011612
v -0.5249999955296516 0.5968911290168762 -0.05000000074505806
v -0.5249999955296516 0.5968911290168762 0.05000000074505806
v -0.5999999910593032 0.6401923835277558 0.10000000149011612
v -0.14999998807907106 0.3803847670555115 0
v -0.14999998807907106 0.3803847670555115 0
v -0.14999998807907106 0.3803847670555115 0
v -0.14999998807907106 0.3803847670555115 0
v -0.14999998807907106 0.3803847670555115 0
v -0.14999998807907106 0.3803847670555115 0
v -0.14999998807907106 0.3803847670555115 0
v -0.3000000089406967 0.6401923835277558 0.10000000149011612
v -0.37500000447034837 0.5968911290168762 0.05000000074505806
v -0.37500000447034837 0.5968911290168762 -0.05000000074505806
v -0.3000000089406967 0.6401923835277558 -0.10000000149011612
v -0.2250000059604645 0.6834936529397965 -0.05000000074505806
v -0.2250000059604645 0.6834936529397965 0.05000000074505806
v -0.3000000089406967 0.6401923835277558 0.10000000149011612
v -0.3000000089406967 0.6401923835277558 0
v -0.3000000089406967 0.6401923835277558 0
v -0.3000000089406967 0.6401923835277558 0
v -0.3000000089406967 0.6401923835277558 0
v -0.3000000089406967 0.6401923835277558 0
v -0.3000000089406967 0.6401923835277558 0
v -0.3000000089406967 0.6401923835277558 0.10000000149011612
v -0.37500000447034837 0.5968911290168762 0.05000000074505806
v -0.37500000447034837 0.5968911290168762 -0.05000000074505806
v -0.3000000089406967 0.6401923835277558 -0.10000000149011612
v -0.2250000059604645 0.6834936529397965 -0.05000000074505806
v -0.2250000059604645 0.6834936529397965 0.05000000074505806
v -0.3000000089406967 0.6401923835277558 0.10000000149011612
v -1.0500000238418579 0.9000000000000001 0.8999999761581421
v -1.0500000238418579 0.9000000000000001 0.8999999761581421
v -1.0500000238418579 0.9000000000000001 0.8999999761581421
v -1.0500000238418579 0.9000000000000001 0.8999999761581421
v -1.0500000238418579 0.9000000000000001 0.8999999761581421
v -1.0500000238418579 0.9000000000000001 0.8999999761581421
v -1.0500000238418579 0.9000000000000001 0.8999999761581421
v -0.7499999821186065 0.9 1
v -0.7499999821186065 0.9866025388240814 0.949999988079071
v -0.7499999821186065 0.9866025388240814 0.8500000238418579
v -0.7499999821186065 0.9 0.800000011920929
v -0.7499999821186065 0.8133974611759186 0.8500000238418579
v -0.7499999821186065 0.8133974611759186 0.949999988079071
v -0.7499999821186065 0.9 1
v -0.7499999821186065 0.9 0.8999999761581421
v -0.7499999821186065 0.9 0.8999999761581421
v -0.7499999821186065 0.9 0.8999999761581421
v -0.7499999821186065 0.9 0.8999999761581421
v -0.7499999821186065 0.9 0.8999999761581421
v -0.7499999821186065 0.9 0.8999999761581421
v -0.7499999821186065 0.9 1
v -0.7499999821186065 0.9866025388240814 0.949999988079071
v -0.7499999821186065 0.9866025388240814 0.8500000238418579
v -0.7499999821186065 0.9 0.800000011920929
v -0.7499999821186065 0.8133974611759186 0.8500000238418579
v -0.7499999821186065 0.8133974611759186 0.949999988079071
v -0.7499999821186065 0.9 1
v -0.14999998807907106 0.3803847670555115 0.8999999761581421
v -0.14999998807907106 0.3803847670555115 0.8999999761581421
v -0.14999998807907106 0.3803847670555115 0.8999999761581421
v -0.14999998807907106 0.3803847670555115 0.8999999761581421
v -0.14999998807907106 0.3803847670555115 0.8999999761581421
v -0.14999998807907106 0.3803847670555115 0.8999999761581421
v -0.14999998807907106 0.3803847670555115 0.8999999761581421
v -0.3000000089406967 0.6401923835277558 1
v -0.37500000447034837 0.5968911290168762 0.949999988079071
v -0.37500000447034837 0.5968911290168762 0.8500000238418579
v -0.3000000089406967 0.6401923835277558 0.800000011920929
v -0.2250000059604645 0.6834936529397965 0.8500000238418579
v -0.2250000059604645 0.6834936529397965 0.949999988079071
v -0.3000000089406967 0.6401923835277558 1
v -0.3000000089406967 0.6401923835277558 0.8999999761581421
v -0.3000000089406967 0.6401923835277558 0.8999999761581421
v -0.3000000089406967 0.6401923835277558 0.8999999761581421
v -0.3000000089406967 0.6401923835277558 0.8999999761581421
v -0.3000000089406967 0.6401923835277558 0.8999999761581421
v -0.3000000089406967 0.6401923835277558 0.8999999761581421
v -0.3000000089406967 0.6401923835277558 1
v -0.37500000447034837 0.5968911290168762 0.949999988079071
v -0.37500000447034837 0.5968911290168762 0.8500000238418579
v -0.3000000089406967 0.6401923835277558 0.800000011920929
v -0.2250000059604645 0.6834936529397965 0.8500000238418579
v -0.2250000059604645 0.6834936529397965 0.949999988079071
v -0.3000000089406967 0.6401923835277558 1
vt 0 1
vt 0.1666666716337204 1
vt 0.3333333432674408 1
vt 0.5 1
vt 0.6666666865348816 1
vt 0.8333333134651184 1
vt 1 1
vt 0 0
vt 0.1666666716337204 0
vt 0.3333333432674408 0
vt 0.5 0
vt 0.6666666865348816 0
vt 0.8333333134651184 0
vt 1 0
vt 0.5 0.5
vt 0.5 0.5
vt 0.5 0.5
vt 0.5 0.5
vt 0.5 0.5
vt 0.5 0.5
vt 1 0.5
vt 0.75 0.0669872984290123
vt 0.25 0.0669872984290123
vt 0 0.5
vt 0.25 0.9330127239227295
vt 0.75 0.9330127239227295
vt 1 0.5
vt 0 1
vt 0.1666666716337204 1
vt 0.3333333432674408 1
vt 0.5 1
vt 0.6666666865348816 1
vt 0.8333333134651184 1
vt 1 1
vt 0 0
vt 0.1666666716337204 0
vt 0.3333333432674408 0
vt 0.5 0
vt 0.6666666865348816 0
vt 0.8333333134651184 0
vt 1 0
vt 0.5 0.5
vt 0.5 0.5
vt 0.5 0.5
vt 0.5 0.5
vt 0.5 0.5
vt 0.5 0.5
vt 1 0.5
vt 0.75 0.0669872984290123
vt 0.25 0.0669872984290123
vt 0 0.5
vt 0.25 0.9330127239227295
vt 0.75 0.9330127239227295
vt 1 0.5
vt 0 1
vt 0.1666666716337204 1
vt 0.3333333432674408 1
vt 0.5 1
vt 0.6666666865348816 1
vt 0.8333333134651184 1
vt 1 1
vt 0 0
vt 0.1666666716337204 0
vt 0.3333333432674408 0
vt 0.5 0
vt 0.6666666865348816 0
vt 0.8333333134651184 0
vt 1 0
vt 0.5 0.5
vt 0.5 0.5
vt 0.5 0.5
vt 0.5 0.5
vt 0.5 0.5
vt 0.5 0.5
vt 1 0.5
vt 0.75 0.0669872984290123
vt 0.25 0.0669872984290123
vt 0 0.5
vt 0.25 0.9330127239227295
vt 0.75 0.9330127239227295
vt 1 0.5
vt 0 1
vt 0.1666666716337204 1
vt 0.3333333432674408 1
vt 0.5 1
vt 0.6666666865348816 1
vt 0.8333333134651184 1
vt 1 1
vt 0 0
vt 0.1666666716337204 0
vt 0.3333333432674408 0
vt 0.5 0
vt 0.6666666865348816 0
vt 0.8333333134651184 0
vt 1 0
vt 0.5 0.5
vt 0.5 0.5
vt 0.5 0.5
vt 0.5 0.5
vt 0.5 0.5
vt 0.5 0.5
vt 1 0.5
vt 0.75 0.0669872984290123
vt 0.25 0.0669872984290123
vt 0 0.5
vt 0.25 0.9330127239227295
vt 0.75 0.9330127239227295
vt 1 0.5
vt 0 1
vt 0.1666666716337204 1
vt 0.3333333432674408 1
vt 0.5 1
vt 0.6666666865348816 1
vt 0.8333333134651184 1
vt 1 1
vt 0 0
vt 0.1666666716337204 0
vt 0.3333333432674408 0
vt 0.5 0
vt 0.6666666865348816 0
vt 0.8333333134651184 0
vt 1 0
vt 0.5 0.5
vt 0.5 0.5
vt 0.5 0.5
vt 0.5 0.5
vt 0.5 0.5
vt 0.5 0.5
vt 1 0.5
vt 0.75 0.0669872984290123
vt 0.25 0.0669872984290123
vt 0 0.5
vt 0.25 0.9330127239227295
vt 0.75 0.9330127239227295
vt 1 0.5
vt 0 1
vt 0.1666666716337204 1
vt 0.3333333432674408 1
vt 0.5 1
vt 0.6666666865348816 1
vt 0.8333333134651184 1
vt 1 1
vt 0 0
vt 0.1666666716337204 0
vt 0.3333333432674408 0
vt 0.5 0
vt 0.6666666865348816 0
vt 0.8333333134651184 0
vt 1 0
vt 0.5 0.5
vt 0.5 0.5
vt 0.5 0.5
vt 0.5 0.5
vt 0.5 0.5
vt 0.5 0.5
vt 1 0.5
vt 0.75 0.0669872984290123
vt 0.25 0.0669872984290123
vt 0 0.5
vt 0.25 0.9330127239227295
vt 0.75 0.9330127239227295
vt 1 0.5
vt 0 1
vt 0.1666666716337204 1
vt 0.3333333432674408 1
vt 0.5 1
vt 0.6666666865348816 1
vt 0.8333333134651184 1
vt 1 1
vt 0 0
vt 0.1666666716337204 0
vt 0.3333333432674408 0
vt 0.5 0
vt 0.6666666865348816 0
vt 0.8333333134651184 0
vt 1 0
vt 0.5 0.5
vt 0.5 0.5
vt 0.5 0.5
vt 0.5 0.5
vt 0.5 0.5
vt 0.5 0.5
vt 1 0.5
vt 0.75 0.0669872984290123
vt 0.25 0.0669872984290123
vt 0 0.5
vt 0.25 0.9330127239227295
vt 0.75 0.9330127239227295
vt 1 0.5
vt 0 1
vt 0.1666666716337204 1
vt 0.3333333432674408 1
vt 0.5 1
vt 0.6666666865348816 1
vt 0.8333333134651184 1
vt 1 1
vt 0 0
vt 0.1666666716337204 0
vt 0.3333333432674408 0
vt 0.5 0
vt 0.6666666865348816 0
vt 0.8333333134651184 0
vt 1 0
vt 0.5 0.5
vt 0.5 0.5
vt 0.5 0.5
vt 0.5 0.5
vt 0.5 0.5
vt 0.5 0.5
vt 1 0.5
vt 0.75 0.0669872984290123
vt 0.25 0.0669872984290123
vt 0 0.5
vt 0.25 0.9330127239227295
vt 0.75 0.9330127239227295
vt 1 0.5
vt 0 1
vt 0.1666666716337204 1
vt 0.3333333432674408 1
vt 0.5 1
vt 0.6666666865348816 1
vt 0.8333333134651184 1
vt 1 1
vt 0 0
vt 0.1666666716337204 0
vt 0.3333333432674408 0
vt 0.5 0
vt 0.6666666865348816 0
vt 0.8333333134651184 0
vt 1 0
vt 0.5 0.5
vt 0.5 0.5
vt 0.5 0.5
vt 0.5 0.5
vt 0.5 0.5
vt 0.5 0.5
vt 1 0.5
vt 0.75 0.0669872984290123
vt 0.25 0.0669872984290123
vt 0 0.5
vt 0.25 0.9330127239227295
vt 0.75 0.9330127239227295
vt 1 0.5
vt 0 1
vt 0.1666666716337204 1
vt 0.3333333432674408 1
vt 0.5 1
vt 0.6666666865348816 1
vt 0.8333333134651184 1
vt 1 1
vt 0 0
vt 0.1666666716337204 0
vt 0.3333333432674408 0
vt 0.5 0
vt 0.6666666865348816 0
vt 0.8333333134651184 0
vt 1 0
vt 0.5 0.5
vt 0.5 0.5
vt 0.5 0.5
vt 0.5 0.5
vt 0.5 0.5
vt 0.5 0.5
vt 1 0.5
vt 0.75 0.0669872984290123
vt 0.25 0.0669872984290123
vt 0 0.5
vt 0.25 0.9330127239227295
vt 0.75 0.9330127239227295
vt 1 0.5
vt 0 1
vt 0.1666666716337204 1
vt 0.3333333432674408 1
vt 0.5 1
vt 0.6666666865348816 1
vt 0.8333333134651184 1
vt 1 1
vt 0 0
vt 0.1666666716337204 0
vt 0.3333333432674408 0
vt 0.5 0
vt 0.6666666865348816 0
vt 0.8333333134651184 0
vt 1 0
vt 0.5 0.5
vt 0.5 0.5
vt 0.5 0.5
vt 0.5 0.5
vt 0.5 0.5
vt 0.5 0.5
vt 1 0.5
vt 0.75 0.0669872984290123
vt 0.25 0.0669872984290123
vt 0 0.5
vt 0.25 0.9330127239227295
vt 0.75 0.9330127239227295
vt 1 0.5
vn 0.31622775707614137 7.021666738630058e-17 0.9486833010307459
vn 0.3162277698265603 -0.8215838228888802 0.474341669641002
vn 0.3162277698265603 -0.8215838228888802 -0.474341669641002
vn 0.31622775707614137 -4.5963520590692735e-17 -0.9486833010307459
vn 0.3162277698265603 0.8215838228888802 -0.474341669641002
vn 0.3162277698265603 0.8215838228888802 0.474341669641002
vn 0.31622775707614137 3.02577049957732e-16 0.9486833010307459
vn 0.31622775707614137 7.021666738630058e-17 0.9486833010307459
vn 0.3162277698265603 -0.8215838228888802 0.474341669641002
vn 0.3162277698265603 -0.8215838228888802 -0.474341669641002
vn 0.31622775707614137 -4.5963520590692735e-17 -0.9486833010307459
vn 0.3162277698265603 0.8215838228888802 -0.474341669641002
vn 0.3162277698265603 0.8215838228888802 0.474341669641002
vn 0.31622775707614137 3.02577049957732e-16 0.9486833010307459
vn -1 -2.220446049250313e-16 0
vn -1 -2.220446049250313e-16 0
vn -1 -2.220446049250313e-16 0
vn -1 -2.220446049250313e-16 0
vn -1 -2.220446049250313e-16 0
vn -1 -2.220446049250313e-16 0
vn -1 -2.220446049250313e-16 0
vn -1 -2.220446049250313e-16 0
vn -1 -2.220446049250313e-16 0
vn -1 -2.220446049250313e-16 0
vn -1 -2.220446049250313e-16 0
vn -1 -2.220446049250313e-16 0
vn -1 -2.220446049250313e-16 0
vn -0.31622775707614137 7.021666738630058e-17 0.9486833010307459
vn -0.3162277698265603 0.8215838228888802 0.474341669641002
vn -0.3162277698265603 0.8215838228888802 -0.474341669641002
vn -0.31622775707614137 1.8639684874584914e-16 -0.9486833010307459
vn -0.3162277698265603 -0.8215838228888802 -0.474341669641002
vn -0.3162277698265603 -0.8215838228888802 0.474341669641002
vn -0.31622775707614137 -1.621437019502413e-16 0.9486833010307459
vn -0.31622775707614137 7.021666738630058e-17 0.9486833010307459
vn -0.3162277698265603 0.8215838228888802 0.474341669641002
vn -0.3162277698265603 0.8215838228888802 -0.474341669641002
vn -0.31622775707614137 1.8639684874584914e-16 -0.9486833010307459
vn -0.3162277698265603 -0.8215838228888802 -0.474341669641002
vn -0.3162277698265603 -0.8215838228888802 0.474341669641002
vn -0.31622775707614137 -1.621437019502413e-16 0.9486833010307459
vn 1 -2.220446049250313e-16 0
vn 1 -2.220446049250313e-16 0
vn 1 -2.220446049250313e-16 0
vn 1 -2.220446049250313e-16 0
vn 1 -2.220446049250313e-16 0
vn 1 -2.220446049250313e-16 0
vn 1 -2.220446049250313e-16 0
vn 1 -2.220446049250313e-16 0
vn 1 -2.220446049250313e-16 0
vn 1 -2.220446049250313e-16 0
vn 1 -2.220446049250313e-16 0
vn 1 -2.220446049250313e-16 0
vn 1 -2.220446049250313e-16 0
vn -0.15811387930405768 -0.273861254646728 0.948683305626668
vn -0.8696263496367284 0.13693063061662092 0.47434166422151164
vn -0.8696263496367284 0.13693063061662092 -0.47434166422151164
vn -0.15811387930405768 -0.273861254646728 -0.948683305626668
vn 0.5533985493004611 -0.6846532222438292 -0.4743416605183303
vn 0.5533985493004611 -0.6846532222438292 0.4743416605183303
vn -0.15811387930405768 -0.273861254646728 0.948683305626668
vn -0.15811387930405768 -0.273861254646728 0.948683305626668
vn -0.8696263496367284 0.13693063061662092 0.47434166422151164
vn -0.8696263496367284 0.13693063061662092 -0.47434166422151164
vn -0.15811387930405768 -0.273861254646728 -0.948683305626668
vn 0.5533985493004611 -0.6846532222438292 -0.4743416605183303
vn 0.5533985493004611 -0.6846532222438292 0.4743416605183303
vn -0.15811387930405768 -0.273861254646728 0.948683305626668
vn 0.5000000067305869 0.8660253998985324 0
vn 0.5000000067305869 0.8660253998985324 0
vn 0.5000000067305869 0.8660253998985324 0
vn 0.5000000067305869 0.8660253998985324 0
vn 0.5000000067305869 0.8660253998985324 0
vn 0.5000000067305869 0.8660253998985324 0
vn 0.5000000067305869 0.8660253998985324 0
vn 0.5000000067305869 0.8660253998985324 0
vn 0.5000000067305869 0.8660253998985324 0
vn 0.5000000067305869 0.8660253998985324 0
vn 0.5000000067305869 0.8660253998985324 0
vn 0.5000000067305869 0.8660253998985324 0
vn 0.5000000067305869 0.8660253998985324 0
vn 0.31622775707614137 7.021666738630058e-17 0.9486833010307459
vn 0.3162277698265603 -0.8215838228888802 0.474341669641002
vn 0.3162277698265603 -0.8215838228888802 -0.474341669641002
vn 0.31622775707614137 -4.5963520590692735e-17 -0.9486833010307459
vn 0.3162277698265603 0.8215838228888802 -0.474341669641002
vn 0.3162277698265603 0.8215838228888802 0.474341669641002
vn 0.31622775707614137 3.02577049957732e-16 0.9486833010307459
vn 0.31622775707614137 7.021666738630058e-17 0.9486833010307459
vn 0.3162277698265603 -0.8215838228888802 0.474341669641002
vn 0.3162277698265603 -0.8215838228888802 -0.474341669641002
vn 0.31622775707614137 -4.5963520590692735e-17 -0.9486833010307459
vn 0.3162277698265603 0.8215838228888802 -0.474341669641002
vn 0.3162277698265603 0.8215838228888802 0.474341669641002
vn 0.31622775707614137 3.02577049957732e-16 0.9486833010307459
vn -1 -2.220446049250313e-16 0
vn -1 -2.220446049250313e-16 0
vn -1 -2.220446049250313e-16 0
vn -1 -2.220446049250313e-16 0
vn -1 -2.220446049250313e-16 0
vn -1 -2.220446049250313e-16 0
vn -1 -2.220446049250313e-16 0
vn -1 -2.220446049250313e-16 0
vn -1 -2.220446049250313e-16 0
vn -1 -2.220446049250313e-16 0
vn -1 -2.220446049250313e-16 0
vn -1 -2.220446049250313e-16 0
vn -1 -2.220446049250313e-16 0
vn 0.15811387930405768 0.273861254646728 0.948683305626668
vn 0.8696263496367284 -0.13693063061662092 0.47434166422151164
vn 0.8696263496367284 -0.13693063061662092 -0.47434166422151164
vn 0.15811387930405768 0.273861254646728 -0.948683305626668
vn -0.5533985493004611 0.6846532222438292 -0.4743416605183303
vn -0.5533985493004611 0.6846532222438292 0.4743416605183303
vn 0.15811387930405768 0.273861254646728 0.948683305626668
vn 0.15811387930405768 0.273861254646728 0.948683305626668
vn 0.8696263496367284 -0.13693063061662092 0.47434166422151164
vn 0.8696263496367284 -0.13693063061662092 -0.47434166422151164
vn 0.15811387930405768 0.273861254646728 -0.948683305626668
vn -0.5533985493004611 0.6846532222438292 -0.4743416605183303
vn -0.5533985493004611 0.6846532222438292 0.4743416605183303
vn 0.15811387930405768 0.273861254646728 0.948683305626668
vn -0.5000000067305869 -0.8660253998985324 0
vn -0.5000000067305869 -0.8660253998985324 0
vn -0.5000000067305869 -0.8660253998985324 0
vn -0.5000000067305869 -0.8660253998985324 0
vn -0.5000000067305869 -0.8660253998985324 0
vn -0.5000000067305869 -0.8660253998985324 0
vn -0.5000000067305869 -0.8660253998985324 0
vn -0.5000000067305869 -0.8660253998985324 0
vn -0.5000000067305869 -0.8660253998985324 0
vn -0.5000000067305869 -0.8660253998985324 0
vn -0.5000000067305869 -0.8660253998985324 0
vn -0.5000000067305869 -0.8660253998985324 0
vn -0.5000000067305869 -0.8660253998985324 0
vn -0.15811387930405768 0.273861254646728 0.948683305626668
vn 0.5533985493004611 0.6846532222438292 0.4743416605183303
vn 0.5533985493004611 0.6846532222438292 -0.4743416605183303
vn -0.15811387930405768 0.273861254646728 -0.948683305626668
vn -0.8696263496367284 -0.13693063061662092 -0.47434166422151164
vn -0.8696263496367284 -0.13693063061662092 0.47434166422151164
vn -0.15811387930405768 0.273861254646728 0.948683305626668
vn -0.15811387930405768 0.273861254646728 0.948683305626668
vn 0.5533985493004611 0.6846532222438292 0.4743416605183303
vn 0.5533985493004611 0.6846532222438292 -0.4743416605183303
vn -0.15811387930405768 0.273861254646728 -0.948683305626668
vn -0.8696263496367284 -0.13693063061662092 -0.47434166422151164
vn -0.8696263496367284 -0.13693063061662092 0.47434166422151164
vn -0.15811387930405768 0.273861254646728 0.948683305626668
vn 0.5000000067305869 -0.8660253998985324 0
vn 0.5000000067305869 -0.8660253998985324 0
vn 0.5000000067305869 -0.8660253998985324 0
vn 0.5000000067305869 -0.8660253998985324 0
vn 0.5000000067305869 -0.8660253998985324 0
vn 0.5000000067305869 -0.8660253998985324 0
vn 0.5000000067305869 -0.8660253998985324 0
vn 0.5000000067305869 -0.8660253998985324 0
vn 0.5000000067305869 -0.8660253998985324 0
vn 0.5000000067305869 -0.8660253998985324 0
vn 0.5000000067305869 -0.8660253998985324 0
vn 0.5000000067305869 -0.8660253998985324 0
vn 0.5000000067305869 -0.8660253998985324 0
vn -0.31622775707614137 7.021666738630058e-17 0.9486833010307459
vn -0.3162277698265603 0.8215838228888802 0.474341669641002
vn -0.3162277698265603 0.8215838228888802 -0.474341669641002
vn -0.31622775707614137 1.8639684874584914e-16 -0.9486833010307459
vn -0.3162277698265603 -0.8215838228888802 -0.474341669641002
vn -0.3162277698265603 -0.8215838228888802 0.474341669641002
vn -0.31622775707614137 -1.621437019502413e-16 0.9486833010307459
vn -0.31622775707614137 7.021666738630058e-17 0.9486833010307459
vn -0.3162277698265603 0.8215838228888802 0.474341669641002
vn -0.3162277698265603 0.8215838228888802 -0.474341669641002
vn -0.31622775707614137 1.8639684874584914e-16 -0.9486833010307459
vn -0.3162277698265603 -0.8215838228888802 -0.474341669641002
vn -0.3162277698265603 -0.8215838228888802 0.474341669641002
vn -0.31622775707614137 -1.621437019502413e-16 0.9486833010307459
vn 1 -2.220446049250313e-16 0
vn 1 -2.220446049250313e-16 0
vn 1 -2.220446049250313e-16 0
vn 1 -2.220446049250313e-16 0
vn 1 -2.220446049250313e-16 0
vn 1 -2.220446049250313e-16 0
vn 1 -2.220446049250313e-16 0
vn 1 -2.220446049250313e-16 0
vn 1 -2.220446049250313e-16 0
vn 1 -2.220446049250313e-16 0
vn 1 -2.220446049250313e-16 0
vn 1 -2.220446049250313e-16 0
vn 1 -2.220446049250313e-16 0
vn -0.15811387930405768 -0.273861254646728 0.948683305626668
vn -0.8696263496367284 0.13693063061662092 0.47434166422151164
vn -0.8696263496367284 0.13693063061662092 -0.47434166422151164
vn -0.15811387930405768 -0.273861254646728 -0.948683305626668
vn 0.5533985493004611 -0.6846532222438292 -0.4743416605183303
vn 0.5533985493004611 -0.6846532222438292 0.4743416605183303
vn -0.15811387930405768 -0.273861254646728 0.948683305626668
vn -0.15811387930405768 -0.273861254646728 0.948683305626668
vn -0.8696263496367284 0.13693063061662092 0.47434166422151164
vn -0.8696263496367284 0.13693063061662092 -0.47434166422151164
vn -0.15811387930405768 -0.273861254646728 -0.948683305626668
vn 0.5533985493004611 -0.6846532222438292 -0.4743416605183303
vn 0.5533985493004611 -0.6846532222438292 0.4743416605183303
vn -0.15811387930405768 -0.273861254646728 0.948683305626668
vn 0.5000000067305869 0.8660253998985324 0
vn 0.5000000067305869 0.8660253998985324 0
vn 0.5000000067305869 0.8660253998985324 0
vn 0.5000000067305869 0.8660253998985324 0
vn 0.5000000067305869 0.8660253998985324 0
vn 0.5000000067305869 0.8660253998985324 0
vn 0.5000000067305869 0.8660253998985324 0
vn 0.5000000067305869 0.8660253998985324 0
vn 0.5000000067305869 0.8660253998985324 0
vn 0.5000000067305869 0.8660253998985324 0
vn 0.5000000067305869 0.8660253998985324 0
vn 0.5000000067305869 0.8660253998985324 0
vn 0.5000000067305869 0.8660253998985324 0
vn 0.15811387930405768 -0.273861254646728 0.948683305626668
vn -0.5533985493004611 -0.6846532222438292 0.4743416605183303
vn -0.5533985493004611 -0.6846532222438292 -0.4743416605183303
vn 0.15811387930405768 -0.273861254646728 -0.948683305626668
vn 0.8696263496367284 0.13693063061662092 -0.47434166422151164
vn 0.8696263496367284 0.13693063061662092 0.47434166422151164
vn 0.15811387930405768 -0.273861254646728 0.948683305626668
vn 0.15811387930405768 -0.273861254646728 0.948683305626668
vn -0.5533985493004611 -0.6846532222438292 0.4743416605183303
vn -0.5533985493004611 -0.6846532222438292 -0.4743416605183303
vn 0.15811387930405768 -0.273861254646728 -0.948683305626668
vn 0.8696263496367284 0.13693063061662092 -0.47434166422151164
vn 0.8696263496367284 0.13693063061662092 0.47434166422151164
vn 0.15811387930405768 -0.273861254646728 0.948683305626668
vn -0.5000000067305869 0.8660253998985324 0
vn -0.5000000067305869 0.8660253998985324 0
vn -0.5000000067305869 0.8660253998985324 0
vn -0.5000000067305869 0.8660253998985324 0
vn -0.5000000067305869 0.8660253998985324 0
vn -0.5000000067305869 0.8660253998985324 0
vn -0.5000000067305869 0.8660253998985324 0
vn -0.5000000067305869 0.8660253998985324 0
vn -0.5000000067305869 0.8660253998985324 0
vn -0.5000000067305869 0.8660253998985324 0
vn -0.5000000067305869 0.8660253998985324 0
vn -0.5000000067305869 0.8660253998985324 0
vn -0.5000000067305869 0.8660253998985324 0
vn -0.31622775707614137 7.021666738630058e-17 0.9486833010307459
vn -0.3162277698265603 0.8215838228888802 0.474341669641002
vn -0.3162277698265603 0.8215838228888802 -0.474341669641002
vn -0.31622775707614137 1.8639684874584914e-16 -0.9486833010307459
vn -0.3162277698265603 -0.8215838228888802 -0.474341669641002
vn -0.3162277698265603 -0.8215838228888802 0.474341669641002
vn -0.31622775707614137 -1.621437019502413e-16 0.9486833010307459
vn -0.31622775707614137 7.021666738630058e-17 0.9486833010307459
vn -0.3162277698265603 0.8215838228888802 0.474341669641002
vn -0.3162277698265603 0.8215838228888802 -0.474341669641002
vn -0.31622775707614137 1.8639684874584914e-16 -0.9486833010307459
vn -0.3162277698265603 -0.8215838228888802 -0.474341669641002
vn -0.3162277698265603 -0.8215838228888802 0.474341669641002
vn -0.31622775707614137 -1.621437019502413e-16 0.9486833010307459
vn 1 -2.220446049250313e-16 0
vn 1 -2.220446049250313e-16 0
vn 1 -2.220446049250313e-16 0
vn 1 -2.220446049250313e-16 0
vn 1 -2.220446049250313e-16 0
vn 1 -2.220446049250313e-16 0
vn 1 -2.220446049250313e-16 0
vn 1 -2.220446049250313e-16 0
vn 1 -2.220446049250313e-16 0
vn 1 -2.220446049250313e-16 0
vn 1 -2.220446049250313e-16 0
vn 1 -2.220446049250313e-16 0
vn 1 -2.220446049250313e-16 0
vn 0.15811387930405768 -0.273861254646728 0.948683305626668
vn -0.5533985493004611 -0.6846532222438292 0.4743416605183303
vn -0.5533985493004611 -0.6846532222438292 -0.4743416605183303
vn 0.15811387930405768 -0.273861254646728 -0.948683305626668
vn 0.8696263496367284 0.13693063061662092 -0.47434166422151164
vn 0.8696263496367284 0.13693063061662092 0.47434166422151164
vn 0.15811387930405768 -0.273861254646728 0.948683305626668
vn 0.15811387930405768 -0.273861254646728 0.948683305626668
vn -0.5533985493004611 -0.6846532222438292 0.4743416605183303
vn -0.5533985493004611 -0.6846532222438292 -0.4743416605183303
vn 0.15811387930405768 -0.273861254646728 -0.948683305626668
vn 0.8696263496367284 0.13693063061662092 -0.47434166422151164
vn 0.8696263496367284 0.13693063061662092 0.47434166422151164
vn 0.15811387930405768 -0.273861254646728 0.948683305626668
vn -0.5000000067305869 0.8660253998985324 0
vn -0.5000000067305869 0.8660253998985324 0
vn -0.5000000067305869 0.8660253998985324 0
vn -0.5000000067305869 0.8660253998985324 0
vn -0.5000000067305869 0.8660253998985324 0
vn -0.5000000067305869 0.8660253998985324 0
vn -0.5000000067305869 0.8660253998985324 0
vn -0.5000000067305869 0.8660253998985324 0
vn -0.5000000067305869 0.8660253998985324 0
vn -0.5000000067305869 0.8660253998985324 0
vn -0.5000000067305869 0.8660253998985324 0
vn -0.5000000067305869 0.8660253998985324 0
vn -0.5000000067305869 0.8660253998985324 0
f 129/129/129 136/136/136 130/130/130
f 136/136/136 137/137/137 130/130/130
f 130/130/130 137/137/137 131/131/131
f 137/137/137 138/138/138 131/131/131
f 131/131/131 138/138/138 132/132/132
f 138/138/138 139/139/139 132/132/132
f 132/132/132 139/139/139 133/133/133
f 139/139/139 140/140/140 133/133/133
f 133/133/133 140/140/140 134/134/134
f 140/140/140 141/141/141 134/134/134
f 134/134/134 141/141/141 135/135/135
f 141/141/141 142/142/142 135/135/135
f 150/150/150 149/149/149 143/143/143
f 151/151/151 150/150/150 144/144/144
f 152/152/152 151/151/151 145/145/145
f 153/153/153 152/152/152 146/146/146
f 154/154/154 153/153/153 147/147/147
f 155/155/155 154/154/154 148/148/148
f 156/156/156 163/163/163 157/157/157
f 163/163/163 164/164/164 157/157/157
f 157/157/157 164/164/164 158/158/158
f 164/164/164 165/165/165 158/158/158
f 158/158/158 165/165/165 159/159/159
f 165/165/165 166/166/166 159/159/159
f 159/159/159 166/166/166 160/160/160
f 166/166/166 167/167/167 160/160/160
f 160/160/160 167/167/167 161/161/161
f 167/167/167 168/168/168 161/161/161
f 161/161/161 168/168/168 162/162/162
f 168/168/168 169/169/169 162/162/162
f 177/177/177 176/176/176 170/170/170
f 178/178/178 177/177/177 171/171/171
f 179/179/179 178/178/178 172/172/172
f 180/180/180 179/179/179 173/173/173
f 181/181/181 180/180/180 174/174/174
f 182/182/182 181/181/181 175/175/175
f 183/183/183 190/190/190 184/184/184
f 190/190/190 191/191/191 184/184/184
f 184/184/184 191/191/191 185/185/185
f 191/191/191 192/192/192 185/185/185
f 185/185/185 192/192/192 186/186/186
f 192/192/192 193/193/193 186/186/186
f 186/186/186 193/193/193 187/187/187
f 193/193/193 194/194/194 187/187/187
f 187/187/187 194/194/194 188/188/188
f 194/194/194 195/195/195 188/188/188
f 188/188/188 195/195/195 189/189/189
f 195/195/195 196/196/196 189/189/189
f 204/204/204 203/203/203 197/197/197
f 205/205/205 204/204/204 198/198/198
f 206/206/206 205/205/205 199/199/199
f 207/207/207 206/206/206 200/200/200
f 208/208/208 207/207/207 201/201/201
f 209/209/209 208/208/208 202/202/202
f 210/210/210 217/217/217 211/211/211
f 217/217/217 218/218/218 211/211/211
f 211/211/211 218/218/218 212/212/212
f 218/218/218 219/219/219 212/212/212
f 212/212/212 219/219/219 213/213/213
f 219/219/219 220/220/220 213/213/213
f 213/213/213 220/220/220 214/214/214
f 220/220/220 221/221/221 214/214/214
f 214/214/214 221/221/221 215/215/215
f 221/221/221 222/222/222 215/215/215
f 215/215/215 222/222/222 216/216/216
f 222/222/222 223/223/223 216/216/216
f 231/231/231 230/230/230 224/224/224
f 232/232/232 231/231/231 225/225/225
f 233/233/233 232/232/232 226/226/226
f 234/234/234 233/233/233 227/227/227
f 235/235/235 234/234/234 228/228/228
f 236/236/236 235/235/235 229/229/229
f 237/237/237 244/244/244 238/238/238
f 244/244/244 245/245/245 238/238/238
f 238/238/238 245/245/245 239/239/239
f 245/245/245 246/246/246 239/239/239
f 239/239/239 246/246/246 240/240/240
f 246/246/246 247/247/247 240/240/240
f 240/240/240 247/247/247 241/241/241
f 247/247/247 248/248/248 241/241/241
f 241/241/241 248/248/248 242/242/242
f 248/248/248 249/249/249 242/242/242
f 242/242/242 249/249/249 243/243/243
f 249/249/249 250/250/250 243/243/243
f 258/258/258 257/257/257 251/251/251
f 259/259/259 258/258/258 252/252/252
f 260/260/260 259/259/259 253/253/253
f 261/261/261 260/260/260 254/254/254
f 262/262/262 261/261/261 255/255/255
f 263/263/263 262/262/262 256/256/256
f 264/264/264 271/271/271 265/265/265
f 271/271/271 272/272/272 265/265/265
f 265/265/265 272/272/272 266/266/266
f 272/272/272 273/273/273 266/266/266
f 266/266/266 273/273/273 267/267/267
f 273/273/273 274/274/274 267/267/267
f 267/267/267 274/274/274 268/268/268
f 274/274/274 275/275/275 268/268/268
f 268/268/268 275/275/275 269/269/269
f 275/275/275 276/276/276 269/269/269
f 269/269/269 276/276/276 270/270/270
f 276/276/276 277/277/277 270/270/270
f 285/285/285 284/284/284 278/278/278
f 286/286/286 285/285/285 279/279/279
f 287/287/287 286/286/286 280/280/280
f 288/288/288 287/287/287 281/281/281
f 289/289/289 288/288/288 282/282/282
f 290/290/290 289/289/289 283/283/283
f 291/291/291 298/298/298 292/292/292
f 298/298/298 299/299/299 292/292/292
f 292/292/292 299/299/299 293/293/293
f 299/299/299 300/300/300 293/293/293
f 293/293/293 300/300/300 294/294/294
f 300/300/300 301/301/301 294/294/294
f 294/294/294 301/301/301 295/295/295
f 301/301/301 302/302/302 295/295/295
f 295/295/295 302/302/302 296/296/296
f 302/302/302 303/303/303 296/296/296
f 296/296/296 303/303/303 297/297/297
f 303/303/303 304/304/304 297/297/297
f 312/312/312 311/311/311 305/305/305
f 313/313/313 312/312/312 306/306/306
f 314/314/314 313/313/313 307/307/307
f 315/315/315 314/314/314 308/308/308
f 316/316/316 315/315/315 309/309/309
f 317/317/317 316/316/316 310/310/310
f 318/318/318 325/325/325 319/319/319
f 325/325/325 326/326/326 319/319/319
f 319/319/319 326/326/326 320/320/320
f 326/326/326 327/327/327 320/320/320
f 320/320/320 327/327/327 321/321/321
f 327/327/327 328/328/328 321/321/321
f 321/321/321 328/328/328 322/322/322
f 328/328/328 329/329/329 322/322/322
f 322/322/322 329/329/329 323/323/323
f 329/329/329 330/330/330 323/323/323
f 323/323/323 330/330/330 324/324/324
f 330/330/330 331/331/331 324/324/324
f 339/339/339 338/338/338 332/332/332
f 340/340/340 339/339/339 333/333/333
f 341/341/341 340/340/340 334/334/334
f 342/342/342 341/341/341 335/335/335
f 343/343/343 342/342/342 336/336/336
f 344/344/344 343/343/343 337/337/337
f 345/345/345 352/352/352 346/346/346
f 352/352/352 353/353/353 346/346/346
f 346/346/346 353/353/353 347/347/347
f 353/353/353 354/354/354 347/347/347
f 347/347/347 354/354/354 348/348/348
f 354/354/354 355/355/355 348/348/348
f 348/348/348 355/355/355 349/349/349
f 355/355/355 356/356/356 349/349/349
f 349/349/349 356/356/356 350/350/350
f 356/356/356 357/357/357 350/350/350
f 350/350/350 357/357/357 351/351/351
f 357/357/357 358/358/358 351/351/351
f 366/366/366 365/365/365 359/359/359
f 367/367/367 366/366/366 360/360/360
f 368/368/368 367/367/367 361/361/361
f 369/369/369 368/368/368 362/362/362
f 370/370/370 369/369/369 363/363/363
f 371/371/371 370/370/370 364/364/364
f 372/372/372 379/379/379 373/373/373
f 379/379/379 380/380/380 373/373/373
f 373/373/373 380/380/380 374/374/374
f 380/380/380 381/381/381 374/374/374
f 374/374/374 381/381/381 375/375/375
f 381/381/381 382/382/382 375/375/375
f 375/375/375 382/382/382 376/376/376
f 382/382/382 383/383/383 376/376/376
f 376/376/376 383/383/383 377/377/377
f 383/383/383 384/384/384 377/377/377
f 377/377/377 384/384/384 378/378/378
f 384/384/384 385/385/385 378/378/378
f 393/393/393 392/392/392 386/386/386
f 394/394/394 393/393/393 387/387/387
f 395/395/395 394/394/394 388/388/388
f 396/396/396 395/395/395 389/389/389
f 397/397/397 396/396/396 390/390/390
f 398/398/398 397/397/397 391/391/391
f 399/399/399 406/406/406 400/400/400
f 406/406/406 407/407/407 400/400/400
f 400/400/400 407/407/407 401/401/401
f 407/407/407 408/408/408 401/401/401
f 401/401/401 408/408/408 402/402/402
f 408/408/408 409/409/409 402/402/402
f 402/402/402 409/409/409 403/403/403
f 409/409/409 410/410/410 403/403/403
f 403/403/403 410/410/410 404/404/404
f 410/410/410 411/411/411 404/404/404
f 404/404/404 411/411/411 405/405/405
f 411/411/411 412/412/412 405/405/405
f 420/420/420 419/419/419 413/413/413
f 421/421/421 420/420/420 414/414/414
f 422/422/422 421/421/421 415/415/415
f 423/423/423 422/422/422 416/416/416
f 424/424/424 423/423/423 417/417/417
f 425/425/425 424/424/424 418/418/418
o 
v -0.14999998807907106 1.4196152329444884 -0.8999999761581421
v -0.14999998807907106 1.4196152329444884 -0.8999999761581421
v -0.14999998807907106 1.4196152329444884 -0.8999999761581421
v -0.14999998807907106 1.4196152329444884 -0.8999999761581421
v -0.14999998807907106 1.4196152329444884 -0.8999999761581421
v -0.14999998807907106 1.4196152329444884 -0.8999999761581421
v -0.14999998807907106 1.4196152329444884 -0.8999999761581421
v -0.3000000089406967 1.1598076164722442 -0.800000011920929
v -0.2250000059604645 1.1165063470602035 -0.8500000238418579
v -0.2250000059604645 1.1165063470602035 -0.949999988079071
v -0.3000000089406967 1.1598076164722442 -1
v -0.37500000447034837 1.2031088709831237 -0.949999988079071
v -0.37500000447034837 1.2031088709831237 -0.8500000238418579
v -0.3000000089406967 1.1598076164722442 -0.800000011920929
v -0.3000000089406967 1.1598076164722442 -0.8999999761581421
v -0.3000000089406967 1.1598076164722442 -0.8999999761581421
v -0.3000000089406967 1.1598076164722442 -0.8999999761581421
v -0.3000000089406967 1.1598076164722442 -0.8999999761581421
v -0.3000000089406967 1.1598076164722442 -0.8999999761581421
v -0.3000000089406967 1.1598076164722442 -0.8999999761581421
v -0.3000000089406967 1.1598076164722442 -0.800000011920929
v -0.2250000059604645 1.1165063470602035 -0.8500000238418579
v -0.2250000059604645 1.1165063470602035 -0.949999988079071
v -0.3000000089406967 1.1598076164722442 -1
v -0.37500000447034837 1.2031088709831237 -0.949999988079071
v -0.37500000447034837 1.2031088709831237 -0.8500000238418579
v -0.3000000089406967 1.1598076164722442 -0.800000011920929
v -0.7500000119209289 1.4196152329444884 -0.8999999761581421
v -0.7500000119209289 1.4196152329444884 -0.8999999761581421
v -0.7500000119209289 1.4196152329444884 -0.8999999761581421
v -0.7500000119209289 1.4196152329444884 -0.8999999761581421
v -0.7500000119209289 1.4196152329444884 -0.8999999761581421
v -0.7500000119209289 1.4196152329444884 -0.8999999761581421
v -0.7500000119209289 1.4196152329444884 -0.8999999761581421
v -0.5999999910593032 1.1598076164722442 -0.800000011920929
v -0.5249999955296516 1.2031088709831237 -0.8500000238418579
v -0.5249999955296516 1.2031088709831237 -0.949999988079071
v -0.5999999910593032 1.1598076164722442 -1
v -0.6749999940395355 1.1165063470602035 -0.949999988079071
v -0.6749999940395355 1.1165063470602035 -0.8500000238418579
v -0.5999999910593032 1.1598076164722442 -0.800000011920929
v -0.5999999910593032 1.1598076164722442 -0.8999999761581421
v -0.5999999910593032 1.1598076164722442 -0.8999999761581421
v -0.5999999910593032 1.1598076164722442 -0.8999999761581421
v -0.5999999910593032 1.1598076164722442 -0.8999999761581421
v -0.5999999910593032 1.1598076164722442 -0.8999999761581421
v -0.5999999910593032 1.1598076164722442 -0.8999999761581421
v -0.5999999910593032 1.1598076164722442 -0.800000011920929
v -0.5249999955296516 1.2031088709831237 -0.8500000238418579
v -0.5249999955296516 1.2031088709831237 -0.949999988079071
v -0.5999999910593032 1.1598076164722442 -1
v -0.6749999940395355 1.1165063470602035 -0.949999988079071
v -0.6749999940395355 1.1165063470602035 -0.8500000238418579
v -0.5999999910593032 1.1598076164722442 -0.800000011920929
v -0.14999998807907106 0.3803847670555115 -0.8999999761581421
v -0.14999998807907106 0.3803847670555115 -0.8999999761581421
v -0.14999998807907106 0.3803847670555115 -0.8999999761581421
v -0.14999998807907106 0.3803847670555115 -0.8999999761581421
v -0.14999998807907106 0.3803847670555115 -0.8999999761581421
v -0.14999998807907106 0.3803847670555115 -0.8999999761581421
v -0.14999998807907106 0.3803847670555115 -0.8999999761581421
v -0.3000000089406967 0.6401923835277558 -0.800000011920929
v -0.37500000447034837 0.5968911290168762 -0.8500000238418579
v -0.37500000447034837 0.5968911290168762 -0.949999988079071
v -0.3000000089406967 0.6401923835277558 -1
v -0.2250000059604645 0.6834936529397965 -0.949999988079071
v -0.2250000059604645 0.6834936529397965 -0.8500000238418579
v -0.3000000089406967 0.6401923835277558 -0.800000011920929
v -0.3000000089406967 0.6401923835277558 -0.8999999761581421
v -0.3000000089406967 0.6401923835277558 -0.8999999761581421
v -0.3000000089406967 0.6401923835277558 -0.8999999761581421
v -0.3000000089406967 0.6401923835277558 -0.8999999761581421
v -0.3000000089406967 0.6401923835277558 -0.8999999761581421
v -0.3000000089406967 0.6401923835277558 -0.8999999761581421
v -0.3000000089406967 0.6401923835277558 -0.800000011920929
v -0.37500000447034837 0.5968911290168762 -0.8500000238418579
v -0.37500000447034837 0.5968911290168762 -0.949999988079071
v -0.3000000089406967 0.6401923835277558 -1
v -0.2250000059604645 0.6834936529397965 -0.949999988079071
v -0.2250000059604645 0.6834936529397965 -0.8500000238418579
v -0.3000000089406967 0.6401923835277558 -0.800000011920929
v 0.1500000238418579 0.9 0.8999999761581421
v 0.1500000238418579 0.9 0.8999999761581421
v 0.1500000238418579 0.9 0.8999999761581421
v 0.1500000238418579 0.9 0.8999999761581421
v 0.1500000238418579 0.9 0.8999999761581421
v 0.1500000238418579 0.9 0.8999999761581421
v 0.1500000238418579 0.9 0.8999999761581421
v -0.15000001788139344 0.9 1
v -0.15000001788139344 0.8133974611759186 0.949999988079071
v -0.15000001788139344 0.8133974611759186 0.8500000238418579
v -0.15000001788139344 0.9 0.800000011920929
v -0.15000001788139344 0.9866025388240814 0.8500000238418579
v -0.15000001788139344 0.9866025388240814 0.949999988079071
v -0.15000001788139344 0.9 1
v -0.15000001788139344 0.9 0.8999999761581421
v -0.15000001788139344 0.9 0.8999999761581421
v -0.15000001788139344 0.9 0.8999999761581421
v -0.15000001788139344 0.9 0.8999999761581421
v -0.15000001788139344 0.9 0.8999999761581421
v -0.15000001788139344 0.9 0.8999999761581421
v -0.15000001788139344 0.9 1
v -0.15000001788139344 0.8133974611759186 0.949999988079071
v -0.15000001788139344 0.8133974611759186 0.8500000238418579
v -0.15000001788139344 0.9 0.800000011920929
v -0.15000001788139344 0.9866025388240814 0.8500000238418579
v -0.15000001788139344 0.9866025388240814 0.949999988079071
v -0.15000001788139344 0.9 1
v -0.14999998807907106 1.4196152329444884 0.8999999761581421
v -0.14999998807907106 1.4196152329444884 0.8999999761581421
v -0.14999998807907106 1.4196152329444884 0.8999999761581421
v -0.14999998807907106 1.4196152329444884 0.8999999761581421
v -0.14999998807907106 1.4196152329444884 0.8999999761581421
v -0.14999998807907106 1.4196152329444884 0.8999999761581421
v -0.14999998807907106 1.4196152329444884 0.8999999761581421
v -0.3000000089406967 1.1598076164722442 1
v -0.2250000059604645 1.1165063470602035 0.949999988079071
v -0.2250000059604645 1.1165063470602035 0.8500000238418579
v -0.3000000089406967 1.1598076164722442 0.800000011920929
v -0.37500000447034837 1.2031088709831237 0.8500000238418579
v -0.37500000447034837 1.2031088709831237 0.949999988079071
v -0.3000000089406967 1.1598076164722442 1
v -0.3000000089406967 1.1598076164722442 0.8999999761581421
v -0.3000000089406967 1.1598076164722442 0.8999999761581421
v -0.3000000089406967 1.1598076164722442 0.8999999761581421
v -0.3000000089406967 1.1598076164722442 0.8999999761581421
v -0.3000000089406967 1.1598076164722442 0.8999999761581421
v -0.3000000089406967 1.1598076164722442 0.8999999761581421
v -0.3000000089406967 1.1598076164722442 1
v -0.2250000059604645 1.1165063470602035 0.949999988079071
v -0.2250000059604645 1.1165063470602035 0.8500000238418579
v -0.3000000089406967 1.1598076164722442 0.800000011920929
v -0.37500000447034837 1.2031088709831237 0.8500000238418579
v -0.37500000447034837 1.2031088709831237 0.949999988079071
v -0.3000000089406967 1.1598076164722442 1
v -0.7500000119209289 1.4196152329444884 0.8999999761581421
v -0.7500000119209289 1.4196152329444884 0.8999999761581421
v -0.7500000119209289 1.4196152329444884 0.8999999761581421
v -0.7500000119209289 1.4196152329444884 0.8999999761581421
v -0.7500000119209289 1.4196152329444884 0.8999999761581421
v -0.7500000119209289 1.4196152329444884 0.8999999761581421
v -0.7500000119209289 1.4196152329444884 0.8999999761581421
v -0.5999999910593032 1.1598076164722442 1
v -0.5249999955296516 1.2031088709831237 0.949999988079071
v -0.5249999955296516 1.2031088709831237 0.8500000238418579
v -0.5999999910593032 1.1598076164722442 0.800000011920929
v -0.6749999940395355 1.1165063470602035 0.8500000238418579
v -0.6749999940395355 1.1165063470602035 0.949999988079071
v -0.5999999910593032 1.1598076164722442 1
v -0.5999999910593032 1.1598076164722442 0.8999999761581421
v -0.5999999910593032 1.1598076164722442 0.8999999761581421
v -0.5999999910593032 1.1598076164722442 0.8999999761581421
v -0.5999999910593032 1.1598076164722442 0.8999999761581421
v -0.5999999910593032 1.1598076164722442 0.8999999761581421
v -0.5999999910593032 1.1598076164722442 0.8999999761581421
v -0.5999999910593032 1.1598076164722442 1
v -0.5249999955296516 1.2031088709831237 0.949999988079071
v -0.5249999955296516 1.2031088709831237 0.8500000238418579
v -0.5999999910593032 1.1598076164722442 0.800000011920929
v -0.6749999940395355 1.1165063470602035 0.8500000238418579
v -0.6749999940395355 1.1165063470602035 0.949999988079071
v -0.5999999910593032 1.1598076164722442 1
v -0.7500000119209289 0.3803847670555115 0.8999999761581421
v -0.7500000119209289 0.3803847670555115 0.8999999761581421
v -0.7500000119209289 0.3803847670555115 0.8999999761581421
v -0.7500000119209289 0.3803847670555115 0.8999999761581421
v -0.7500000119209289 0.3803847670555115 0.8999999761581421
v -0.7500000119209289 0.3803847670555115 0.8999999761581421
v -0.7500000119209289 0.3803847670555115 0.8999999761581421
v -0.5999999910593032 0.6401923835277558 1
v -0.6749999940395355 0.6834936529397965 0.949999988079071
v -0.6749999940395355 0.6834936529397965 0.8500000238418579
v -0.5999999910593032 0.6401923835277558 0.800000011920929
v -0.5249999955296516 0.5968911290168762 0.8500000238418579
v -0.5249999955296516 0.5968911290168762 0.949999988079071
v -0.5999999910593032 0.6401923835277558 1
v -0.5999999910593032 0.6401923835277558 0.8999999761581421
v -0.5999999910593032 0.6401923835277558 0.8999999761581421
v -0.5999999910593032 0.6401923835277558 0.8999999761581421
v -0.5999999910593032 0.6401923835277558 0.8999999761581421
v -0.5999999910593032 0.6401923835277558 0.8999999761581421
v -0.5999999910593032 0.6401923835277558 0.8999999761581421
v -0.5999999910593032 0.6401923835277558 1
v -0.6749999940395355 0.6834936529397965 0.949999988079071
v -0.6749999940395355 0.6834936529397965 0.8500000238418579
v -0.5999999910593032 0.6401923835277558 0.800000011920929
v -0.5249999955296516 0.5968911290168762 0.8500000238418579
v -0.5249999955296516 0.5968911290168762 0.949999988079071
v -0.5999999910593032 0.6401923835277558 1
vt 0 1
vt 0.1666666716337204 1
vt 0.3333333432674408 1
vt 0.5 1
vt 0.6666666865348816 1
vt 0.8333333134651184 1
vt 1 1
vt 0 0
vt 0.1666666716337204 0
vt 0.3333333432674408 0
vt 0.5 0
vt 0.6666666865348816 0
vt 0.8333333134651184 0
vt 1 0
vt 0.5 0.5
vt 0.5 0.5
vt 0.5 0.5
vt 0.5 0.5
vt 0.5 0.5
vt 0.5 0.5
vt 1 0.5
vt 0.75 0.0669872984290123
vt 0.25 0.0669872984290123
vt 0 0.5
vt 0.25 0.9330127239227295
vt 0.75 0.9330127239227295
vt 1 0.5
vt 0 1
vt 0.1666666716337204 1
vt 0.3333333432674408 1
vt 0.5 1
vt 0.6666666865348816 1
vt 0.8333333134651184 1
vt 1 1
vt 0 0
vt 0.1666666716337204 0
vt 0.3333333432674408 0
vt 0.5 0
vt 0.6666666865348816 0
vt 0.8333333134651184 0
vt 1 0
vt 0.5 0.5
vt 0.5 0.5
vt 0.5 0.5
vt 0.5 0.5
vt 0.5 0.5
vt 0.5 0.5
vt 1 0.5
vt 0.75 0.0669872984290123
vt 0.25 0.0669872984290123
vt 0 0.5
vt 0.25 0.9330127239227295
vt 0.75 0.9330127239227295
vt 1 0.5
vt 0 1
vt 0.1666666716337204 1
vt 0.3333333432674408 1
vt 0.5 1
vt 0.6666666865348816 1
vt 0.8333333134651184 1
vt 1 1
vt 0 0
vt 0.1666666716337204 0
vt 0.3333333432674408 0
vt 0.5 0
vt 0.6666666865348816 0
vt 0.8333333134651184 0
vt 1 0
vt 0.5 0.5
vt 0.5 0.5
vt 0.5 0.5
vt 0.5 0.5
vt 0.5 0.5
vt 0.5 0.5
vt 1 0.5
vt 0.75 0.0669872984290123
vt 0.25 0.0669872984290123
vt 0 0.5
vt 0.25 0.9330127239227295
vt 0.75 0.9330127239227295
vt 1 0.5
vt 0 1
vt 0.1666666716337204 1
vt 0.3333333432674408 1
vt 0.5 1
vt 0.6666666865348816 1
vt 0.8333333134651184 1
vt 1 1
vt 0 0
vt 0.1666666716337204 0
vt 0.3333333432674408 0
vt 0.5 0
vt 0.6666666865348816 0
vt 0.8333333134651184 0
vt 1 0
vt 0.5 0.5
vt 0.5 0.5
vt 0.5 0.5
vt 0.5 0.5
vt 0.5 0.5
vt 0.5 0.5
vt 1 0.5
vt 0.75 0.0669872984290123
vt 0.25 0.0669872984290123
vt 0 0.5
vt 0.25 0.9330127239227295
vt 0.75 0.9330127239227295
vt 1 0.5
vt 0 1
vt 0.1666666716337204 1
vt 0.3333333432674408 1
vt 0.5 1
vt 0.6666666865348816 1
vt 0.8333333134651184 1
vt 1 1
vt 0 0
vt 0.1666666716337204 0
vt 0.3333333432674408 0
vt 0.5 0
vt 0.6666666865348816 0
vt 0.8333333134651184 0
vt 1 0
vt 0.5 0.5
vt 0.5 0.5
vt 0.5 0.5
vt 0.5 0.5
vt 0.5 0.5
vt 0.5 0.5
vt 1 0.5
vt 0.75 0.0669872984290123
vt 0.25 0.0669872984290123
vt 0 0.5
vt 0.25 0.9330127239227295
vt 0.75 0.9330127239227295
vt 1 0.5
vt 0 1
vt 0.1666666716337204 1
vt 0.3333333432674408 1
vt 0.5 1
vt 0.6666666865348816 1
vt 0.8333333134651184 1
vt 1 1
vt 0 0
vt 0.1666666716337204 0
vt 0.3333333432674408 0
vt 0.5 0
vt 0.6666666865348816 0
vt 0.8333333134651184 0
vt 1 0
vt 0.5 0.5
vt 0.5 0.5
vt 0.5 0.5
vt 0.5 0.5
vt 0.5 0.5
vt 0.5 0.5
vt 1 0.5
vt 0.75 0.0669872984290123
vt 0.25 0.0669872984290123
vt 0 0.5
vt 0.25 0.9330127239227295
vt 0.75 0.9330127239227295
vt 1 0.5
vt 0 1
vt 0.1666666716337204 1
vt 0.3333333432674408 1
vt 0.5 1
vt 0.6666666865348816 1
vt 0.8333333134651184 1
vt 1 1
vt 0 0
vt 0.1666666716337204 0
vt 0.3333333432674408 0
vt 0.5 0
vt 0.6666666865348816 0
vt 0.8333333134651184 0
vt 1 0
vt 0.5 0.5
vt 0.5 0.5
vt 0.5 0.5
vt 0.5 0.5
vt 0.5 0.5
vt 0.5 0.5
vt 1 0.5
vt 0.75 0.0669872984290123
vt 0.25 0.0669872984290123
vt 0 0.5
vt 0.25 0.9330127239227295
vt 0.75 0.9330127239227295
vt 1 0.5
vn 0.15811387930405768 0.273861254646728 0.948683305626668
vn 0.8696263496367284 -0.13693063061662092 0.47434166422151164
vn 0.8696263496367284 -0.13693063061662092 -0.47434166422151164
vn 0.15811387930405768 0.273861254646728 -0.948683305626668
vn -0.5533985493004611 0.6846532222438292 -0.4743416605183303
vn -0.5533985493004611 0.6846532222438292 0.4743416605183303
vn 0.15811387930405768 0.273861254646728 0.948683305626668
vn 0.15811387930405768 0.273861254646728 0.948683305626668
vn 0.8696263496367284 -0.13693063061662092 0.47434166422151164
vn 0.8696263496367284 -0.13693063061662092 -0.47434166422151164
vn 0.15811387930405768 0.273861254646728 -0.948683305626668
vn -0.5533985493004611 0.6846532222438292 -0.4743416605183303
vn -0.5533985493004611 0.6846532222438292 0.4743416605183303
vn 0.15811387930405768 0.273861254646728 0.948683305626668
vn -0.5000000067305869 -0.8660253998985324 0
vn -0.5000000067305869 -0.8660253998985324 0
vn -0.5000000067305869 -0.8660253998985324 0
vn -0.5000000067305869 -0.8660253998985324 0
vn -0.5000000067305869 -0.8660253998985324 0
vn -0.5000000067305869 -0.8660253998985324 0
vn -0.5000000067305869 -0.8660253998985324 0
vn -0.5000000067305869 -0.8660253998985324 0
vn -0.5000000067305869 -0.8660253998985324 0
vn -0.5000000067305869 -0.8660253998985324 0
vn -0.5000000067305869 -0.8660253998985324 0
vn -0.5000000067305869 -0.8660253998985324 0
vn -0.5000000067305869 -0.8660253998985324 0
vn -0.15811387930405768 0.273861254646728 0.948683305626668
vn 0.5533985493004611 0.6846532222438292 0.4743416605183303
vn 0.5533985493004611 0.6846532222438292 -0.4743416605183303
vn -0.15811387930405768 0.273861254646728 -0.948683305626668
vn -0.8696263496367284 -0.13693063061662092 -0.47434166422151164
vn -0.8696263496367284 -0.13693063061662092 0.47434166422151164
vn -0.15811387930405768 0.273861254646728 0.948683305626668
vn -0.15811387930405768 0.273861254646728 0.948683305626668
vn 0.5533985493004611 0.6846532222438292 0.4743416605183303
vn 0.5533985493004611 0.6846532222438292 -0.4743416605183303
vn -0.15811387930405768 0.273861254646728 -0.948683305626668
vn -0.8696263496367284 -0.13693063061662092 -0.47434166422151164
vn -0.8696263496367284 -0.13693063061662092 0.47434166422151164
vn -0.15811387930405768 0.273861254646728 0.948683305626668
vn 0.5000000067305869 -0.8660253998985324 0
vn 0.5000000067305869 -0.8660253998985324 0
vn 0.5000000067305869 -0.8660253998985324 0
vn 0.5000000067305869 -0.8660253998985324 0
vn 0.5000000067305869 -0.8660253998985324 0
vn 0.5000000067305869 -0.8660253998985324 0
vn 0.5000000067305869 -0.8660253998985324 0
vn 0.5000000067305869 -0.8660253998985324 0
vn 0.5000000067305869 -0.8660253998985324 0
vn 0.5000000067305869 -0.8660253998985324 0
vn 0.5000000067305869 -0.8660253998985324 0
vn 0.5000000067305869 -0.8660253998985324 0
vn 0.5000000067305869 -0.8660253998985324 0
vn 0.15811387930405768 -0.273861254646728 0.948683305626668
vn -0.5533985493004611 -0.6846532222438292 0.4743416605183303
vn -0.5533985493004611 -0.6846532222438292 -0.4743416605183303
vn 0.15811387930405768 -0.273861254646728 -0.948683305626668
vn 0.8696263496367284 0.13693063061662092 -0.47434166422151164
vn 0.8696263496367284 0.13693063061662092 0.47434166422151164
vn 0.15811387930405768 -0.273861254646728 0.948683305626668
vn 0.15811387930405768 -0.273861254646728 0.948683305626668
vn -0.5533985493004611 -0.6846532222438292 0.4743416605183303
vn -0.5533985493004611 -0.6846532222438292 -0.4743416605183303
vn 0.15811387930405768 -0.273861254646728 -0.948683305626668
vn 0.8696263496367284 0.13693063061662092 -0.47434166422151164
vn 0.8696263496367284 0.13693063061662092 0.47434166422151164
vn 0.15811387930405768 -0.273861254646728 0.948683305626668
vn -0.5000000067305869 0.8660253998985324 0
vn -0.5000000067305869 0.8660253998985324 0
vn -0.5000000067305869 0.8660253998985324 0
vn -0.5000000067305869 0.8660253998985324 0
vn -0.5000000067305869 0.8660253998985324 0
vn -0.5000000067305869 0.8660253998985324 0
vn -0.5000000067305869 0.8660253998985324 0
vn -0.5000000067305869 0.8660253998985324 0
vn -0.5000000067305869 0.8660253998985324 0
vn -0.5000000067305869 0.8660253998985324 0
vn -0.5000000067305869 0.8660253998985324 0
vn -0.5000000067305869 0.8660253998985324 0
vn -0.5000000067305869 0.8660253998985324 0
vn 0.31622775707614137 7.021666738630058e-17 0.9486833010307459
vn 0.3162277698265603 -0.8215838228888802 0.474341669641002
vn 0.3162277698265603 -0.8215838228888802 -0.474341669641002
vn 0.31622775707614137 -4.5963520590692735e-17 -0.9486833010307459
vn 0.3162277698265603 0.8215838228888802 -0.474341669641002
vn 0.3162277698265603 0.8215838228888802 0.474341669641002
vn 0.31622775707614137 3.02577049957732e-16 0.9486833010307459
vn 0.31622775707614137 7.021666738630058e-17 0.9486833010307459
vn 0.3162277698265603 -0.8215838228888802 0.474341669641002
vn 0.3162277698265603 -0.8215838228888802 -0.474341669641002
vn 0.31622775707614137 -4.5963520590692735e-17 -0.9486833010307459
vn 0.3162277698265603 0.8215838228888802 -0.474341669641002
vn 0.3162277698265603 0.8215838228888802 0.474341669641002
vn 0.31622775707614137 3.02577049957732e-16 0.9486833010307459
vn -1 -2.220446049250313e-16 0
vn -1 -2.220446049250313e-16 0
vn -1 -2.220446049250313e-16 0
vn -1 -2.220446049250313e-16 0
vn -1 -2.220446049250313e-16 0
vn -1 -2.220446049250313e-16 0
vn -1 -2.220446049250313e-16 0
vn -1 -2.220446049250313e-16 0
vn -1 -2.220446049250313e-16 0
vn -1 -2.220446049250313e-16 0
vn -1 -2.220446049250313e-16 0
vn -1 -2.220446049250313e-16 0
vn -1 -2.220446049250313e-16 0
vn 0.15811387930405768 0.273861254646728 0.948683305626668
vn 0.8696263496367284 -0.13693063061662092 0.47434166422151164
vn 0.8696263496367284 -0.13693063061662092 -0.47434166422151164
vn 0.15811387930405768 0.273861254646728 -0.948683305626668
vn -0.5533985493004611 0.6846532222438292 -0.4743416605183303
vn -0.5533985493004611 0.6846532222438292 0.4743416605183303
vn 0.15811387930405768 0.273861254646728 0.948683305626668
vn 0.15811387930405768 0.273861254646728 0.948683305626668
vn 0.8696263496367284 -0.13693063061662092 0.47434166422151164
vn 0.8696263496367284 -0.13693063061662092 -0.47434166422151164
vn 0.15811387930405768 0.273861254646728 -0.948683305626668
vn -0.5533985493004611 0.6846532222438292 -0.4743416605183303
vn -0.5533985493004611 0.6846532222438292 0.4743416605183303
vn 0.15811387930405768 0.273861254646728 0.948683305626668
vn -0.5000000067305869 -0.8660253998985324 0
vn -0.5000000067305869 -0.8660253998985324 0
vn -0.5000000067305869 -0.8660253998985324 0
vn -0.5000000067305869 -0.8660253998985324 0
vn -0.5000000067305869 -0.8660253998985324 0
vn -0.5000000067305869 -0.8660253998985324 0
vn -0.5000000067305869 -0.8660253998985324 0
vn -0.5000000067305869 -0.8660253998985324 0
vn -0.5000000067305869 -0.8660253998985324 0
vn -0.5000000067305869 -0.8660253998985324 0
vn -0.5000000067305869 -0.8660253998985324 0
vn -0.5000000067305869 -0.8660253998985324 0
vn -0.5000000067305869 -0.8660253998985324 0
vn -0.15811387930405768 0.273861254646728 0.948683305626668
vn 0.5533985493004611 0.6846532222438292 0.4743416605183303
vn 0.5533985493004611 0.6846532222438292 -0.4743416605183303
vn -0.15811387930405768 0.273861254646728 -0.948683305626668
vn -0.8696263496367284 -0.13693063061662092 -0.47434166422151164
vn -0.8696263496367284 -0.13693063061662092 0.47434166422151164
vn -0.15811387930405768 0.273861254646728 0.948683305626668
vn -0.15811387930405768 0.273861254646728 0.948683305626668
vn 0.5533985493004611 0.6846532222438292 0.4743416605183303
vn 0.5533985493004611 0.6846532222438292 -0.4743416605183303
vn -0.15811387930405768 0.273861254646728 -0.948683305626668
vn -0.8696263496367284 -0.13693063061662092 -0.47434166422151164
vn -0.8696263496367284 -0.13693063061662092 0.47434166422151164
vn -0.15811387930405768 0.273861254646728 0.948683305626668
vn 0.5000000067305869 -0.8660253998985324 0
vn 0.5000000067305869 -0.8660253998985324 0
vn 0.5000000067305869 -0.8660253998985324 0
vn 0.5000000067305869 -0.8660253998985324 0
vn 0.5000000067305869 -0.8660253998985324 0
vn 0.5000000067305869 -0.8660253998985324 0
vn 0.5000000067305869 -0.8660253998985324 0
vn 0.5000000067305869 -0.8660253998985324 0
vn 0.5000000067305869 -0.8660253998985324 0
vn 0.5000000067305869 -0.8660253998985324 0
vn 0.5000000067305869 -0.8660253998985324 0
vn 0.5000000067305869 -0.8660253998985324 0
vn 0.5000000067305869 -0.8660253998985324 0
vn -0.15811387930405768 -0.273861254646728 0.948683305626668
vn -0.8696263496367284 0.13693063061662092 0.47434166422151164
vn -0.8696263496367284 0.13693063061662092 -0.47434166422151164
vn -0.15811387930405768 -0.273861254646728 -0.948683305626668
vn 0.5533985493004611 -0.6846532222438292 -0.4743416605183303
vn 0.5533985493004611 -0.6846532222438292 0.4743416605183303
vn -0.15811387930405768 -0.273861254646728 0.948683305626668
vn -0.15811387930405768 -0.273861254646728 0.948683305626668
vn -0.8696263496367284 0.13693063061662092 0.47434166422151164
vn -0.8696263496367284 0.13693063061662092 -0.47434166422151164
vn -0.15811387930405768 -0.273861254646728 -0.948683305626668
vn 0.5533985493004611 -0.6846532222438292 -0.4743416605183303
vn 0.5533985493004611 -0.6846532222438292 0.4743416605183303
vn -0.15811387930405768 -0.273861254646728 0.948683305626668
vn 0.5000000067305869 0.8660253998985324 0
vn 0.5000000067305869 0.8660253998985324 0
vn 0.5000000067305869 0.8660253998985324 0
vn 0.5000000067305869 0.8660253998985324 0
vn 0.5000000067305869 0.8660253998985324 0
vn 0.5000000067305869 0.8660253998985324 0
vn 0.5000000067305869 0.8660253998985324 0
vn 0.5000000067305869 0.8660253998985324 0
vn 0.5000000067305869 0.8660253998985324 0
vn 0.5000000067305869 0.8660253998985324 0
vn 0.5000000067305869 0.8660253998985324 0
vn 0.5000000067305869 0.8660253998985324 0
vn 0.5000000067305869 0.8660253998985324 0
f 426/426/426 433/433/433 427/427/427
f 433/433/433 434/434/434 427/427/427
f 427/427/427 434/434/434 428/428/428
f 434/434/434 435/435/435 428/428/428
f 428/428/428 435/435/435 429/429/429
f 435/435/435 436/436/436 429/429/429
f 429/429/429 436/436/436 430/430/430
f 436/436/436 437/437/437 430/430/430
f 430/430/430 437/437/437 431/431/431
f 437/437/437 438/438/438 431/431/431
f 431/431/431 438/438/438 432/432/432
f 438/438/438 439/439/439 432/432/432
f 447/447/447 446/446/446 440/440/440
f 448/448/448 447/447/447 441/441/441
f 449/449/449 448/448/448 442/442/442
f 450/450/450 449/449/449 443/443/443
f 451/451/451 450/450/450 444/444/444
f 452/452/452 451/451/451 445/445/445
f 453/453/453 460/460/460 454/454/454
f 460/460/460 461/461/461 454/454/454
f 454/454/454 461/461/461 455/455/455
f 461/461/461 462/462/462 455/455/455
f 455/455/455 462/462/462 456/456/456
f 462/462/462 463/463/463 456/456/456
f 456/456/456 463/463/463 457/457/457
f 463/463/463 464/464/464 457/457/457
f 457/457/457 464/464/464 458/458/458
f 464/464/464 465/465/465 458/458/458
f 458/458/458 465/465/465 459/459/459
f 465/465/465 466/466/466 459/459/459
f 474/474/474 473/473/473 467/467/467
f 475/475/475 474/474/474 468/468/468
f 476/476/476 475/475/475 469/469/469
f 477/477/477 476/476/476 470/470/470
f 478/478/478 477/477/477 471/471/471
f 479/479/479 478/478/478 472/472/472
f 480/480/480 487/487/487 481/481/481
f 487/487/487 488/488/488 481/481/481
f 481/481/481 488/488/488 482/482/482
f 488/488/488 489/489/489 482/482/482
f 482/482/482 489/489/489 483/483/483
f 489/489/489 490/490/490 483/483/483
f 483/483/483 490/490/490 484/484/484
f 490/490/490 491/491/491 484/484/484
f 484/484/484 491/491/491 485/485/485
f 491/491/491 492/492/492 485/485/485
f 485/485/485 492/492/492 486/486/486
f 492/492/492 493/493/493 486/486/486
f 501/501/501 500/500/500 494/494/494
f 502/502/502 501/501/501 495/495/495
f 503/503/503 502/502/502 496/496/496
f 504/504/504 503/503/503 497/497/497
f 505/505/505 504/504/504 498/498/498
f 506/506/506 505/505/505 499/499/499
f 507/507/507 514/514/514 508/508/508
f 514/514/514 515/515/515 508/508/508
f 508/508/508 515/515/515 509/509/509
f 515/515/515 516/516/516 509/509/509
f 509/509/509 516/516/516 510/510/510
f 516/516/516 517/517/517 510/510/510
f 510/510/510 517/517/517 511/511/511
f 517/517/517 518/518/518 511/511/511
f 511/511/511 518/518/518 512/512/512
f 518/518/518 519/519/519 512/512/512
f 512/512/512 519/519/519 513/513/513
f 519/519/519 520/520/520 513/513/513
f 528/528/528 527/527/527 521/521/521
f 529/529/529 528/528/528 522/522/522
f 530/530/530 529/529/529 523/523/523
f 531/531/531 530/530/530 524/524/524
f 532/532/532 531/531/531 525/525/525
f 533/533/533 532/532/532 526/526/526
f 534/534/534 541/541/541 535/535/535
f 541/541/541 542/542/542 535/535/535
f 535/535/535 542/542/542 536/536/536
f 542/542/542 543/543/543 536/536/536
f 536/536/536 543/543/543 537/537/537
f 543/543/543 544/544/544 537/537/537
f 537/537/537 544/544/544 538/538/538
f 544/544/544 545/545/545 538/538/538
f 538/538/538 545/545/545 539/539/539
f 545/545/545 546/546/546 539/539/539
f 539/539/539 546/546/546 540/540/540
f 546/546/546 547/547/547 540/540/540
f 555/555/555 554/554/554 548/548/548
f 556/556/556 555/555/555 549/549/549
f 557/557/557 556/556/556 550/550/550
f 558/558/558 557/557/557 551/551/551
f 559/559/559 558/558/558 552/552/552
f 560/560/560 559/559/559 553/553/553
f 561/561/561 568/568/568 562/562/562
f 568/568/568 569/569/569 562/562/562
f 562/562/562 569/569/569 563/563/563
f 569/569/569 570/570/570 563/563/563
f 563/563/563 570/570/570 564/564/564
f 570/570/570 571/571/571 564/564/564
f 564/564/564 571/571/571 565/565/565
f 571/571/571 572/572/572 565/565/565
f 565/565/565 572/572/572 566/566/566
f 572/572/572 573/573/573 566/566/566
f 566/566/566 573/573/573 567/567/567
f 573/573/573 574/574/574 567/567/567
f 582/582/582 581/581/581 575/575/575
f 583/583/583 582/582/582 576/576/576
f 584/584/584 583/583/583 577/577/577
f 585/585/585 584/584/584 578/578/578
f 586/586/586 585/585/585 579/579/579
f 587/587/587 586/586/586 580/580/580
f 588/588/588 595/595/595 589/589/589
f 595/595/595 596/596/596 589/589/589
f 589/589/589 596/596/596 590/590/590
f 596/596/596 597/597/597 590/590/590
f 590/590/590 597/597/597 591/591/591
f 597/597/597 598/598/598 591/591/591
f 591/591/591 598/598/598 592/592/592
f 598/598/598 599/599/599 592/592/592
f 592/592/592 599/599/599 593/593/593
f 599/599/599 600/600/600 593/593/593
f 593/593/593 600/600/600 594/594/594
f 600/600/600 601/601/601 594/594/594
f 609/609/609 608/608/608 602/602/602
f 610/610/610 609/609/609 603/603/603
f 611/611/611 610/610/610 604/604/604
f 612/612/612 611/611/611 605/605/605
f 613/613/613 612/612/612 606/606/606
f 614/614/614 613/613/613 607/607/607
o 
v 0.45 0.5500000059604647 1.100000023841858
v 0.5839392066001892 0.5766421496868136 1.100000023841858
v 0.6974873661994934 0.6525126338005068 1.100000023841858
v 0.7733578503131866 0.766060793399811 1.100000023841858
v 0.7999999940395355 0.9000000000000002 1.100000023841858
v 0.7733578503131866 1.0339392066001896 1.100000023841858
v 0.6974873661994934 1.1474873661994938 1.100000023841858
v 0.5839392066001892 1.223357850313187 1.100000023841858
v 0.45000000000000007 1.2499999940395359 1.100000023841858
v 0.3160607933998108 1.223357850313187 1.100000023841858
v 0.2025126338005066 1.1474873661994938 1.100000023841858
v 0.12664214968681337 1.0339392066001896 1.100000023841858
v 0.10000000596046449 0.9000000000000004 1.100000023841858
v 0.12664214968681337 0.766060793399811 1.100000023841858
v 0.2025126338005066 0.6525126338005068 1.100000023841858
v 0.3160607933998108 0.5766421496868136 1.100000023841858
v 0.4499999999999999 0.5500000059604647 1.100000023841858
v 0.45 0.5500000059604643 -1.100000023841858
v 0.5839392066001892 0.5766421496868132 -1.100000023841858
v 0.6974873661994934 0.6525126338005064 -1.100000023841858
v 0.7733578503131866 0.7660607933998106 -1.100000023841858
v 0.7999999940395355 0.8999999999999998 -1.100000023841858
v 0.7733578503131866 1.033939206600189 -1.100000023841858
v 0.6974873661994934 1.147487366199493 -1.100000023841858
v 0.5839392066001892 1.2233578503131866 -1.100000023841858
v 0.45000000000000007 1.2499999940395354 -1.100000023841858
v 0.3160607933998108 1.2233578503131866 -1.100000023841858
v 0.2025126338005066 1.147487366199493 -1.100000023841858
v 0.12664214968681337 1.033939206600189 -1.100000023841858
v 0.10000000596046449 0.8999999999999998 -1.100000023841858
v 0.12664214968681337 0.7660607933998106 -1.100000023841858
v 0.2025126338005066 0.6525126338005064 -1.100000023841858
v 0.3160607933998108 0.5766421496868132 -1.100000023841858
v 0.4499999999999999 0.5500000059604643 -1.100000023841858
v 0.45 0.9000000000000002 1.100000023841858
v 0.45 0.9000000000000002 1.100000023841858
v 0.45 0.9000000000000002 1.100000023841858
v 0.45 0.9000000000000002 1.100000023841858
v 0.45 0.9000000000000002 1.100000023841858
v 0.45 0.9000000000000002 1.100000023841858
v 0.45 0.9000000000000002 1.100000023841858
v 0.45 0.9000000000000002 1.100000023841858
v 0.45 0.9000000000000002 1.100000023841858
v 0.45 0.9000000000000002 1.100000023841858
v 0.45 0.9000000000000002 1.100000023841858
v 0.45 0.9000000000000002 1.100000023841858
v 0.45 0.9000000000000002 1.100000023841858
v 0.45 0.9000000000000002 1.100000023841858
v 0.45 0.9000000000000002 1.100000023841858
v 0.45 0.9000000000000002 1.100000023841858
v 0.45 0.5500000059604647 1.100000023841858
v 0.5839392066001892 0.5766421496868136 1.100000023841858
v 0.6974873661994934 0.6525126338005068 1.100000023841858
v 0.7733578503131866 0.766060793399811 1.100000023841858
v 0.7999999940395355 0.9000000000000002 1.100000023841858
v 0.7733578503131866 1.0339392066001896 1.100000023841858
v 0.6974873661994934 1.1474873661994938 1.100000023841858
v 0.5839392066001892 1.223357850313187 1.100000023841858
v 0.45000000000000007 1.2499999940395359 1.100000023841858
v 0.3160607933998108 1.223357850313187 1.100000023841858
v 0.2025126338005066 1.1474873661994938 1.100000023841858
v 0.12664214968681337 1.0339392066001896 1.100000023841858
v 0.10000000596046449 0.9000000000000004 1.100000023841858
v 0.12664214968681337 0.766060793399811 1.100000023841858
v 0.2025126338005066 0.6525126338005068 1.100000023841858
v 0.3160607933998108 0.5766421496868136 1.100000023841858
v 0.4499999999999999 0.5500000059604647 1.100000023841858
v 0.45 0.8999999999999998 -1.100000023841858
v 0.45 0.8999999999999998 -1.100000023841858
v 0.45 0.8999999999999998 -1.100000023841858
v 0.45 0.8999999999999998 -1.100000023841858
v 0.45 0.8999999999999998 -1.100000023841858
v 0.45 0.8999999999999998 -1.100000023841858
v 0.45 0.8999999999999998 -1.100000023841858
v 0.45 0.8999999999999998 -1.100000023841858
v 0.45 0.8999999999999998 -1.100000023841858
v 0.45 0.8999999999999998 -1.100000023841858
v 0.45 0.8999999999999998 -1.100000023841858
v 0.45 0.8999999999999998 -1.100000023841858
v 0.45 0.8999999999999998 -1.100000023841858
v 0.45 0.8999999999999998 -1.100000023841858
v 0.45 0.8999999999999998 -1.100000023841858
v 0.45 0.8999999999999998 -1.100000023841858
v 0.45 0.5500000059604643 -1.100000023841858
v 0.5839392066001892 0.5766421496868132 -1.100000023841858
v 0.6974873661994934 0.6525126338005064 -1.100000023841858
v 0.7733578503131866 0.7660607933998106 -1.100000023841858
v 0.7999999940395355 0.8999999999999998 -1.100000023841858
v 0.7733578503131866 1.033939206600189 -1.100000023841858
v 0.6974873661994934 1.147487366199493 -1.100000023841858
v 0.5839392066001892 1.2233578503131866 -1.100000023841858
v 0.45000000000000007 1.2499999940395354 -1.100000023841858
v 0.3160607933998108 1.2233578503131866 -1.100000023841858
v 0.2025126338005066 1.147487366199493 -1.100000023841858
v 0.12664214968681337 1.033939206600189 -1.100000023841858
v 0.10000000596046449 0.8999999999999998 -1.100000023841858
v 0.12664214968681337 0.7660607933998106 -1.100000023841858
v 0.2025126338005066 0.6525126338005064 -1.100000023841858
v 0.3160607933998108 0.5766421496868132 -1.100000023841858
v 0.4499999999999999 0.5500000059604643 -1.100000023841858
vt 0 1
vt 0.0625 1
vt 0.125 1
vt 0.1875 1
vt 0.25 1
vt 0.3125 1
vt 0.375 1
vt 0.4375 1
vt 0.5 1
vt 0.5625 1
vt 0.625 1
vt 0.6875 1
vt 0.75 1
vt 0.8125 1
vt 0.875 1
vt 0.9375 1
vt 1 1
vt 0 0
vt 0.0625 0
vt 0.125 0
vt 0.1875 0
vt 0.25 0
vt 0.3125 0
vt 0.375 0
vt 0.4375 0
vt 0.5 0
vt 0.5625 0
vt 0.625 0
vt 0.6875 0
vt 0.75 0
vt 0.8125 0
vt 0.875 0
vt 0.9375 0
vt 1 0
vt 0.5 0.5
vt 0.5 0.5
vt 0.5 0.5
vt 0.5 0.5
vt 0.5 0.5
vt 0.5 0.5
vt 0.5 0.5
vt 0.5 0.5
vt 0.5 0.5
vt 0.5 0.5
vt 0.5 0.5
vt 0.5 0.5
vt 0.5 0.5
vt 0.5 0.5
vt 0.5 0.5
vt 0.5 0.5
vt 1 0.5
vt 0.9619397521018982 0.6913416981697083
vt 0.8535534143447876 0.8535534143447876
vt 0.6913416981697083 0.9619397521018982
vt 0.5 1
vt 0.30865827202796936 0.9619397521018982
vt 0.1464466154575348 0.8535534143447876
vt 0.03806023299694061 0.6913416981697083
vt 0 0.5
vt 0.03806023299694061 0.30865827202796936
vt 0.1464466154575348 0.1464466154575348
vt 0.30865827202796936 0.03806023299694061
vt 0.5 0
vt 0.6913416981697083 0.03806023299694061
vt 0.8535534143447876 0.1464466154575348
vt 0.9619397521018982 0.30865827202796936
vt 1 0.5
vt 0.5 0.5
vt 0.5 0.5
vt 0.5 0.5
vt 0.5 0.5
vt 0.5 0.5
vt 0.5 0.5
vt 0.5 0.5
vt 0.5 0.5
vt 0.5 0.5
vt 0.5 0.5
vt 0.5 0.5
vt 0.5 0.5
vt 0.5 0.5
vt 0.5 0.5
vt 0.5 0.5
vt 0.5 0.5
vt 1 0.5
vt 0.9619397521018982 0.30865827202796936
vt 0.8535534143447876 0.1464466154575348
vt 0.6913416981697083 0.03806023299694061
vt 0.5 0
vt 0.30865827202796936 0.03806023299694061
vt 0.1464466154575348 0.1464466154575348
vt 0.03806023299694061 0.30865827202796936
vt 0 0.5
vt 0.03806023299694061 0.6913416981697083
vt 0.1464466154575348 0.8535534143447876
vt 0.30865827202796936 0.9619397521018982
vt 0.5 1
vt 0.6913416981697083 0.9619397521018982
vt 0.8535534143447876 0.8535534143447876
vt 0.9619397521018982 0.6913416981697083
vt 1 0.5
vn 0 -1 2.220446049250313e-16
vn 0.3826834370613369 -0.9238795305660377 2.0514246536285922e-16
vn 0.7071067811865476 -0.7071067811865476 1.5700924586837752e-16
vn 0.9238795305660377 -0.3826834370613369 8.497279259363763e-17
vn 1 -6.123234262925839e-17 1.3596311327747833e-32
vn 0.9238795305660377 0.3826834370613369 -8.497279259363763e-17
vn 0.7071067811865476 0.7071067811865476 -1.5700924586837752e-16
vn 0.3826834370613369 0.9238795305660377 -2.0514246536285922e-16
vn 1.2246468525851679e-16 1 -2.220446049250313e-16
vn -0.3826834370613369 0.9238795305660377 -2.0514246536285922e-16
vn -0.7071067811865476 0.7071067811865476 -1.5700924586837752e-16
vn -0.9238795305660377 0.3826834370613369 -8.497279259363763e-17
vn -1 1.8369701465288538e-16 -4.078893104450762e-32
vn -0.9238795305660377 -0.3826834370613369 8.497279259363763e-17
vn -0.7071067811865476 -0.7071067811865476 1.5700924586837752e-16
vn -0.3826834370613369 -0.9238795305660377 2.0514246536285922e-16
vn -2.4492937051703357e-16 -1 2.220446049250313e-16
vn 0 -1 2.220446049250313e-16
vn 0.3826834370613369 -0.9238795305660377 2.0514246536285922e-16
vn 0.7071067811865476 -0.7071067811865476 1.5700924586837752e-16
vn 0.9238795305660377 -0.3826834370613369 8.497279259363763e-17
vn 1 -6.123234262925839e-17 1.3596311327747833e-32
vn 0.9238795305660377 0.3826834370613369 -8.497279259363763e-17
vn 0.7071067811865476 0.7071067811865476 -1.5700924586837752e-16
vn 0.3826834370613369 0.9238795305660377 -2.0514246536285922e-16
vn 1.2246468525851679e-16 1 -2.220446049250313e-16
vn -0.3826834370613369 0.9238795305660377 -2.0514246536285922e-16
vn -0.7071067811865476 0.7071067811865476 -1.5700924586837752e-16
vn -0.9238795305660377 0.3826834370613369 -8.497279259363763e-17
vn -1 1.8369701465288538e-16 -4.078893104450762e-32
vn -0.9238795305660377 -0.3826834370613369 8.497279259363763e-17
vn -0.7071067811865476 -0.7071067811865476 1.5700924586837752e-16
vn -0.3826834370613369 -0.9238795305660377 2.0514246536285922e-16
vn -2.4492937051703357e-16 -1 2.220446049250313e-16
vn 0 2.220446049250313e-16 1
vn 0 2.220446049250313e-16 1
vn 0 2.220446049250313e-16 1
vn 0 2.220446049250313e-16 1
vn 0 2.220446049250313e-16 1
vn 0 2.220446049250313e-16 1
vn 0 2.220446049250313e-16 1
vn 0 2.220446049250313e-16 1
vn 0 2.220446049250313e-16 1
vn 0 2.220446049250313e-16 1
vn 0 2.220446049250313e-16 1
vn 0 2.220446049250313e-16 1
vn 0 2.220446049250313e-16 1
vn 0 2.220446049250313e-16 1
vn 0 2.220446049250313e-16 1
vn 0 2.220446049250313e-16 1
vn 0 2.220446049250313e-16 1
vn 0 2.220446049250313e-16 1
vn 0 2.220446049250313e-16 1
vn 0 2.220446049250313e-16 1
vn 0 2.220446049250313e-16 1
vn 0 2.220446049250313e-16 1
vn 0 2.220446049250313e-16 1
vn 0 2.220446049250313e-16 1
vn 0 2.220446049250313e-16 1
vn 0 2.220446049250313e-16 1
vn 0 2.220446049250313e-16 1
vn 0 2.220446049250313e-16 1
vn 0 2.220446049250313e-16 1
vn 0 2.220446049250313e-16 1
vn 0 2.220446049250313e-16 1
vn 0 2.220446049250313e-16 1
vn 0 2.220446049250313e-16 1
vn 0 -2.220446049250313e-16 -1
vn 0 -2.220446049250313e-16 -1
vn 0 -2.220446049250313e-16 -1
vn 0 -2.220446049250313e-16 -1
vn 0 -2.220446049250313e-16 -1
vn 0 -2.220446049250313e-16 -1
vn 0 -2.220446049250313e-16 -1
vn 0 -2.220446049250313e-16 -1
vn 0 -2.220446049250313e-16 -1
vn 0 -2.220446049250313e-16 -1
vn 0 -2.220446049250313e-16 -1
vn 0 -2.220446049250313e-16 -1
vn 0 -2.220446049250313e-16 -1
vn 0 -2.220446049250313e-16 -1
vn 0 -2.220446049250313e-16 -1
vn 0 -2.220446049250313e-16 -1
vn 0 -2.220446049250313e-16 -1
vn 0 -2.220446049250313e-16 -1
vn 0 -2.220446049250313e-16 -1
vn 0 -2.220446049250313e-16 -1
vn 0 -2.220446049250313e-16 -1
vn 0 -2.220446049250313e-16 -1
vn 0 -2.220446049250313e-16 -1
vn 0 -2.220446049250313e-16 -1
vn 0 -2.220446049250313e-16 -1
vn 0 -2.220446049250313e-16 -1
vn 0 -2.220446049250313e-16 -1
vn 0 -2.220446049250313e-16 -1
vn 0 -2.220446049250313e-16 -1
vn 0 -2.220446049250313e-16 -1
vn 0 -2.220446049250313e-16 -1
vn 0 -2.220446049250313e-16 -1
vn 0 -2.220446049250313e-16 -1
f 615/615/615 632/632/632 616/616/616
f 632/632/632 633/633/633 616/616/616
f 616/616/616 633/633/633 617/617/617
f 633/633/633 634/634/634 617/617/617
f 617/617/617 634/634/634 618/618/618
f 634/634/634 635/635/635 618/618/618
f 618/618/618 635/635/635 619/619/619
f 635/635/635 636/636/636 619/619/619
f 619/619/619 636/636/636 620/620/620
f 636/636/636 637/637/637 620/620/620
f 620/620/620 637/637/637 621/621/621
f 637/637/637 638/638/638 621/621/621
f 621/621/621 638/638/638 622/622/622
f 638/638/638 639/639/639 622/622/622
f 622/622/622 639/639/639 623/623/623
f 639/639/639 640/640/640 623/623/623
f 623/623/623 640/640/640 624/624/624
f 640/640/640 641/641/641 624/624/624
f 624/624/624 641/641/641 625/625/625
f 641/641/641 642/642/642 625/625/625
f 625/625/625 642/642/642 626/626/626
f 642/642/642 643/643/643 626/626/626
f 626/626/626 643/643/643 627/627/627
f 643/643/643 644/644/644 627/627/627
f 627/627/627 644/644/644 628/628/628
f 644/644/644 645/645/645 628/628/628
f 628/628/628 645/645/645 629/629/629
f 645/645/645 646/646/646 629/629/629
f 629/629/629 646/646/646 630/630/630
f 646/646/646 647/647/647 630/630/630
f 630/630/630 647/647/647 631/631/631
f 647/647/647 648/648/648 631/631/631
f 665/665/665 666/666/666 649/649/649
f 666/666/666 667/667/667 650/650/650
f 667/667/667 668/668/668 651/651/651
f 668/668/668 669/669/669 652/652/652
f 669/669/669 670/670/670 653/653/653
f 670/670/670 671/671/671 654/654/654
f 671/671/671 672/672/672 655/655/655
f 672/672/672 673/673/673 656/656/656
f 673/673/673 674/674/674 657/657/657
f 674/674/674 675/675/675 658/658/658
f 675/675/675 676/676/676 659/659/659
f 676/676/676 677/677/677 660/660/660
f 677/677/677 678/678/678 661/661/661
f 678/678/678 679/679/679 662/662/662
f 679/679/679 680/680/680 663/663/663
f 680/680/680 681/681/681 664/664/664
f 699/699/699 698/698/698 682/682/682
f 700/700/700 699/699/699 683/683/683
f 701/701/701 700/700/700 684/684/684
f 702/702/702 701/701/701 685/685/685
f 703/703/703 702/702/702 686/686/686
f 704/704/704 703/703/703 687/687/687
f 705/705/705 704/704/704 688/688/688
f 706/706/706 705/705/705 689/689/689
f 707/707/707 706/706/706 690/690/690
f 708/708/708 707/707/707 691/691/691
f 709/709/709 708/708/708 692/692/692
f 710/710/710 709/709/709 693/693/693
f 711/711/711 710/710/710 694/694/694
f 712/712/712 711/711/711 695/695/695
f 713/713/713 712/712/712 696/696/696
f 714/714/714 713/713/713 697/697/697
o 
v 1.0500000238418579 0.9 -0.8999999761581421
v 1.0500000238418579 0.9 -0.8999999761581421
v 1.0500000238418579 0.9 -0.8999999761581421
v 1.0500000238418579 0.9 -0.8999999761581421
v 1.0500000238418579 0.9 -0.8999999761581421
v 1.0500000238418579 0.9 -0.8999999761581421
v 1.0500000238418579 0.9 -0.8999999761581421
v 0.7499999821186065 0.9 -0.800000011920929
v 0.7499999821186065 0.8133974611759186 -0.8500000238418579
v 0.7499999821186065 0.8133974611759186 -0.949999988079071
v 0.7499999821186065 0.9 -1
v 0.7499999821186065 0.9866025388240814 -0.949999988079071
v 0.7499999821186065 0.9866025388240814 -0.8500000238418579
v 0.7499999821186065 0.9 -0.800000011920929
v 0.7499999821186065 0.9 -0.8999999761581421
v 0.7499999821186065 0.9 -0.8999999761581421
v 0.7499999821186065 0.9 -0.8999999761581421
v 0.7499999821186065 0.9 -0.8999999761581421
v 0.7499999821186065 0.9 -0.8999999761581421
v 0.7499999821186065 0.9 -0.8999999761581421
v 0.7499999821186065 0.9 -0.800000011920929
v 0.7499999821186065 0.8133974611759186 -0.8500000238418579
v 0.7499999821186065 0.8133974611759186 -0.949999988079071
v 0.7499999821186065 0.9 -1
v 0.7499999821186065 0.9866025388240814 -0.949999988079071
v 0.7499999821186065 0.9866025388240814 -0.8500000238418579
v 0.7499999821186065 0.9 -0.800000011920929
v 0.7500000119209289 1.4196152329444884 -0.8999999761581421
v 0.7500000119209289 1.4196152329444884 -0.8999999761581421
v 0.7500000119209289 1.4196152329444884 -0.8999999761581421
v 0.7500000119209289 1.4196152329444884 -0.8999999761581421
v 0.7500000119209289 1.4196152329444884 -0.8999999761581421
v 0.7500000119209289 1.4196152329444884 -0.8999999761581421
v 0.7500000119209289 1.4196152329444884 -0.8999999761581421
v 0.5999999910593032 1.1598076164722442 -0.800000011920929
v 0.6749999940395355 1.1165063470602035 -0.8500000238418579
v 0.6749999940395355 1.1165063470602035 -0.949999988079071
v 0.5999999910593032 1.1598076164722442 -1
v 0.5249999955296516 1.2031088709831237 -0.949999988079071
v 0.5249999955296516 1.2031088709831237 -0.8500000238418579
v 0.5999999910593032 1.1598076164722442 -0.800000011920929
v 0.5999999910593032 1.1598076164722442 -0.8999999761581421
v 0.5999999910593032 1.1598076164722442 -0.8999999761581421
v 0.5999999910593032 1.1598076164722442 -0.8999999761581421
v 0.5999999910593032 1.1598076164722442 -0.8999999761581421
v 0.5999999910593032 1.1598076164722442 -0.8999999761581421
v 0.5999999910593032 1.1598076164722442 -0.8999999761581421
v 0.5999999910593032 1.1598076164722442 -0.800000011920929
v 0.6749999940395355 1.1165063470602035 -0.8500000238418579
v 0.6749999940395355 1.1165063470602035 -0.949999988079071
v 0.5999999910593032 1.1598076164722442 -1
v 0.5249999955296516 1.2031088709831237 -0.949999988079071
v 0.5249999955296516 1.2031088709831237 -0.8500000238418579
v 0.5999999910593032 1.1598076164722442 -0.800000011920929
v 0.14999998807907106 1.4196152329444884 -0.8999999761581421
v 0.14999998807907106 1.4196152329444884 -0.8999999761581421
v 0.14999998807907106 1.4196152329444884 -0.8999999761581421
v 0.14999998807907106 1.4196152329444884 -0.8999999761581421
v 0.14999998807907106 1.4196152329444884 -0.8999999761581421
v 0.14999998807907106 1.4196152329444884 -0.8999999761581421
v 0.14999998807907106 1.4196152329444884 -0.8999999761581421
v 0.3000000089406967 1.1598076164722442 -0.800000011920929
v 0.37500000447034837 1.2031088709831237 -0.8500000238418579
v 0.37500000447034837 1.2031088709831237 -0.949999988079071
v 0.3000000089406967 1.1598076164722442 -1
v 0.2250000059604645 1.1165063470602035 -0.949999988079071
v 0.2250000059604645 1.1165063470602035 -0.8500000238418579
v 0.3000000089406967 1.1598076164722442 -0.800000011920929
v 0.3000000089406967 1.1598076164722442 -0.8999999761581421
v 0.3000000089406967 1.1598076164722442 -0.8999999761581421
v 0.3000000089406967 1.1598076164722442 -0.8999999761581421
v 0.3000000089406967 1.1598076164722442 -0.8999999761581421
v 0.3000000089406967 1.1598076164722442 -0.8999999761581421
v 0.3000000089406967 1.1598076164722442 -0.8999999761581421
v 0.3000000089406967 1.1598076164722442 -0.800000011920929
v 0.37500000447034837 1.2031088709831237 -0.8500000238418579
v 0.37500000447034837 1.2031088709831237 -0.949999988079071
v 0.3000000089406967 1.1598076164722442 -1
v 0.2250000059604645 1.1165063470602035 -0.949999988079071
v 0.2250000059604645 1.1165063470602035 -0.8500000238418579
v 0.3000000089406967 1.1598076164722442 -0.800000011920929
v -0.1500000238418579 0.9000000000000001 -0.8999999761581421
v -0.1500000238418579 0.9000000000000001 -0.8999999761581421
v -0.1500000238418579 0.9000000000000001 -0.8999999761581421
v -0.1500000238418579 0.9000000000000001 -0.8999999761581421
v -0.1500000238418579 0.9000000000000001 -0.8999999761581421
v -0.1500000238418579 0.9000000000000001 -0.8999999761581421
v -0.1500000238418579 0.9000000000000001 -0.8999999761581421
v 0.15000001788139344 0.9 -0.800000011920929
v 0.15000001788139344 0.9866025388240814 -0.8500000238418579
v 0.15000001788139344 0.9866025388240814 -0.949999988079071
v 0.15000001788139344 0.9 -1
v 0.15000001788139344 0.8133974611759186 -0.949999988079071
v 0.15000001788139344 0.8133974611759186 -0.8500000238418579
v 0.15000001788139344 0.9 -0.800000011920929
v 0.15000001788139344 0.9 -0.8999999761581421
v 0.15000001788139344 0.9 -0.8999999761581421
v 0.15000001788139344 0.9 -0.8999999761581421
v 0.15000001788139344 0.9 -0.8999999761581421
v 0.15000001788139344 0.9 -0.8999999761581421
v 0.15000001788139344 0.9 -0.8999999761581421
v 0.15000001788139344 0.9 -0.800000011920929
v 0.15000001788139344 0.9866025388240814 -0.8500000238418579
v 0.15000001788139344 0.9866025388240814 -0.949999988079071
v 0.15000001788139344 0.9 -1
v 0.15000001788139344 0.8133974611759186 -0.949999988079071
v 0.15000001788139344 0.8133974611759186 -0.8500000238418579
v 0.15000001788139344 0.9 -0.800000011920929
v 0.14999998807907106 0.3803847670555115 -0.8999999761581421
v 0.14999998807907106 0.3803847670555115 -0.8999999761581421
v 0.14999998807907106 0.3803847670555115 -0.8999999761581421
v 0.14999998807907106 0.3803847670555115 -0.8999999761581421
v 0.14999998807907106 0.3803847670555115 -0.8999999761581421
v 0.14999998807907106 0.3803847670555115 -0.8999999761581421
v 0.14999998807907106 0.3803847670555115 -0.8999999761581421
v 0.3000000089406967 0.6401923835277558 -0.800000011920929
v 0.2250000059604645 0.6834936529397965 -0.8500000238418579
v 0.2250000059604645 0.6834936529397965 -0.949999988079071
v 0.3000000089406967 0.6401923835277558 -1
v 0.37500000447034837 0.5968911290168762 -0.949999988079071
v 0.37500000447034837 0.5968911290168762 -0.8500000238418579
v 0.3000000089406967 0.6401923835277558 -0.800000011920929
v 0.3000000089406967 0.6401923835277558 -0.8999999761581421
v 0.3000000089406967 0.6401923835277558 -0.8999999761581421
v 0.3000000089406967 0.6401923835277558 -0.8999999761581421
v 0.3000000089406967 0.6401923835277558 -0.8999999761581421
v 0.3000000089406967 0.6401923835277558 -0.8999999761581421
v 0.3000000089406967 0.6401923835277558 -0.8999999761581421
v 0.3000000089406967 0.6401923835277558 -0.800000011920929
v 0.2250000059604645 0.6834936529397965 -0.8500000238418579
v 0.2250000059604645 0.6834936529397965 -0.949999988079071
v 0.3000000089406967 0.6401923835277558 -1
v 0.37500000447034837 0.5968911290168762 -0.949999988079071
v 0.37500000447034837 0.5968911290168762 -0.8500000238418579
v 0.3000000089406967 0.6401923835277558 -0.800000011920929
v 0.7500000119209289 0.3803847670555115 -0.8999999761581421
v 0.7500000119209289 0.3803847670555115 -0.8999999761581421
v 0.7500000119209289 0.3803847670555115 -0.8999999761581421
v 0.7500000119209289 0.3803847670555115 -0.8999999761581421
v 0.7500000119209289 0.3803847670555115 -0.8999999761581421
v 0.7500000119209289 0.3803847670555115 -0.8999999761581421
v 0.7500000119209289 0.3803847670555115 -0.8999999761581421
v 0.5999999910593032 0.6401923835277558 -0.800000011920929
v 0.5249999955296516 0.5968911290168762 -0.8500000238418579
v 0.5249999955296516 0.5968911290168762 -0.949999988079071
v 0.5999999910593032 0.6401923835277558 -1
v 0.6749999940395355 0.6834936529397965 -0.949999988079071
v 0.6749999940395355 0.6834936529397965 -0.8500000238418579
v 0.5999999910593032 0.6401923835277558 -0.800000011920929
v 0.5999999910593032 0.6401923835277558 -0.8999999761581421
v 0.5999999910593032 0.6401923835277558 -0.8999999761581421
v 0.5999999910593032 0.6401923835277558 -0.8999999761581421
v 0.5999999910593032 0.6401923835277558 -0.8999999761581421
v 0.5999999910593032 0.6401923835277558 -0.8999999761581421
v 0.5999999910593032 0.6401923835277558 -0.8999999761581421
v 0.5999999910593032 0.6401923835277558 -0.800000011920929
v 0.5249999955296516 0.5968911290168762 -0.8500000238418579
v 0.5249999955296516 0.5968911290168762 -0.949999988079071
v 0.5999999910593032 0.6401923835277558 -1
v 0.6749999940395355 0.6834936529397965 -0.949999988079071
v 0.6749999940395355 0.6834936529397965 -0.8500000238418579
v 0.5999999910593032 0.6401923835277558 -0.800000011920929
v 1.0500000238418579 0.9 0
v 1.0500000238418579 0.9 0
v 1.0500000238418579 0.9 0
v 1.0500000238418579 0.9 0
v 1.0500000238418579 0.9 0
v 1.0500000238418579 0.9 0
v 1.0500000238418579 0.9 0
v 0.7499999821186065 0.9 0.10000000149011612
v 0.7499999821186065 0.8133974611759186 0.05000000074505806
v 0.7499999821186065 0.8133974611759186 -0.05000000074505806
v 0.7499999821186065 0.9 -0.10000000149011612
v 0.7499999821186065 0.9866025388240814 -0.05000000074505806
v 0.7499999821186065 0.9866025388240814 0.05000000074505806
v 0.7499999821186065 0.9 0.10000000149011612
v 0.7499999821186065 0.9 0
v 0.7499999821186065 0.9 0
v 0.7499999821186065 0.9 0
v 0.7499999821186065 0.9 0
v 0.7499999821186065 0.9 0
v 0.7499999821186065 0.9 0
v 0.7499999821186065 0.9 0.10000000149011612
v 0.7499999821186065 0.8133974611759186 0.05000000074505806
v 0.7499999821186065 0.8133974611759186 -0.05000000074505806
v 0.7499999821186065 0.9 -0.10000000149011612
v 0.7499999821186065 0.9866025388240814 -0.05000000074505806
v 0.7499999821186065 0.9866025388240814 0.05000000074505806
v 0.7499999821186065 0.9 0.10000000149011612
v 0.7500000119209289 1.4196152329444884 0
v 0.7500000119209289 1.4196152329444884 0
v 0.7500000119209289 1.4196152329444884 0
v 0.7500000119209289 1.4196152329444884 0
v 0.7500000119209289 1.4196152329444884 0
v 0.7500000119209289 1.4196152329444884 0
v 0.7500000119209289 1.4196152329444884 0
v 0.5999999910593032 1.1598076164722442 0.10000000149011612
v 0.6749999940395355 1.1165063470602035 0.05000000074505806
v 0.6749999940395355 1.1165063470602035 -0.05000000074505806
v 0.5999999910593032 1.1598076164722442 -0.10000000149011612
v 0.5249999955296516 1.2031088709831237 -0.05000000074505806
v 0.5249999955296516 1.2031088709831237 0.05000000074505806
v 0.5999999910593032 1.1598076164722442 0.10000000149011612
v 0.5999999910593032 1.1598076164722442 0
v 0.5999999910593032 1.1598076164722442 0
v 0.5999999910593032 1.1598076164722442 0
v 0.5999999910593032 1.1598076164722442 0
v 0.5999999910593032 1.1598076164722442 0
v 0.5999999910593032 1.1598076164722442 0
v 0.5999999910593032 1.1598076164722442 0.10000000149011612
v 0.6749999940395355 1.1165063470602035 0.05000000074505806
v 0.6749999940395355 1.1165063470602035 -0.05000000074505806
v 0.5999999910593032 1.1598076164722442 -0.10000000149011612
v 0.5249999955296516 1.2031088709831237 -0.05000000074505806
v 0.5249999955296516 1.2031088709831237 0.05000000074505806
v 0.5999999910593032 1.1598076164722442 0.10000000149011612
v 0.14999998807907106 1.4196152329444884 0
v 0.14999998807907106 1.4196152329444884 0
v 0.14999998807907106 1.4196152329444884 0
v 0.14999998807907106 1.4196152329444884 0
v 0.14999998807907106 1.4196152329444884 0
v 0.14999998807907106 1.4196152329444884 0
v 0.14999998807907106 1.4196152329444884 0
v 0.3000000089406967 1.1598076164722442 0.10000000149011612
v 0.37500000447034837 1.2031088709831237 0.05000000074505806
v 0.37500000447034837 1.2031088709831237 -0.05000000074505806
v 0.3000000089406967 1.1598076164722442 -0.10000000149011612
v 0.2250000059604645 1.1165063470602035 -0.05000000074505806
v 0.2250000059604645 1.1165063470602035 0.05000000074505806
v 0.3000000089406967 1.1598076164722442 0.10000000149011612
v 0.3000000089406967 1.1598076164722442 0
v 0.3000000089406967 1.1598076164722442 0
v 0.3000000089406967 1.1598076164722442 0
v 0.3000000089406967 1.1598076164722442 0
v 0.3000000089406967 1.1598076164722442 0
v 0.3000000089406967 1.1598076164722442 0
v 0.3000000089406967 1.1598076164722442 0.10000000149011612
v 0.37500000447034837 1.2031088709831237 0.05000000074505806
v 0.37500000447034837 1.2031088709831237 -0.05000000074505806
v 0.3000000089406967 1.1598076164722442 -0.10000000149011612
v 0.2250000059604645 1.1165063470602035 -0.05000000074505806
v 0.2250000059604645 1.1165063470602035 0.05000000074505806
v 0.3000000089406967 1.1598076164722442 0.10000000149011612
v -0.1500000238418579 0.9000000000000001 0
v -0.1500000238418579 0.9000000000000001 0
v -0.1500000238418579 0.9000000000000001 0
v -0.1500000238418579 0.9000000000000001 0
v -0.1500000238418579 0.9000000000000001 0
v -0.1500000238418579 0.9000000000000001 0
v -0.1500000238418579 0.9000000000000001 0
v 0.15000001788139344 0.9 0.10000000149011612
v 0.15000001788139344 0.9866025388240814 0.05000000074505806
v 0.15000001788139344 0.9866025388240814 -0.05000000074505806
v 0.15000001788139344 0.9 -0.10000000149011612
v 0.15000001788139344 0.8133974611759186 -0.05000000074505806
v 0.15000001788139344 0.8133974611759186 0.05000000074505806
v 0.15000001788139344 0.9 0.10000000149011612
v 0.15000001788139344 0.9 0
v 0.15000001788139344 0.9 0
v 0.15000001788139344 0.9 0
v 0.15000001788139344 0.9 0
v 0.15000001788139344 0.9 0
v 0.15000001788139344 0.9 0
v 0.15000001788139344 0.9 0.10000000149011612
v 0.15000001788139344 0.9866025388240814 0.05000000074505806
v 0.15000001788139344 0.9866025388240814 -0.05000000074505806
v 0.15000001788139344 0.9 -0.10000000149011612
v 0.15000001788139344 0.8133974611759186 -0.05000000074505806
v 0.15000001788139344 0.8133974611759186 0.05000000074505806
v 0.15000001788139344 0.9 0.10000000149011612
v 0.14999998807907106 0.3803847670555115 0
v 0.14999998807907106 0.3803847670555115 0
v 0.14999998807907106 0.3803847670555115 0
v 0.14999998807907106 0.3803847670555115 0
v 0.14999998807907106 0.3803847670555115 0
v 0.14999998807907106 0.3803847670555115 0
v 0.14999998807907106 0.3803847670555115 0
v 0.3000000089406967 0.6401923835277558 0.10000000149011612
v 0.2250000059604645 0.6834936529397965 0.05000000074505806
v 0.2250000059604645 0.6834936529397965 -0.05000000074505806
v 0.3000000089406967 0.6401923835277558 -0.10000000149011612
v 0.37500000447034837 0.5968911290168762 -0.05000000074505806
v 0.37500000447034837 0.5968911290168762 0.05000000074505806
v 0.3000000089406967 0.6401923835277558 0.10000000149011612
v 0.3000000089406967 0.6401923835277558 0
v 0.3000000089406967 0.6401923835277558 0
v 0.3000000089406967 0.6401923835277558 0
v 0.3000000089406967 0.6401923835277558 0
v 0.3000000089406967 0.6401923835277558 0
v 0.3000000089406967 0.6401923835277558 0
v 0.3000000089406967 0.6401923835277558 0.10000000149011612
v 0.2250000059604645 0.6834936529397965 0.05000000074505806
v 0.2250000059604645 0.6834936529397965 -0.05000000074505806
v 0.3000000089406967 0.6401923835277558 -0.10000000149011612
v 0.37500000447034837 0.5968911290168762 -0.05000000074505806
v 0.37500000447034837 0.5968911290168762 0.05000000074505806
v 0.3000000089406967 0.6401923835277558 0.10000000149011612
v 0.7500000119209289 0.3803847670555115 0
v 0.7500000119209289 0.3803847670555115 0
v 0.7500000119209289 0.3803847670555115 0
v 0.7500000119209289 0.3803847670555115 0
v 0.7500000119209289 0.3803847670555115 0
v 0.7500000119209289 0.3803847670555115 0
v 0.7500000119209289 0.3803847670555115 0
v 0.5999999910593032 0.6401923835277558 0.10000000149011612
v 0.5249999955296516 0.5968911290168762 0.05000000074505806
v 0.5249999955296516 0.5968911290168762 -0.05000000074505806
v 0.5999999910593032 0.6401923835277558 -0.10000000149011612
v 0.6749999940395355 0.6834936529397965 -0.05000000074505806
v 0.6749999940395355 0.6834936529397965 0.05000000074505806
v 0.5999999910593032 0.6401923835277558 0.10000000149011612
v 0.5999999910593032 0.6401923835277558 0
v 0.5999999910593032 0.6401923835277558 0
v 0.5999999910593032 0.6401923835277558 0
v 0.5999999910593032 0.6401923835277558 0
v 0.5999999910593032 0.6401923835277558 0
v 0.5999999910593032 0.6401923835277558 0
v 0.5999999910593032 0.6401923835277558 0.10000000149011612
v 0.5249999955296516 0.5968911290168762 0.05000000074505806
v 0.5249999955296516 0.5968911290168762 -0.05000000074505806
v 0.5999999910593032 0.6401923835277558 -0.10000000149011612
v 0.6749999940395355 0.6834936529397965 -0.05000000074505806
v 0.6749999940395355 0.6834936529397965 0.05000000074505806
v 0.5999999910593032 0.6401923835277558 0.10000000149011612
v 1.0500000238418579 0.9 0.8999999761581421
v 1.0500000238418579 0.9 0.8999999761581421
v 1.0500000238418579 0.9 0.8999999761581421
v 1.0500000238418579 0.9 0.8999999761581421
v 1.0500000238418579 0.9 0.8999999761581421
v 1.0500000238418579 0.9 0.8999999761581421
v 1.0500000238418579 0.9 0.8999999761581421
v 0.7499999821186065 0.9 1
v 0.7499999821186065 0.8133974611759186 0.949999988079071
v 0.7499999821186065 0.8133974611759186 0.8500000238418579
v 0.7499999821186065 0.9 0.800000011920929
v 0.7499999821186065 0.9866025388240814 0.8500000238418579
v 0.7499999821186065 0.9866025388240814 0.949999988079071
v 0.7499999821186065 0.9 1
v 0.7499999821186065 0.9 0.8999999761581421
v 0.7499999821186065 0.9 0.8999999761581421
v 0.7499999821186065 0.9 0.8999999761581421
v 0.7499999821186065 0.9 0.8999999761581421
v 0.7499999821186065 0.9 0.8999999761581421
v 0.7499999821186065 0.9 0.8999999761581421
v 0.7499999821186065 0.9 1
v 0.7499999821186065 0.8133974611759186 0.949999988079071
v 0.7499999821186065 0.8133974611759186 0.8500000238418579
v 0.7499999821186065 0.9 0.800000011920929
v 0.7499999821186065 0.9866025388240814 0.8500000238418579
v 0.7499999821186065 0.9866025388240814 0.949999988079071
v 0.7499999821186065 0.9 1
v 0.14999998807907106 1.4196152329444884 0.8999999761581421
v 0.14999998807907106 1.4196152329444884 0.8999999761581421
v 0.14999998807907106 1.4196152329444884 0.8999999761581421
v 0.14999998807907106 1.4196152329444884 0.8999999761581421
v 0.14999998807907106 1.4196152329444884 0.8999999761581421
v 0.14999998807907106 1.4196152329444884 0.8999999761581421
v 0.14999998807907106 1.4196152329444884 0.8999999761581421
v 0.3000000089406967 1.1598076164722442 1
v 0.37500000447034837 1.2031088709831237 0.949999988079071
v 0.37500000447034837 1.2031088709831237 0.8500000238418579
v 0.3000000089406967 1.1598076164722442 0.800000011920929
v 0.2250000059604645 1.1165063470602035 0.8500000238418579
v 0.2250000059604645 1.1165063470602035 0.949999988079071
v 0.3000000089406967 1.1598076164722442 1
v 0.3000000089406967 1.1598076164722442 0.8999999761581421
v 0.3000000089406967 1.1598076164722442 0.8999999761581421
v 0.3000000089406967 1.1598076164722442 0.8999999761581421
v 0.3000000089406967 1.1598076164722442 0.8999999761581421
v 0.3000000089406967 1.1598076164722442 0.8999999761581421
v 0.3000000089406967 1.1598076164722442 0.8999999761581421
v 0.3000000089406967 1.1598076164722442 1
v 0.37500000447034837 1.2031088709831237 0.949999988079071
v 0.37500000447034837 1.2031088709831237 0.8500000238418579
v 0.3000000089406967 1.1598076164722442 0.800000011920929
v 0.2250000059604645 1.1165063470602035 0.8500000238418579
v 0.2250000059604645 1.1165063470602035 0.949999988079071
v 0.3000000089406967 1.1598076164722442 1
v 0.14999998807907106 0.3803847670555115 0.8999999761581421
v 0.14999998807907106 0.3803847670555115 0.8999999761581421
v 0.14999998807907106 0.3803847670555115 0.8999999761581421
v 0.14999998807907106 0.3803847670555115 0.8999999761581421
v 0.14999998807907106 0.3803847670555115 0.8999999761581421
v 0.14999998807907106 0.3803847670555115 0.8999999761581421
v 0.14999998807907106 0.3803847670555115 0.8999999761581421
v 0.3000000089406967 0.6401923835277558 1
v 0.2250000059604645 0.6834936529397965 0.949999988079071
v 0.2250000059604645 0.6834936529397965 0.8500000238418579
v 0.3000000089406967 0.6401923835277558 0.800000011920929
v 0.37500000447034837 0.5968911290168762 0.8500000238418579
v 0.37500000447034837 0.5968911290168762 0.949999988079071
v 0.3000000089406967 0.6401923835277558 1
v 0.3000000089406967 0.6401923835277558 0.8999999761581421
v 0.3000000089406967 0.6401923835277558 0.8999999761581421
v 0.3000000089406967 0.6401923835277558 0.8999999761581421
v 0.3000000089406967 0.6401923835277558 0.8999999761581421
v 0.3000000089406967 0.6401923835277558 0.8999999761581421
v 0.3000000089406967 0.6401923835277558 0.8999999761581421
v 0.3000000089406967 0.6401923835277558 1
v 0.2250000059604645 0.6834936529397965 0.949999988079071
v 0.2250000059604645 0.6834936529397965 0.8500000238418579
v 0.3000000089406967 0.6401923835277558 0.800000011920929
v 0.37500000447034837 0.5968911290168762 0.8500000238418579
v 0.37500000447034837 0.5968911290168762 0.949999988079071
v 0.3000000089406967 0.6401923835277558 1
v 0.7500000119209289 0.3803847670555115 0.8999999761581421
v 0.7500000119209289 0.3803847670555115 0.8999999761581421
v 0.7500000119209289 0.3803847670555115 0.8999999761581421
v 0.7500000119209289 0.3803847670555115 0.8999999761581421
v 0.7500000119209289 0.3803847670555115 0.8999999761581421
v 0.7500000119209289 0.3803847670555115 0.8999999761581421
v 0.7500000119209289 0.3803847670555115 0.8999999761581421
v 0.5999999910593032 0.6401923835277558 1
v 0.5249999955296516 0.5968911290168762 0.949999988079071
v 0.5249999955296516 0.5968911290168762 0.8500000238418579
v 0.5999999910593032 0.6401923835277558 0.800000011920929
v 0.6749999940395355 0.6834936529397965 0.8500000238418579
v 0.6749999940395355 0.6834936529397965 0.949999988079071
v 0.5999999910593032 0.6401923835277558 1
v 0.5999999910593032 0.6401923835277558 0.8999999761581421
v 0.5999999910593032 0.6401923835277558 0.8999999761581421
v 0.5999999910593032 0.6401923835277558 0.8999999761581421
v 0.5999999910593032 0.6401923835277558 0.8999999761581421
v 0.5999999910593032 0.6401923835277558 0.8999999761581421
v 0.5999999910593032 0.6401923835277558 0.8999999761581421
v 0.5999999910593032 0.6401923835277558 1
v 0.5249999955296516 0.5968911290168762 0.949999988079071
v 0.5249999955296516 0.5968911290168762 0.8500000238418579
v 0.5999999910593032 0.6401923835277558 0.800000011920929
v 0.6749999940395355 0.6834936529397965 0.8500000238418579
v 0.6749999940395355 0.6834936529397965 0.949999988079071
v 0.5999999910593032 0.6401923835277558 1
vt 0 1
vt 0.1666666716337204 1
vt 0.3333333432674408 1
vt 0.5 1
vt 0.6666666865348816 1
vt 0.8333333134651184 1
vt 1 1
vt 0 0
vt 0.1666666716337204 0
vt 0.3333333432674408 0
vt 0.5 0
vt 0.6666666865348816 0
vt 0.8333333134651184 0
vt 1 0
vt 0.5 0.5
vt 0.5 0.5
vt 0.5 0.5
vt 0.5 0.5
vt 0.5 0.5
vt 0.5 0.5
vt 1 0.5
vt 0.75 0.0669872984290123
vt 0.25 0.0669872984290123
vt 0 0.5
vt 0.25 0.9330127239227295
vt 0.75 0.9330127239227295
vt 1 0.5
vt 0 1
vt 0.1666666716337204 1
vt 0.3333333432674408 1
vt 0.5 1
vt 0.6666666865348816 1
vt 0.8333333134651184 1
vt 1 1
vt 0 0
vt 0.1666666716337204 0
vt 0.3333333432674408 0
vt 0.5 0
vt 0.6666666865348816 0
vt 0.8333333134651184 0
vt 1 0
vt 0.5 0.5
vt 0.5 0.5
vt 0.5 0.5
vt 0.5 0.5
vt 0.5 0.5
vt 0.5 0.5
vt 1 0.5
vt 0.75 0.0669872984290123
vt 0.25 0.0669872984290123
vt 0 0.5
vt 0.25 0.9330127239227295
vt 0.75 0.9330127239227295
vt 1 0.5
vt 0 1
vt 0.1666666716337204 1
vt 0.3333333432674408 1
vt 0.5 1
vt 0.6666666865348816 1
vt 0.8333333134651184 1
vt 1 1
vt 0 0
vt 0.1666666716337204 0
vt 0.3333333432674408 0
vt 0.5 0
vt 0.6666666865348816 0
vt 0.8333333134651184 0
vt 1 0
vt 0.5 0.5
vt 0.5 0.5
vt 0.5 0.5
vt 0.5 0.5
vt 0.5 0.5
vt 0.5 0.5
vt 1 0.5
vt 0.75 0.0669872984290123
vt 0.25 0.0669872984290123
vt 0 0.5
vt 0.25 0.9330127239227295
vt 0.75 0.9330127239227295
vt 1 0.5
vt 0 1
vt 0.1666666716337204 1
vt 0.3333333432674408 1
vt 0.5 1
vt 0.6666666865348816 1
vt 0.8333333134651184 1
vt 1 1
vt 0 0
vt 0.1666666716337204 0
vt 0.3333333432674408 0
vt 0.5 0
vt 0.6666666865348816 0
vt 0.8333333134651184 0
vt 1 0
vt 0.5 0.5
vt 0.5 0.5
vt 0.5 0.5
vt 0.5 0.5
vt 0.5 0.5
vt 0.5 0.5
vt 1 0.5
vt 0.75 0.0669872984290123
vt 0.25 0.0669872984290123
vt 0 0.5
vt 0.25 0.9330127239227295
vt 0.75 0.9330127239227295
vt 1 0.5
vt 0 1
vt 0.1666666716337204 1
vt 0.3333333432674408 1
vt 0.5 1
vt 0.6666666865348816 1
vt 0.8333333134651184 1
vt 1 1
vt 0 0
vt 0.1666666716337204 0
vt 0.3333333432674408 0
vt 0.5 0
vt 0.6666666865348816 0
vt 0.8333333134651184 0
vt 1 0
vt 0.5 0.5
vt 0.5 0.5
vt 0.5 0.5
vt 0.5 0.5
vt 0.5 0.5
vt 0.5 0.5
vt 1 0.5
vt 0.75 0.0669872984290123
vt 0.25 0.0669872984290123
vt 0 0.5
vt 0.25 0.9330127239227295
vt 0.75 0.9330127239227295
vt 1 0.5
vt 0 1
vt 0.1666666716337204 1
vt 0.3333333432674408 1
vt 0.5 1
vt 0.6666666865348816 1
vt 0.8333333134651184 1
vt 1 1
vt 0 0
vt 0.1666666716337204 0
vt 0.3333333432674408 0
vt 0.5 0
vt 0.6666666865348816 0
vt 0.8333333134651184 0
vt 1 0
vt 0.5 0.5
vt 0.5 0.5
vt 0.5 0.5
vt 0.5 0.5
vt 0.5 0.5
vt 0.5 0.5
vt 1 0.5
vt 0.75 0.0669872984290123
vt 0.25 0.0669872984290123
vt 0 0.5
vt 0.25 0.9330127239227295
vt 0.75 0.9330127239227295
vt 1 0.5
vt 0 1
vt 0.1666666716337204 1
vt 0.3333333432674408 1
vt 0.5 1
vt 0.6666666865348816 1
vt 0.8333333134651184 1
vt 1 1
vt 0 0
vt 0.1666666716337204 0
vt 0.3333333432674408 0
vt 0.5 0
vt 0.6666666865348816 0
vt 0.8333333134651184 0
vt 1 0
vt 0.5 0.5
vt 0.5 0.5
vt 0.5 0.5
vt 0.5 0.5
vt 0.5 0.5
vt 0.5 0.5
vt 1 0.5
vt 0.75 0.0669872984290123
vt 0.25 0.0669872984290123
vt 0 0.5
vt 0.25 0.9330127239227295
vt 0.75 0.9330127239227295
vt 1 0.5
vt 0 1
vt 0.1666666716337204 1
vt 0.3333333432674408 1
vt 0.5 1
vt 0.6666666865348816 1
vt 0.8333333134651184 1
vt 1 1
vt 0 0
vt 0.1666666716337204 0
vt 0.3333333432674408 0
vt 0.5 0
vt 0.6666666865348816 0
vt 0.8333333134651184 0
vt 1 0
vt 0.5 0.5
vt 0.5 0.5
vt 0.5 0.5
vt 0.5 0.5
vt 0.5 0.5
vt 0.5 0.5
vt 1 0.5
vt 0.75 0.0669872984290123
vt 0.25 0.0669872984290123
vt 0 0.5
vt 0.25 0.9330127239227295
vt 0.75 0.9330127239227295
vt 1 0.5
vt 0 1
vt 0.1666666716337204 1
vt 0.3333333432674408 1
vt 0.5 1
vt 0.6666666865348816 1
vt 0.8333333134651184 1
vt 1 1
vt 0 0
vt 0.1666666716337204 0
vt 0.3333333432674408 0
vt 0.5 0
vt 0.6666666865348816 0
vt 0.8333333134651184 0
vt 1 0
vt 0.5 0.5
vt 0.5 0.5
vt 0.5 0.5
vt 0.5 0.5
vt 0.5 0.5
vt 0.5 0.5
vt 1 0.5
vt 0.75 0.0669872984290123
vt 0.25 0.0669872984290123
vt 0 0.5
vt 0.25 0.9330127239227295
vt 0.75 0.9330127239227295
vt 1 0.5
vt 0 1
vt 0.1666666716337204 1
vt 0.3333333432674408 1
vt 0.5 1
vt 0.6666666865348816 1
vt 0.8333333134651184 1
vt 1 1
vt 0 0
vt 0.1666666716337204 0
vt 0.3333333432674408 0
vt 0.5 0
vt 0.6666666865348816 0
vt 0.8333333134651184 0
vt 1 0
vt 0.5 0.5
vt 0.5 0.5
vt 0.5 0.5
vt 0.5 0.5
vt 0.5 0.5
vt 0.5 0.5
vt 1 0.5
vt 0.75 0.0669872984290123
vt 0.25 0.0669872984290123
vt 0 0.5
vt 0.25 0.9330127239227295
vt 0.75 0.9330127239227295
vt 1 0.5
vt 0 1
vt 0.1666666716337204 1
vt 0.3333333432674408 1
vt 0.5 1
vt 0.6666666865348816 1
vt 0.8333333134651184 1
vt 1 1
vt 0 0
vt 0.1666666716337204 0
vt 0.3333333432674408 0
vt 0.5 0
vt 0.6666666865348816 0
vt 0.8333333134651184 0
vt 1 0
vt 0.5 0.5
vt 0.5 0.5
vt 0.5 0.5
vt 0.5 0.5
vt 0.5 0.5
vt 0.5 0.5
vt 1 0.5
vt 0.75 0.0669872984290123
vt 0.25 0.0669872984290123
vt 0 0.5
vt 0.25 0.9330127239227295
vt 0.75 0.9330127239227295
vt 1 0.5
vt 0 1
vt 0.1666666716337204 1
vt 0.3333333432674408 1
vt 0.5 1
vt 0.6666666865348816 1
vt 0.8333333134651184 1
vt 1 1
vt 0 0
vt 0.1666666716337204 0
vt 0.3333333432674408 0
vt 0.5 0
vt 0.6666666865348816 0
vt 0.8333333134651184 0
vt 1 0
vt 0.5 0.5
vt 0.5 0.5
vt 0.5 0.5
vt 0.5 0.5
vt 0.5 0.5
vt 0.5 0.5
vt 1 0.5
vt 0.75 0.0669872984290123
vt 0.25 0.0669872984290123
vt 0 0.5
vt 0.25 0.9330127239227295
vt 0.75 0.9330127239227295
vt 1 0.5
vt 0 1
vt 0.1666666716337204 1
vt 0.3333333432674408 1
vt 0.5 1
vt 0.6666666865348816 1
vt 0.8333333134651184 1
vt 1 1
vt 0 0
vt 0.1666666716337204 0
vt 0.3333333432674408 0
vt 0.5 0
vt 0.6666666865348816 0
vt 0.8333333134651184 0
vt 1 0
vt 0.5 0.5
vt 0.5 0.5
vt 0.5 0.5
vt 0.5 0.5
vt 0.5 0.5
vt 0.5 0.5
vt 1 0.5
vt 0.75 0.0669872984290123
vt 0.25 0.0669872984290123
vt 0 0.5
vt 0.25 0.9330127239227295
vt 0.75 0.9330127239227295
vt 1 0.5
vt 0 1
vt 0.1666666716337204 1
vt 0.3333333432674408 1
vt 0.5 1
vt 0.6666666865348816 1
vt 0.8333333134651184 1
vt 1 1
vt 0 0
vt 0.1666666716337204 0
vt 0.3333333432674408 0
vt 0.5 0
vt 0.6666666865348816 0
vt 0.8333333134651184 0
vt 1 0
vt 0.5 0.5
vt 0.5 0.5
vt 0.5 0.5
vt 0.5 0.5
vt 0.5 0.5
vt 0.5 0.5
vt 1 0.5
vt 0.75 0.0669872984290123
vt 0.25 0.0669872984290123
vt 0 0.5
vt 0.25 0.9330127239227295
vt 0.75 0.9330127239227295
vt 1 0.5
vt 0 1
vt 0.1666666716337204 1
vt 0.3333333432674408 1
vt 0.5 1
vt 0.6666666865348816 1
vt 0.8333333134651184 1
vt 1 1
vt 0 0
vt 0.1666666716337204 0
vt 0.3333333432674408 0
vt 0.5 0
vt 0.6666666865348816 0
vt 0.8333333134651184 0
vt 1 0
vt 0.5 0.5
vt 0.5 0.5
vt 0.5 0.5
vt 0.5 0.5
vt 0.5 0.5
vt 0.5 0.5
vt 1 0.5
vt 0.75 0.0669872984290123
vt 0.25 0.0669872984290123
vt 0 0.5
vt 0.25 0.9330127239227295
vt 0.75 0.9330127239227295
vt 1 0.5
vt 0 1
vt 0.1666666716337204 1
vt 0.3333333432674408 1
vt 0.5 1
vt 0.6666666865348816 1
vt 0.8333333134651184 1
vt 1 1
vt 0 0
vt 0.1666666716337204 0
vt 0.3333333432674408 0
vt 0.5 0
vt 0.6666666865348816 0
vt 0.8333333134651184 0
vt 1 0
vt 0.5 0.5
vt 0.5 0.5
vt 0.5 0.5
vt 0.5 0.5
vt 0.5 0.5
vt 0.5 0.5
vt 1 0.5
vt 0.75 0.0669872984290123
vt 0.25 0.0669872984290123
vt 0 0.5
vt 0.25 0.9330127239227295
vt 0.75 0.9330127239227295
vt 1 0.5
vn 0.31622775707614137 7.021666738630058e-17 0.9486833010307459
vn 0.3162277698265603 -0.8215838228888802 0.474341669641002
vn 0.3162277698265603 -0.8215838228888802 -0.474341669641002
vn 0.31622775707614137 -4.5963520590692735e-17 -0.9486833010307459
vn 0.3162277698265603 0.8215838228888802 -0.474341669641002
vn 0.3162277698265603 0.8215838228888802 0.474341669641002
vn 0.31622775707614137 3.02577049957732e-16 0.9486833010307459
vn 0.31622775707614137 7.021666738630058e-17 0.9486833010307459
vn 0.3162277698265603 -0.8215838228888802 0.474341669641002
vn 0.3162277698265603 -0.8215838228888802 -0.474341669641002
vn 0.31622775707614137 -4.5963520590692735e-17 -0.9486833010307459
vn 0.3162277698265603 0.8215838228888802 -0.474341669641002
vn 0.3162277698265603 0.8215838228888802 0.474341669641002
vn 0.31622775707614137 3.02577049957732e-16 0.9486833010307459
vn -1 -2.220446049250313e-16 0
vn -1 -2.220446049250313e-16 0
vn -1 -2.220446049250313e-16 0
vn -1 -2.220446049250313e-16 0
vn -1 -2.220446049250313e-16 0
vn -1 -2.220446049250313e-16 0
vn -1 -2.220446049250313e-16 0
vn -1 -2.220446049250313e-16 0
vn -1 -2.220446049250313e-16 0
vn -1 -2.220446049250313e-16 0
vn -1 -2.220446049250313e-16 0
vn -1 -2.220446049250313e-16 0
vn -1 -2.220446049250313e-16 0
vn 0.15811387930405768 0.273861254646728 0.948683305626668
vn 0.8696263496367284 -0.13693063061662092 0.47434166422151164
vn 0.8696263496367284 -0.13693063061662092 -0.47434166422151164
vn 0.15811387930405768 0.273861254646728 -0.948683305626668
vn -0.5533985493004611 0.6846532222438292 -0.4743416605183303
vn -0.5533985493004611 0.6846532222438292 0.4743416605183303
vn 0.15811387930405768 0.273861254646728 0.948683305626668
vn 0.15811387930405768 0.273861254646728 0.948683305626668
vn 0.8696263496367284 -0.13693063061662092 0.47434166422151164
vn 0.8696263496367284 -0.13693063061662092 -0.47434166422151164
vn 0.15811387930405768 0.273861254646728 -0.948683305626668
vn -0.5533985493004611 0.6846532222438292 -0.4743416605183303
vn -0.5533985493004611 0.6846532222438292 0.4743416605183303
vn 0.15811387930405768 0.273861254646728 0.948683305626668
vn -0.5000000067305869 -0.8660253998985324 0
vn -0.5000000067305869 -0.8660253998985324 0
vn -0.5000000067305869 -0.8660253998985324 0
vn -0.5000000067305869 -0.8660253998985324 0
vn -0.5000000067305869 -0.8660253998985324 0
vn -0.5000000067305869 -0.8660253998985324 0
vn -0.5000000067305869 -0.8660253998985324 0
vn -0.5000000067305869 -0.8660253998985324 0
vn -0.5000000067305869 -0.8660253998985324 0
vn -0.5000000067305869 -0.8660253998985324 0
vn -0.5000000067305869 -0.8660253998985324 0
vn -0.5000000067305869 -0.8660253998985324 0
vn -0.5000000067305869 -0.8660253998985324 0
vn -0.15811387930405768 0.273861254646728 0.948683305626668
vn 0.5533985493004611 0.6846532222438292 0.4743416605183303
vn 0.5533985493004611 0.6846532222438292 -0.4743416605183303
vn -0.15811387930405768 0.273861254646728 -0.948683305626668
vn -0.8696263496367284 -0.13693063061662092 -0.47434166422151164
vn -0.8696263496367284 -0.13693063061662092 0.47434166422151164
vn -0.15811387930405768 0.273861254646728 0.948683305626668
vn -0.15811387930405768 0.273861254646728 0.948683305626668
vn 0.5533985493004611 0.6846532222438292 0.4743416605183303
vn 0.5533985493004611 0.6846532222438292 -0.4743416605183303
vn -0.15811387930405768 0.273861254646728 -0.948683305626668
vn -0.8696263496367284 -0.13693063061662092 -0.47434166422151164
vn -0.8696263496367284 -0.13693063061662092 0.47434166422151164
vn -0.15811387930405768 0.273861254646728 0.948683305626668
vn 0.5000000067305869 -0.8660253998985324 0
vn 0.5000000067305869 -0.8660253998985324 0
vn 0.5000000067305869 -0.8660253998985324 0
vn 0.5000000067305869 -0.8660253998985324 0
vn 0.5000000067305869 -0.8660253998985324 0
vn 0.5000000067305869 -0.8660253998985324 0
vn 0.5000000067305869 -0.8660253998985324 0
vn 0.5000000067305869 -0.8660253998985324 0
vn 0.5000000067305869 -0.8660253998985324 0
vn 0.5000000067305869 -0.8660253998985324 0
vn 0.5000000067305869 -0.8660253998985324 0
vn 0.5000000067305869 -0.8660253998985324 0
vn 0.5000000067305869 -0.8660253998985324 0
vn -0.31622775707614137 7.021666738630058e-17 0.9486833010307459
vn -0.3162277698265603 0.8215838228888802 0.474341669641002
vn -0.3162277698265603 0.8215838228888802 -0.474341669641002
vn -0.31622775707614137 1.8639684874584914e-16 -0.9486833010307459
vn -0.3162277698265603 -0.8215838228888802 -0.474341669641002
vn -0.3162277698265603 -0.8215838228888802 0.474341669641002
vn -0.31622775707614137 -1.621437019502413e-16 0.9486833010307459
vn -0.31622775707614137 7.021666738630058e-17 0.9486833010307459
vn -0.3162277698265603 0.8215838228888802 0.474341669641002
vn -0.3162277698265603 0.8215838228888802 -0.474341669641002
vn -0.31622775707614137 1.8639684874584914e-16 -0.9486833010307459
vn -0.3162277698265603 -0.8215838228888802 -0.474341669641002
vn -0.3162277698265603 -0.8215838228888802 0.474341669641002
vn -0.31622775707614137 -1.621437019502413e-16 0.9486833010307459
vn 1 -2.220446049250313e-16 0
vn 1 -2.220446049250313e-16 0
vn 1 -2.220446049250313e-16 0
vn 1 -2.220446049250313e-16 0
vn 1 -2.220446049250313e-16 0
vn 1 -2.220446049250313e-16 0
vn 1 -2.220446049250313e-16 0
vn 1 -2.220446049250313e-16 0
vn 1 -2.220446049250313e-16 0
vn 1 -2.220446049250313e-16 0
vn 1 -2.220446049250313e-16 0
vn 1 -2.220446049250313e-16 0
vn 1 -2.220446049250313e-16 0
vn -0.15811387930405768 -0.273861254646728 0.948683305626668
vn -0.8696263496367284 0.13693063061662092 0.47434166422151164
vn -0.8696263496367284 0.13693063061662092 -0.47434166422151164
vn -0.15811387930405768 -0.273861254646728 -0.948683305626668
vn 0.5533985493004611 -0.6846532222438292 -0.4743416605183303
vn 0.5533985493004611 -0.6846532222438292 0.4743416605183303
vn -0.15811387930405768 -0.273861254646728 0.948683305626668
vn -0.15811387930405768 -0.273861254646728 0.948683305626668
vn -0.8696263496367284 0.13693063061662092 0.47434166422151164
vn -0.8696263496367284 0.13693063061662092 -0.47434166422151164
vn -0.15811387930405768 -0.273861254646728 -0.948683305626668
vn 0.5533985493004611 -0.6846532222438292 -0.4743416605183303
vn 0.5533985493004611 -0.6846532222438292 0.4743416605183303
vn -0.15811387930405768 -0.273861254646728 0.948683305626668
vn 0.5000000067305869 0.8660253998985324 0
vn 0.5000000067305869 0.8660253998985324 0
vn 0.5000000067305869 0.8660253998985324 0
vn 0.5000000067305869 0.8660253998985324 0
vn 0.5000000067305869 0.8660253998985324 0
vn 0.5000000067305869 0.8660253998985324 0
vn 0.5000000067305869 0.8660253998985324 0
vn 0.5000000067305869 0.8660253998985324 0
vn 0.5000000067305869 0.8660253998985324 0
vn 0.5000000067305869 0.8660253998985324 0
vn 0.5000000067305869 0.8660253998985324 0
vn 0.5000000067305869 0.8660253998985324 0
vn 0.5000000067305869 0.8660253998985324 0
vn 0.15811387930405768 -0.273861254646728 0.948683305626668
vn -0.5533985493004611 -0.6846532222438292 0.4743416605183303
vn -0.5533985493004611 -0.6846532222438292 -0.4743416605183303
vn 0.15811387930405768 -0.273861254646728 -0.948683305626668
vn 0.8696263496367284 0.13693063061662092 -0.47434166422151164
vn 0.8696263496367284 0.13693063061662092 0.47434166422151164
vn 0.15811387930405768 -0.273861254646728 0.948683305626668
vn 0.15811387930405768 -0.273861254646728 0.948683305626668
vn -0.5533985493004611 -0.6846532222438292 0.4743416605183303
vn -0.5533985493004611 -0.6846532222438292 -0.4743416605183303
vn 0.15811387930405768 -0.273861254646728 -0.948683305626668
vn 0.8696263496367284 0.13693063061662092 -0.47434166422151164
vn 0.8696263496367284 0.13693063061662092 0.47434166422151164
vn 0.15811387930405768 -0.273861254646728 0.948683305626668
vn -0.5000000067305869 0.8660253998985324 0
vn -0.5000000067305869 0.8660253998985324 0
vn -0.5000000067305869 0.8660253998985324 0
vn -0.5000000067305869 0.8660253998985324 0
vn -0.5000000067305869 0.8660253998985324 0
vn -0.5000000067305869 0.8660253998985324 0
vn -0.5000000067305869 0.8660253998985324 0
vn -0.5000000067305869 0.8660253998985324 0
vn -0.5000000067305869 0.8660253998985324 0
vn -0.5000000067305869 0.8660253998985324 0
vn -0.5000000067305869 0.8660253998985324 0
vn -0.5000000067305869 0.8660253998985324 0
vn -0.5000000067305869 0.8660253998985324 0
vn 0.31622775707614137 7.021666738630058e-17 0.9486833010307459
vn 0.3162277698265603 -0.8215838228888802 0.474341669641002
vn 0.3162277698265603 -0.8215838228888802 -0.474341669641002
vn 0.31622775707614137 -4.5963520590692735e-17 -0.9486833010307459
vn 0.3162277698265603 0.8215838228888802 -0.474341669641002
vn 0.3162277698265603 0.8215838228888802 0.474341669641002
vn 0.31622775707614137 3.02577049957732e-16 0.9486833010307459
vn 0.31622775707614137 7.021666738630058e-17 0.9486833010307459
vn 0.3162277698265603 -0.8215838228888802 0.474341669641002
vn 0.3162277698265603 -0.8215838228888802 -0.474341669641002
vn 0.31622775707614137 -4.5963520590692735e-17 -0.9486833010307459
vn 0.3162277698265603 0.8215838228888802 -0.474341669641002
vn 0.3162277698265603 0.8215838228888802 0.474341669641002
vn 0.31622775707614137 3.02577049957732e-16 0.9486833010307459
vn -1 -2.220446049250313e-16 0
vn -1 -2.220446049250313e-16 0
vn -1 -2.220446049250313e-16 0
vn -1 -2.220446049250313e-16 0
vn -1 -2.220446049250313e-16 0
vn -1 -2.220446049250313e-16 0
vn -1 -2.220446049250313e-16 0
vn -1 -2.220446049250313e-16 0
vn -1 -2.220446049250313e-16 0
vn -1 -2.220446049250313e-16 0
vn -1 -2.220446049250313e-16 0
vn -1 -2.220446049250313e-16 0
vn -1 -2.220446049250313e-16 0
vn 0.15811387930405768 0.273861254646728 0.948683305626668
vn 0.8696263496367284 -0.13693063061662092 0.47434166422151164
vn 0.8696263496367284 -0.13693063061662092 -0.47434166422151164
vn 0.15811387930405768 0.273861254646728 -0.948683305626668
vn -0.5533985493004611 0.6846532222438292 -0.4743416605183303
vn -0.5533985493004611 0.6846532222438292 0.4743416605183303
vn 0.15811387930405768 0.273861254646728 0.948683305626668
vn 0.15811387930405768 0.273861254646728 0.948683305626668
vn 0.8696263496367284 -0.13693063061662092 0.47434166422151164
vn 0.8696263496367284 -0.13693063061662092 -0.47434166422151164
vn 0.15811387930405768 0.273861254646728 -0.948683305626668
vn -0.5533985493004611 0.6846532222438292 -0.4743416605183303
vn -0.5533985493004611 0.6846532222438292 0.4743416605183303
vn 0.15811387930405768 0.273861254646728 0.948683305626668
vn -0.5000000067305869 -0.8660253998985324 0
vn -0.5000000067305869 -0.8660253998985324 0
vn -0.5000000067305869 -0.8660253998985324 0
vn -0.5000000067305869 -0.8660253998985324 0
vn -0.5000000067305869 -0.8660253998985324 0
vn -0.5000000067305869 -0.8660253998985324 0
vn -0.5000000067305869 -0.8660253998985324 0
vn -0.5000000067305869 -0.8660253998985324 0
vn -0.5000000067305869 -0.8660253998985324 0
vn -0.5000000067305869 -0.8660253998985324 0
vn -0.5000000067305869 -0.8660253998985324 0
vn -0.5000000067305869 -0.8660253998985324 0
vn -0.5000000067305869 -0.8660253998985324 0
vn -0.15811387930405768 0.273861254646728 0.948683305626668
vn 0.5533985493004611 0.6846532222438292 0.4743416605183303
vn 0.5533985493004611 0.6846532222438292 -0.4743416605183303
vn -0.15811387930405768 0.273861254646728 -0.948683305626668
vn -0.8696263496367284 -0.13693063061662092 -0.47434166422151164
vn -0.8696263496367284 -0.13693063061662092 0.47434166422151164
vn -0.15811387930405768 0.273861254646728 0.948683305626668
vn -0.15811387930405768 0.273861254646728 0.948683305626668
vn 0.5533985493004611 0.6846532222438292 0.4743416605183303
vn 0.5533985493004611 0.6846532222438292 -0.4743416605183303
vn -0.15811387930405768 0.273861254646728 -0.948683305626668
vn -0.8696263496367284 -0.13693063061662092 -0.47434166422151164
vn -0.8696263496367284 -0.13693063061662092 0.47434166422151164
vn -0.15811387930405768 0.273861254646728 0.948683305626668
vn 0.5000000067305869 -0.8660253998985324 0
vn 0.5000000067305869 -0.8660253998985324 0
vn 0.5000000067305869 -0.8660253998985324 0
vn 0.5000000067305869 -0.8660253998985324 0
vn 0.5000000067305869 -0.8660253998985324 0
vn 0.5000000067305869 -0.8660253998985324 0
vn 0.5000000067305869 -0.8660253998985324 0
vn 0.5000000067305869 -0.8660253998985324 0
vn 0.5000000067305869 -0.8660253998985324 0
vn 0.5000000067305869 -0.8660253998985324 0
vn 0.5000000067305869 -0.8660253998985324 0
vn 0.5000000067305869 -0.8660253998985324 0
vn 0.5000000067305869 -0.8660253998985324 0
vn -0.31622775707614137 7.021666738630058e-17 0.9486833010307459
vn -0.3162277698265603 0.8215838228888802 0.474341669641002
vn -0.3162277698265603 0.8215838228888802 -0.474341669641002
vn -0.31622775707614137 1.8639684874584914e-16 -0.9486833010307459
vn -0.3162277698265603 -0.8215838228888802 -0.474341669641002
vn -0.3162277698265603 -0.8215838228888802 0.474341669641002
vn -0.31622775707614137 -1.621437019502413e-16 0.9486833010307459
vn -0.31622775707614137 7.021666738630058e-17 0.9486833010307459
vn -0.3162277698265603 0.8215838228888802 0.474341669641002
vn -0.3162277698265603 0.8215838228888802 -0.474341669641002
vn -0.31622775707614137 1.8639684874584914e-16 -0.9486833010307459
vn -0.3162277698265603 -0.8215838228888802 -0.474341669641002
vn -0.3162277698265603 -0.8215838228888802 0.474341669641002
vn -0.31622775707614137 -1.621437019502413e-16 0.9486833010307459
vn 1 -2.220446049250313e-16 0
vn 1 -2.220446049250313e-16 0
vn 1 -2.220446049250313e-16 0
vn 1 -2.220446049250313e-16 0
vn 1 -2.220446049250313e-16 0
vn 1 -2.220446049250313e-16 0
vn 1 -2.220446049250313e-16 0
vn 1 -2.220446049250313e-16 0
vn 1 -2.220446049250313e-16 0
vn 1 -2.220446049250313e-16 0
vn 1 -2.220446049250313e-16 0
vn 1 -2.220446049250313e-16 0
vn 1 -2.220446049250313e-16 0
vn -0.15811387930405768 -0.273861254646728 0.948683305626668
vn -0.8696263496367284 0.13693063061662092 0.47434166422151164
vn -0.8696263496367284 0.13693063061662092 -0.47434166422151164
vn -0.15811387930405768 -0.273861254646728 -0.948683305626668
vn 0.5533985493004611 -0.6846532222438292 -0.4743416605183303
vn 0.5533985493004611 -0.6846532222438292 0.4743416605183303
vn -0.15811387930405768 -0.273861254646728 0.948683305626668
vn -0.15811387930405768 -0.273861254646728 0.948683305626668
vn -0.8696263496367284 0.13693063061662092 0.47434166422151164
vn -0.8696263496367284 0.13693063061662092 -0.47434166422151164
vn -0.15811387930405768 -0.273861254646728 -0.948683305626668
vn 0.5533985493004611 -0.6846532222438292 -0.4743416605183303
vn 0.5533985493004611 -0.6846532222438292 0.4743416605183303
vn -0.15811387930405768 -0.273861254646728 0.948683305626668
vn 0.5000000067305869 0.8660253998985324 0
vn 0.5000000067305869 0.8660253998985324 0
vn 0.5000000067305869 0.8660253998985324 0
vn 0.5000000067305869 0.8660253998985324 0
vn 0.5000000067305869 0.8660253998985324 0
vn 0.5000000067305869 0.8660253998985324 0
vn 0.5000000067305869 0.8660253998985324 0
vn 0.5000000067305869 0.8660253998985324 0
vn 0.5000000067305869 0.8660253998985324 0
vn 0.5000000067305869 0.8660253998985324 0
vn 0.5000000067305869 0.8660253998985324 0
vn 0.5000000067305869 0.8660253998985324 0
vn 0.5000000067305869 0.8660253998985324 0
vn 0.15811387930405768 -0.273861254646728 0.948683305626668
vn -0.5533985493004611 -0.6846532222438292 0.4743416605183303
vn -0.5533985493004611 -0.6846532222438292 -0.4743416605183303
vn 0.15811387930405768 -0.273861254646728 -0.948683305626668
vn 0.8696263496367284 0.13693063061662092 -0.47434166422151164
vn 0.8696263496367284 0.13693063061662092 0.47434166422151164
vn 0.15811387930405768 -0.273861254646728 0.948683305626668
vn 0.15811387930405768 -0.273861254646728 0.948683305626668
vn -0.5533985493004611 -0.6846532222438292 0.4743416605183303
vn -0.5533985493004611 -0.6846532222438292 -0.4743416605183303
vn 0.15811387930405768 -0.273861254646728 -0.948683305626668
vn 0.8696263496367284 0.13693063061662092 -0.47434166422151164
vn 0.8696263496367284 0.13693063061662092 0.47434166422151164
vn 0.15811387930405768 -0.273861254646728 0.948683305626668
vn -0.5000000067305869 0.8660253998985324 0
vn -0.5000000067305869 0.8660253998985324 0
vn -0.5000000067305869 0.8660253998985324 0
vn -0.5000000067305869 0.8660253998985324 0
vn -0.5000000067305869 0.8660253998985324 0
vn -0.5000000067305869 0.8660253998985324 0
vn -0.5000000067305869 0.8660253998985324 0
vn -0.5000000067305869 0.8660253998985324 0
vn -0.5000000067305869 0.8660253998985324 0
vn -0.5000000067305869 0.8660253998985324 0
vn -0.5000000067305869 0.8660253998985324 0
vn -0.5000000067305869 0.8660253998985324 0
vn -0.5000000067305869 0.8660253998985324 0
vn 0.31622775707614137 7.021666738630058e-17 0.9486833010307459
vn 0.3162277698265603 -0.8215838228888802 0.474341669641002
vn 0.3162277698265603 -0.8215838228888802 -0.474341669641002
vn 0.31622775707614137 -4.5963520590692735e-17 -0.9486833010307459
vn 0.3162277698265603 0.8215838228888802 -0.474341669641002
vn 0.3162277698265603 0.8215838228888802 0.474341669641002
vn 0.31622775707614137 3.02577049957732e-16 0.9486833010307459
vn 0.31622775707614137 7.021666738630058e-17 0.9486833010307459
vn 0.3162277698265603 -0.8215838228888802 0.474341669641002
vn 0.3162277698265603 -0.8215838228888802 -0.474341669641002
vn 0.31622775707614137 -4.5963520590692735e-17 -0.9486833010307459
vn 0.3162277698265603 0.8215838228888802 -0.474341669641002
vn 0.3162277698265603 0.8215838228888802 0.474341669641002
vn 0.31622775707614137 3.02577049957732e-16 0.9486833010307459
vn -1 -2.220446049250313e-16 0
vn -1 -2.220446049250313e-16 0
vn -1 -2.220446049250313e-16 0
vn -1 -2.220446049250313e-16 0
vn -1 -2.220446049250313e-16 0
vn -1 -2.220446049250313e-16 0
vn -1 -2.220446049250313e-16 0
vn -1 -2.220446049250313e-16 0
vn -1 -2.220446049250313e-16 0
vn -1 -2.220446049250313e-16 0
vn -1 -2.220446049250313e-16 0
vn -1 -2.220446049250313e-16 0
vn -1 -2.220446049250313e-16 0
vn -0.15811387930405768 0.273861254646728 0.948683305626668
vn 0.5533985493004611 0.6846532222438292 0.4743416605183303
vn 0.5533985493004611 0.6846532222438292 -0.4743416605183303
vn -0.15811387930405768 0.273861254646728 -0.948683305626668
vn -0.8696263496367284 -0.13693063061662092 -0.47434166422151164
vn -0.8696263496367284 -0.13693063061662092 0.47434166422151164
vn -0.15811387930405768 0.273861254646728 0.948683305626668
vn -0.15811387930405768 0.273861254646728 0.948683305626668
vn 0.5533985493004611 0.6846532222438292 0.4743416605183303
vn 0.5533985493004611 0.6846532222438292 -0.4743416605183303
vn -0.15811387930405768 0.273861254646728 -0.948683305626668
vn -0.8696263496367284 -0.13693063061662092 -0.47434166422151164
vn -0.8696263496367284 -0.13693063061662092 0.47434166422151164
vn -0.15811387930405768 0.273861254646728 0.948683305626668
vn 0.5000000067305869 -0.8660253998985324 0
vn 0.5000000067305869 -0.8660253998985324 0
vn 0.5000000067305869 -0.8660253998985324 0
vn 0.5000000067305869 -0.8660253998985324 0
vn 0.5000000067305869 -0.8660253998985324 0
vn 0.5000000067305869 -0.8660253998985324 0
vn 0.5000000067305869 -0.8660253998985324 0
vn 0.5000000067305869 -0.8660253998985324 0
vn 0.5000000067305869 -0.8660253998985324 0
vn 0.5000000067305869 -0.8660253998985324 0
vn 0.5000000067305869 -0.8660253998985324 0
vn 0.5000000067305869 -0.8660253998985324 0
vn 0.5000000067305869 -0.8660253998985324 0
vn -0.15811387930405768 -0.273861254646728 0.948683305626668
vn -0.8696263496367284 0.13693063061662092 0.47434166422151164
vn -0.8696263496367284 0.13693063061662092 -0.47434166422151164
vn -0.15811387930405768 -0.273861254646728 -0.948683305626668
vn 0.5533985493004611 -0.6846532222438292 -0.4743416605183303
vn 0.5533985493004611 -0.6846532222438292 0.4743416605183303
vn -0.15811387930405768 -0.273861254646728 0.948683305626668
vn -0.15811387930405768 -0.273861254646728 0.948683305626668
vn -0.8696263496367284 0.13693063061662092 0.47434166422151164
vn -0.8696263496367284 0.13693063061662092 -0.47434166422151164
vn -0.15811387930405768 -0.273861254646728 -0.948683305626668
vn 0.5533985493004611 -0.6846532222438292 -0.4743416605183303
vn 0.5533985493004611 -0.6846532222438292 0.4743416605183303
vn -0.15811387930405768 -0.273861254646728 0.948683305626668
vn 0.5000000067305869 0.8660253998985324 0
vn 0.5000000067305869 0.8660253998985324 0
vn 0.5000000067305869 0.8660253998985324 0
vn 0.5000000067305869 0.8660253998985324 0
vn 0.5000000067305869 0.8660253998985324 0
vn 0.5000000067305869 0.8660253998985324 0
vn 0.5000000067305869 0.8660253998985324 0
vn 0.5000000067305869 0.8660253998985324 0
vn 0.5000000067305869 0.8660253998985324 0
vn 0.5000000067305869 0.8660253998985324 0
vn 0.5000000067305869 0.8660253998985324 0
vn 0.5000000067305869 0.8660253998985324 0
vn 0.5000000067305869 0.8660253998985324 0
vn 0.15811387930405768 -0.273861254646728 0.948683305626668
vn -0.5533985493004611 -0.6846532222438292 0.4743416605183303
vn -0.5533985493004611 -0.6846532222438292 -0.4743416605183303
vn 0.15811387930405768 -0.273861254646728 -0.948683305626668
vn 0.8696263496367284 0.13693063061662092 -0.47434166422151164
vn 0.8696263496367284 0.13693063061662092 0.47434166422151164
vn 0.15811387930405768 -0.273861254646728 0.948683305626668
vn 0.15811387930405768 -0.273861254646728 0.948683305626668
vn -0.5533985493004611 -0.6846532222438292 0.4743416605183303
vn -0.5533985493004611 -0.6846532222438292 -0.4743416605183303
vn 0.15811387930405768 -0.273861254646728 -0.948683305626668
vn 0.8696263496367284 0.13693063061662092 -0.47434166422151164
vn 0.8696263496367284 0.13693063061662092 0.47434166422151164
vn 0.15811387930405768 -0.273861254646728 0.948683305626668
vn -0.5000000067305869 0.8660253998985324 0
vn -0.5000000067305869 0.8660253998985324 0
vn -0.5000000067305869 0.8660253998985324 0
vn -0.5000000067305869 0.8660253998985324 0
vn -0.5000000067305869 0.8660253998985324 0
vn -0.5000000067305869 0.8660253998985324 0
vn -0.5000000067305869 0.8660253998985324 0
vn -0.5000000067305869 0.8660253998985324 0
vn -0.5000000067305869 0.8660253998985324 0
vn -0.5000000067305869 0.8660253998985324 0
vn -0.5000000067305869 0.8660253998985324 0
vn -0.5000000067305869 0.8660253998985324 0
vn -0.5000000067305869 0.8660253998985324 0
f 715/715/715 722/722/722 716/716/716
f 722/722/722 723/723/723 716/716/716
f 716/716/716 723/723/723 717/717/717
f 723/723/723 724/724/724 717/717/717
f 717/717/717 724/724/724 718/718/718
f 724/724/724 725/725/725 718/718/718
f 718/718/718 725/725/725 719/719/719
f 725/725/725 726/726/726 719/719/719
f 719/719/719 726/726/726 720/720/720
f 726/726/726 727/727/727 720/720/720
f 720/720/720 727/727/727 721/721/721
f 727/727/727 728/728/728 721/721/721
f 736/736/736 735/735/735 729/729/729
f 737/737/737 736/736/736 730/730/730
f 738/738/738 737/737/737 731/731/731
f 739/739/739 738/738/738 732/732/732
f 740/740/740 739/739/739 733/733/733
f 741/741/741 740/740/740 734/734/734
f 742/742/742 749/749/749 743/743/743
f 749/749/749 750/750/750 743/743/743
f 743/743/743 750/750/750 744/744/744
f 750/750/750 751/751/751 744/744/744
f 744/744/744 751/751/751 745/745/745
f 751/751/751 752/752/752 745/745/745
f 745/745/745 752/752/752 746/746/746
f 752/752/752 753/753/753 746/746/746
f 746/746/746 753/753/753 747/747/747
f 753/753/753 754/754/754 747/747/747
f 747/747/747 754/754/754 748/748/748
f 754/754/754 755/755/755 748/748/748
f 763/763/763 762/762/762 756/756/756
f 764/764/764 763/763/763 757/757/757
f 765/765/765 764/764/764 758/758/758
f 766/766/766 765/765/765 759/759/759
f 767/767/767 766/766/766 760/760/760
f 768/768/768 767/767/767 761/761/761
f 769/769/769 776/776/776 770/770/770
f 776/776/776 777/777/777 770/770/770
f 770/770/770 777/777/777 771/771/771
f 777/777/777 778/778/778 771/771/771
f 771/771/771 778/778/778 772/772/772
f 778/778/778 779/779/779 772/772/772
f 772/772/772 779/779/779 773/773/773
f 779/779/779 780/780/780 773/773/773
f 773/773/773 780/780/780 774/774/774
f 780/780/780 781/781/781 774/774/774
f 774/774/774 781/781/781 775/775/775
f 781/781/781 782/782/782 775/775/775
f 790/790/790 789/789/789 783/783/783
f 791/791/791 790/790/790 784/784/784
f 792/792/792 791/791/791 785/785/785
f 793/793/793 792/792/792 786/786/786
f 794/794/794 793/793/793 787/787/787
f 795/795/795 794/794/794 788/788/788
f 796/796/796 803/803/803 797/797/797
f 803/803/803 804/804/804 797/797/797
f 797/797/797 804/804/804 798/798/798
f 804/804/804 805/805/805 798/798/798
f 798/798/798 805/805/805 799/799/799
f 805/805/805 806/806/806 799/799/799
f 799/799/799 806/806/806 800/800/800
f 806/806/806 807/807/807 800/800/800
f 800/800/800 807/807/807 801/801/801
f 807/807/807 808/808/808 801/801/801
f 801/801/801 808/808/808 802/802/802
f 808/808/808 809/809/809 802/802/802
f 817/817/817 816/816/816 810/810/810
f 818/818/818 817/817/817 811/811/811
f 819/819/819 818/818/818 812/812/812
f 820/820/820 819/819/819 813/813/813
f 821/821/821 820/820/820 814/814/814
f 822/822/822 821/821/821 815/815/815
f 823/823/823 830/830/830 824/824/824
f 830/830/830 831/831/831 824/824/824
f 824/824/824 831/831/831 825/825/825
f 831/831/831 832/832/832 825/825/825
f 825/825/825 832/832/832 826/826/826
f 832/832/832 833/833/833 826/826/826
f 826/826/826 833/833/833 827/827/827
f 833/833/833 834/834/834 827/827/827
f 827/827/827 834/834/834 828/828/828
f 834/834/834 835/835/835 828/828/828
f 828/828/828 835/835/835 829/829/829
f 835/835/835 836/836/836 829/829/829
f 844/844/844 843/843/843 837/837/837
f 845/845/845 844/844/844 838/838/838
f 846/846/846 845/845/845 839/839/839
f 847/847/847 846/846/846 840/840/840
f 848/848/848 847/847/847 841/841/841
f 849/849/849 848/848/848 842/842/842
f 850/850/850 857/857/857 851/851/851
f 857/857/857 858/858/858 851/851/851
f 851/851/851 858/858/858 852/852/852
f 858/858/858 859/859/859 852/852/852
f 852/852/852 859/859/859 853/853/853
f 859/859/859 860/860/860 853/853/853
f 853/853/853 860/860/860 854/854/854
f 860/860/860 861/861/861 854/854/854
f 854/854/854 861/861/861 855/855/855
f 861/861/861 862/862/862 855/855/855
f 855/855/855 862/862/862 856/856/856
f 862/862/862 863/863/863 856/856/856
f 871/871/871 870/870/870 864/864/864
f 872/872/872 871/871/871 865/865/865
f 873/873/873 872/872/872 866/866/866
f 874/874/874 873/873/873 867/867/867
f 875/875/875 874/874/874 868/868/868
f 876/876/876 875/875/875 869/869/869
f 877/877/877 884/884/884 878/878/878
f 884/884/884 885/885/885 878/878/878
f 878/878/878 885/885/885 879/879/879
f 885/885/885 886/886/886 879/879/879
f 879/879/879 886/886/886 880/880/880
f 886/886/886 887/887/887 880/880/880
f 880/880/880 887/887/887 881/881/881
f 887/887/887 888/888/888 881/881/881
f 881/881/881 888/888/888 882/882/882
f 888/888/888 889/889/889 882/882/882
f 882/882/882 889/889/889 883/883/883
f 889/889/889 890/890/890 883/883/883
f 898/898/898 897/897/897 891/891/891
f 899/899/899 898/898/898 892/892/892
f 900/900/900 899/899/899 893/893/893
f 901/901/901 900/900/900 894/894/894
f 902/902/902 901/901/901 895/895/895
f 903/903/903 902/902/902 896/896/896
f 904/904/904 911/911/911 905/905/905
f 911/911/911 912/912/912 905/905/905
f 905/905/905 912/912/912 906/906/906
f 912/912/912 913/913/913 906/906/906
f 906/906/906 913/913/913 907/907/907
f 913/913/913 914/914/914 907/907/907
f 907/907/907 914/914/914 908/908/908
f 914/914/914 915/915/915 908/908/908
f 908/908/908 915/915/915 909/909/909
f 915/915/915 916/916/916 909/909/909
f 909/909/909 916/916/916 910/910/910
f 916/916/916 917/917/917 910/910/910
f 925/925/925 924/924/924 918/918/918
f 926/926/926 925/925/925 919/919/919
f 927/927/927 926/926/926 920/920/920
f 928/928/928 927/927/927 921/921/921
f 929/929/929 928/928/928 922/922/922
f 930/930/930 929/929/929 923/923/923
f 931/931/931 938/938/938 932/932/932
f 938/938/938 939/939/939 932/932/932
f 932/932/932 939/939/939 933/933/933
f 939/939/939 940/940/940 933/933/933
f 933/933/933 940/940/940 934/934/934
f 940/940/940 941/941/941 934/934/934
f 934/934/934 941/941/941 935/935/935
f 941/941/941 942/942/942 935/935/935
f 935/935/935 942/942/942 936/936/936
f 942/942/942 943/943/943 936/936/936
f 936/936/936 943/943/943 937/937/937
f 943/943/943 944/944/944 937/937/937
f 952/952/952 951/951/951 945/945/945
f 953/953/953 952/952/952 946/946/946
f 954/954/954 953/953/953 947/947/947
f 955/955/955 954/954/954 948/948/948
f 956/956/956 955/955/955 949/949/949
f 957/957/957 956/956/956 950/950/950
f 958/958/958 965/965/965 959/959/959
f 965/965/965 966/966/966 959/959/959
f 959/959/959 966/966/966 960/960/960
f 966/966/966 967/967/967 960/960/960
f 960/960/960 967/967/967 961/961/961
f 967/967/967 968/968/968 961/961/961
f 961/961/961 968/968/968 962/962/962
f 968/968/968 969/969/969 962/962/962
f 962/962/962 969/969/969 963/963/963
f 969/969/969 970/970/970 963/963/963
f 963/963/963 970/970/970 964/964/964
f 970/970/970 971/971/971 964/964/964
f 979/979/979 978/978/978 972/972/972
f 980/980/980 979/979/979 973/973/973
f 981/981/981 980/980/980 974/974/974
f 982/982/982 981/981/981 975/975/975
f 983/983/983 982/982/982 976/976/976
f 984/984/984 983/983/983 977/977/977
f 985/985/985 992/992/992 986/986/986
f 992/992/992 993/993/993 986/986/986
f 986/986/986 993/993/993 987/987/987
f 993/993/993 994/994/994 987/987/987
f 987/987/987 994/994/994 988/988/988
f 994/994/994 995/995/995 988/988/988
f 988/988/988 995/995/995 989/989/989
f 995/995/995 996/996/996 989/989/989
f 989/989/989 996/996/996 990/990/990
f 996/996/996 997/997/997 990/990/990
f 990/990/990 997/997/997 991/991/991
f 997/997/997 998/998/998 991/991/991
f 1006/1006/1006 1005/1005/1005 999/999/999
f 1007/1007/1007 1006/1006/1006 1000/1000/1000
f 1008/1008/1008 1007/1007/1007 1001/1001/1001
f 1009/1009/1009 1008/1008/1008 1002/1002/1002
f 1010/1010/1010 1009/1009/1009 1003/1003/1003
f 1011/1011/1011 1010/1010/1010 1004/1004/1004
f 1012/1012/1012 1019/1019/1019 1013/1013/1013
f 1019/1019/1019 1020/1020/1020 1013/1013/1013
f 1013/1013/1013 1020/1020/1020 1014/1014/1014
f 1020/1020/1020 1021/1021/1021 1014/1014/1014
f 1014/1014/1014 1021/1021/1021 1015/1015/1015
f 1021/1021/1021 1022/1022/1022 1015/1015/1015
f 1015/1015/1015 1022/1022/1022 1016/1016/1016
f 1022/1022/1022 1023/1023/1023 1016/1016/1016
f 1016/1016/1016 1023/1023/1023 1017/1017/1017
f 1023/1023/1023 1024/1024/1024 1017/1017/1017
f 1017/1017/1017 1024/1024/1024 1018/1018/1018
f 1024/1024/1024 1025/1025/1025 1018/1018/1018
f 1033/1033/1033 1032/1032/1032 1026/1026/1026
f 1034/1034/1034 1033/1033/1033 1027/1027/1027
f 1035/1035/1035 1034/1034/1034 1028/1028/1028
f 1036/1036/1036 1035/1035/1035 1029/1029/1029
f 1037/1037/1037 1036/1036/1036 1030/1030/1030
f 1038/1038/1038 1037/1037/1037 1031/1031/1031
f 1039/1039/1039 1046/1046/1046 1040/1040/1040
f 1046/1046/1046 1047/1047/1047 1040/1040/1040
f 1040/1040/1040 1047/1047/1047 1041/1041/1041
f 1047/1047/1047 1048/1048/1048 1041/1041/1041
f 1041/1041/1041 1048/1048/1048 1042/1042/1042
f 1048/1048/1048 1049/1049/1049 1042/1042/1042
f 1042/1042/1042 1049/1049/1049 1043/1043/1043
f 1049/1049/1049 1050/1050/1050 1043/1043/1043
f 1043/1043/1043 1050/1050/1050 1044/1044/1044
f 1050/1050/1050 1051/1051/1051 1044/1044/1044
f 1044/1044/1044 1051/1051/1051 1045/1045/1045
f 1051/1051/1051 1052/1052/1052 1045/1045/1045
f 1060/1060/1060 1059/1059/1059 1053/1053/1053
f 1061/1061/1061 1060/1060/1060 1054/1054/1054
f 1062/1062/1062 1061/1061/1061 1055/1055/1055
f 1063/1063/1063 1062/1062/1062 1056/1056/1056
f 1064/1064/1064 1063/1063/1063 1057/1057/1057
f 1065/1065/1065 1064/1064/1064 1058/1058/1058
f 1066/1066/1066 1073/1073/1073 1067/1067/1067
f 1073/1073/1073 1074/1074/1074 1067/1067/1067
f 1067/1067/1067 1074/1074/1074 1068/1068/1068
f 1074/1074/1074 1075/1075/1075 1068/1068/1068
f 1068/1068/1068 1075/1075/1075 1069/1069/1069
f 1075/1075/1075 1076/1076/1076 1069/1069/1069
f 1069/1069/1069 1076/1076/1076 1070/1070/1070
f 1076/1076/1076 1077/1077/1077 1070/1070/1070
f 1070/1070/1070 1077/1077/1077 1071/1071/1071
f 1077/1077/1077 1078/1078/1078 1071/1071/1071
f 1071/1071/1071 1078/1078/1078 1072/1072/1072
f 1078/1078/1078 1079/1079/1079 1072/1072/1072
f 1087/1087/1087 1086/1086/1086 1080/1080/1080
f 1088/1088/1088 1087/1087/1087 1081/1081/1081
f 1089/1089/1089 1088/1088/1088 1082/1082/1082
f 1090/1090/1090 1089/1089/1089 1083/1083/1083
f 1091/1091/1091 1090/1090/1090 1084/1084/1084
f 1092/1092/1092 1091/1091/1091 1085/1085/1085
f 1093/1093/1093 1100/1100/1100 1094/1094/1094
f 1100/1100/1100 1101/1101/1101 1094/1094/1094
f 1094/1094/1094 1101/1101/1101 1095/1095/1095
f 1101/1101/1101 1102/1102/1102 1095/1095/1095
f 1095/1095/1095 1102/1102/1102 1096/1096/1096
f 1102/1102/1102 1103/1103/1103 1096/1096/1096
f 1096/1096/1096 1103/1103/1103 1097/1097/1097
f 1103/1103/1103 1104/1104/1104 1097/1097/1097
f 1097/1097/1097 1104/1104/1104 1098/1098/1098
f 1104/1104/1104 1105/1105/1105 1098/1098/1098
f 1098/1098/1098 1105/1105/1105 1099/1099/1099
f 1105/1105/1105 1106/1106/1106 1099/1099/1099
f 1114/1114/1114 1113/1113/1113 1107/1107/1107
f 1115/1115/1115 1114/1114/1114 1108/1108/1108
f 1116/1116/1116 1115/1115/1115 1109/1109/1109
f 1117/1117/1117 1116/1116/1116 1110/1110/1110
f 1118/1118/1118 1117/1117/1117 1111/1111/1111
f 1119/1119/1119 1118/1118/1118 1112/1112/1112
f 1120/1120/1120 1127/1127/1127 1121/1121/1121
f 1127/1127/1127 1128/1128/1128 1121/1121/1121
f 1121/1121/1121 1128/1128/1128 1122/1122/1122
f 1128/1128/1128 1129/1129/1129 1122/1122/1122
f 1122/1122/1122 1129/1129/1129 1123/1123/1123
f 1129/1129/1129 1130/1130/1130 1123/1123/1123
f 1123/1123/1123 1130/1130/1130 1124/1124/1124
f 1130/1130/1130 1131/1131/1131 1124/1124/1124
f 1124/1124/1124 1131/1131/1131 1125/1125/1125
f 1131/1131/1131 1132/1132/1132 1125/1125/1125
f 1125/1125/1125 1132/1132/1132 1126/1126/1126
f 1132/1132/1132 1133/1133/1133 1126/1126/1126
f 1141/1141/1141 1140/1140/1140 1134/1134/1134
f 1142/1142/1142 1141/1141/1141 1135/1135/1135
f 1143/1143/1143 1142/1142/1142 1136/1136/1136
f 1144/1144/1144 1143/1143/1143 1137/1137/1137
f 1145/1145/1145 1144/1144/1144 1138/1138/1138
f 1146/1146/1146 1145/1145/1145 1139/1139/1139
o 
v 0.7500000119209289 1.4196152329444884 0.8999999761581421
v 0.7500000119209289 1.4196152329444884 0.8999999761581421
v 0.7500000119209289 1.4196152329444884 0.8999999761581421
v 0.7500000119209289 1.4196152329444884 0.8999999761581421
v 0.7500000119209289 1.4196152329444884 0.8999999761581421
v 0.7500000119209289 1.4196152329444884 0.8999999761581421
v 0.7500000119209289 1.4196152329444884 0.8999999761581421
v 0.5999999910593032 1.1598076164722442 1
v 0.6749999940395355 1.1165063470602035 0.949999988079071
v 0.6749999940395355 1.1165063470602035 0.8500000238418579
v 0.5999999910593032 1.1598076164722442 0.800000011920929
v 0.5249999955296516 1.2031088709831237 0.8500000238418579
v 0.5249999955296516 1.2031088709831237 0.949999988079071
v 0.5999999910593032 1.1598076164722442 1
v 0.5999999910593032 1.1598076164722442 0.8999999761581421
v 0.5999999910593032 1.1598076164722442 0.8999999761581421
v 0.5999999910593032 1.1598076164722442 0.8999999761581421
v 0.5999999910593032 1.1598076164722442 0.8999999761581421
v 0.5999999910593032 1.1598076164722442 0.8999999761581421
v 0.5999999910593032 1.1598076164722442 0.8999999761581421
v 0.5999999910593032 1.1598076164722442 1
v 0.6749999940395355 1.1165063470602035 0.949999988079071
v 0.6749999940395355 1.1165063470602035 0.8500000238418579
v 0.5999999910593032 1.1598076164722442 0.800000011920929
v 0.5249999955296516 1.2031088709831237 0.8500000238418579
v 0.5249999955296516 1.2031088709831237 0.949999988079071
v 0.5999999910593032 1.1598076164722442 1
v -0.1500000238418579 0.9000000000000001 0.8999999761581421
v -0.1500000238418579 0.9000000000000001 0.8999999761581421
v -0.1500000238418579 0.9000000000000001 0.8999999761581421
v -0.1500000238418579 0.9000000000000001 0.8999999761581421
v -0.1500000238418579 0.9000000000000001 0.8999999761581421
v -0.1500000238418579 0.9000000000000001 0.8999999761581421
v -0.1500000238418579 0.9000000000000001 0.8999999761581421
v 0.15000001788139344 0.9 1
v 0.15000001788139344 0.9866025388240814 0.949999988079071
v 0.15000001788139344 0.9866025388240814 0.8500000238418579
v 0.15000001788139344 0.9 0.800000011920929
v 0.15000001788139344 0.8133974611759186 0.8500000238418579
v 0.15000001788139344 0.8133974611759186 0.949999988079071
v 0.15000001788139344 0.9 1
v 0.15000001788139344 0.9 0.8999999761581421
v 0.15000001788139344 0.9 0.8999999761581421
v 0.15000001788139344 0.9 0.8999999761581421
v 0.15000001788139344 0.9 0.8999999761581421
v 0.15000001788139344 0.9 0.8999999761581421
v 0.15000001788139344 0.9 0.8999999761581421
v 0.15000001788139344 0.9 1
v 0.15000001788139344 0.9866025388240814 0.949999988079071
v 0.15000001788139344 0.9866025388240814 0.8500000238418579
v 0.15000001788139344 0.9 0.800000011920929
v 0.15000001788139344 0.8133974611759186 0.8500000238418579
v 0.15000001788139344 0.8133974611759186 0.949999988079071
v 0.15000001788139344 0.9 1
vt 0 1
vt 0.1666666716337204 1
vt 0.3333333432674408 1
vt 0.5 1
vt 0.6666666865348816 1
vt 0.8333333134651184 1
vt 1 1
vt 0 0
vt 0.1666666716337204 0
vt 0.3333333432674408 0
vt 0.5 0
vt 0.6666666865348816 0
vt 0.8333333134651184 0
vt 1 0
vt 0.5 0.5
vt 0.5 0.5
vt 0.5 0.5
vt 0.5 0.5
vt 0.5 0.5
vt 0.5 0.5
vt 1 0.5
vt 0.75 0.0669872984290123
vt 0.25 0.0669872984290123
vt 0 0.5
vt 0.25 0.9330127239227295
vt 0.75 0.9330127239227295
vt 1 0.5
vt 0 1
vt 0.1666666716337204 1
vt 0.3333333432674408 1
vt 0.5 1
vt 0.6666666865348816 1
vt 0.8333333134651184 1
vt 1 1
vt 0 0
vt 0.1666666716337204 0
vt 0.3333333432674408 0
vt 0.5 0
vt 0.6666666865348816 0
vt 0.8333333134651184 0
vt 1 0
vt 0.5 0.5
vt 0.5 0.5
vt 0.5 0.5
vt 0.5 0.5
vt 0.5 0.5
vt 0.5 0.5
vt 1 0.5
vt 0.75 0.0669872984290123
vt 0.25 0.0669872984290123
vt 0 0.5
vt 0.25 0.9330127239227295
vt 0.75 0.9330127239227295
vt 1 0.5
vn 0.15811387930405768 0.273861254646728 0.948683305626668
vn 0.8696263496367284 -0.13693063061662092 0.47434166422151164
vn 0.8696263496367284 -0.13693063061662092 -0.47434166422151164
vn 0.15811387930405768 0.273861254646728 -0.948683305626668
vn -0.5533985493004611 0.6846532222438292 -0.4743416605183303
vn -0.5533985493004611 0.6846532222438292 0.4743416605183303
vn 0.15811387930405768 0.273861254646728 0.948683305626668
vn 0.15811387930405768 0.273861254646728 0.948683305626668
vn 0.8696263496367284 -0.13693063061662092 0.47434166422151164
vn 0.8696263496367284 -0.13693063061662092 -0.47434166422151164
vn 0.15811387930405768 0.273861254646728 -0.948683305626668
vn -0.5533985493004611 0.6846532222438292 -0.4743416605183303
vn -0.5533985493004611 0.6846532222438292 0.4743416605183303
vn 0.15811387930405768 0.273861254646728 0.948683305626668
vn -0.5000000067305869 -0.8660253998985324 0
vn -0.5000000067305869 -0.8660253998985324 0
vn -0.5000000067305869 -0.8660253998985324 0
vn -0.5000000067305869 -0.8660253998985324 0
vn -0.5000000067305869 -0.8660253998985324 0
vn -0.5000000067305869 -0.8660253998985324 0
vn -0.5000000067305869 -0.8660253998985324 0
vn -0.5000000067305869 -0.8660253998985324 0
vn -0.5000000067305869 -0.8660253998985324 0
vn -0.5000000067305869 -0.8660253998985324 0
vn -0.5000000067305869 -0.8660253998985324 0
vn -0.5000000067305869 -0.8660253998985324 0
vn -0.5000000067305869 -0.8660253998985324 0
vn -0.31622775707614137 7.021666738630058e-17 0.9486833010307459
vn -0.3162277698265603 0.8215838228888802 0.474341669641002
vn -0.3162277698265603 0.8215838228888802 -0.474341669641002
vn -0.31622775707614137 1.8639684874584914e-16 -0.9486833010307459
vn -0.3162277698265603 -0.8215838228888802 -0.474341669641002
vn -0.3162277698265603 -0.8215838228888802 0.474341669641002
vn -0.31622775707614137 -1.621437019502413e-16 0.9486833010307459
vn -0.31622775707614137 7.021666738630058e-17 0.9486833010307459
vn -0.3162277698265603 0.8215838228888802 0.474341669641002
vn -0.3162277698265603 0.8215838228888802 -0.474341669641002
vn -0.31622775707614137 1.8639684874584914e-16 -0.9486833010307459
vn -0.3162277698265603 -0.8215838228888802 -0.474341669641002
vn -0.3162277698265603 -0.8215838228888802 0.474341669641002
vn -0.31622775707614137 -1.621437019502413e-16 0.9486833010307459
vn 1 -2.220446049250313e-16 0
vn 1 -2.220446049250313e-16 0
vn 1 -2.220446049250313e-16 0
vn 1 -2.220446049250313e-16 0
vn 1 -2.220446049250313e-16 0
vn 1 -2.220446049250313e-16 0
vn 1 -2.220446049250313e-16 0
vn 1 -2.220446049250313e-16 0
vn 1 -2.220446049250313e-16 0
vn 1 -2.220446049250313e-16 0
vn 1 -2.220446049250313e-16 0
vn 1 -2.220446049250313e-16 0
vn 1 -2.220446049250313e-16 0
f 1147/1147/1147 1154/1154/1154 1148/1148/1148
f 1154/1154/1154 1155/1155/1155 1148/1148/1148
f 1148/1148/1148 1155/1155/1155 1149/1149/1149
f 1155/1155/1155 1156/1156/1156 1149/1149/1149
f 1149/1149/1149 1156/1156/1156 1150/1150/1150
f 1156/1156/1156 1157/1157/1157 1150/1150/1150
f 1150/1150/1150 1157/1157/1157 1151/1151/1151
f 1157/1157/1157 1158/1158/1158 1151/1151/1151
f 1151/1151/1151 1158/1158/1158 1152/1152/1152
f 1158/1158/1158 1159/1159/1159 1152/1152/1152
f 1152/1152/1152 1159/1159/1159 1153/1153/1153
f 1159/1159/1159 1160/1160/1160 1153/1153/1153
f 1168/1168/1168 1167/1167/1167 1161/1161/1161
f 1169/1169/1169 1168/1168/1168 1162/1162/1162
f 1170/1170/1170 1169/1169/1169 1163/1163/1163
f 1171/1171/1171 1170/1170/1170 1164/1164/1164
f 1172/1172/1172 1171/1171/1171 1165/1165/1165
f 1173/1173/1173 1172/1172/1172 1166/1166/1166
f 1174/1174/1174 1181/1181/1181 1175/1175/1175
f 1181/1181/1181 1182/1182/1182 1175/1175/1175
f 1175/1175/1175 1182/1182/1182 1176/1176/1176
f 1182/1182/1182 1183/1183/1183 1176/1176/1176
f 1176/1176/1176 1183/1183/1183 1177/1177/1177
f 1183/1183/1183 1184/1184/1184 1177/1177/1177
f 1177/1177/1177 1184/1184/1184 1178/1178/1178
f 1184/1184/1184 1185/1185/1185 1178/1178/1178
f 1178/1178/1178 1185/1185/1185 1179/1179/1179
f 1185/1185/1185 1186/1186/1186 1179/1179/1179
f 1179/1179/1179 1186/1186/1186 1180/1180/1180
f 1186/1186/1186 1187/1187/1187 1180/1180/1180
f 1195/1195/1195 1194/1194/1194 1188/1188/1188
f 1196/1196/1196 1195/1195/1195 1189/1189/1189
f 1197/1197/1197 1196/1196/1196 1190/1190/1190
f 1198/1198/1198 1197/1197/1197 1191/1191/1191
f 1199/1199/1199 1198/1198/1198 1192/1192/1192
f 1200/1200/1200 1199/1199/1199 1193/1193/1193
