o 
v 0.20692980289459229 -0.20293860137462616 -0.0027392650954425335
v 0.18498018383979797 -0.24846801161766052 0.04722858965396881
v 0.1275152713060379 -0.2754842936992645 0.07915672659873962
v 0.05648473650217056 -0.2736681401729584 0.08084968477487564
v -0.000980168697424233 -0.24371325969696045 0.05166081339120865
v -0.022929808124899864 -0.19706138968467712 0.0027392650954425335
v -0.000980168697424233 -0.15153197944164276 -0.04722858965396881
v 0.05648473650217056 -0.12451570481061935 -0.07915672659873962
v 0.1275152713060379 -0.1263318657875061 -0.08084968477487564
v 0.18498018383979797 -0.15628674626350403 -0.05166081339120865
v 0.20692980289459229 -0.20293860137462616 -0.0027392650954425335
v 0.2435809075832367 -0.14201922714710236 0.04926319420337677
v 0.2156345546245575 -0.2080984264612198 0.10452283173799515
v 0.14243534207344055 -0.2503509819507599 0.1370447874069214
v 0.05194281041622162 -0.2526378631591797 0.13440681993961334
v -0.021277930587530136 -0.21408554911613464 0.09761650860309601
v -0.04925905913114548 -0.14941971004009247 0.04072651267051697
v -0.021312734112143517 -0.08334051072597504 -0.014533118344843388
v 0.05188650265336037 -0.04108794033527374 -0.047055087983608246
v 0.142379030585289 -0.03880106285214424 -0.044417113065719604
v 0.21559976041316986 -0.07735338062047958 -0.007626797538250685
v 0.2435809075832367 -0.14201922714710236 0.04926319420337677
v 0.18564091622829437 -0.12987904250621796 0.2044782191514969
v 0.19655399024486542 -0.21475543081760406 0.16253964602947235
v 0.1592339277267456 -0.274325430393219 0.09819240868091583
v 0.08793576806783676 -0.2858353555202484 0.036014966666698456
v 0.009892964735627174 -0.2448887825012207 -0.00024300118093378842
v -0.04508477449417114 -0.16712592542171478 0.003267816035076976
v -0.0559978261590004 -0.08224954456090927 0.045206401497125626
v -0.01867777295410633 -0.0226795244961977 0.10955364257097244
v 0.052620384842157364 -0.011169614270329475 0.17173108458518982
v 0.1306631863117218 -0.052116185426712036 0.20798905193805695
v 0.18564091622829437 -0.12987904250621796 0.2044782191514969
v 0.09324493259191513 -0.20320694148540497 0.25171273946762085
v 0.12380986660718918 -0.2565671503543854 0.19791464507579803
v 0.11721400171518326 -0.28439438343048096 0.12137769162654877
v 0.07597670704126358 -0.27605950832366943 0.05133641138672829
v 0.01584925875067711 -0.23474624752998352 0.014544186182320118
v -0.04020172357559204 -0.17623481154441833 0.02505439892411232
v -0.07076665759086609 -0.12287459522485733 0.07885250449180603
v -0.06417078524827957 -0.09504739195108414 0.1553894579410553
v -0.02293349988758564 -0.10338222980499268 0.22543075680732727
v 0.03719395399093628 -0.14469550549983978 0.2622229754924774
v 0.09324493259191513 -0.20320694148540497 0.25171273946762085
v -0.02538634091615677 -0.2591947019100189 0.24072465300559998
v -0.014391093514859676 -0.30477240681648254 0.20317897200584412
v -0.00975036807358265 -0.3199782073497772 0.14525526762008667
v -0.01323676761239767 -0.299003928899765 0.08907850831747055
v -0.023518607020378113 -0.24986110627651215 0.056106265634298325
v -0.0366685688495636 -0.19132058322429657 0.05893281102180481
v -0.047663815319538116 -0.14574286341667175 0.09647850692272186
v -0.052304547280073166 -0.13053707778453827 0.15440218150615692
v -0.04881814494729042 -0.1515113264322281 0.21057894825935364
v -0.03853630647063255 -0.20065416395664215 0.24355119466781616
v -0.02538634091615677 -0.2591947019100189 0.24072465300559998
v -0.13177961111068726 -0.24956588447093964 0.19955120980739594
v -0.13010580837726593 -0.2848273515701294 0.1688910722732544
v -0.11615033447742462 -0.2969907820224762 0.12595491111278534
v -0.09524369984865189 -0.2814101576805115 0.08714289963245392
v -0.07537149637937546 -0.2440367192029953 0.0672798901796341
v -0.06412426382303238 -0.19914588332176208 0.07395286858081818
v -0.06579805165529251 -0.16388440132141113 0.10461299866437912
v -0.07975352555513382 -0.15172095596790314 0.14754913747310638
v -0.10066016763448715 -0.16730161011219025 0.186361163854599
v -0.12053237110376358 -0.20467503368854523 0.20622417330741882
v -0.13177961111068726 -0.24956588447093964 0.19955120980739594
v -0.21123218536376953 -0.1968568116426468 0.15674182772636414
v -0.21538935601711273 -0.23213090002536774 0.11896678060293198
v -0.19343964755535126 -0.24974149465560913 0.07541710138320923
v -0.15376710891723633 -0.24296192824840546 0.042727261781692505
v -0.11152531951665878 -0.21438176929950714 0.03338368982076645
v -0.08284919708967209 -0.17491766810417175 0.05095529556274414
v -0.07869203388690948 -0.1396435797214508 0.0887303352355957
v -0.10064174234867096 -0.12203298509120941 0.13228002190589905
v -0.1403142809867859 -0.12881255149841309 0.16496986150741577
v -0.18255604803562164 -0.1573927104473114 0.17431342601776123
v -0.21123218536376953 -0.1968568116426468 0.15674182772636414
v -0.28266632556915283 -0.14272432029247284 0.11238570511341095
v -0.28083157539367676 -0.20080257952213287 0.07073621451854706
v -0.2405896782875061 -0.2375345528125763 0.024449244141578674
v -0.17731168866157532 -0.23888984322547913 -0.008795158006250858
v -0.11516764760017395 -0.2043508142232895 -0.01629876159131527
v -0.07789447158575058 -0.14711017906665802 0.004804556258022785
v -0.07972923666238785 -0.08903192728757858 0.046454042196273804
v -0.11997111886739731 -0.052299972623586655 0.09274101257324219
v -0.1832491159439087 -0.05094465985894203 0.12598541378974915
v -0.24539314210414886 -0.08548370003700256 0.13348901271820068
v -0.28266632556915283 -0.14272432029247284 0.11238570511341095
v -0.3414795994758606 -0.08980618417263031 0.03442707657814026
v -0.33339306712150574 -0.17298643290996552 -0.0011172157246619463
v -0.27443745732307434 -0.232448548078537 -0.036277398467063904
v -0.187131866812706 -0.245480015873909 -0.057623475790023804
v -0.1048240065574646 -0.20710326731204987 -0.057001981884241104
v -0.05895271897315979 -0.1319769024848938 -0.0346502922475338
v -0.06703927367925644 -0.048796653747558594 0.0008939966792240739
v -0.12599486112594604 0.010665453039109707 0.036054182797670364
v -0.2133004516363144 0.023696932941675186 0.057400260120630264
v -0.2956082820892334 -0.014679821208119392 0.05677875876426697
v -0.3414795994758606 -0.08980618417263031 0.03442707657814026
v -0.34695717692375183 -0.07720157504081726 -0.10203423351049423
v -0.338943749666214 -0.169451504945755 -0.07992265373468399
v -0.27763888239860535 -0.23719853162765503 -0.053178682923316956
v -0.18645897507667542 -0.25456559658050537 -0.032017603516578674
v -0.1002316102385521 -0.2149190902709961 -0.02452223002910614
v -0.051892735064029694 -0.13340260088443756 -0.033555541187524796
v -0.05990614369511604 -0.04115268215537071 -0.05566712096333504
v -0.12121099978685379 0.026594344526529312 -0.08241109549999237
v -0.21239091455936432 0.04396142065525055 -0.10357216745615005
v -0.29861825704574585 0.004314915742725134 -0.11106754094362259
v -0.34695717692375183 -0.07720157504081726 -0.10203423351049423
v -0.29284435510635376 -0.11521746963262558 -0.19435425102710724
v -0.29102829098701477 -0.18912208080291748 -0.16046203672885895
v -0.2461443990468979 -0.23970137536525726 -0.11528413742780685
v -0.1753368228673935 -0.24763579666614532 -0.07607695460319519
v -0.10565163195133209 -0.20989462733268738 -0.057816293090581894
v -0.06370621174573898 -0.14089375734329224 -0.06747712939977646
v -0.06552228331565857 -0.06698913872241974 -0.10136932134628296
v -0.11040616780519485 -0.016409819945693016 -0.14654722809791565
v -0.18121375143527985 -0.00847542192786932 -0.1857544183731079
v -0.25089892745018005 -0.04621657356619835 -0.20401506125926971
v -0.29284435510635376 -0.11521746963262558 -0.19435425102710724
v -0.2112390547990799 -0.1597900092601776 -0.24859079718589783
v -0.2158656120300293 -0.20910243690013885 -0.21527336537837982
v -0.19197329878807068 -0.23873454332351685 -0.16929222643375397
v -0.14868810772895813 -0.2373678982257843 -0.1282106190919876
v -0.10254358500242233 -0.2055245041847229 -0.10772032290697098
v -0.07116533070802689 -0.15536746382713318 -0.11564794927835464
v -0.06653878092765808 -0.10605503618717194 -0.14896538853645325
v -0.09043112397193909 -0.07642292976379395 -0.1949465274810791
v -0.13371628522872925 -0.07778956741094589 -0.23602811992168427
v -0.17986081540584564 -0.10963296890258789 -0.2565184235572815
v -0.2112390547990799 -0.1597900092601776 -0.24859079718589783
v -0.13182657957077026 -0.19852587580680847 -0.2841516435146332
v -0.1336214244365692 -0.23811955749988556 -0.2595057487487793
v -0.11928319931030273 -0.25881683826446533 -0.22020766139030457
v -0.09428859502077103 -0.25271204113960266 -0.18126793205738068
v -0.06818472594022751 -0.22213703393936157 -0.15756019949913025
v -0.05094236135482788 -0.17877037823200226 -0.15814003348350525
v -0.04914751276373863 -0.13917671144008636 -0.18278594315052032
v -0.06348574161529541 -0.11847943812608719 -0.22208401560783386
v -0.08848033845424652 -0.12458422034978867 -0.26102373003959656
v -0.11458421498537064 -0.15515923500061035 -0.2847314476966858
v -0.13182657957077026 -0.19852587580680847 -0.2841516435146332
v -0.04563210904598236 -0.21315981447696686 -0.3262638449668884
v -0.03897979483008385 -0.2588587701320648 -0.30210331082344055
v -0.02794141136109829 -0.2811184525489807 -0.25628799200057983
v -0.016733240336179733 -0.2714364230632782 -0.20631784200668335
v -0.009636424481868744 -0.23351089656352997 -0.17127974331378937
v -0.009361705742776394 -0.181828111410141 -0.16455703973770142
v -0.016014017164707184 -0.13612914085388184 -0.1887175738811493
v -0.02705240063369274 -0.11386945098638535 -0.23453284800052643
v -0.0382605716586113 -0.12355148047208786 -0.2845030128955841
v -0.045357391238212585 -0.1614770144224167 -0.3195410966873169
v -0.04563210904598236 -0.21315981447696686 -0.3262638449668884
v 0.04751144349575043 -0.20617930591106415 -0.36777734756469727
v 0.061392892152071 -0.2686317563056946 -0.33494311571121216
v 0.0677110105752945 -0.30048128962516785 -0.27078092098236084
v 0.06405248492956161 -0.2895624041557312 -0.19979865849018097
v 0.05181474611163139 -0.24004578590393066 -0.14910905063152313
v 0.035672206431627274 -0.17084509134292603 -0.1380738466978073
v 0.0217907577753067 -0.10839264839887619 -0.1709081083536148
v 0.015472643077373505 -0.07654312998056412 -0.23507028818130493
v 0.019131170585751534 -0.08746201545000076 -0.3060525953769684
v 0.03136890009045601 -0.1369786262512207 -0.35674217343330383
v 0.04751144349575043 -0.20617930591106415 -0.36777734756469727
v 0.15208005905151367 -0.17129619419574738 -0.3822404444217682
v 0.18057182431221008 -0.24622410535812378 -0.33902543783187866
v 0.1803995966911316 -0.2896774411201477 -0.25899234414100647
v 0.15162916481494904 -0.28505846858024597 -0.17271114885807037
v 0.10524982959032059 -0.23413151502609253 -0.11313833296298981
v 0.05897694453597069 -0.15634891390800476 -0.10302869975566864
v 0.03048516809940338 -0.08142100274562836 -0.14624376595020294
v 0.030657393857836723 -0.03796767070889473 -0.22627685964107513
v 0.059427835047245026 -0.042586635798215866 -0.31255805492401123
v 0.10580716282129288 -0.0935136005282402 -0.3721308410167694
v 0.15208005905151367 -0.17129619419574738 -0.3822404444217682
v 0.23529845476150513 -0.12178202718496323 -0.3531773090362549
v 0.2616138458251953 -0.20207242667675018 -0.309541255235672
v 0.24978388845920563 -0.2543954849243164 -0.23102056980133057
v 0.20432725548744202 -0.2587656080722809 -0.1476074457168579
v 0.14260682463645935 -0.21351350843906403 -0.09116289764642715
v 0.08819769322872162 -0.13592399656772614 -0.08324679732322693
v 0.06188231334090233 -0.05563358962535858 -0.12688285112380981
v 0.07371226698160172 -0.0033105306793004274 -0.20540353655815125
v 0.11916889250278473 0.0010595775675028563 -0.2888166606426239
v 0.1808893233537674 -0.044192515313625336 -0.34526124596595764
v 0.23529845476150513 -0.12178202718496323 -0.3531773090362549
v 0.29776889085769653 -0.08067356795072556 -0.276846319437027
v 0.3088696300983429 -0.1556391566991806 -0.24840810894966125
v 0.2829975187778473 -0.20944048464298248 -0.1937469094991684
v 0.23003485798835754 -0.22152727842330933 -0.1337413787841797
v 0.1702115386724472 -0.1872827708721161 -0.09131162613630295
v 0.12637805938720703 -0.11978722363710403 -0.0826643630862236
v 0.11527733504772186 -0.04482162371277809 -0.11110255867242813
v 0.14114943146705627 0.00897970050573349 -0.1657637655735016
v 0.19411209225654602 0.021066488698124886 -0.2257692813873291
v 0.25393542647361755 -0.013178026303648949 -0.26819902658462524
v 0.29776889085769653 -0.08067356795072556 -0.276846319437027
v 0.32995450496673584 -0.05817565321922302 -0.18323679268360138
v 0.33329343795776367 -0.11548511683940887 -0.1682843118906021
v 0.3065125346183777 -0.15877623856067657 -0.1378251314163208
v 0.2598412036895752 -0.17151327431201935 -0.1034935936331749
v 0.2111062854528427 -0.1488310992717743 -0.07840318232774734
v 0.1789228916168213 -0.09939354658126831 -0.07213758677244186
v 0.17558398842811584 -0.04208407551050186 -0.08709006011486053
v 0.20236489176750183 0.0012070357333868742 -0.11754924803972244
v 0.24903620779514313 0.013944062404334545 -0.15188078582286835
v 0.2977710962295532 -0.008738105185329914 -0.1769711971282959
v 0.32995450496673584 -0.05817565321922302 -0.18323679268360138
v 0.35425129532814026 -0.050651147961616516 -0.0892363041639328
v 0.3512852191925049 -0.09715071320533752 -0.08905229717493057
v 0.3229925036430359 -0.13308332860469818 -0.08014102280139923
v 0.2801800072193146 -0.14472395181655884 -0.06590626388788223
v 0.2392006665468216 -0.12762625515460968 -0.05178523436188698
v 0.21570716798305511 -0.08832098543643951 -0.04317168518900871
v 0.21867325901985168 -0.04182141274213791 -0.04335569217801094
v 0.24696597456932068 -0.005888812243938446 -0.05226697400212288
v 0.289778470993042 0.005751814693212509 -0.06650172173976898
v 0.3307577967643738 -0.011345861479640007 -0.08062274754047394
v 0.35425129532814026 -0.050651147961616516 -0.0892363041639328
v 0.3816131055355072 -0.06452544778585434 -0.0006956981960684061
v 0.3752257227897644 -0.11455601453781128 -0.014877097681164742
v 0.33960258960723877 -0.15214496850967407 -0.022816412150859833
v 0.28835058212280273 -0.16293463110923767 -0.021481093019247055
v 0.24104619026184082 -0.14280369877815247 -0.011381184682250023
v 0.21575810015201569 -0.09944149851799011 0.00362548790872097
v 0.22214548289775848 -0.049410924315452576 0.0178068857640028
v 0.25776857137680054 -0.011821960099041462 0.02574620209634304
v 0.30902060866355896 -0.0010323062306270003 0.024410882964730263
v 0.3563249707221985 -0.021163232624530792 0.01431097462773323
v 0.3816131055355072 -0.06452544778585434 -0.0006956981960684061
v 0.4119032919406891 -0.08726496249437332 0.08781366795301437
v 0.40315625071525574 -0.15486672520637512 0.06362977623939514
v 0.35415422916412354 -0.20311352610588074 0.041215039789676666
v 0.2836143672466278 -0.21357670426368713 0.02913111448287964
v 0.21848048269748688 -0.1822596937417984 0.03199365735054016
v 0.1836315095424652 -0.12112453579902649 0.04870927333831787
v 0.19237856566905975 -0.05352276936173439 0.0728931725025177
v 0.24138058722019196 -0.005275982432067394 0.09530790895223618
v 0.3119204342365265 0.005187206901609898 0.1073918268084526
v 0.3770543038845062 -0.02612980641424656 0.10452929139137268
v 0.4119032919406891 -0.08726496249437332 0.08781366795301437
v 0.4186723828315735 -0.1159229427576065 0.1874229907989502
v 0.4090051054954529 -0.19920021295547485 0.15123146772384644
v 0.3508192002773285 -0.2545758783817291 0.10779969394207001
v 0.2663397192955017 -0.2608983516693115 0.07371710240840912
v 0.18783490359783173 -0.21575263142585754 0.06200210005044937
v 0.14529095590114594 -0.13638287782669067 0.07712942361831665
v 0.15495817363262177 -0.05310561880469322 0.11332093924283981
v 0.21314406394958496 0.0022700540721416473 0.15675270557403564
v 0.2976236045360565 0.008592521771788597 0.19083529710769653
v 0.3761284053325653 -0.036553189158439636 0.20255030691623688
v 0.4186723828315735 -0.1159229427576065 0.1874229907989502
v 0.3829619288444519 -0.1490146517753601 0.27324992418289185
v 0.37366753816604614 -0.23503477871418 0.23405809700489044
v 0.3181406855583191 -0.2886779010295868 0.17873148620128632
v 0.2375907599925995 -0.2894541919231415 0.12840299308300018
v 0.1627850979566574 -0.2370670884847641 0.10229640454053879
v 0.12229692190885544 -0.15152671933174133 0.110383540391922
v 0.1315913200378418 -0.06550659239292145 0.1495753973722458
v 0.18711815774440765 -0.0118634644895792 0.20490200817584991
v 0.26766809821128845 -0.011087188497185707 0.25523048639297485
v 0.34247374534606934 -0.06347428262233734 0.28133708238601685
v 0.3829619288444519 -0.1490146517753601 0.27324992418289185
v 0.30347880721092224 -0.17100700736045837 0.33683162927627563
v 0.28869885206222534 -0.24629059433937073 0.31226539611816406
v 0.2441578507423401 -0.29092514514923096 0.26213133335113525
v 0.18686901032924652 -0.28786179423332214 0.2055789828300476
v 0.13871467113494873 -0.2382706254720688 0.16420939564704895
v 0.11808816343545914 -0.1610937863588333 0.1538243591785431
v 0.13286812603473663 -0.08581019937992096 0.17839063704013824
v 0.1774090975522995 -0.04117562994360924 0.22852469980716705
v 0.23469795286655426 -0.04423898831009865 0.2850770652294159
v 0.28285229206085205 -0.0938301607966423 0.32644665241241455
v 0.30347880721092224 -0.17100700736045837 0.33683162927627563
v 0.2069588303565979 -0.1678144931793213 0.36927980184555054
v 0.19082912802696228 -0.2228398323059082 0.3555779755115509
v 0.16143116354942322 -0.2555469572544098 0.3163134753704071
v 0.12999401986598969 -0.2534428834915161 0.2664840817451477
v 0.10852556675672531 -0.21733129024505615 0.22512280941009521
v 0.1052260473370552 -0.16100557148456573 0.20802834630012512
v 0.12135574966669083 -0.10598024725914001 0.22173015773296356
v 0.1507536917924881 -0.07327310740947723 0.26099464297294617
v 0.18219085037708282 -0.07537717372179031 0.31082406640052795
v 0.2036592960357666 -0.11148878186941147 0.35218530893325806
v 0.2069588303565979 -0.1678144931793213 0.36927980184555054
v 0.12239830940961838 -0.1526121199131012 0.3903063237667084
v 0.10785597562789917 -0.19568617641925812 0.38042783737182617
v 0.08816494792699814 -0.2221703976392746 0.34763628244400024
v 0.07084653526544571 -0.22194869816303253 0.30445683002471924
v 0.06251578032970428 -0.19510577619075775 0.2673826515674591
v 0.06635475158691406 -0.1518946886062622 0.25057482719421387
v 0.08089707791805267 -0.10882063210010529 0.26045331358909607
v 0.10058809816837311 -0.08233642578125 0.2932448983192444
v 0.11790651082992554 -0.08255812525749207 0.3364243507385254
v 0.12623727321624756 -0.10940105468034744 0.37349846959114075
v 0.12239830940961838 -0.1526121199131012 0.3903063237667084
v 0.04546913504600525 -0.12910589575767517 0.42235881090164185
v 0.026277700439095497 -0.17703795433044434 0.41194388270378113
v 0.008517674170434475 -0.20840786397457123 0.37354111671447754
v -0.001027217018418014 -0.21123340725898743 0.321819007396698
v 0.0012888514902442694 -0.18443529307842255 0.27653369307518005
v 0.014581219293177128 -0.13824951648712158 0.254982590675354
v 0.033772651106119156 -0.09031746536493301 0.2653975188732147
v 0.05153267830610275 -0.05894755199551582 0.3038002848625183
v 0.06107756495475769 -0.05612202733755112 0.35552236437797546
v 0.05876150354743004 -0.0829201266169548 0.4008077085018158
v 0.04546913504600525 -0.12910589575767517 0.42235881090164185
v -0.031544364988803864 -0.09235066920518875 0.45978131890296936
v -0.06098061800003052 -0.1573459357023239 0.4456014037132263
v -0.08037616312503815 -0.20278269052505493 0.3922041952610016
v -0.08232259005308151 -0.2113056629896164 0.31998568773269653
v -0.06607639044523239 -0.17965936660766602 0.2565308213233948
v -0.03784310072660446 -0.11993158608675003 0.22607722878456116
v -0.008406849578022957 -0.054936327040195465 0.2402571439743042
v 0.010988703928887844 -0.009499558247625828 0.29365435242652893
v 0.012935119681060314 -0.0009765960276126862 0.365872859954834
v -0.003311067121103406 -0.03262289986014366 0.42932775616645813
v -0.031544364988803864 -0.09235066920518875 0.45978131890296936
v -0.11840301752090454 -0.05013921856880188 0.47955718636512756
v -0.14898444712162018 -0.13473166525363922 0.46249210834503174
v -0.16034263372421265 -0.19755248725414276 0.3968654274940491
v -0.148139089345932 -0.21460628509521484 0.3077443540096283
v -0.11703519523143768 -0.17937906086444855 0.2291700690984726
v -0.07891157269477844 -0.10532644391059875 0.1911553293466568
v -0.048330146819353104 -0.020733986049890518 0.20822042226791382
v -0.03697197511792183 0.04208684340119362 0.2738470733165741
v -0.049175504595041275 0.059140633791685104 0.3629681468009949
v -0.0802793949842453 0.023913417011499405 0.4415424168109894
v -0.11840301752090454 -0.05013921856880188 0.47955718636512756
v -0.21399889886379242 -0.018225790932774544 0.4534475803375244
v -0.23206518590450287 -0.11041856557130814 0.4402797222137451
v -0.2232012003660202 -0.18239125609397888 0.37911882996559143
v -0.19079266488552094 -0.20665273070335388 0.29332631826400757
v -0.1472185254096985 -0.17393594980239868 0.21567197144031525
v -0.10912264883518219 -0.09673760086297989 0.1758171170949936
v -0.09105633944272995 -0.004544826690107584 0.1889849752187729
v -0.09992033243179321 0.0674278512597084 0.2501458525657654
v -0.13232888281345367 0.09168935567140579 0.33593839406967163
v -0.17590300738811493 0.0589725598692894 0.41359272599220276
v -0.21399889886379242 -0.018225790932774544 0.4534475803375244
v -0.2874024510383606 -0.006440173834562302 0.38590508699417114
v -0.29600414633750916 -0.0858052596449852 0.378529816865921
v -0.27627718448638916 -0.14929665625095367 0.333731472492218
v -0.23575660586357117 -0.17266280949115753 0.2686215043067932
v -0.18991990387439728 -0.14697861671447754 0.20806969702243805
v -0.15627512335777283 -0.08205460011959076 0.1752048134803772
v -0.14767339825630188 -0.002689492655918002 0.1825800985097885
v -0.16740036010742188 0.06080189719796181 0.22737842798233032
v -0.20792093873023987 0.08416804671287537 0.2924884259700775
v -0.25375765562057495 0.05848386511206627 0.3530402183532715
v -0.2874024510383606 -0.006440173834562302 0.38590508699417114
v -0.3393250107765198 -0.00933112483471632 0.30031388998031616
v -0.33979561924934387 -0.0679178535938263 0.29973599314689636
v -0.3159152865409851 -0.1152692586183548 0.27482545375823975
v -0.2768055498600006 -0.13329870998859406 0.235097274184227
v -0.2374049872159958 -0.11511959135532379 0.19572630524635315
v -0.21276326477527618 -0.06767569482326508 0.17175087332725525
v -0.21229270100593567 -0.00908897165209055 0.17232881486415863
v -0.23617298901081085 0.038262441754341125 0.19723932445049286
v -0.27528274059295654 0.056291889399290085 0.23696750402450562
v -0.31468328833580017 0.038112789392471313 0.27633845806121826
v -0.3393250107765198 -0.00933112483471632 0.30031388998031616
v -0.38223862648010254 -0.02346808835864067 0.21759133040905
v -0.3764220178127289 -0.06900054216384888 0.22476448118686676
v -0.34881827235221863 -0.10525432974100113 0.21569892764091492
v -0.30997100472450256 -0.11838176101446152 0.19385741651058197
v -0.27471858263015747 -0.10336858779191971 0.1675826609134674
v -0.25652626156806946 -0.06594933569431305 0.14691072702407837
v -0.2623428404331207 -0.020416894927620888 0.1397375762462616
v -0.28994661569595337 0.01583690755069256 0.14880312979221344
v -0.3287939131259918 0.028964335098862648 0.1706446409225464
v -0.3640463054180145 0.013951157219707966 0.19691938161849976
v -0.38223862648010254 -0.02346808835864067 0.21759133040905
v -0.42990824580192566 -0.04268069565296173 0.14844012260437012
v -0.4206849932670593 -0.09315698593854904 0.1615297943353653
v -0.38481467962265015 -0.1320626139640808 0.1595468670129776
v -0.33599838614463806 -0.14453697204589844 0.1432487666606903
v -0.29288241267204285 -0.1258152425289154 0.11886081099510193
v -0.2719355523586273 -0.0830485075712204 0.09569835662841797
v -0.28115877509117126 -0.03257220983505249 0.08260869234800339
v -0.31702911853790283 0.006333421915769577 0.08459161967039108
v -0.3658454120159149 0.01880776509642601 0.10088971257209778
v -0.40896138548851013 0.00008604526374256238 0.12527768313884735
v -0.42990824580192566 -0.04268069565296173 0.14844012260437012
v -0.4861566722393036 -0.06144590675830841 0.0775827169418335
v -0.47336384654045105 -0.13113391399383545 0.09582354873418808
v -0.4216712415218353 -0.1827608197927475 0.09973977506160736
v -0.35082367062568665 -0.19660693407058716 0.08783553540706635
v -0.2878825068473816 -0.16738347709178925 0.06465783715248108
v -0.2568891644477844 -0.10625284910202026 0.03905978053808212
v -0.26968201994895935 -0.036564841866493225 0.02081895060837269
v -0.3213746249675751 0.015062054619193077 0.016902729868888855
v -0.39222219586372375 0.02890816144645214 0.02880697511136532
v -0.4551633298397064 -0.00031528770341537893 0.051984671503305435
v -0.4861566722393036 -0.06144590675830841 0.0775827169418335
v -0.5267401933670044 -0.08125264942646027 -0.010681113228201866
v -0.51064532995224 -0.16857793927192688 0.01256900280714035
v -0.4445204734802246 -0.23039031028747559 0.027802150696516037
v -0.35362303256988525 -0.2430795431137085 0.029199788346886635
v -0.27267271280288696 -0.20179878175258636 0.01622806489467621
v -0.23258987069129944 -0.12231588363647461 -0.00615826016291976
v -0.24868468940258026 -0.034990593791007996 -0.029408374801278114
v -0.31480956077575684 0.026821762323379517 -0.04464152455329895
v -0.4057070314884186 0.03951101377606392 -0.0460391640663147
v -0.4866573214530945 -0.0017697513103485107 -0.03306743875145912
v -0.5267401933670044 -0.08125264942646027 -0.010681113228201866
v -0.5257713198661804 -0.10462907701730728 -0.10202982276678085
v -0.5091955065727234 -0.19460763037204742 -0.0774414911866188
v -0.44151145219802856 -0.2560180723667145 -0.0524793416261673
v -0.34857210516929626 -0.265403687953949 -0.03667807579040527
v -0.26587724685668945 -0.21917949616909027 -0.036073245108127594
v -0.22501341998577118 -0.13500156998634338 -0.050895869731903076
v -0.2415892481803894 -0.045023009181022644 -0.07548420876264572
v -0.3092733323574066 0.01638742908835411 -0.10044635832309723
v -0.40221264958381653 0.02577303536236286 -0.11624762415885925
v -0.4849075376987457 -0.020451150834560394 -0.11685245484113693
v -0.5257713198661804 -0.10462907701730728 -0.10202982276678085
v -0.48187577724456787 -0.12417903542518616 -0.18484646081924438
v -0.4666328430175781 -0.20099377632141113 -0.1696188747882843
v -0.4105824828147888 -0.2519380748271942 -0.144563689827919
v -0.33513396978378296 -0.25755295157432556 -0.11925114691257477
v -0.26910609006881714 -0.21569372713565826 -0.10334978997707367
v -0.23771925270557404 -0.14234918355941772 -0.1029333770275116
v -0.2529621720314026 -0.06553445011377335 -0.11816096305847168
v -0.3090125322341919 -0.014590146020054817 -0.14321613311767578
v -0.38446104526519775 -0.008975254371762276 -0.16852867603302002
v -0.4504889249801636 -0.05083448812365532 -0.1844300478696823
v -0.48187577724456787 -0.12417903542518616 -0.18484646081924438
v -0.41382017731666565 -0.12875398993492126 -0.25300824642181396
v -0.3992798328399658 -0.1850375533103943 -0.24959684908390045
v -0.3590259552001953 -0.2221805602312088 -0.2298249900341034
v -0.30843430757522583 -0.22599563002586365 -0.20124483108520508
v -0.2668290138244629 -0.19502554833889008 -0.17477306723594666
v -0.2501019835472107 -0.14109982550144196 -0.16052097082138062
v -0.2646423280239105 -0.08481624722480774 -0.16393236815929413
v -0.30489617586135864 -0.04767324775457382 -0.1837042272090912
v -0.3554878532886505 -0.04385816678404808 -0.2122843712568283
v -0.39709314703941345 -0.07482825219631195 -0.23875613510608673
v -0.41382017731666565 -0.12875398993492126 -0.25300824642181396
v -0.35084718465805054 -0.11844541132450104 -0.31058159470558167
v -0.33727315068244934 -0.1628178507089615 -0.3107525408267975
v -0.3064902722835541 -0.1927269697189331 -0.2931157350540161
v -0.2702566087245941 -0.1967485100030899 -0.2644078731536865
v -0.24241209030151367 -0.1733463555574417 -0.23559431731700897
v -0.2335924506187439 -0.13145935535430908 -0.2176809161901474
v -0.2471664696931839 -0.08708692342042923 -0.21750995516777039
v -0.27794933319091797 -0.05717780441045761 -0.23514674603939056
v -0.3141830563545227 -0.05315627530217171 -0.26385462284088135
v -0.3420275151729584 -0.0765584260225296 -0.2926681935787201
v -0.35084718465805054 -0.11844541132450104 -0.31058159470558167
v -0.30331510305404663 -0.09876424074172974 -0.3759455680847168
v -0.28687870502471924 -0.14939647912979126 -0.37703731656074524
v -0.2542950510978699 -0.1846148669719696 -0.35395175218582153
v -0.2180100381374359 -0.19096717238426208 -0.3155067563056946
v -0.19188325107097626 -0.1660270392894745 -0.2763870656490326
v -0.18589426577091217 -0.11932072788476944 -0.25153499841690063
v -0.20233067870140076 -0.06868848949670792 -0.2504432499408722
v -0.23491433262825012 -0.03347010537981987 -0.2735287845134735
v -0.2711993455886841 -0.027117785066366196 -0.31197378039360046
v -0.29732611775398254 -0.052057936787605286 -0.35109350085258484
v -0.30331510305404663 -0.09876424074172974 -0.3759455680847168
v -0.2564656138420105 -0.07098352909088135 -0.4507014751434326
v -0.23241569101810455 -0.14047685265541077 -0.45319098234176636
v -0.1925123780965805 -0.19097185134887695 -0.41752728819847107
v -0.1519974172115326 -0.20318114757537842 -0.357332706451416
v -0.12634609639644623 -0.17244119942188263 -0.2955995202064514
v -0.12535637617111206 -0.11049363017082214 -0.25590771436691284
v -0.149406298995018 -0.041000306606292725 -0.2534182369709015
v -0.18930959701538086 0.009494681842625141 -0.28908196091651917
v -0.22982457280158997 0.02170397713780403 -0.3492765426635742
v -0.25547587871551514 -0.00903595145791769 -0.41100969910621643
v -0.2564656138420105 -0.07098352909088135 -0.4507014751434326
v -0.19551315903663635 -0.0352817066013813 -0.5129509568214417
v -0.16212928295135498 -0.12089937180280685 -0.5176915526390076
v -0.11697973310947418 -0.18590325117111206 -0.47075164318084717
v -0.07731010764837265 -0.20546406507492065 -0.3900606632232666
v -0.0582728311419487 -0.17211025953292847 -0.3064397871494293
v -0.06713952869176865 -0.09858184307813644 -0.2518293857574463
v -0.10052339732646942 -0.012964164838194847 -0.24708877503871918
v -0.14567294716835022 0.05203971266746521 -0.2940286695957184
v -0.18534258008003235 0.0716005340218544 -0.37471964955329895
v -0.2043798565864563 0.03824670985341072 -0.45834052562713623
v -0.19551315903663635 -0.0352817066013813 -0.5129509568214417
v -0.11378781497478485 -0.001780238701030612 -0.542121410369873
v -0.08262249082326889 -0.09102070331573486 -0.5460337400436401
v -0.0459110252559185 -0.16158635914325714 -0.49481651186943054
v -0.017675956711173058 -0.18652351200580597 -0.4080330729484558
v -0.00870211236178875 -0.15630701184272766 -0.31883174180984497
v -0.02241719700396061 -0.08247856050729752 -0.26128438115119934
v -0.05358251556754112 0.006761915981769562 -0.25737208127975464
v -0.09029398113489151 0.07732756435871124 -0.30858930945396423
v -0.1185290515422821 0.10226473212242126 -0.39537274837493896
v -0.12750288844108582 0.07204823195934296 -0.4845740795135498
v -0.11378781497478485 -0.001780238701030612 -0.542121410369873
v -0.014195536263287067 0.01835380680859089 -0.5316429734230042
v 0.0017207087948918343 -0.059395357966423035 -0.5336200594902039
v 0.016553955152630806 -0.1230805516242981 -0.4886051416397095
v 0.024638405069708824 -0.14837618172168732 -0.4137924313545227
v 0.02288607321679592 -0.12562017142772675 -0.33775779604911804
v 0.011966290883719921 -0.06350454688072205 -0.28954392671585083
v -0.003949954640120268 0.014244616962969303 -0.2875668406486511
v -0.018783198669552803 0.07792981714010239 -0.3325817584991455
v -0.02686764858663082 0.1032254695892334 -0.4073944687843323
v -0.025115318596363068 0.08046942204236984 -0.48342910408973694
v -0.014195536263287067 0.01835380680859089 -0.5316429734230042
v 0.07583782821893692 0.020381242036819458 -0.4942486584186554
v 0.08212778717279434 -0.03712567687034607 -0.49595436453819275
v 0.08274286985397339 -0.08513835817575455 -0.46364453434944153
v 0.07744812965393066 -0.10531758517026901 -0.4096604585647583
v 0.06826598942279816 -0.08995555341243744 -0.35462209582328796
v 0.0587037056684494 -0.04492005333304405 -0.31955236196517944
v 0.05241374671459198 0.012586882337927818 -0.3178465962409973
v 0.05179866775870323 0.06059955060482025 -0.35015642642974854
v 0.057093407958745956 0.08077877014875412 -0.40414056181907654
v 0.06627555191516876 0.06541674584150314 -0.4591788649559021
v 0.07583782821893692 0.020381242036819458 -0.4942486584186554
v 0.15512482821941376 0.019037753343582153 -0.4594813585281372
v 0.15672755241394043 -0.02723931521177292 -0.4615834951400757
v 0.1503981053829193 -0.06612870842218399 -0.4371681809425354
v 0.13855411112308502 -0.08277600258588791 -0.39556118845939636
v 0.1257195621728897 -0.07082248479127884 -0.35265496373176575
v 0.1167968139052391 -0.034833986312150955 -0.324838250875473
v 0.11519406735897064 0.011443065479397774 -0.32273608446121216
v 0.12152352184057236 0.05033247172832489 -0.34715139865875244
v 0.13336752355098724 0.06697975099086761 -0.3887583911418915
v 0.14620207250118256 0.055026233196258545 -0.4316646158695221
v 0.15512482821941376 0.019037753343582153 -0.4594813585281372
v 0.23884475231170654 0.021097300574183464 -0.4390772581100464
v 0.23651646077632904 -0.03223812207579613 -0.4431142508983612
v 0.22086307406425476 -0.07692493498325348 -0.4181252717971802
v 0.19786366820335388 -0.09589425474405289 -0.3736552894115448
v 0.1763032078742981 -0.0819004699587822 -0.32669034600257874
v 0.1644170731306076 -0.040288738906383514 -0.2951694428920746
v 0.1667453646659851 0.013046701438724995 -0.2911324203014374
v 0.1823987364768982 0.05773349851369858 -0.3161214292049408
v 0.20539815723896027 0.07670282572507858 -0.3605913817882538
v 0.22695861756801605 0.06270904839038849 -0.40755635499954224
v 0.23884475231170654 0.021097300574183464 -0.4390772581100464
v 0.3346266746520996 0.0188398789614439 -0.4170546233654022
v 0.32251036167144775 -0.05333094671368599 -0.42800191044807434
v 0.28665488958358765 -0.11262539029121399 -0.4020436108112335
v 0.2407558262348175 -0.13639497756958008 -0.3490949869155884
v 0.20234505832195282 -0.11556053906679153 -0.2893805205821991
v 0.18609419465065002 -0.05808011814951897 -0.2457091510295868
v 0.1982104778289795 0.01409071497619152 -0.23476186394691467
v 0.2340659350156784 0.07338515669107437 -0.2607201337814331
v 0.27996501326560974 0.09715475142002106 -0.31366878747940063
v 0.31837576627731323 0.07632030546665192 -0.3733832538127899
v 0.3346266746520996 0.0188398789614439 -0.4170546233654022
v 0.42184722423553467 0.0038190074265003204 -0.37831246852874756
v 0.4021141827106476 -0.08453967422246933 -0.39596834778785706
v 0.3477891981601715 -0.15511023998260498 -0.3719481825828552
v 0.27962246537208557 -0.18093712627887726 -0.31542691588401794
v 0.22365149855613708 -0.15215536952018738 -0.24799370765686035
v 0.201255202293396 -0.07975858449935913 -0.1954057812690735
v 0.22098825871944427 0.008600079454481602 -0.177749902009964
v 0.27531325817108154 0.07917065918445587 -0.20177003741264343
v 0.3434799611568451 0.10499756783246994 -0.2582913041114807
v 0.3994509279727936 0.07621578872203827 -0.3257245123386383
v 0.42184722423553467 0.0038190074265003204 -0.37831246852874756
v 0.4811306595802307 -0.021143920719623566 -0.3139505386352539
v 0.4614584445953369 -0.11187822371721268 -0.3313997983932495
v 0.40123382210731506 -0.18208318948745728 -0.3122049868106842
v 0.32346057891845703 -0.20494289696216583 -0.26369795203208923
v 0.25784537196159363 -0.17172574996948242 -0.20440669357776642
v 0.2294510453939438 -0.09511953592300415 -0.15697850286960602
v 0.2491232454776764 -0.004385235719382763 -0.139529287815094
v 0.30934789776802063 0.06581974029541016 -0.1587240844964981
v 0.38712117075920105 0.08867946267127991 -0.20723114907741547
v 0.45273634791374207 0.0554623007774353 -0.2665223777294159
v 0.4811306595802307 -0.021143920719623566 -0.3139505386352539
v 0.5052093863487244 -0.048098091036081314 -0.22654667496681213
v 0.4909873902797699 -0.12503628432750702 -0.23740026354789734
v 0.4382798373699188 -0.1826111525297165 -0.22529268264770508
v 0.36721912026405334 -0.19883106648921967 -0.19484862685203552
v 0.304948091506958 -0.1675005704164505 -0.1576967090368271
v 0.275252103805542 -0.10058683156967163 -0.12802767753601074
v 0.2894740700721741 -0.02364865317940712 -0.11717409640550613
v 0.34218162298202515 0.033926211297512054 -0.1292816698551178
v 0.4132423400878906 0.05014612898230553 -0.15972571074962616
v 0.47551339864730835 0.018815631046891212 -0.1968776285648346
v 0.5052093863487244 -0.048098091036081314 -0.22654667496681213
v 0.5033977627754211 -0.07168376445770264 -0.1364642083644867
v 0.49307283759117126 -0.12772876024246216 -0.14428584277629852
v 0.45284345746040344 -0.16864456236362457 -0.14024625718593597
v 0.3980758786201477 -0.1788027286529541 -0.1258884221315384
v 0.34968945384025574 -0.15432316064834595 -0.10669656097888947
v 0.3261661231517792 -0.10455623269081116 -0.09000131487846375
v 0.3364909887313843 -0.04851124808192253 -0.08217969536781311
v 0.3767203688621521 -0.007595419883728027 -0.08621928095817566
v 0.4314879775047302 0.002562708454206586 -0.10057710111141205
v 0.4798744320869446 -0.02191685512661934 -0.11976895481348038
v 0.5033977627754211 -0.07168376445770264 -0.1364642083644867
v 0.5032346248626709 -0.08729597926139832 -0.05464981123805046
v 0.49535414576530457 -0.13272292912006378 -0.05899231508374214
v 0.4624444842338562 -0.16529181599617004 -0.05810403823852539
v 0.4170759916305542 -0.1725624054670334 -0.052324261516332626
v 0.3765779137611389 -0.15175761282444 -0.04386067017912865
v 0.3564191162586212 -0.11082414537668228 -0.035946063697338104
v 0.36429956555366516 -0.06539720296859741 -0.031603556126356125
v 0.3972092568874359 -0.03282831236720085 -0.03249184042215347
v 0.4425777196884155 -0.025557709857821465 -0.03827161341905594
v 0.4830757975578308 -0.04636250436306 -0.04673520475625992
v 0.5032346248626709 -0.08729597926139832 -0.05464981123805046
v 0.5205879807472229 -0.09042269736528397 0.026370598003268242
v 0.5117614269256592 -0.14353103935718536 0.026692518964409828
v 0.4734104871749878 -0.18131372332572937 0.02626226656138897
v 0.420183926820755 -0.1893390268087387 0.025244180113077164
v 0.37241247296333313 -0.164541557431221 0.024027137085795403
v 0.348343163728714 -0.11639311164617538 0.023076005280017853
v 0.3571696877479553 -0.06328475475311279 0.022754084318876266
v 0.3955206274986267 -0.025502102449536324 0.023184336721897125
v 0.4487471580505371 -0.017476778477430344 0.02420242317020893
v 0.49651864171028137 -0.04227424040436745 0.025419466197490692
v 0.5205879807472229 -0.09042269736528397 0.026370598003268242
v 0.5436816811561584 -0.07731536030769348 0.11352260410785675
v 0.530468225479126 -0.1499001532793045 0.12320303171873093
v 0.4775933027267456 -0.20222531259059906 0.12142005562782288
v 0.4052533507347107 -0.21430443227291107 0.1088547334074974
v 0.34107980132102966 -0.1815236657857895 0.09030658006668091
v 0.30958476662635803 -0.11640417575836182 0.07286036014556885
v 0.3227982223033905 -0.0438193716108799 0.06317993998527527
v 0.3756730854511261 0.008505778387188911 0.06496290862560272
v 0.4480130672454834 0.020584888756275177 0.07752823084592819
v 0.512186586856842 -0.012195874936878681 0.09607639163732529
v 0.5436816811561584 -0.07731536030769348 0.11352260410785675
v 0.5484957695007324 -0.05406796187162399 0.2025812268257141
v 0.5306606292724609 -0.1431603878736496 0.21969415247440338
v 0.465984046459198 -0.20896853506565094 0.21380871534347534
v 0.379170298576355 -0.2263558804988861 0.18717294931411743
v 0.3033793568611145 -0.18868108093738556 0.14996080100536346
v 0.2675606608390808 -0.1103346198797226 0.11638607084751129
v 0.2853958308696747 -0.02124219760298729 0.09927315264940262
v 0.3500724136829376 0.04456595703959465 0.10515860468149185
v 0.43688613176345825 0.06195330619812012 0.13179436326026917
v 0.5126770734786987 0.024278506636619568 0.16900649666786194
v 0.5484957695007324 -0.05406796187162399 0.2025812268257141
v 0.5158632397651672 -0.03020501509308815 0.2835751175880432
v 0.49724388122558594 -0.12081919610500336 0.30198991298675537
v 0.4340072572231293 -0.18973390758037567 0.28979963064193726
v 0.35030755400657654 -0.21062608063220978 0.2516605257987976
v 0.2781152129173279 -0.17551560699939728 0.20214052498340607
v 0.2450052797794342 -0.09781349450349808 0.16015447676181793
v 0.2636245787143707 -0.007199330721050501 0.14173969626426697
v 0.3268612325191498 0.06171540170907974 0.15392997860908508
v 0.4105609357357025 0.08260755985975266 0.19206905364990234
v 0.4827532470226288 0.04749709367752075 0.24158908426761627
v 0.5158632397651672 -0.03020501509308815 0.2835751175880432
v 0.4468991458415985 -0.012187803164124489 0.3450888395309448
v 0.43115952610969543 -0.08757301419973373 0.36078035831451416
v 0.38224196434020996 -0.14697489142417908 0.34479978680610657
v 0.31883132457733154 -0.16770395636558533 0.3032512068748474
v 0.2651483118534088 -0.14184239506721497 0.2520047426223755
v 0.2416979968547821 -0.07926846295595169 0.21063479781150818
v 0.2574376165866852 -0.003883244004100561 0.19494327902793884
v 0.30635517835617065 0.05551862716674805 0.21092380583286285
v 0.3697658181190491 0.0762476995587349 0.2524724006652832
v 0.4234488606452942 0.05038614198565483 0.3037188649177551
v 0.4468991458415985 -0.012187803164124489 0.3450888395309448
v 0.36618196964263916 0.0036627412773668766 0.38474321365356445
v 0.35344865918159485 -0.050577666610479355 0.3975750207901001
v 0.3199690580368042 -0.09477401524782181 0.3836246728897095
v 0.27853119373321533 -0.1120447963476181 0.3482207655906677
v 0.2449629008769989 -0.09579315781593323 0.3048864006996155
v 0.2320861965417862 -0.05222666263580322 0.27017372846603394
v 0.2448194921016693 0.0020137459505349398 0.2573419511318207
v 0.27829912304878235 0.04621008411049843 0.2712922692298889
v 0.3197370171546936 0.06348086893558502 0.30669617652893066
v 0.35330528020858765 0.047229234129190445 0.3500305414199829
v 0.36618196964263916 0.0036627412773668766 0.38474321365356445
v 0.2939039468765259 0.023196380585432053 0.422682523727417
v 0.2844119071960449 -0.02103818953037262 0.4324001967906952
v 0.26067912578582764 -0.0581938698887825 0.41834887862205505
v 0.23177064955234528 -0.07407841831445694 0.38589563965797424
v 0.2087286114692688 -0.06262451410293579 0.3474365174770355
v 0.20035424828529358 -0.028207123279571533 0.3176616430282593
v 0.20984627306461334 0.016027430072426796 0.3079439699649811
v 0.23357908427715302 0.053183116018772125 0.32199525833129883
v 0.262487530708313 0.06906765699386597 0.35444849729537964
v 0.28552955389022827 0.05761376768350601 0.39290761947631836
v 0.2939039468765259 0.023196380585432053 0.422682523727417
v 0.23016801476478577 0.04880041256546974 0.47458669543266296
v 0.22317029535770416 -0.0041405633091926575 0.48350968956947327
v 0.20296724140644073 -0.04979582130908966 0.46256279945373535
v 0.17727568745613098 -0.07072655111551285 0.41974708437919617
v 0.15590894222259521 -0.058937955647706985 0.37141668796539307
v 0.147028386592865 -0.018932852894067764 0.3360321819782257
v 0.1540260761976242 0.034008122980594635 0.3271092474460602
v 0.17422914505004883 0.07966336607933044 0.3480560779571533
v 0.19992071390151978 0.10059411078691483 0.3908717930316925
v 0.22128744423389435 0.08880551159381866 0.4392021894454956
v 0.23016801476478577 0.04880041256546974 0.47458669543266296
v 0.15884043276309967 0.0731235221028328 0.5348761081695557
v 0.15678443014621735 -0.0010839037131518126 0.5442394614219666
v 0.14252330362796783 -0.06605026125907898 0.5099665522575378
v 0.12150431424379349 -0.09696060419082642 0.4451483488082886
v 0.10175597667694092 -0.0820082277059555 0.37454333901405334
v 0.0908215120434761 -0.026904437690973282 0.32512012124061584
v 0.09287750720977783 0.04730299115180969 0.31575676798820496
v 0.10713864117860794 0.1122693419456482 0.35002970695495605
v 0.12815764546394348 0.14317968487739563 0.41484788060188293
v 0.14790597558021545 0.1282273381948471 0.48545292019844055
v 0.15884043276309967 0.0731235221028328 0.5348761081695557
v 0.0738849863409996 0.08688437938690186 0.5799629092216492
v 0.07726287096738815 -0.005146483425050974 0.5902741551399231
v 0.07246802002191544 -0.08588042855262756 0.5450364351272583
v 0.06133190914988518 -0.12447985261678696 0.46152904629707336
v 0.04810815304517746 -0.10620108246803284 0.37164899706840515
v 0.03784777969121933 -0.03802597150206566 0.30972734093666077
v 0.03446989879012108 0.05400490760803223 0.29941606521606445
v 0.0392647460103035 0.13473884761333466 0.34465375542640686
v 0.050400856882333755 0.17333826422691345 0.4281611740589142
v 0.06362461298704147 0.15505948662757874 0.51804119348526
v 0.0738849863409996 0.08688437938690186 0.5799629092216492
v -0.019609924405813217 0.08280555158853531 0.5889595150947571
v -0.011518566869199276 -0.010466492734849453 0.5991036295890808
v -0.004515805281698704 -0.09187046438455582 0.552280604839325
v -0.0012764569837599993 -0.13031283020973206 0.4663751721382141
v -0.003037842223420739 -0.1111099049448967 0.37420040369033813
v -0.009127171710133553 -0.04159656539559364 0.31096386909484863
v -0.01721853017807007 0.05167547985911369 0.3008197546005249
v -0.02422129362821579 0.13307946920394897 0.34764283895492554
v -0.02746064029633999 0.17152181267738342 0.4335482120513916
v -0.025699254125356674 0.15231890976428986 0.5257230401039124
v -0.019609924405813217 0.08280555158853531 0.5889595150947571
v -0.11000660061836243 0.06123616546392441 0.5580078363418579
v -0.09873685985803604 -0.0156385637819767 0.5668101906776428
v -0.08132129162549973 -0.08177145570516586 0.528897762298584
v -0.06441207230091095 -0.11190198361873627 0.4587518870830536
v -0.054467927664518356 -0.09452132135629654 0.3831658959388733
v -0.0552871972322464 -0.03626827895641327 0.3310111165046692
v -0.06655694544315338 0.04060645401477814 0.32220879197120667
v -0.0839725136756897 0.10673930495977402 0.3601212203502655
v -0.10088173300027847 0.13686984777450562 0.4302670955657959
v -0.11082587391138077 0.11948918551206589 0.5058530569076538
v -0.11000660061836243 0.06123616546392441 0.5580078363418579
v -0.1852196902036667 0.028693700209259987 0.5058461427688599
v -0.1720680445432663 -0.026060335338115692 0.5134963989257812
v -0.15022879838943481 -0.07205777615308762 0.48826196789741516
v -0.12804380059242249 -0.09172918647527695 0.4397814869880676
v -0.11398694664239883 -0.07756076753139496 0.3865728974342346
v -0.11342749744653702 -0.03496435657143593 0.3489600419998169
v -0.1265791356563568 0.01978966034948826 0.34130972623825073
v -0.1484183818101883 0.06578711420297623 0.3665441572666168
v -0.170603409409523 0.08545851707458496 0.41502466797828674
v -0.18466025590896606 0.07129009068012238 0.46823325753211975
v -0.1852196902036667 0.028693700209259987 0.5058461427688599
v -0.2497066706418991 0.00046074838610365987 0.461269736289978
v -0.2383848875761032 -0.04390469193458557 0.4677557051181793
v -0.21686556935310364 -0.08018174022436142 0.448796808719635
v -0.19336842000484467 -0.09451378881931305 0.4116347134113312
v -0.1768685281276703 -0.08142650127410889 0.3704640865325928
v -0.1736682951450348 -0.045918744057416916 0.341010719537735
v -0.18499009311199188 -0.0015532851684838533 0.3345247507095337
v -0.20650941133499146 0.03472375497221947 0.3534835875034332
v -0.23000656068325043 0.04905581474304199 0.39064568281173706
v -0.2465064525604248 0.03596851974725723 0.43181636929512024
v -0.2497066706418991 0.00046074838610365987 0.461269736289978
v -0.32308974862098694 -0.01656968519091606 0.4319993853569031
v -0.3120679557323456 -0.06952597200870514 0.4382462501525879
v -0.28483477234840393 -0.11165119707584381 0.4170639216899872
v -0.2517923414707184 -0.12685497105121613 0.3765433728694916
v -0.22556179761886597 -0.1093299612402916 0.3321620523929596
v -0.21616226434707642 -0.06577012687921524 0.30087214708328247
v -0.22718404233455658 -0.01281384564936161 0.29462525248527527
v -0.25441721081733704 0.02931137941777706 0.315807580947876
v -0.2874596118927002 0.04451514780521393 0.35632815957069397
v -0.313690185546875 0.026990143582224846 0.40070945024490356
v -0.32308974862098694 -0.01656968519091606 0.4319993853569031
v -0.40910735726356506 -0.02337704226374626 0.4015338718891144
v -0.3979145884513855 -0.09759397804737091 0.40674740076065063
v -0.3577977418899536 -0.15515662729740143 0.3795851171016693
v -0.3040800988674164 -0.17407803237438202 0.3304220736026764
v -0.2572799324989319 -0.14713086187839508 0.2780369222164154
v -0.2352733463048935 -0.08460801094770432 0.24243897199630737
v -0.24646610021591187 -0.010391092859208584 0.2372254580259323
v -0.28658294677734375 0.04717157036066055 0.26438772678375244
v -0.34030061960220337 0.06609296053647995 0.31355080008506775
v -0.3871007561683655 0.03914578631520271 0.36593595147132874
v -0.40910735726356506 -0.02337704226374626 0.4015338718891144
v -0.487004816532135 -0.028155937790870667 0.3529042899608612
v -0.47525784373283386 -0.12019501626491547 0.3569272458553314
v -0.42225879430770874 -0.19053541123867035 0.3274535834789276
v -0.34825149178504944 -0.21230946481227875 0.2757411599159241
v -0.28150421380996704 -0.17720024287700653 0.2215423285961151
v -0.2475121170282364 -0.09861826151609421 0.1855592578649521
v -0.25925910472869873 -0.006579183973371983 0.1815362572669983
v -0.31225815415382385 0.06376120448112488 0.2110099345445633
v -0.38626548647880554 0.08553526550531387 0.262722373008728
v -0.45301276445388794 0.05042603611946106 0.316921204328537
v -0.487004816532135 -0.028155937790870667 0.3529042899608612
v -0.5357158780097961 -0.034571319818496704 0.28003236651420593
v -0.526759922504425 -0.1281539797782898 0.2795085608959198
v -0.4713030755519867 -0.1991012692451477 0.2525046169757843
v -0.3905279338359833 -0.22031375765800476 0.209335058927536
v -0.3152879774570465 -0.1836889684200287 0.16648924350738525
v -0.27432218194007874 -0.10321635752916336 0.14033278822898865
v -0.28327813744544983 -0.009633701294660568 0.1408565789461136
v -0.33873501420021057 0.06131358817219734 0.16786053776741028
v -0.4195101261138916 0.0825260728597641 0.21103009581565857
v -0.49475008249282837 0.045901305973529816 0.2538759112358093
v -0.5357158780097961 -0.034571319818496704 0.28003236651420593
v -0.5487589836120605 -0.039523445069789886 0.18899694085121155
v -0.5444464683532715 -0.11684579402208328 0.18163497745990753
v -0.49791985750198364 -0.17557594180107117 0.16071650385856628
v -0.4269506633281708 -0.19328096508979797 0.13423164188861847
v -0.3586467504501343 -0.16319814324378967 0.11229671537876129
v -0.31909793615341187 -0.09681810438632965 0.1032901182770729
v -0.32341042160987854 -0.019495764747262 0.11065207421779633
v -0.36993706226348877 0.03923439607024193 0.13157054781913757
v -0.44090625643730164 0.05693940073251724 0.1580554097890854
v -0.5092101693153381 0.026856599375605583 0.17999033629894257
v -0.5487589836120605 -0.039523445069789886 0.18899694085121155
v -0.5374013781547546 -0.03558126464486122 0.09964894503355026
v -0.5360583066940308 -0.09073040634393692 0.08749834448099136
v -0.5022461414337158 -0.13339205086231232 0.07241247594356537
v -0.44887974858283997 -0.14727090299129486 0.06015360355377197
v -0.396343469619751 -0.1270657330751419 0.05540422350168228
v -0.36470431089401245 -0.08049419522285461 0.0599784217774868
v -0.36604735255241394 -0.025345047935843468 0.0721290111541748
v -0.39985957741737366 0.01731659658253193 0.0872148871421814
v -0.4532259404659271 0.031195450574159622 0.0994737520813942
v -0.5057622194290161 0.010990255512297153 0.10422313958406448
v -0.5374013781547546 -0.03558126464486122 0.09964894503355026
v -0.5294123888015747 -0.020329156890511513 0.01986040361225605
v -0.5285850167274475 -0.06479637324810028 0.007271047215908766
v -0.5007637143135071 -0.1000785082578659 -0.003575819544494152
v -0.45657527446746826 -0.11269901692867279 -0.00853706058114767
v -0.4128981828689575 -0.09783728420734406 -0.00571764912456274
v -0.38641560077667236 -0.061169978231191635 0.003805493237450719
v -0.38724297285079956 -0.01670278236269951 0.016394849866628647
v -0.41506427526474 0.018579373136162758 0.027241716161370277
v -0.4592526853084564 0.031199872493743896 0.032202959060668945
v -0.5029298067092896 0.01633814536035061 0.029383547604084015
v -0.5294123888015747 -0.020329156890511513 0.01986040361225605
v -0.5397328734397888 0.0063914284110069275 -0.056980788707733154
v -0.5387322306632996 -0.04613707587122917 -0.07243610173463821
v -0.5059084296226501 -0.08900459110736847 -0.08160591125488281
v -0.4537990391254425 -0.10583718121051788 -0.08098765462636948
v -0.40230801701545715 -0.09020539373159409 -0.0708174929022789
v -0.3711032569408417 -0.04808001220226288 -0.054980065673589706
v -0.37210384011268616 0.004448493476957083 -0.03952474892139435
v -0.40492764115333557 0.04731599614024162 -0.03035493940114975
v -0.4570370316505432 0.06414858996868134 -0.030973197892308235
v -0.5085281133651733 0.04851679131388664 -0.04114336520433426
v -0.5397328734397888 0.0063914284110069275 -0.056980788707733154
v -0.5562722086906433 0.040420711040496826 -0.14053957164287567
v -0.5551211833953857 -0.032490335404872894 -0.16067400574684143
v -0.5112116932868958 -0.09387650340795517 -0.16581565141677856
v -0.4413156807422638 -0.1202903538942337 -0.15400062501430511
v -0.37213101983070374 -0.10164269804954529 -0.129741832613945
v -0.3300839066505432 -0.0450563058257103 -0.1023053303360939
v -0.3312349021434784 0.027854740619659424 -0.08217091113328934
v -0.3751443922519684 0.0892409160733223 -0.07702924311161041
v -0.44504043459892273 0.11565475910902023 -0.08884426951408386
v -0.5142251253128052 0.09700710326433182 -0.11310306191444397
v -0.5562722086906433 0.040420711040496826 -0.14053957164287567
v -0.5531960129737854 0.07495244592428207 -0.22567036747932434
v -0.5507407188415527 -0.013875766657292843 -0.2533431649208069
v -0.4984249472618103 -0.0908360406756401 -0.2549050450325012
v -0.41623160243034363 -0.126532182097435 -0.22975949943065643
v -0.33555570244789124 -0.10732945799827576 -0.18751122057437897
v -0.28721269965171814 -0.04056266322731972 -0.14429762959480286
v -0.2896680235862732 0.04826553910970688 -0.1166248545050621
v -0.34198376536369324 0.12522581219673157 -0.11506294459104538
v -0.4241771399974823 0.16092193126678467 -0.14020851254463196
v -0.5048530697822571 0.14171922206878662 -0.18245677649974823
v -0.5531960129737854 0.07495244592428207 -0.22567036747932434
v -0.5134425163269043 0.1001344844698906 -0.30295035243034363
v -0.5115743279457092 0.010203234851360321 -0.3297096788883209
v -0.46263474225997925 -0.06967613846063614 -0.3241071403026581
v -0.3853170871734619 -0.10899242013692856 -0.28828275203704834
v -0.30915403366088867 -0.0927281379699707 -0.23592013120651245
v -0.26323726773262024 -0.027095679193735123 -0.18702004849910736
v -0.2651054859161377 0.06283555179834366 -0.16026069223880768
v -0.3140450417995453 0.14271491765975952 -0.16586323082447052
v -0.3913626968860626 0.18203118443489075 -0.20168763399124146
v -0.46752578020095825 0.16576692461967468 -0.25405028462409973
v -0.5134425163269043 0.1001344844698906 -0.30295035243034363
v -0.43918097019195557 0.10875176638364792 -0.36485421657562256
v -0.4405744969844818 0.033509183675050735 -0.3828962743282318
v -0.4066477417945862 -0.03473500534892082 -0.36945727467536926
v -0.35035955905914307 -0.06991385668516159 -0.3296704590320587
v -0.29321008920669556 -0.05859023332595825 -0.27873310446739197
v -0.2570285499095917 -0.0050893849693238735 -0.23610149323940277
v -0.25563499331474304 0.07015316188335419 -0.2180594503879547
v -0.28956177830696106 0.13839735090732574 -0.23149843513965607
v -0.3458499312400818 0.17357619106769562 -0.27128520607948303
v -0.4029994010925293 0.16225256025791168 -0.32222259044647217
v -0.43918097019195557 0.10875176638364792 -0.36485421657562256
v -0.35093048214912415 0.10169406235218048 -0.409837931394577
v -0.35637372732162476 0.04648968204855919 -0.4185434877872467
v -0.33991867303848267 -0.004150091204792261 -0.4007170498371124
v -0.3078506290912628 -0.03088260255753994 -0.36316782236099243
v -0.27241846919059753 -0.023496979847550392 -0.3202381730079651
v -0.2471560835838318 0.015185778960585594 -0.2883259356021881
v -0.24171282351016998 0.07039014250040054 -0.27962037920951843
v -0.2581678628921509 0.12102991342544556 -0.2974467873573303
v -0.2902359664440155 0.1477624624967575 -0.3349960744380951
v -0.3256680965423584 0.14037680625915527 -0.37792569398880005
v -0.35093048214912415 0.10169406235218048 -0.409837931394577
v -0.2738851010799408 0.09194660186767578 -0.44733116030693054
v -0.2808266282081604 0.046584513038396835 -0.4527367949485779
v -0.2728298604488373 0.0050617000088095665 -0.43410801887512207
v -0.2529493272304535 -0.01676155999302864 -0.39856040477752686
v -0.228778675198555 -0.010549518279731274 -0.359671950340271
v -0.20955032110214233 0.02132502570748329 -0.3322966694831848
v -0.20260879397392273 0.06668709963560104 -0.3268909752368927
v -0.21060554683208466 0.10820991545915604 -0.3455197513103485
v -0.23048609495162964 0.13003316521644592 -0.3810673654079437
v -0.25465673208236694 0.12382114678621292 -0.419955849647522
v -0.2738851010799408 0.09194660186767578 -0.44733116030693054
v -0.20669786632061005 0.09043096750974655 -0.4965515434741974
v -0.21666719019412994 0.03654472902417183 -0.5021140575408936
v -0.21256683766841888 -0.012349450960755348 -0.4770820140838623
v -0.19596293568611145 -0.0375756099820137 -0.4310167729854584
v -0.1731976568698883 -0.029498279094696045 -0.3815137445926666
v -0.15296657383441925 0.008797318674623966 -0.34748131036758423
v -0.14299723505973816 0.06268353760242462 -0.34191879630088806
v -0.1470976024866104 0.11157771944999695 -0.3669508397579193
v -0.16370148956775665 0.13680388033390045 -0.41301608085632324
v -0.1864667683839798 0.128726527094841 -0.462519109249115
v -0.20669786632061005 0.09043096750974655 -0.4965515434741974
v -0.13372287154197693 0.09290315210819244 -0.5540841817855835
v -0.14834560453891754 0.018628794699907303 -0.5614673495292664
v -0.14995671808719635 -0.04775315523147583 -0.5243748426437378
v -0.13794085383415222 -0.08088705688714981 -0.45697471499443054
v -0.116887666285038 -0.06811688840389252 -0.38501155376434326
v -0.09483874589204788 -0.01432042010128498 -0.33597278594970703
v -0.08021602779626846 0.059953924268484116 -0.32858961820602417
v -0.07860489934682846 0.12633587419986725 -0.36568212509155273
v -0.09062075614929199 0.15946979820728302 -0.43308225274086
v -0.11167395114898682 0.14669959247112274 -0.5050454139709473
v -0.13372287154197693 0.09290315210819244 -0.5540841817855835
v -0.04385973885655403 0.08458228409290314 -0.5950310826301575
v -0.0681808590888977 -0.00510417390614748 -0.6029618978500366
v -0.08447766304016113 -0.08339021354913712 -0.5549641847610474
v -0.0865253135561943 -0.12037322670221329 -0.4693712890148163
v -0.07354170083999634 -0.10192695260047913 -0.37887686491012573
v -0.05048610642552376 -0.03509724885225296 -0.3180467486381531
v -0.02616499364376068 0.054589204490184784 -0.3101159334182739
v -0.009868193417787552 0.1328752338886261 -0.35811370611190796
v -0.007820533588528633 0.16985826194286346 -0.44370657205581665
v -0.0208041500300169 0.1514119803905487 -0.5342009663581848
v -0.04385973885655403 0.08458228409290314 -0.5950310826301575
v 0.04353531077504158 0.06018929183483124 -0.5972752571105957
v 0.017732392996549606 -0.029511336237192154 -0.6052140593528748
v -0.007019593846052885 -0.10581513494253159 -0.556839644908905
v -0.021266229450702667 -0.13957668840885162 -0.47062939405441284
v -0.019565783441066742 -0.11790020018815994 -0.3795126676559448
v -0.002567768795415759 -0.04906538501381874 -0.3182930052280426
v 0.023235147818922997 0.04063522443175316 -0.31035417318344116
v 0.047987136989831924 0.11693902313709259 -0.3587285876274109
v 0.06223376840353012 0.15070058405399323 -0.4449388086795807
v 0.060533326119184494 0.12902411818504333 -0.5360555052757263
v 0.04353531077504158 0.06018929183483124 -0.5972752571105957
v 0.12045085430145264 0.027990048751235008 -0.5625948309898376
v 0.10280665010213852 -0.04669544845819473 -0.5686830878257751
v 0.07953900843858719 -0.10860570520162582 -0.5292870402336121
v 0.05953539162874222 -0.13409309089183807 -0.4594546854496002
v 0.050436485558748245 -0.11342229694128036 -0.38585957884788513
v 0.055717770010232925 -0.05448886379599571 -0.3366125524044037
v 0.07336197048425674 0.02019663155078888 -0.3305243253707886
v 0.09662961214780807 0.08210690319538116 -0.3699203431606293
v 0.11663322895765305 0.10759427398443222 -0.4397526979446411
v 0.12573213875293732 0.0869235023856163 -0.5133478045463562
v 0.12045085430145264 0.027990048751235008 -0.5625948309898376
v 0.18764154613018036 0.0016631536418572068 -0.5101912021636963
v 0.18102137744426727 -0.05369754135608673 -0.512849748134613
v 0.1640852987766266 -0.0985746830701828 -0.4843030273914337
v 0.1433023363351822 -0.11582669615745544 -0.4354549050331116
v 0.1266108900308609 -0.09886389970779419 -0.3849636912345886
v 0.120386503636837 -0.054165519773960114 -0.35211536288261414
v 0.12700669467449188 0.0011951945489272475 -0.349456787109375
v 0.14394277334213257 0.046072326600551605 -0.3780035376548767
v 0.16472572088241577 0.06332434713840485 -0.42685166001319885
v 0.18141719698905945 0.04636155441403389 -0.4773428738117218
v 0.18764154613018036 0.0016631536418572068 -0.5101912021636963
v 0.25329625606536865 -0.01091945730149746 -0.4627738296985626
v 0.2502952516078949 -0.05700966343283653 -0.46381068229675293
v 0.234465092420578 -0.09395601600408554 -0.44103434681892395
v 0.21185238659381866 -0.10764627158641815 -0.40314462780952454
v 0.19109438359737396 -0.09285122156143188 -0.3646141290664673
v 0.18011994659900665 -0.05522206053137779 -0.34016016125679016
v 0.1831209510564804 -0.009131846949458122 -0.33912330865859985
v 0.1989510953426361 0.027814503759145737 -0.3618996739387512
v 0.22156381607055664 0.04150477424263954 -0.39978936314582825
v 0.24232181906700134 0.02670970745384693 -0.4383198618888855
v 0.25329625606536865 -0.01091945730149746 -0.4627738296985626
v 0.3276350498199463 -0.009322265163064003 -0.4305170774459839
v 0.3270263373851776 -0.06471890211105347 -0.4297785460948944
v 0.30673864483833313 -0.10897350311279297 -0.40332773327827454
v 0.27452126145362854 -0.12518233060836792 -0.3612680733203888
v 0.24268008768558502 -0.10715416073799133 -0.319664865732193
v 0.22337737679481506 -0.06177513301372528 -0.2944091260433197
v 0.22398611903190613 -0.006378500256687403 -0.2951476573944092
v 0.24427379667758942 0.037876103073358536 -0.32159844040870667
v 0.2764911949634552 0.05408491566777229 -0.3636581301689148
v 0.30833232402801514 0.0360567569732666 -0.4052613377571106
v 0.3276350498199463 -0.009322265163064003 -0.4305170774459839
v 0.4107428193092346 0.004076463636010885 -0.4003193974494934
v 0.4146859049797058 -0.07210788875818253 -0.39504632353782654
v 0.38558921217918396 -0.13324937224388123 -0.35951459407806396
v 0.334566593170166 -0.15599402785301208 -0.3072959780693054
v 0.28110700845718384 -0.13165415823459625 -0.25833624601364136
v 0.2456301748752594 -0.0695267841219902 -0.23133642971515656
v 0.24168705940246582 0.00665757292881608 -0.23660945892333984
v 0.27078378200531006 0.06779905408620834 -0.2721412479877472
v 0.321806401014328 0.0905437245965004 -0.3243598937988281
v 0.3752659261226654 0.06620385497808456 -0.3733195662498474
v 0.4107428193092346 0.004076463636010885 -0.4003193974494934
v 0.48356956243515015 0.025235896930098534 -0.35219207406044006
v 0.4961508810520172 -0.06597734987735748 -0.33623456954956055
v 0.4610025882720947 -0.14059656858444214 -0.29231005907058716
v 0.3915501534938812 -0.1701197326183319 -0.23719625174999237
v 0.3143220543861389 -0.14327001571655273 -0.1919446885585785
v 0.25881677865982056 -0.07030308246612549 -0.1738399863243103
v 0.24623547494411469 0.020910171791911125 -0.18979747593402863
v 0.281383752822876 0.09552939981222153 -0.23372194170951843
v 0.3508361577987671 0.1250525712966919 -0.2888357639312744
v 0.4280642569065094 0.09820283949375153 -0.3340873122215271
v 0.48356956243515015 0.025235896930098534 -0.35219207406044006
v 0.5253834128379822 0.047981999814510345 -0.27950146794319153
v 0.5418190956115723 -0.04123229905962944 -0.2568654716014862
v 0.5060335397720337 -0.11621884256601334 -0.21399205923080444
v 0.43169572949409485 -0.1483352780342102 -0.1672574132680893
v 0.3472000062465668 -0.12531426548957825 -0.13451255857944489
v 0.2848210334777832 -0.05594903603196144 -0.12826494872570038
v 0.2683853209018707 0.03326528146862984 -0.15090090036392212
v 0.3041708767414093 0.10825179517269135 -0.19377434253692627
v 0.37850871682167053 0.1403682678937912 -0.24050897359848022
v 0.46300438046455383 0.11734724789857864 -0.27325379848480225
v 0.5253834128379822 0.047981999814510345 -0.27950146794319153
v 0.5335649251937866 0.06456723064184189 -0.19070978462696075
v 0.5476892590522766 -0.007931960746645927 -0.17050674557685852
v 0.5168519616127014 -0.07065703719854355 -0.13922704756259918
v 0.4528319239616394 -0.09964916855096817 -0.10881847888231277
v 0.38008254766464233 -0.08383434265851974 -0.09089607745409012
v 0.32639163732528687 -0.029253263026475906 -0.09230560064315796
v 0.3122673034667969 0.04324592649936676 -0.11250864714384079
v 0.3431045711040497 0.10597097873687744 -0.14378833770751953
v 0.4071246385574341 0.13496312499046326 -0.17419689893722534
v 0.47987401485443115 0.11914830654859543 -0.192119300365448
v 0.5335649251937866 0.06456723064184189 -0.19070978462696075
v 0.5236939191818237 0.07598628103733063 -0.09934655576944351
v 0.5335479378700256 0.022955548018217087 -0.08631544560194016
v 0.5097976326942444 -0.024318957701325417 -0.06957588344812393
v 0.46151474118232727 -0.04777998849749565 -0.055521830916404724
v 0.4071418046951294 -0.03846621885895729 -0.049521446228027344
v 0.3674473464488983 0.00006479620788013563 -0.0538666769862175
v 0.3575933575630188 0.05309551581740379 -0.06689778715372086
v 0.3813437223434448 0.10037000477313995 -0.08363734930753708
v 0.4296265244483948 0.12383105605840683 -0.09769140183925629
v 0.48399949073791504 0.11451731622219086 -0.10369179397821426
v 0.5236939191818237 0.07598628103733063 -0.09934655576944351
v 0.5161287784576416 0.09043583273887634 -0.017784615978598595
v 0.5244062542915344 0.04655546694993973 -0.005939793772995472
v 0.5043884515762329 0.006297709885984659 0.004685927182435989
v 0.4637215733528137 -0.01496030855923891 0.010033885948359966
v 0.41793885827064514 -0.00909875612705946 0.008061339147388935
v 0.38452786207199097 0.021643418818712234 -0.00047826211084611714
v 0.37625038623809814 0.06552378088235855 -0.012323083356022835
v 0.39626815915107727 0.10578152537345886 -0.02294880524277687
v 0.43693503737449646 0.12703955173492432 -0.028296763077378273
v 0.48271775245666504 0.12117800861597061 -0.026324216276407242
v 0.5161287784576416 0.09043583273887634 -0.017784615978598595
v 0.5234237909317017 0.11783775687217712 0.05974116176366806
v 0.533425509929657 0.06485045701265335 0.07382545620203018
v 0.509634256362915 0.01513601467013359 0.08210202306509018
v 0.46113744378089905 -0.012316394597291946 0.08140949159860611
v 0.406459242105484 -0.007020873017609119 0.07201237976551056
v 0.3664849102497101 0.028999876230955124 0.05750007927417755
v 0.3564831614494324 0.0819871574640274 0.04341578483581543
v 0.3802744448184967 0.13170160353183746 0.035139214247465134
v 0.4287712275981903 0.159154012799263 0.0358317494392395
v 0.48344942927360535 0.1538584679365158 0.045228853821754456
v 0.5234237909317017 0.11783775687217712 0.05974116176366806
v 0.5339146256446838 0.15217739343643188 0.14686308801174164
v 0.5484808087348938 0.07840737700462341 0.16285404562950134
v 0.5178014636039734 0.007943415082991123 0.16472795605659485
v 0.4535950720310211 -0.03229964151978493 0.1517690122127533
v 0.38038620352745056 -0.026950277388095856 0.12892712652683258
v 0.3261382281780243 0.02194816991686821 0.10492705553770065
v 0.3115720748901367 0.09571821242570877 0.08893607556819916
v 0.34225142002105713 0.16618213057518005 0.08706216514110565
v 0.4064578413963318 0.20642520487308502 0.10002110153436661
v 0.47966665029525757 0.20107586681842804 0.12286301702260971
v 0.5339146256446838 0.15217739343643188 0.14686308801174164
v 0.5176758170127869 0.17437724769115448 0.24889613687992096
v 0.539060652256012 0.08381851762533188 0.2592979967594147
v 0.5089547634124756 -0.0034203403629362583 0.24350537359714508
v 0.4388576149940491 -0.054017048329114914 0.2075505256652832
v 0.35554394125938416 -0.04864540696144104 0.16516698896884918
v 0.29083672165870667 0.010642816312611103 0.13254381716251373
v 0.26945191621780396 0.10120152682065964 0.12214197963476181
v 0.29955780506134033 0.18844038248062134 0.1379345804452896
v 0.36965492367744446 0.23903709650039673 0.17388944327831268
v 0.45296862721443176 0.23366546630859375 0.2162729799747467
v 0.5176758170127869 0.17437724769115448 0.24889613687992096
v 0.4654068052768707 0.16744446754455566 0.33300745487213135
v 0.49025794863700867 0.07761871069669724 0.33759450912475586
v 0.46828752756118774 -0.008355742320418358 0.3087330758571625
v 0.4078875780105591 -0.05763956159353256 0.2574472427368164
v 0.33212873339653015 -0.051408007740974426 0.20332646369934082
v 0.26994839310646057 0.00795868318527937 0.1670430451631546
v 0.24509727954864502 0.09778447449207306 0.16245600581169128
v 0.26706767082214355 0.1837589144706726 0.19131743907928467
v 0.3274676203727722 0.23304273188114166 0.24260325729846954
v 0.40322646498680115 0.22681117057800293 0.2967240512371063
v 0.4654068052768707 0.16744446754455566 0.33300745487213135
v 0.3911113440990448 0.13921383023262024 0.38488009572029114
v 0.41263341903686523 0.06618628650903702 0.3871493637561798
v 0.39991575479507446 -0.0027559816371649504 0.3573736250400543
v 0.3578161299228668 -0.041279371827840805 0.3069261908531189
v 0.30241522192955017 -0.03466925397515297 0.2550762891769409
v 0.25487422943115234 0.014549540355801582 0.2216288149356842
v 0.23335221409797668 0.08757708221673965 0.21935957670211792
v 0.24606984853744507 0.15651936829090118 0.2491353154182434
v 0.2881694436073303 0.19504277408123016 0.29958271980285645
v 0.34357041120529175 0.18843263387680054 0.3514326512813568
v 0.3911113440990448 0.13921383023262024 0.38488009572029114
v 0.3114190697669983 0.10611605644226074 0.41659465432167053
v 0.32642504572868347 0.05307365208864212 0.4187539517879486
v 0.3203890025615692 0.003955772612243891 0.39437490701675415
v 0.2956165671348572 -0.02247621864080429 0.3527694642543793
v 0.26156988739967346 -0.016126178205013275 0.3098295032978058
v 0.2312536984682083 0.02058033086359501 0.28195661306381226
v 0.21624772250652313 0.07362274080514908 0.27979734539985657
v 0.222283735871315 0.12274059653282166 0.304176390171051
v 0.24705618619918823 0.1491726040840149 0.3457818329334259
v 0.28110283613204956 0.14282260835170746 0.3887217938899994
v 0.3114190697669983 0.10611605644226074 0.41659465432167053
v 0.2366650551557541 0.0806054025888443 0.44828933477401733
v 0.2505793273448944 0.036556195467710495 0.449252188205719
v 0.2505902945995331 -0.003165659960359335 0.425650417804718
v 0.23669379949569702 -0.02338775247335434 0.3864991366863251
v 0.2141977846622467 -0.016385897994041443 0.3467528223991394
v 0.191694974899292 0.015165369026362896 0.32159316539764404
v 0.17778071761131287 0.059214577078819275 0.32063034176826477
v 0.1777697503566742 0.09893641620874405 0.34423205256462097
v 0.19166624546051025 0.11915852129459381 0.3833833336830139
v 0.21416226029396057 0.11215668171644211 0.423129677772522
v 0.2366650551557541 0.0806054025888443 0.44828933477401733
v 0.16808082163333893 0.06473943591117859 0.4927220046520233
v 0.18488316237926483 0.011266646906733513 0.49392446875572205
v 0.18900619447231293 -0.03567447140812874 0.46354958415031433
v 0.17887504398822784 -0.058153994381427765 0.4131994843482971
v 0.15835949778556824 -0.04758552461862564 0.36210617423057556
v 0.1352957785129547 -0.00800585187971592 0.32978564500808716
v 0.11849343776702881 0.04546693339943886 0.3285832107067108
v 0.1143704205751419 0.09240801632404327 0.35895806550979614
v 0.1245015561580658 0.11488756537437439 0.40930819511413574
v 0.1450171172618866 0.10431911051273346 0.4604014754295349
v 0.16808082163333893 0.06473943591117859 0.4927220046520233
v 0.09557678550481796 0.056901443749666214 0.543908953666687
v 0.1135498583316803 -0.018201783299446106 0.5469005703926086
v 0.12084556370973587 -0.08247610181570053 0.504615068435669
v 0.11467719823122025 -0.11137088388204575 0.43320411443710327
v 0.09740087389945984 -0.093849316239357 0.35994431376457214
v 0.0756155475974083 -0.036604031920433044 0.31281837821006775
v 0.057642482221126556 0.038499198853969574 0.3098267912864685
v 0.050346776843070984 0.1027735099196434 0.3521123230457306
v 0.05651513859629631 0.13166828453540802 0.4235232174396515
v 0.07379146665334702 0.11414672434329987 0.496783047914505
v 0.09557678550481796 0.056901443749666214 0.543908953666687
v 0.012702615931630135 0.05348348245024681 0.5764462947845459
v 0.020446887239813805 -0.039871297776699066 0.5813215374946594
v 0.02695080079138279 -0.11825253814458847 0.5302046537399292
v 0.029730089008808136 -0.1517212688922882 0.44262057542800903
v 0.0277231577783823 -0.12749360501766205 0.3520234227180481
v 0.021696582436561584 -0.054823655635118484 0.2930182218551636
v 0.013952312991023064 0.038531120866537094 0.28814294934272766
v 0.0074483961798250675 0.1169123575091362 0.3392598330974579
v 0.004669107962399721 0.15038110315799713 0.42684391140937805
v 0.006676041055470705 0.12615340948104858 0.5174410939216614
v 0.012702615931630135 0.05348348245024681 0.5764462947845459
v -0.07493474334478378 0.049844495952129364 0.5679720044136047
v -0.07619453221559525 -0.043178729712963104 0.5720770955085754
v -0.06832580268383026 -0.12093737721443176 0.521446704864502
v -0.0543341301381588 -0.15373027324676514 0.43541982769966125
v -0.0395638681948185 -0.12903164327144623 0.34685584902763367
v -0.029656754806637764 -0.05627550929784775 0.28958314657211304
v -0.028396964073181152 0.036747708916664124 0.28547802567481995
v -0.03626570105552673 0.11450638622045517 0.3361084461212158
v -0.0502573661506176 0.14729925990104675 0.4221353232860565
v -0.0650276318192482 0.12260062992572784 0.5106992721557617
v -0.07493474334478378 0.049844495952129364 0.5679720044136047
v -0.15189073979854584 0.04372994229197502 0.5225545763969421
v -0.15912248194217682 -0.03165791928768158 0.5244077444076538
v -0.15172842144966125 -0.09496201574802399 0.4834567606449127
v -0.13253283500671387 -0.12200231850147247 0.4153435528278351
v -0.10886778682470322 -0.10245035588741302 0.34608495235443115
v -0.089772529900074 -0.0437743179500103 0.30213549733161926
v -0.08254079520702362 0.031613562256097794 0.3002823293209076
v -0.08993485569953918 0.09491763263940811 0.3412333130836487
v -0.10913042724132538 0.12195795029401779 0.4093465507030487
v -0.13279546797275543 0.10240597277879715 0.47860509157180786
v -0.15189073979854584 0.04372994229197502 0.5225545763969421
v -0.21753768622875214 0.04167653247714043 0.4621569514274597
v -0.22745122015476227 -0.012264334596693516 0.4615947902202606
v -0.22133933007717133 -0.05819963663816452 0.43225541710853577
v -0.20153655111789703 -0.07858369499444962 0.3853454291820526
v -0.1756068617105484 -0.0656304731965065 0.33878281712532043
v -0.15345452725887299 -0.02428768388926983 0.31035298109054565
v -0.14354099333286285 0.02965318039059639 0.31091511249542236
v -0.1496528834104538 0.07558847963809967 0.3402545154094696
v -0.1694556623697281 0.09597254544496536 0.38716450333595276
v -0.19538533687591553 0.08301933109760284 0.43372711539268494
v -0.21753768622875214 0.04167653247714043 0.4621569514274597
v -0.27608150243759155 0.0544685497879982 0.41045188903808594
v -0.2900644540786743 0.010595640167593956 0.40648603439331055
v -0.2858506739139557 -0.027849368751049042 0.3811818063259125
v -0.2650497257709503 -0.046181853860616684 0.34420445561408997
v -0.2356068640947342 -0.03739934414625168 0.30967816710472107
v -0.20876820385456085 -0.004856536630541086 0.29079073667526245
v -0.19478526711463928 0.039016373455524445 0.29475656151771545
v -0.19899901747703552 0.077461376786232 0.3200608193874359
v -0.2197999805212021 0.09579388052225113 0.35703814029693604
v -0.2492428570985794 0.08701137453317642 0.3915644884109497
v -0.27608150243759155 0.0544685497879982 0.41045188903808594
v -0.3404916524887085 0.0872052013874054 0.3733276426792145
v -0.36040258407592773 0.03495144471526146 0.36598268151283264
v -0.3543752431869507 -0.012361754663288593 0.33588314056396484
v -0.32471179962158203 -0.03666236251592636 0.29452601075172424
v -0.2827427089214325 -0.028668347746133804 0.257708340883255
v -0.24449871480464935 0.008566834963858128 0.23949319124221802
v -0.22458775341510773 0.06082059442996979 0.24683816730976105
v -0.23061512410640717 0.10813375562429428 0.27693772315979004
v -0.260278582572937 0.13243438303470612 0.31829485297203064
v -0.30224767327308655 0.12444038689136505 0.35511255264282227
v -0.3404916524887085 0.0872052013874054 0.3733276426792145
v -0.4118555784225464 0.13176575303077698 0.33506008982658386
v -0.43934887647628784 0.05982666835188866 0.32486245036125183
v -0.42708754539489746 -0.007523310370743275 0.28813713788986206
v -0.3797549903392792 -0.044558752328157425 0.23891200125217438
v -0.3154306709766388 -0.03713337332010269 0.19598934054374695
v -0.25868433713912964 0.011916576884686947 0.17576417326927185
v -0.23119105398654938 0.08385566622018814 0.1859617978334427
v -0.24345237016677856 0.1512056291103363 0.22268712520599365
v -0.29078489542007446 0.18824104964733124 0.27191227674484253
v -0.35510921478271484 0.1808157116174698 0.31483492255210876
v -0.4118555784225464 0.13176575303077698 0.33506008982658386
v -0.4753510355949402 0.171519935131073 0.27134236693382263
v -0.5070989727973938 0.08361723273992538 0.26157698035240173
v -0.48612192273139954 -0.0014564305311068892 0.22762693464756012
v -0.4204324185848236 -0.051205869764089584 0.1824599653482437
v -0.33512160181999207 -0.04662846028804779 0.14332832396030426
v -0.2627752721309662 0.010527368634939194 0.1251789629459381
v -0.23102737963199615 0.09843003749847412 0.13494433462619781
v -0.2520044147968292 0.18350371718406677 0.16889436542987823
v -0.31769394874572754 0.23325316607952118 0.21406134963035583
v -0.4030047357082367 0.2286757379770279 0.2531929612159729
v -0.4753510355949402 0.171519935131073 0.27134236693382263
v -0.5059118270874023 0.1922084540128708 0.18625274300575256
v -0.53763347864151 0.10550062358379364 0.1757342666387558
v -0.5141568183898926 0.019540036097168922 0.1493757963180542
v -0.44444888830184937 -0.03283931687474251 0.11724534630775452
v -0.3551359176635742 -0.0316302627325058 0.09161564707756042
v -0.2803323566913605 0.022705357521772385 0.08227639645338058
v -0.24861066043376923 0.10941315442323685 0.09279485046863556
v -0.272087424993515 0.1953737735748291 0.11915333569049835
v -0.34179526567459106 0.2477530837059021 0.15128380060195923
v -0.431108295917511 0.24654404819011688 0.17691348493099213
v -0.5059118270874023 0.1922084540128708 0.18625274300575256
v -0.5029782652854919 0.19237717986106873 0.08905035257339478
v -0.5282642841339111 0.12169617414474487 0.08259264379739761
v -0.5074058175086975 0.050414640456438065 0.06991355121135712
v -0.448370099067688 0.005759714636951685 0.05585606396198273
v -0.37370672821998596 0.0047880844213068485 0.045789655297994614
v -0.31193462014198303 0.047870852053165436 0.04355935379862785
v -0.28664860129356384 0.11855189502239227 0.05001705884933472
v -0.30750712752342224 0.18983343243598938 0.06269615143537521
v -0.3665428161621094 0.2344883531332016 0.0767536461353302
v -0.4412061870098114 0.23545998334884644 0.08682005107402802
v -0.5029782652854919 0.19237717986106873 0.08905035257339478
v -0.4806760847568512 0.1786525845527649 -0.0074544502422213554
v -0.4987958073616028 0.1272192895412445 -0.007726055104285479
v -0.4832635521888733 0.07496406883001328 -0.006338081322610378
v -0.4400121569633484 0.04184667766094208 -0.0038206891622394323
v -0.38556209206581116 0.04051683098077774 -0.0011354363523423672
v -0.3407115340232849 0.07148249447345734 0.0006920014857314527
v -0.3225918114185333 0.12291580438613892 0.0009636055328883231
v -0.3381240963935852 0.17517100274562836 -0.0004243680159561336
v -0.3813754916191101 0.20828837156295776 -0.0029417602345347404
v -0.43582552671432495 0.2096182256937027 -0.005627012811601162
v -0.4806760847568512 0.1786525845527649 -0.0074544502422213554
v -0.4575478434562683 0.16153019666671753 -0.09302926063537598
v -0.47352463006973267 0.1183370053768158 -0.08890126645565033
v -0.46169885993003845 0.07494417577981949 -0.07816996425390244
v -0.42658761143684387 0.04792628809809685 -0.06493433564901352
v -0.3816022276878357 0.04760323464870453 -0.054249949753284454
v -0.3439255356788635 0.07409842312335968 -0.05019787326455116
v -0.32794877886772156 0.11729162186384201 -0.05432586744427681
v -0.3397745192050934 0.16068445146083832 -0.065057173371315
v -0.3748857378959656 0.18770232796669006 -0.07829280942678452
v -0.41987115144729614 0.1880253702402115 -0.08897718042135239
v -0.4575478434562683 0.16153019666671753 -0.09302926063537598
v -0.44500765204429626 0.15315313637256622 -0.17742736637592316
v -0.4649415910243988 0.10038220882415771 -0.17133106291294098
v -0.45232680439949036 0.04847119003534317 -0.1522153913974762
v -0.4119817018508911 0.01724834181368351 -0.12738189101219177
v -0.35931676626205444 0.018639693036675453 -0.10631611943244934
v -0.3144482672214508 0.05211380869150162 -0.09706448018550873
v -0.29451435804367065 0.10488474369049072 -0.1031607836484909
v -0.3071291148662567 0.15679574012756348 -0.12227644771337509
v -0.34747421741485596 0.18801862001419067 -0.14710994064807892
v -0.4001391530036926 0.18662725389003754 -0.16817572712898254
v -0.44500765204429626 0.15315313637256622 -0.17742736637592316
v -0.4313022792339325 0.15066678822040558 -0.26824232935905457
v -0.45714354515075684 0.0771661177277565 -0.2629842162132263
v -0.4416440725326538 0.00674299756065011 -0.23301547765731812
v -0.39072415232658386 -0.03370329365134239 -0.1897832155227661
v -0.3238333761692047 -0.028723647817969322 -0.14980068802833557
v -0.2665218412876129 0.019779859110713005 -0.12833981215953827
v -0.24068059027194977 0.09328053146600723 -0.1335979551076889
v -0.2561800479888916 0.16370366513729095 -0.16356666386127472
v -0.30709999799728394 0.20414994657039642 -0.20679892599582672
v -0.3739907443523407 0.1991703361272812 -0.24678148329257965
v -0.4313022792339325 0.15066678822040558 -0.26824232935905457
v -0.3918423354625702 0.13957878947257996 -0.3566954731941223
v -0.4230821430683136 0.05101973935961723 -0.3502381443977356
v -0.41049841046333313 -0.031140092760324478 -0.30605965852737427
v -0.3588976263999939 -0.07551843672990799 -0.2410346269607544
v -0.28798961639404297 -0.06516426056623459 -0.1800004094839096
v -0.22485879063606262 -0.004032518714666367 -0.1462700366973877
v -0.1936189830303192 0.08452653884887695 -0.15272733569145203
v -0.20620274543762207 0.16668635606765747 -0.19690583646297455
v -0.2578034996986389 0.21106469631195068 -0.2619308829307556
v -0.32871150970458984 0.20071054995059967 -0.3229650855064392
v -0.3918423354625702 0.13957878947257996 -0.3566954731941223
v -0.32713717222213745 0.113148532807827 -0.41384759545326233
v -0.3554432988166809 0.024946343153715134 -0.4097731113433838
v -0.3468007743358612 -0.0545148104429245 -0.3627762794494629
v -0.3045106530189514 -0.09488343447446823 -0.2908083200454712
v -0.24472640454769135 -0.08074008673429489 -0.22135847806930542
v -0.19028355181217194 -0.0174870602786541 -0.18095426261425018
v -0.16197741031646729 0.07071514427661896 -0.18502876162528992
v -0.17061994969844818 0.1501762866973877 -0.23202559351921082
v -0.21291004121303558 0.19054490327835083 -0.3039935529232025
v -0.27269428968429565 0.17640160024166107 -0.3734433948993683
v -0.32713717222213745 0.113148532807827 -0.41384759545326233
v -0.24707524478435516 0.0820840448141098 -0.43582040071487427
v -0.26184967160224915 0.008650785312056541 -0.43785804510116577
v -0.2536240220069885 -0.05589472874999046 -0.40069490671157837
v -0.22554023563861847 -0.08689828217029572 -0.3385261595249176
v -0.18832533061504364 -0.07251758128404617 -0.2750979959964752
v -0.15619413554668427 -0.018245583400130272 -0.23463794589042664
v -0.14141970872879028 0.05518769100308418 -0.23260031640529633
v -0.14964532852172852 0.11973316967487335 -0.26976343989372253
v -0.17772914469242096 0.1507367491722107 -0.3319322168827057
v -0.2149440497159958 0.13635607063770294 -0.3953603506088257
v -0.24707524478435516 0.0820840448141098 -0.43582040071487427
v -0.16132724285125732 0.06328793615102768 -0.4385356605052948
v -0.16168245673179626 0.009375721216201782 -0.44431594014167786
v -0.15276242792606354 -0.03755290433764458 -0.4186604619026184
v -0.13797427713871002 -0.05957277864217758 -0.3713688254356384
v -0.12296660989522934 -0.04827308654785156 -0.3205047845840454
v -0.11347180604934692 -0.007969917729496956 -0.28549668192863464
v -0.11311659216880798 0.04594229534268379 -0.279716432094574
v -0.12203662097454071 0.09287093579769135 -0.30537185072898865
v -0.13682475686073303 0.11489082127809525 -0.352663516998291
v -0.1518324315547943 0.10359112173318863 -0.40352755784988403
v -0.16132724285125732 0.06328793615102768 -0.4385356605052948
v -0.08163949847221375 0.06453722715377808 -0.44324973225593567
v -0.07619806379079819 0.019006546586751938 -0.44939884543418884
v -0.06801285594701767 -0.020988253876566887 -0.4276300370693207
v -0.06021035090088844 -0.04017051309347153 -0.3862582743167877
v -0.055770840495824814 -0.03121328353881836 -0.34108611941337585
v -0.05639007315039635 0.0024620839394629 -0.3093678951263428
v -0.061831507831811905 0.04799274355173111 -0.3032187521457672
v -0.07001671195030212 0.08798756450414658 -0.3249875605106354
v -0.07781922072172165 0.10716980695724487 -0.36635932326316833
v -0.08225873112678528 0.09821260720491409 -0.4115314781665802
v -0.08163949847221375 0.06453722715377808 -0.44324973225593567
v -0.005333134438842535 0.08592931926250458 -0.46242302656173706
v 0.0070426915772259235 0.030757293105125427 -0.47025373578071594
v 0.016777602955698967 -0.018653549253940582 -0.44337934255599976
v 0.020153192803263664 -0.043429963290691376 -0.3920649290084839
v 0.015880102291703224 -0.034108176827430725 -0.3359108567237854
v 0.00559050589799881 0.005751197692006826 -0.2963660955429077
v -0.006785320583730936 0.06092320755124092 -0.28853538632392883
v -0.01652023196220398 0.11033406108617783 -0.31540974974632263
v -0.019895823672413826 0.13511046767234802 -0.3667241632938385
v -0.015622732229530811 0.12578867375850677 -0.422878235578537
v -0.005333134438842535 0.08592931926250458 -0.46242302656173706
v 0.07230798155069351 0.12310673296451569 -0.482481986284256
v 0.10085287690162659 0.0505698099732399 -0.49164879322052
v 0.11619153618812561 -0.01680668070912361 -0.4544254243373871
v 0.11246512830257416 -0.05328724905848503 -0.38502994179725647
v 0.09109699726104736 -0.044937483966350555 -0.30996909737586975
v 0.06024904549121857 0.005053234752267599 -0.2579135000705719
v 0.03170415386557579 0.07759017497301102 -0.24874672293663025
v 0.01636548899114132 0.14496666193008423 -0.2859700918197632
v 0.020091906189918518 0.18144722282886505 -0.3553655743598938
v 0.041460029780864716 0.17309746146202087 -0.4304264187812805
v 0.07230798155069351 0.12310673296451569 -0.482481986284256
v 0.14980699121952057 0.16714780032634735 -0.47908806800842285
v 0.19241181015968323 0.08344055712223053 -0.48728761076927185
v 0.21053385734558105 0.0023805834352970123 -0.4426761269569397
v 0.19725117087364197 -0.04506992921233177 -0.3622938096523285
v 0.15763723850250244 -0.040786512196063995 -0.2768438160419464
v 0.10682323575019836 0.01359472144395113 -0.21896523237228394
v 0.0642184242606163 0.09730198234319687 -0.21076570451259613
v 0.04609636589884758 0.1783619225025177 -0.2553771734237671
v 0.05937907099723816 0.22581246495246887 -0.3357595205307007
v 0.09899301081895828 0.2215290367603302 -0.42120951414108276
v 0.14980699121952057 0.16714780032634735 -0.47908806800842285
v 0.22620806097984314 0.20135058462619781 -0.43466657400131226
v 0.2680494487285614 0.11923100799322128 -0.4426923394203186
v 0.27845126390457153 0.036330439150333405 -0.40296775102615356
v 0.25344040989875793 -0.01568584330379963 -0.33066630363464355
v 0.2025701403617859 -0.016949476674199104 -0.2534046471118927
v 0.14527122676372528 0.03302228823304176 -0.20069415867328644
v 0.10342985391616821 0.1151418685913086 -0.19266842305660248
v 0.09302802383899689 0.1980423927307129 -0.23239301145076752
v 0.11803889274597168 0.25005874037742615 -0.3046944737434387
v 0.16890913248062134 0.25132232904434204 -0.3819560706615448
v 0.22620806097984314 0.20135058462619781 -0.43466657400131226
v 0.29005080461502075 0.21238242089748383 -0.35280749201774597
v 0.32116225361824036 0.14521867036819458 -0.36141878366470337
v 0.3201138973236084 0.07474285364151001 -0.33722981810569763
v 0.2873062193393707 0.027874309569597244 -0.289480060338974
v 0.23527058959007263 0.02251526340842247 -0.23640821874141693
v 0.18388289213180542 0.060712650418281555 -0.19828595221042633
v 0.15277142822742462 0.1278763860464096 -0.18967469036579132
v 0.15381976962089539 0.19835224747657776 -0.21386362612247467
v 0.18662746250629425 0.24522078037261963 -0.2616133987903595
v 0.23866309225559235 0.250579833984375 -0.31468522548675537
v 0.29005080461502075 0.21238242089748383 -0.35280749201774597
v 0.32920128107070923 0.20785358548164368 -0.26586732268333435
v 0.35149264335632324 0.1591920554637909 -0.27236369252204895
v 0.3467562198638916 0.10699977725744247 -0.25969159603118896
v 0.3168012797832489 0.07121237367391586 -0.23269131779670715
v 0.2730695307254791 0.06549948453903198 -0.20167605578899384
v 0.23226501047611237 0.0920431837439537 -0.17849256098270416
v 0.20997367799282074 0.14070472121238708 -0.17199617624282837
v 0.2147100567817688 0.1928969919681549 -0.18466827273368835
v 0.2446650117635727 0.22868438065052032 -0.21166856586933136
v 0.2883967459201813 0.2343972623348236 -0.24268382787704468
v 0.32920128107070923 0.20785358548164368 -0.26586732268333435
v 0.3647133409976959 0.20721663534641266 -0.18461212515830994
v 0.3828486204147339 0.1652599275112152 -0.1919860988855362
v 0.3750970661640167 0.11981803178787231 -0.1876758188009262
v 0.34441959857940674 0.08824823796749115 -0.17332768440246582
v 0.30253392457962036 0.08260911703109741 -0.15442217886447906
v 0.26543891429901123 0.10505463182926178 -0.13818056881427765
v 0.24730367958545685 0.14701133966445923 -0.1308065801858902
v 0.25505518913269043 0.19245323538780212 -0.13511686027050018
v 0.2857326865196228 0.2240229845046997 -0.14946499466896057
v 0.3276183605194092 0.22966210544109344 -0.16837051510810852
v 0.3647133409976959 0.20721663534641266 -0.18461212515830994
v 0.40675267577171326 0.20998363196849823 -0.09603852033615112
v 0.4272301495075226 0.1585984081029892 -0.11148175597190857
v 0.4129180312156677 0.10376454144716263 -0.12079169601202011
v 0.3692830801010132 0.06642674654722214 -0.12041223794221878
v 0.3129924237728119 0.060846779495477676 -0.11048833280801773
v 0.26554709672927856 0.08915598690509796 -0.09481056779623032
v 0.24506962299346924 0.140541210770607 -0.07936733216047287
v 0.2593817412853241 0.19537504017353058 -0.07005739212036133
v 0.30301666259765625 0.23271286487579346 -0.07043685019016266
v 0.3593073785305023 0.23829282820224762 -0.08036075532436371
v 0.40675267577171326 0.20998363196849823 -0.09603852033615112
v 0.4425525367259979 0.20593196153640747 -0.003547173459082842
v 0.4704252779483795 0.13603053987026215 -0.027211913838982582
v 0.44959887862205505 0.06382865458726883 -0.051217369735240936
v 0.38802826404571533 0.016904912889003754 -0.06639427691698074
v 0.30923134088516235 0.01318262703716755 -0.06694556772708893
v 0.24330583214759827 0.05408356338739395 -0.05266067385673523
v 0.21543307602405548 0.12398497015237808 -0.02899593487381935
v 0.23625947535037994 0.1961868703365326 -0.004990475717931986
v 0.29783010482788086 0.24311061203479767 0.01018643006682396
v 0.37662699818611145 0.24683286249637604 0.010737721808254719
v 0.4425525367259979 0.20593196153640747 -0.003547173459082842
v 0.45492109656333923 0.19229482114315033 0.08700233697891235
v 0.4876454472541809 0.10624104738235474 0.06600328534841537
v 0.46295127272605896 0.020688803866505623 0.034569188952445984
v 0.3902708888053894 -0.03168388083577156 0.004706819541752338
v 0.29736578464508057 -0.03087240643799305 -0.012177415192127228
v 0.21972253918647766 0.02281324751675129 -0.009634309448301792
v 0.18699820339679718 0.10886701941490173 0.011364753358066082
v 0.21169237792491913 0.1944192796945572 0.04279885068535805
v 0.2843727469444275 0.24679197371006012 0.07266121357679367
v 0.37727785110473633 0.24598050117492676 0.08954545110464096
v 0.45492109656333923 0.19229482114315033 0.08700233697891235
v 0.4257911145687103 0.16273345053195953 0.17331258952617645
v 0.45645779371261597 0.07718682289123535 0.1571785807609558
v 0.43426212668418884 -0.0043206834234297276 0.11999182403087616
v 0.3676820695400238 -0.05065596476197243 0.07595640420913696
v 0.2821490168571472 -0.04412054270505905 0.041892342269420624
v 0.21033364534378052 0.012789313681423664 0.030810970813035965
v 0.17966696619987488 0.09833595901727676 0.046944983303546906
v 0.201862633228302 0.1798434555530548 0.08413174748420715
v 0.26844269037246704 0.22617873549461365 0.12816716730594635
v 0.35397574305534363 0.21964332461357117 0.1622312068939209
v 0.4257911145687103 0.16273345053195953 0.17331258952617645
v 0.365683376789093 0.12432201206684113 0.23120412230491638
v 0.3868776857852936 0.05362210050225258 0.22459107637405396
v 0.3695146143436432 -0.011549200862646103 0.19388873875141144
v 0.32022625207901 -0.04629867151379585 0.15082435309886932
v 0.2578390836715698 -0.037353213876485825 0.11184707283973694
v 0.20618288218975067 0.01187034323811531 0.09184487909078598
v 0.1849885731935501 0.08257026970386505 0.09845791757106781
v 0.2023516446352005 0.14774158596992493 0.12916027009487152
v 0.2516400218009949 0.18249106407165527 0.17222462594509125
v 0.31402719020843506 0.17354558408260345 0.21120192110538483
v 0.365683376789093 0.12432201206684113 0.23120412230491638
v 0.29494187235832214 0.09839791804552078 0.2704768180847168
v 0.3006928265094757 0.045495450496673584 0.27703431248664856
v 0.2839204668998718 -0.002426210092380643 0.2598021924495697
v 0.2510312795639038 -0.027062656357884407 0.22536250948905945
v 0.21458779275417328 -0.019003575667738914 0.18687011301517487
v 0.18851017951965332 0.01867271400988102 0.15902771055698395
v 0.18275918066501617 0.07157517224550247 0.15247021615505219
v 0.19953152537345886 0.11949685961008072 0.16970235109329224
v 0.23242071270942688 0.1441332846879959 0.2041420042514801
v 0.2688642144203186 0.1360742151737213 0.24263443052768707
v 0.29494187235832214 0.09839791804552078 0.2704768180847168
v 0.2262519747018814 0.10261932015419006 0.3086162805557251
v 0.22218963503837585 0.0581788569688797 0.32110586762428284
v 0.20438125729560852 0.01723082922399044 0.3087136745452881
v 0.17962898313999176 -0.004584034439176321 0.2761731743812561
v 0.1573874056339264 0.0010668091708794236 0.2359136939048767
v 0.14615200459957123 0.03202495351433754 0.20331300795078278
v 0.15021434426307678 0.0764654129743576 0.19082342088222504
v 0.16802272200584412 0.1174134612083435 0.2032155841588974
v 0.19277499616146088 0.13922832906246185 0.23575609922409058
v 0.21501658856868744 0.13357745110988617 0.27601557970046997
v 0.2262519747018814 0.10261932015419006 0.3086162805557251
v 0.16583038866519928 0.13303984701633453 0.3544987738132477
v 0.15399378538131714 0.079678013920784 0.373238742351532
v 0.1310451477766037 0.02884492836892605 0.35813450813293457
v 0.10575001686811447 -0.00004283711314201355 0.314955472946167
v 0.08777029812335968 0.0040488229133188725 0.26019445061683655
v 0.08397363126277924 0.03955705836415291 0.21476836502552032
v 0.09581020474433899 0.09291891753673553 0.19602839648723602
v 0.11875885725021362 0.14375197887420654 0.21113260090351105
v 0.14405398070812225 0.17263978719711304 0.2543116807937622
v 0.16203372180461884 0.1685481071472168 0.30907267332077026
v 0.16583038866519928 0.13303984701633453 0.3544987738132477
v 0.10470074415206909 0.18021298944950104 0.39816489815711975
v 0.0759638100862503 0.11208097636699677 0.42676499485969543
v 0.041709382086992264 0.04345906898379326 0.40667977929115295
v 0.01502149272710085 0.0005584940081462264 0.34558114409446716
v 0.006094001699239016 -0.000234164297580719 0.26680663228034973
v 0.018336908891797066 0.04138382524251938 0.2004455029964447
v 0.047073837369680405 0.10951583832502365 0.17184540629386902
v 0.08132826536893845 0.17813777923583984 0.1919306069612503
v 0.10801616311073303 0.221038356423378 0.2530292570590973
v 0.11694364994764328 0.22183100879192352 0.3318037688732147
v 0.10470074415206909 0.18021298944950104 0.39816489815711975
v 0.033132150769233704 0.23377199470996857 0.4174728989601135
v -0.009708746336400509 0.15668970346450806 0.4516291320323944
v -0.0494205616414547 0.07427377998828888 0.4276653528213501
v -0.07083472609519958 0.018004346638917923 0.3547348380088806
v -0.06577177345752716 0.00937441922724247 0.26069459319114685
v -0.03616555780172348 0.0516803115606308 0.1814648061990738
v 0.006675335578620434 0.1287626177072525 0.1473085582256317
v 0.04638714715838432 0.21117855608463287 0.1712723970413208
v 0.06780131906270981 0.26744797825813293 0.24420291185379028
v 0.06273835897445679 0.27607789635658264 0.33824312686920166
v 0.033132150769233704 0.23377199470996857 0.4174728989601135
v -0.06702582538127899 0.2742769420146942 0.3929184377193451
v -0.10364637523889542 0.1971081793308258 0.42730042338371277
v -0.12525367736816406 0.10976500064134598 0.4077428877353668
v -0.12359445542097092 0.04560954123735428 0.3417161703109741
v -0.09930248558521271 0.029146991670131683 0.2544402480125427
v -0.06165647879242897 0.06666548550128937 0.1792515516281128
v -0.025035930797457695 0.14383423328399658 0.14486956596374512
v -0.003428636584430933 0.2311774492263794 0.16442710161209106
v -0.005087855271995068 0.2953328788280487 0.23045378923416138
v -0.029379820451140404 0.3117954432964325 0.3177296817302704
v -0.06702582538127899 0.2742769420146942 0.3929184377193451
v -0.15882140398025513 0.2742798626422882 0.32629716396331787
v -0.1857624500989914 0.21196994185447693 0.3549615740776062
v -0.18977090716362 0.13896825909614563 0.34575968980789185
v -0.16931568086147308 0.08315890282392502 0.3022063672542572
v -0.13220994174480438 0.06585920602083206 0.2409374713897705
v -0.09262686222791672 0.09367702901363373 0.18535564839839935
v -0.06568581610918045 0.1559869349002838 0.1566912978887558
v -0.06167736276984215 0.2289886176586151 0.16589316725730896
v -0.08213260769844055 0.2847979962825775 0.2094464749097824
v -0.11923832446336746 0.3020976781845093 0.2707153558731079
v -0.15882140398025513 0.2742798626422882 0.32629716396331787
v -0.22301071882247925 0.25179097056388855 0.2477063089609146
v -0.24080365896224976 0.20665530860424042 0.26982706785202026
v -0.23549407720565796 0.15359920263290405 0.2698226571083069
v -0.2091100513935089 0.11288823187351227 0.247694730758667
v -0.17172940075397491 0.10007265210151672 0.2118953913450241
v -0.13763025403022766 0.12004755437374115 0.1760988086462021
v -0.11983732134103775 0.16518321633338928 0.15397806465625763
v -0.12514691054821014 0.21823933720588684 0.1539824903011322
v -0.151530921459198 0.25895029306411743 0.1761104166507721
v -0.188911572098732 0.27176588773727417 0.21190974116325378
v -0.22301071882247925 0.25179097056388855 0.2477063089609146
v -0.2757768929004669 0.22085773944854736 0.16526031494140625
v -0.2877882421016693 0.18291717767715454 0.1890963613986969
v -0.27416837215423584 0.14020249247550964 0.20100727677345276
v -0.24011969566345215 0.10902916640043259 0.19644349813461304
v -0.19864758849143982 0.10130444914102554 0.17714819312095642
v -0.1655929982662201 0.11997883766889572 0.15049152076244354
v -0.1535816639661789 0.15791940689086914 0.1266554594039917
v -0.16720150411128998 0.20063409209251404 0.11474455147981644
v -0.20125018060207367 0.2318074107170105 0.11930835992097855
v -0.242722287774086 0.23953212797641754 0.13860365748405457
v -0.2757768929004669 0.22085773944854736 0.16526031494140625
v -0.3201964795589447 0.1968446522951126 0.0922255665063858
v -0.33604133129119873 0.1483830064535141 0.12016090005636215
v -0.3170330822467804 0.09708411246538162 0.13983547687530518
v -0.2704320549964905 0.06254246830940247 0.14373424649238586
v -0.21403832733631134 0.057951781898736954 0.13036803901195526
v -0.1693924218416214 0.0850655809044838 0.10484227538108826
v -0.1535474956035614 0.1335272639989853 0.07690694183111191
v -0.17255578935146332 0.18482616543769836 0.05723237246274948
v -0.21915680170059204 0.21936777234077454 0.0533335916697979
v -0.27555051445961 0.22395849227905273 0.0666997954249382
v -0.3201964795589447 0.1968446522951126 0.0922255665063858
v -0.3590547442436218 0.18570813536643982 0.009650913998484612
v -0.3825370967388153 0.11368072032928467 0.034327950328588486
v -0.3567829132080078 0.04243563488125801 0.05900971218943596
v -0.29162949323654175 -0.0008138694101944566 0.07426860183477402
v -0.21196311712265015 0.0004520088550634682 0.07427625358104706
v -0.14821375906467438 0.04574976861476898 0.05902973189949989
v -0.12473142147064209 0.11777719855308533 0.03435269370675087
v -0.1504855751991272 0.1890222579240799 0.009670931845903397
v -0.21563903987407684 0.23227180540561676 -0.005587961990386248
v -0.29530537128448486 0.23100590705871582 -0.005595607683062553
v -0.3590547442436218 0.18570813536643982 0.009650913998484612
v -0.36774516105651855 0.17340606451034546 -0.08077418804168701
v -0.3935565948486328 0.08324235677719116 -0.06760922074317932
v -0.3625832200050354 -0.0022241384722292423 -0.041054315865039825
v -0.28665584325790405 -0.05034815892577171 -0.011252541095018387
v -0.19477608799934387 -0.04274795576930046 0.010412831790745258
v -0.12203898280858994 0.017673460766673088 0.01566637121140957
v -0.09622757136821747 0.10783716291189194 0.0025014036800712347
v -0.12720096111297607 0.193303644657135 -0.024053502827882767
v -0.20312833786010742 0.24142764508724213 -0.053855277597904205
v -0.2950080931186676 0.23382744193077087 -0.07552064955234528
v -0.36774516105651855 0.17340606451034546 -0.08077418804168701
v -0.33565017580986023 0.17072415351867676 -0.14765596389770508
v -0.3424907624721527 0.08410954475402832 -0.17744767665863037
v -0.301950067281723 0.0016991570591926575 -0.17625929415225983
v -0.22951321303844452 -0.04502902552485466 -0.14454473555088043
v -0.15284864604473114 -0.0382264144718647 -0.09441788494586945
v -0.10123959183692932 0.019508590921759605 -0.04502549022436142
v -0.09439899027347565 0.10612322390079498 -0.015233775600790977
v -0.13493971526622772 0.18853363394737244 -0.016422158107161522
v -0.20737655460834503 0.23526182770729065 -0.04813671484589577
v -0.2840411365032196 0.2284592092037201 -0.09826356917619705
v -0.33565017580986023 0.17072415351867676 -0.14765596389770508
v -0.26440107822418213 0.1850392371416092 -0.19410233199596405
v -0.2576298117637634 0.12316057831048965 -0.23275451362133026
v -0.21990902721881866 0.06059398129582405 -0.2383558750152588
v -0.16564679145812988 0.021237801760435104 -0.208766907453537
v -0.11556939780712128 0.020124727860093117 -0.15528956055641174
v -0.08880475163459778 0.057679932564496994 -0.098350390791893
v -0.09557598829269409 0.11955858767032623 -0.05969822034239769
v -0.13329677283763885 0.18212516605854034 -0.054096851497888565
v -0.18755902349948883 0.2214813232421875 -0.08368583023548126
v -0.23763641715049744 0.22259443998336792 -0.1371631622314453
v -0.26440107822418213 0.1850392371416092 -0.19410233199596405
v -0.18270312249660492 0.20571517944335938 -0.22123976051807404
v -0.17090991139411926 0.16573165357112885 -0.2540191411972046
v -0.14217309653759003 0.12144968658685684 -0.25907447934150696
v -0.10746919363737106 0.08978355675935745 -0.2344748079776764
v -0.08005388081073761 0.0828285813331604 -0.1896163821220398
v -0.07039888203144073 0.10324136912822723 -0.1416335552930832
v -0.08219209313392639 0.14322489500045776 -0.10885418206453323
v -0.11092888563871384 0.18750686943531036 -0.10379885137081146
v -0.1456328183412552 0.21917299926280975 -0.12839852273464203
v -0.17304812371730804 0.2261279821395874 -0.17325694859027863
v -0.18270312249660492 0.20571517944335938 -0.22123976051807404
v -0.1106005385518074 0.24498161673545837 -0.23831963539123535
v -0.09608809649944305 0.2127472162246704 -0.26844221353530884
v -0.0720374584197998 0.17322249710559845 -0.27249202132225037
v -0.04763518646359444 0.14150451123714447 -0.2489221841096878
v -0.032202091068029404 0.12970851361751556 -0.2067355364561081
v -0.03163309767842293 0.14234013855457306 -0.16204598546028137
v -0.046145543456077576 0.17457455396652222 -0.1319233924150467
v -0.07019616663455963 0.21409927308559418 -0.12787358462810516
v -0.0945984497666359 0.24581725895404816 -0.15144342184066772
v -0.11003154516220093 0.25761327147483826 -0.19363006949424744
v -0.1106005385518074 0.24498161673545837 -0.23831963539123535
v -0.007128832396119833 0.2989162802696228 -0.24906986951828003
v 0.0037926514632999897 0.2557655870914459 -0.28702512383461
v 0.010840623639523983 0.19792383909225464 -0.2921748161315918
v 0.011322997510433197 0.14748457074165344 -0.2625519633293152
v 0.005055522080510855 0.12371397763490677 -0.20947147905826569
v -0.005567838903516531 0.13569149374961853 -0.15320830047130585
v -0.01648932322859764 0.1788421869277954 -0.11525306105613708
v -0.023537294939160347 0.2366839349269867 -0.11010336130857468
v -0.024019667878746986 0.2871231436729431 -0.13972622156143188
v -0.01775219291448593 0.31089380383491516 -0.1928066909313202
v -0.007128832396119833 0.2989162802696228 -0.24906986951828003
v 0.1122223362326622 0.32103225588798523 -0.22814983129501343
v 0.12349429726600647 0.26220956444740295 -0.28128793835639954
v 0.11051318794488907 0.18451568484306335 -0.29563969373703003
v 0.07823736220598221 0.11762697994709015 -0.26572316884994507
v 0.03899509087204933 0.08709270507097244 -0.20296549797058105
v 0.007775580510497093 0.10457587987184525 -0.1313379406929016
v -0.0034963730722665787 0.16339857876300812 -0.0781998261809349
v 0.009484732523560524 0.24109245836734772 -0.0638480857014656
v 0.041760556399822235 0.3079811930656433 -0.09376460313796997
v 0.08100282400846481 0.3385154604911804 -0.15652227401733398
v 0.1122223362326622 0.32103225588798523 -0.22814983129501343
v 0.22947227954864502 0.275257408618927 -0.15642869472503662
v 0.23465564846992493 0.210358127951622 -0.22538074851036072
v 0.1918274462223053 0.13437287509441376 -0.2625983655452728
v 0.11734657734632492 0.07632540911436081 -0.25386571884155273
v 0.0396621935069561 0.05838792026042938 -0.20251837372779846
v -0.01155290100723505 0.08741191774606705 -0.12816926836967468
v -0.016736285760998726 0.15231119096279144 -0.059217244386672974
v 0.026091914623975754 0.2282964438199997 -0.02199961617588997
v 0.10057279467582703 0.28634393215179443 -0.03073226287961006
v 0.17825716733932495 0.3042813837528229 -0.08207960426807404
v 0.22947227954864502 0.275257408618927 -0.15642869472503662
v 0.26023054122924805 0.22947710752487183 -0.09863205999135971
v 0.2793983221054077 0.15051081776618958 -0.14094768464565277
v 0.24514266848564148 0.06892165541648865 -0.16468484699726105
v 0.17054800689220428 0.01587393879890442 -0.16077670454978943
v 0.08410704135894775 0.011630091816186905 -0.13071607053279877
v 0.018837247043848038 0.05781111121177673 -0.08598507940769196
v -0.00033052818616852164 0.13677741587162018 -0.043669443577528
v 0.03392515331506729 0.2183665633201599 -0.019932297989726067
v 0.1085197851061821 0.27141427993774414 -0.02384042739868164
v 0.19496075809001923 0.27565813064575195 -0.053901057690382004
v 0.26023054122924805 0.22947710752487183 -0.09863205999135971
v 0.24749258160591125 0.19201351702213287 -0.023239746689796448
v 0.268117219209671 0.12214212864637375 -0.023945128545165062
v 0.24373656511306763 0.05350109934806824 -0.02531519904732704
v 0.18366320431232452 0.012308982200920582 -0.02682664431631565
v 0.11084312200546265 0.014299744740128517 -0.027902137488126755
v 0.053091127425432205 0.05871301144361496 -0.028130879625678062
v 0.032466497272253036 0.12858439981937408 -0.0274254959076643
v 0.05684714764356613 0.1972253918647766 -0.02605542540550232
v 0.11692050844430923 0.23841755092144012 -0.02454398199915886
v 0.18974058330059052 0.23642675578594208 -0.023468488827347755
v 0.24749258160591125 0.19201351702213287 -0.023239746689796448
v 0.20770445466041565 0.2006678432226181 0.0247416440397501
v 0.21384479105472565 0.16620153188705444 0.06419333070516586
v 0.1899622231721878 0.12793277204036713 0.0915280431509018
v 0.14517910778522491 0.10047882050275803 0.09630484879016876
v 0.09660106152296066 0.09432622790336609 0.0766991600394249
v 0.06278324872255325 0.11182502657175064 0.04019969701766968
v 0.05664291977882385 0.14629130065441132 0.0007480066851712763
v 0.0805254727602005 0.18456010520458221 -0.026586705818772316
v 0.12530860304832458 0.21201404929161072 -0.031363505870103836
v 0.17388664186000824 0.21816664934158325 -0.011757822707295418
v 0.20770445466041565 0.2006678432226181 0.0247416440397501
v 0.15921029448509216 0.25412896275520325 0.07314632833003998
v 0.1600218415260315 0.2302405685186386 0.11303995549678802
v 0.13903500139713287 0.1963987648487091 0.13706284761428833
v 0.10426601022481918 0.16552996635437012 0.13603904843330383
v 0.06899546086788177 0.14942492544651031 0.11035963892936707
v 0.046695493161678314 0.1542353332042694 0.06983326375484467
v 0.04588394984602928 0.17812369763851166 0.02993962913751602
v 0.0668708011507988 0.21196551620960236 0.005916743539273739
v 0.10163979232311249 0.24283432960510254 0.0069405329413712025
v 0.1369103491306305 0.25893932580947876 0.03261994943022728
v 0.15921029448509216 0.25412896275520325 0.07314632833003998
v 0.12686096131801605 0.3157655596733093 0.09849422425031662
v 0.12667815387248993 0.2868387997150421 0.1497546285390854
v 0.09983846545219421 0.24430818855762482 0.1803356409072876
v 0.056593749672174454 0.20441901683807373 0.17855636775493622
v 0.01346201729029417 0.18240754306316376 0.14509643614292145
v -0.01308187935501337 0.18668143451213837 0.0927363708615303
v -0.012899070046842098 0.21560819447040558 0.04147597402334213
v 0.013940617442131042 0.2581388056278229 0.010894954204559326
v 0.0571853332221508 0.29802796244621277 0.012674229219555855
v 0.10031706839799881 0.32003945112228394 0.04613417387008667
v 0.12686096131801605 0.3157655596733093 0.09849422425031662
vt 0 0
vt 0 0.10000000149011612
vt 0 0.20000000298023224
vt 0 0.30000001192092896
vt 0 0.4000000059604645
vt 0 0.5
vt 0 0.6000000238418579
vt 0 0.699999988079071
vt 0 0.800000011920929
vt 0 0.8999999761581421
vt 0 1
vt 0.0062500000931322575 0
vt 0.0062500000931322575 0.10000000149011612
vt 0.0062500000931322575 0.20000000298023224
vt 0.0062500000931322575 0.30000001192092896
vt 0.0062500000931322575 0.4000000059604645
vt 0.0062500000931322575 0.5
vt 0.0062500000931322575 0.6000000238418579
vt 0.0062500000931322575 0.699999988079071
vt 0.0062500000931322575 0.800000011920929
vt 0.0062500000931322575 0.8999999761581421
vt 0.0062500000931322575 1
vt 0.012500000186264515 0
vt 0.012500000186264515 0.10000000149011612
vt 0.012500000186264515 0.20000000298023224
vt 0.012500000186264515 0.30000001192092896
vt 0.012500000186264515 0.4000000059604645
vt 0.012500000186264515 0.5
vt 0.012500000186264515 0.6000000238418579
vt 0.012500000186264515 0.699999988079071
vt 0.012500000186264515 0.800000011920929
vt 0.012500000186264515 0.8999999761581421
vt 0.012500000186264515 1
vt 0.01875000074505806 0
vt 0.01875000074505806 0.10000000149011612
vt 0.01875000074505806 0.20000000298023224
vt 0.01875000074505806 0.30000001192092896
vt 0.01875000074505806 0.4000000059604645
vt 0.01875000074505806 0.5
vt 0.01875000074505806 0.6000000238418579
vt 0.01875000074505806 0.699999988079071
vt 0.01875000074505806 0.800000011920929
vt 0.01875000074505806 0.8999999761581421
vt 0.01875000074505806 1
vt 0.02500000037252903 0
vt 0.02500000037252903 0.10000000149011612
vt 0.02500000037252903 0.20000000298023224
vt 0.02500000037252903 0.30000001192092896
vt 0.02500000037252903 0.4000000059604645
vt 0.02500000037252903 0.5
vt 0.02500000037252903 0.6000000238418579
vt 0.02500000037252903 0.699999988079071
vt 0.02500000037252903 0.800000011920929
vt 0.02500000037252903 0.8999999761581421
vt 0.02500000037252903 1
vt 0.03125 0
vt 0.03125 0.10000000149011612
vt 0.03125 0.20000000298023224
vt 0.03125 0.30000001192092896
vt 0.03125 0.4000000059604645
vt 0.03125 0.5
vt 0.03125 0.6000000238418579
vt 0.03125 0.699999988079071
vt 0.03125 0.800000011920929
vt 0.03125 0.8999999761581421
vt 0.03125 1
vt 0.03750000149011612 0
vt 0.03750000149011612 0.10000000149011612
vt 0.03750000149011612 0.20000000298023224
vt 0.03750000149011612 0.30000001192092896
vt 0.03750000149011612 0.4000000059604645
vt 0.03750000149011612 0.5
vt 0.03750000149011612 0.6000000238418579
vt 0.03750000149011612 0.699999988079071
vt 0.03750000149011612 0.800000011920929
vt 0.03750000149011612 0.8999999761581421
vt 0.03750000149011612 1
vt 0.04374999925494194 0
vt 0.04374999925494194 0.10000000149011612
vt 0.04374999925494194 0.20000000298023224
vt 0.04374999925494194 0.30000001192092896
vt 0.04374999925494194 0.4000000059604645
vt 0.04374999925494194 0.5
vt 0.04374999925494194 0.6000000238418579
vt 0.04374999925494194 0.699999988079071
vt 0.04374999925494194 0.800000011920929
vt 0.04374999925494194 0.8999999761581421
vt 0.04374999925494194 1
vt 0.05000000074505806 0
vt 0.05000000074505806 0.10000000149011612
vt 0.05000000074505806 0.20000000298023224
vt 0.05000000074505806 0.30000001192092896
vt 0.05000000074505806 0.4000000059604645
vt 0.05000000074505806 0.5
vt 0.05000000074505806 0.6000000238418579
vt 0.05000000074505806 0.699999988079071
vt 0.05000000074505806 0.800000011920929
vt 0.05000000074505806 0.8999999761581421
vt 0.05000000074505806 1
vt 0.05624999850988388 0
vt 0.05624999850988388 0.10000000149011612
vt 0.05624999850988388 0.20000000298023224
vt 0.05624999850988388 0.30000001192092896
vt 0.05624999850988388 0.4000000059604645
vt 0.05624999850988388 0.5
vt 0.05624999850988388 0.6000000238418579
vt 0.05624999850988388 0.699999988079071
vt 0.05624999850988388 0.800000011920929
vt 0.05624999850988388 0.8999999761581421
vt 0.05624999850988388 1
vt 0.0625 0
vt 0.0625 0.10000000149011612
vt 0.0625 0.20000000298023224
vt 0.0625 0.30000001192092896
vt 0.0625 0.4000000059604645
vt 0.0625 0.5
vt 0.0625 0.6000000238418579
vt 0.0625 0.699999988079071
vt 0.0625 0.800000011920929
vt 0.0625 0.8999999761581421
vt 0.0625 1
vt 0.06875000149011612 0
vt 0.06875000149011612 0.10000000149011612
vt 0.06875000149011612 0.20000000298023224
vt 0.06875000149011612 0.30000001192092896
vt 0.06875000149011612 0.4000000059604645
vt 0.06875000149011612 0.5
vt 0.06875000149011612 0.6000000238418579
vt 0.06875000149011612 0.699999988079071
vt 0.06875000149011612 0.800000011920929
vt 0.06875000149011612 0.8999999761581421
vt 0.06875000149011612 1
vt 0.07500000298023224 0
vt 0.07500000298023224 0.10000000149011612
vt 0.07500000298023224 0.20000000298023224
vt 0.07500000298023224 0.30000001192092896
vt 0.07500000298023224 0.4000000059604645
vt 0.07500000298023224 0.5
vt 0.07500000298023224 0.6000000238418579
vt 0.07500000298023224 0.699999988079071
vt 0.07500000298023224 0.800000011920929
vt 0.07500000298023224 0.8999999761581421
vt 0.07500000298023224 1
vt 0.08124999701976776 0
vt 0.08124999701976776 0.10000000149011612
vt 0.08124999701976776 0.20000000298023224
vt 0.08124999701976776 0.30000001192092896
vt 0.08124999701976776 0.4000000059604645
vt 0.08124999701976776 0.5
vt 0.08124999701976776 0.6000000238418579
vt 0.08124999701976776 0.699999988079071
vt 0.08124999701976776 0.800000011920929
vt 0.08124999701976776 0.8999999761581421
vt 0.08124999701976776 1
vt 0.08749999850988388 0
vt 0.08749999850988388 0.10000000149011612
vt 0.08749999850988388 0.20000000298023224
vt 0.08749999850988388 0.30000001192092896
vt 0.08749999850988388 0.4000000059604645
vt 0.08749999850988388 0.5
vt 0.08749999850988388 0.6000000238418579
vt 0.08749999850988388 0.699999988079071
vt 0.08749999850988388 0.800000011920929
vt 0.08749999850988388 0.8999999761581421
vt 0.08749999850988388 1
vt 0.09375 0
vt 0.09375 0.10000000149011612
vt 0.09375 0.20000000298023224
vt 0.09375 0.30000001192092896
vt 0.09375 0.4000000059604645
vt 0.09375 0.5
vt 0.09375 0.6000000238418579
vt 0.09375 0.699999988079071
vt 0.09375 0.800000011920929
vt 0.09375 0.8999999761581421
vt 0.09375 1
vt 0.10000000149011612 0
vt 0.10000000149011612 0.10000000149011612
vt 0.10000000149011612 0.20000000298023224
vt 0.10000000149011612 0.30000001192092896
vt 0.10000000149011612 0.4000000059604645
vt 0.10000000149011612 0.5
vt 0.10000000149011612 0.6000000238418579
vt 0.10000000149011612 0.699999988079071
vt 0.10000000149011612 0.800000011920929
vt 0.10000000149011612 0.8999999761581421
vt 0.10000000149011612 1
vt 0.10625000298023224 0
vt 0.10625000298023224 0.10000000149011612
vt 0.10625000298023224 0.20000000298023224
vt 0.10625000298023224 0.30000001192092896
vt 0.10625000298023224 0.4000000059604645
vt 0.10625000298023224 0.5
vt 0.10625000298023224 0.6000000238418579
vt 0.10625000298023224 0.699999988079071
vt 0.10625000298023224 0.800000011920929
vt 0.10625000298023224 0.8999999761581421
vt 0.10625000298023224 1
vt 0.11249999701976776 0
vt 0.11249999701976776 0.10000000149011612
vt 0.11249999701976776 0.20000000298023224
vt 0.11249999701976776 0.30000001192092896
vt 0.11249999701976776 0.4000000059604645
vt 0.11249999701976776 0.5
vt 0.11249999701976776 0.6000000238418579
vt 0.11249999701976776 0.699999988079071
vt 0.11249999701976776 0.800000011920929
vt 0.11249999701976776 0.8999999761581421
vt 0.11249999701976776 1
vt 0.11874999850988388 0
vt 0.11874999850988388 0.10000000149011612
vt 0.11874999850988388 0.20000000298023224
vt 0.11874999850988388 0.30000001192092896
vt 0.11874999850988388 0.4000000059604645
vt 0.11874999850988388 0.5
vt 0.11874999850988388 0.6000000238418579
vt 0.11874999850988388 0.699999988079071
vt 0.11874999850988388 0.800000011920929
vt 0.11874999850988388 0.8999999761581421
vt 0.11874999850988388 1
vt 0.125 0
vt 0.125 0.10000000149011612
vt 0.125 0.20000000298023224
vt 0.125 0.30000001192092896
vt 0.125 0.4000000059604645
vt 0.125 0.5
vt 0.125 0.6000000238418579
vt 0.125 0.699999988079071
vt 0.125 0.800000011920929
vt 0.125 0.8999999761581421
vt 0.125 1
vt 0.13124999403953552 0
vt 0.13124999403953552 0.10000000149011612
vt 0.13124999403953552 0.20000000298023224
vt 0.13124999403953552 0.30000001192092896
vt 0.13124999403953552 0.4000000059604645
vt 0.13124999403953552 0.5
vt 0.13124999403953552 0.6000000238418579
vt 0.13124999403953552 0.699999988079071
vt 0.13124999403953552 0.800000011920929
vt 0.13124999403953552 0.8999999761581421
vt 0.13124999403953552 1
vt 0.13750000298023224 0
vt 0.13750000298023224 0.10000000149011612
vt 0.13750000298023224 0.20000000298023224
vt 0.13750000298023224 0.30000001192092896
vt 0.13750000298023224 0.4000000059604645
vt 0.13750000298023224 0.5
vt 0.13750000298023224 0.6000000238418579
vt 0.13750000298023224 0.699999988079071
vt 0.13750000298023224 0.800000011920929
vt 0.13750000298023224 0.8999999761581421
vt 0.13750000298023224 1
vt 0.14374999701976776 0
vt 0.14374999701976776 0.10000000149011612
vt 0.14374999701976776 0.20000000298023224
vt 0.14374999701976776 0.30000001192092896
vt 0.14374999701976776 0.4000000059604645
vt 0.14374999701976776 0.5
vt 0.14374999701976776 0.6000000238418579
vt 0.14374999701976776 0.699999988079071
vt 0.14374999701976776 0.800000011920929
vt 0.14374999701976776 0.8999999761581421
vt 0.14374999701976776 1
vt 0.15000000596046448 0
vt 0.15000000596046448 0.10000000149011612
vt 0.15000000596046448 0.20000000298023224
vt 0.15000000596046448 0.30000001192092896
vt 0.15000000596046448 0.4000000059604645
vt 0.15000000596046448 0.5
vt 0.15000000596046448 0.6000000238418579
vt 0.15000000596046448 0.699999988079071
vt 0.15000000596046448 0.800000011920929
vt 0.15000000596046448 0.8999999761581421
vt 0.15000000596046448 1
vt 0.15625 0
vt 0.15625 0.10000000149011612
vt 0.15625 0.20000000298023224
vt 0.15625 0.30000001192092896
vt 0.15625 0.4000000059604645
vt 0.15625 0.5
vt 0.15625 0.6000000238418579
vt 0.15625 0.699999988079071
vt 0.15625 0.800000011920929
vt 0.15625 0.8999999761581421
vt 0.15625 1
vt 0.16249999403953552 0
vt 0.16249999403953552 0.10000000149011612
vt 0.16249999403953552 0.20000000298023224
vt 0.16249999403953552 0.30000001192092896
vt 0.16249999403953552 0.4000000059604645
vt 0.16249999403953552 0.5
vt 0.16249999403953552 0.6000000238418579
vt 0.16249999403953552 0.699999988079071
vt 0.16249999403953552 0.800000011920929
vt 0.16249999403953552 0.8999999761581421
vt 0.16249999403953552 1
vt 0.16875000298023224 0
vt 0.16875000298023224 0.10000000149011612
vt 0.16875000298023224 0.20000000298023224
vt 0.16875000298023224 0.30000001192092896
vt 0.16875000298023224 0.4000000059604645
vt 0.16875000298023224 0.5
vt 0.16875000298023224 0.6000000238418579
vt 0.16875000298023224 0.699999988079071
vt 0.16875000298023224 0.800000011920929
vt 0.16875000298023224 0.8999999761581421
vt 0.16875000298023224 1
vt 0.17499999701976776 0
vt 0.17499999701976776 0.10000000149011612
vt 0.17499999701976776 0.20000000298023224
vt 0.17499999701976776 0.30000001192092896
vt 0.17499999701976776 0.4000000059604645
vt 0.17499999701976776 0.5
vt 0.17499999701976776 0.6000000238418579
vt 0.17499999701976776 0.699999988079071
vt 0.17499999701976776 0.800000011920929
vt 0.17499999701976776 0.8999999761581421
vt 0.17499999701976776 1
vt 0.18125000596046448 0
vt 0.18125000596046448 0.10000000149011612
vt 0.18125000596046448 0.20000000298023224
vt 0.18125000596046448 0.30000001192092896
vt 0.18125000596046448 0.4000000059604645
vt 0.18125000596046448 0.5
vt 0.18125000596046448 0.6000000238418579
vt 0.18125000596046448 0.699999988079071
vt 0.18125000596046448 0.800000011920929
vt 0.18125000596046448 0.8999999761581421
vt 0.18125000596046448 1
vt 0.1875 0
vt 0.1875 0.10000000149011612
vt 0.1875 0.20000000298023224
vt 0.1875 0.30000001192092896
vt 0.1875 0.4000000059604645
vt 0.1875 0.5
vt 0.1875 0.6000000238418579
vt 0.1875 0.699999988079071
vt 0.1875 0.800000011920929
vt 0.1875 0.8999999761581421
vt 0.1875 1
vt 0.19374999403953552 0
vt 0.19374999403953552 0.10000000149011612
vt 0.19374999403953552 0.20000000298023224
vt 0.19374999403953552 0.30000001192092896
vt 0.19374999403953552 0.4000000059604645
vt 0.19374999403953552 0.5
vt 0.19374999403953552 0.6000000238418579
vt 0.19374999403953552 0.699999988079071
vt 0.19374999403953552 0.800000011920929
vt 0.19374999403953552 0.8999999761581421
vt 0.19374999403953552 1
vt 0.20000000298023224 0
vt 0.20000000298023224 0.10000000149011612
vt 0.20000000298023224 0.20000000298023224
vt 0.20000000298023224 0.30000001192092896
vt 0.20000000298023224 0.4000000059604645
vt 0.20000000298023224 0.5
vt 0.20000000298023224 0.6000000238418579
vt 0.20000000298023224 0.699999988079071
vt 0.20000000298023224 0.800000011920929
vt 0.20000000298023224 0.8999999761581421
vt 0.20000000298023224 1
vt 0.20624999701976776 0
vt 0.20624999701976776 0.10000000149011612
vt 0.20624999701976776 0.20000000298023224
vt 0.20624999701976776 0.30000001192092896
vt 0.20624999701976776 0.4000000059604645
vt 0.20624999701976776 0.5
vt 0.20624999701976776 0.6000000238418579
vt 0.20624999701976776 0.699999988079071
vt 0.20624999701976776 0.800000011920929
vt 0.20624999701976776 0.8999999761581421
vt 0.20624999701976776 1
vt 0.21250000596046448 0
vt 0.21250000596046448 0.10000000149011612
vt 0.21250000596046448 0.20000000298023224
vt 0.21250000596046448 0.30000001192092896
vt 0.21250000596046448 0.4000000059604645
vt 0.21250000596046448 0.5
vt 0.21250000596046448 0.6000000238418579
vt 0.21250000596046448 0.699999988079071
vt 0.21250000596046448 0.800000011920929
vt 0.21250000596046448 0.8999999761581421
vt 0.21250000596046448 1
vt 0.21875 0
vt 0.21875 0.10000000149011612
vt 0.21875 0.20000000298023224
vt 0.21875 0.30000001192092896
vt 0.21875 0.4000000059604645
vt 0.21875 0.5
vt 0.21875 0.6000000238418579
vt 0.21875 0.699999988079071
vt 0.21875 0.800000011920929
vt 0.21875 0.8999999761581421
vt 0.21875 1
vt 0.22499999403953552 0
vt 0.22499999403953552 0.10000000149011612
vt 0.22499999403953552 0.20000000298023224
vt 0.22499999403953552 0.30000001192092896
vt 0.22499999403953552 0.4000000059604645
vt 0.22499999403953552 0.5
vt 0.22499999403953552 0.6000000238418579
vt 0.22499999403953552 0.699999988079071
vt 0.22499999403953552 0.800000011920929
vt 0.22499999403953552 0.8999999761581421
vt 0.22499999403953552 1
vt 0.23125000298023224 0
vt 0.23125000298023224 0.10000000149011612
vt 0.23125000298023224 0.20000000298023224
vt 0.23125000298023224 0.30000001192092896
vt 0.23125000298023224 0.4000000059604645
vt 0.23125000298023224 0.5
vt 0.23125000298023224 0.6000000238418579
vt 0.23125000298023224 0.699999988079071
vt 0.23125000298023224 0.800000011920929
vt 0.23125000298023224 0.8999999761581421
vt 0.23125000298023224 1
vt 0.23749999701976776 0
vt 0.23749999701976776 0.10000000149011612
vt 0.23749999701976776 0.20000000298023224
vt 0.23749999701976776 0.30000001192092896
vt 0.23749999701976776 0.4000000059604645
vt 0.23749999701976776 0.5
vt 0.23749999701976776 0.6000000238418579
vt 0.23749999701976776 0.699999988079071
vt 0.23749999701976776 0.800000011920929
vt 0.23749999701976776 0.8999999761581421
vt 0.23749999701976776 1
vt 0.24375000596046448 0
vt 0.24375000596046448 0.10000000149011612
vt 0.24375000596046448 0.20000000298023224
vt 0.24375000596046448 0.30000001192092896
vt 0.24375000596046448 0.4000000059604645
vt 0.24375000596046448 0.5
vt 0.24375000596046448 0.6000000238418579
vt 0.24375000596046448 0.699999988079071
vt 0.24375000596046448 0.800000011920929
vt 0.24375000596046448 0.8999999761581421
vt 0.24375000596046448 1
vt 0.25 0
vt 0.25 0.10000000149011612
vt 0.25 0.20000000298023224
vt 0.25 0.30000001192092896
vt 0.25 0.4000000059604645
vt 0.25 0.5
vt 0.25 0.6000000238418579
vt 0.25 0.699999988079071
vt 0.25 0.800000011920929
vt 0.25 0.8999999761581421
vt 0.25 1
vt 0.2562499940395355 0
vt 0.2562499940395355 0.10000000149011612
vt 0.2562499940395355 0.20000000298023224
vt 0.2562499940395355 0.30000001192092896
vt 0.2562499940395355 0.4000000059604645
vt 0.2562499940395355 0.5
vt 0.2562499940395355 0.6000000238418579
vt 0.2562499940395355 0.699999988079071
vt 0.2562499940395355 0.800000011920929
vt 0.2562499940395355 0.8999999761581421
vt 0.2562499940395355 1
vt 0.26249998807907104 0
vt 0.26249998807907104 0.10000000149011612
vt 0.26249998807907104 0.20000000298023224
vt 0.26249998807907104 0.30000001192092896
vt 0.26249998807907104 0.4000000059604645
vt 0.26249998807907104 0.5
vt 0.26249998807907104 0.6000000238418579
vt 0.26249998807907104 0.699999988079071
vt 0.26249998807907104 0.800000011920929
vt 0.26249998807907104 0.8999999761581421
vt 0.26249998807907104 1
vt 0.26875001192092896 0
vt 0.26875001192092896 0.10000000149011612
vt 0.26875001192092896 0.20000000298023224
vt 0.26875001192092896 0.30000001192092896
vt 0.26875001192092896 0.4000000059604645
vt 0.26875001192092896 0.5
vt 0.26875001192092896 0.6000000238418579
vt 0.26875001192092896 0.699999988079071
vt 0.26875001192092896 0.800000011920929
vt 0.26875001192092896 0.8999999761581421
vt 0.26875001192092896 1
vt 0.2750000059604645 0
vt 0.2750000059604645 0.10000000149011612
vt 0.2750000059604645 0.20000000298023224
vt 0.2750000059604645 0.30000001192092896
vt 0.2750000059604645 0.4000000059604645
vt 0.2750000059604645 0.5
vt 0.2750000059604645 0.6000000238418579
vt 0.2750000059604645 0.699999988079071
vt 0.2750000059604645 0.800000011920929
vt 0.2750000059604645 0.8999999761581421
vt 0.2750000059604645 1
vt 0.28125 0
vt 0.28125 0.10000000149011612
vt 0.28125 0.20000000298023224
vt 0.28125 0.30000001192092896
vt 0.28125 0.4000000059604645
vt 0.28125 0.5
vt 0.28125 0.6000000238418579
vt 0.28125 0.699999988079071
vt 0.28125 0.800000011920929
vt 0.28125 0.8999999761581421
vt 0.28125 1
vt 0.2874999940395355 0
vt 0.2874999940395355 0.10000000149011612
vt 0.2874999940395355 0.20000000298023224
vt 0.2874999940395355 0.30000001192092896
vt 0.2874999940395355 0.4000000059604645
vt 0.2874999940395355 0.5
vt 0.2874999940395355 0.6000000238418579
vt 0.2874999940395355 0.699999988079071
vt 0.2874999940395355 0.800000011920929
vt 0.2874999940395355 0.8999999761581421
vt 0.2874999940395355 1
vt 0.29374998807907104 0
vt 0.29374998807907104 0.10000000149011612
vt 0.29374998807907104 0.20000000298023224
vt 0.29374998807907104 0.30000001192092896
vt 0.29374998807907104 0.4000000059604645
vt 0.29374998807907104 0.5
vt 0.29374998807907104 0.6000000238418579
vt 0.29374998807907104 0.699999988079071
vt 0.29374998807907104 0.800000011920929
vt 0.29374998807907104 0.8999999761581421
vt 0.29374998807907104 1
vt 0.30000001192092896 0
vt 0.30000001192092896 0.10000000149011612
vt 0.30000001192092896 0.20000000298023224
vt 0.30000001192092896 0.30000001192092896
vt 0.30000001192092896 0.4000000059604645
vt 0.30000001192092896 0.5
vt 0.30000001192092896 0.6000000238418579
vt 0.30000001192092896 0.699999988079071
vt 0.30000001192092896 0.800000011920929
vt 0.30000001192092896 0.8999999761581421
vt 0.30000001192092896 1
vt 0.3062500059604645 0
vt 0.3062500059604645 0.10000000149011612
vt 0.3062500059604645 0.20000000298023224
vt 0.3062500059604645 0.30000001192092896
vt 0.3062500059604645 0.4000000059604645
vt 0.3062500059604645 0.5
vt 0.3062500059604645 0.6000000238418579
vt 0.3062500059604645 0.699999988079071
vt 0.3062500059604645 0.800000011920929
vt 0.3062500059604645 0.8999999761581421
vt 0.3062500059604645 1
vt 0.3125 0
vt 0.3125 0.10000000149011612
vt 0.3125 0.20000000298023224
vt 0.3125 0.30000001192092896
vt 0.3125 0.4000000059604645
vt 0.3125 0.5
vt 0.3125 0.6000000238418579
vt 0.3125 0.699999988079071
vt 0.3125 0.800000011920929
vt 0.3125 0.8999999761581421
vt 0.3125 1
vt 0.3187499940395355 0
vt 0.3187499940395355 0.10000000149011612
vt 0.3187499940395355 0.20000000298023224
vt 0.3187499940395355 0.30000001192092896
vt 0.3187499940395355 0.4000000059604645
vt 0.3187499940395355 0.5
vt 0.3187499940395355 0.6000000238418579
vt 0.3187499940395355 0.699999988079071
vt 0.3187499940395355 0.800000011920929
vt 0.3187499940395355 0.8999999761581421
vt 0.3187499940395355 1
vt 0.32499998807907104 0
vt 0.32499998807907104 0.10000000149011612
vt 0.32499998807907104 0.20000000298023224
vt 0.32499998807907104 0.30000001192092896
vt 0.32499998807907104 0.4000000059604645
vt 0.32499998807907104 0.5
vt 0.32499998807907104 0.6000000238418579
vt 0.32499998807907104 0.699999988079071
vt 0.32499998807907104 0.800000011920929
vt 0.32499998807907104 0.8999999761581421
vt 0.32499998807907104 1
vt 0.33125001192092896 0
vt 0.33125001192092896 0.10000000149011612
vt 0.33125001192092896 0.20000000298023224
vt 0.33125001192092896 0.30000001192092896
vt 0.33125001192092896 0.4000000059604645
vt 0.33125001192092896 0.5
vt 0.33125001192092896 0.6000000238418579
vt 0.33125001192092896 0.699999988079071
vt 0.33125001192092896 0.800000011920929
vt 0.33125001192092896 0.8999999761581421
vt 0.33125001192092896 1
vt 0.3375000059604645 0
vt 0.3375000059604645 0.10000000149011612
vt 0.3375000059604645 0.20000000298023224
vt 0.3375000059604645 0.30000001192092896
vt 0.3375000059604645 0.4000000059604645
vt 0.3375000059604645 0.5
vt 0.3375000059604645 0.6000000238418579
vt 0.3375000059604645 0.699999988079071
vt 0.3375000059604645 0.800000011920929
vt 0.3375000059604645 0.8999999761581421
vt 0.3375000059604645 1
vt 0.34375 0
vt 0.34375 0.10000000149011612
vt 0.34375 0.20000000298023224
vt 0.34375 0.30000001192092896
vt 0.34375 0.4000000059604645
vt 0.34375 0.5
vt 0.34375 0.6000000238418579
vt 0.34375 0.699999988079071
vt 0.34375 0.800000011920929
vt 0.34375 0.8999999761581421
vt 0.34375 1
vt 0.3499999940395355 0
vt 0.3499999940395355 0.10000000149011612
vt 0.3499999940395355 0.20000000298023224
vt 0.3499999940395355 0.30000001192092896
vt 0.3499999940395355 0.4000000059604645
vt 0.3499999940395355 0.5
vt 0.3499999940395355 0.6000000238418579
vt 0.3499999940395355 0.699999988079071
vt 0.3499999940395355 0.800000011920929
vt 0.3499999940395355 0.8999999761581421
vt 0.3499999940395355 1
vt 0.35624998807907104 0
vt 0.35624998807907104 0.10000000149011612
vt 0.35624998807907104 0.20000000298023224
vt 0.35624998807907104 0.30000001192092896
vt 0.35624998807907104 0.4000000059604645
vt 0.35624998807907104 0.5
vt 0.35624998807907104 0.6000000238418579
vt 0.35624998807907104 0.699999988079071
vt 0.35624998807907104 0.800000011920929
vt 0.35624998807907104 0.8999999761581421
vt 0.35624998807907104 1
vt 0.36250001192092896 0
vt 0.36250001192092896 0.10000000149011612
vt 0.36250001192092896 0.20000000298023224
vt 0.36250001192092896 0.30000001192092896
vt 0.36250001192092896 0.4000000059604645
vt 0.36250001192092896 0.5
vt 0.36250001192092896 0.6000000238418579
vt 0.36250001192092896 0.699999988079071
vt 0.36250001192092896 0.800000011920929
vt 0.36250001192092896 0.8999999761581421
vt 0.36250001192092896 1
vt 0.3687500059604645 0
vt 0.3687500059604645 0.10000000149011612
vt 0.3687500059604645 0.20000000298023224
vt 0.3687500059604645 0.30000001192092896
vt 0.3687500059604645 0.4000000059604645
vt 0.3687500059604645 0.5
vt 0.3687500059604645 0.6000000238418579
vt 0.3687500059604645 0.699999988079071
vt 0.3687500059604645 0.800000011920929
vt 0.3687500059604645 0.8999999761581421
vt 0.3687500059604645 1
vt 0.375 0
vt 0.375 0.10000000149011612
vt 0.375 0.20000000298023224
vt 0.375 0.30000001192092896
vt 0.375 0.4000000059604645
vt 0.375 0.5
vt 0.375 0.6000000238418579
vt 0.375 0.699999988079071
vt 0.375 0.800000011920929
vt 0.375 0.8999999761581421
vt 0.375 1
vt 0.3812499940395355 0
vt 0.3812499940395355 0.10000000149011612
vt 0.3812499940395355 0.20000000298023224
vt 0.3812499940395355 0.30000001192092896
vt 0.3812499940395355 0.4000000059604645
vt 0.3812499940395355 0.5
vt 0.3812499940395355 0.6000000238418579
vt 0.3812499940395355 0.699999988079071
vt 0.3812499940395355 0.800000011920929
vt 0.3812499940395355 0.8999999761581421
vt 0.3812499940395355 1
vt 0.38749998807907104 0
vt 0.38749998807907104 0.10000000149011612
vt 0.38749998807907104 0.20000000298023224
vt 0.38749998807907104 0.30000001192092896
vt 0.38749998807907104 0.4000000059604645
vt 0.38749998807907104 0.5
vt 0.38749998807907104 0.6000000238418579
vt 0.38749998807907104 0.699999988079071
vt 0.38749998807907104 0.800000011920929
vt 0.38749998807907104 0.8999999761581421
vt 0.38749998807907104 1
vt 0.39375001192092896 0
vt 0.39375001192092896 0.10000000149011612
vt 0.39375001192092896 0.20000000298023224
vt 0.39375001192092896 0.30000001192092896
vt 0.39375001192092896 0.4000000059604645
vt 0.39375001192092896 0.5
vt 0.39375001192092896 0.6000000238418579
vt 0.39375001192092896 0.699999988079071
vt 0.39375001192092896 0.800000011920929
vt 0.39375001192092896 0.8999999761581421
vt 0.39375001192092896 1
vt 0.4000000059604645 0
vt 0.4000000059604645 0.10000000149011612
vt 0.4000000059604645 0.20000000298023224
vt 0.4000000059604645 0.30000001192092896
vt 0.4000000059604645 0.4000000059604645
vt 0.4000000059604645 0.5
vt 0.4000000059604645 0.6000000238418579
vt 0.4000000059604645 0.699999988079071
vt 0.4000000059604645 0.800000011920929
vt 0.4000000059604645 0.8999999761581421
vt 0.4000000059604645 1
vt 0.40625 0
vt 0.40625 0.10000000149011612
vt 0.40625 0.20000000298023224
vt 0.40625 0.30000001192092896
vt 0.40625 0.4000000059604645
vt 0.40625 0.5
vt 0.40625 0.6000000238418579
vt 0.40625 0.699999988079071
vt 0.40625 0.800000011920929
vt 0.40625 0.8999999761581421
vt 0.40625 1
vt 0.4124999940395355 0
vt 0.4124999940395355 0.10000000149011612
vt 0.4124999940395355 0.20000000298023224
vt 0.4124999940395355 0.30000001192092896
vt 0.4124999940395355 0.4000000059604645
vt 0.4124999940395355 0.5
vt 0.4124999940395355 0.6000000238418579
vt 0.4124999940395355 0.699999988079071
vt 0.4124999940395355 0.800000011920929
vt 0.4124999940395355 0.8999999761581421
vt 0.4124999940395355 1
vt 0.41874998807907104 0
vt 0.41874998807907104 0.10000000149011612
vt 0.41874998807907104 0.20000000298023224
vt 0.41874998807907104 0.30000001192092896
vt 0.41874998807907104 0.4000000059604645
vt 0.41874998807907104 0.5
vt 0.41874998807907104 0.6000000238418579
vt 0.41874998807907104 0.699999988079071
vt 0.41874998807907104 0.800000011920929
vt 0.41874998807907104 0.8999999761581421
vt 0.41874998807907104 1
vt 0.42500001192092896 0
vt 0.42500001192092896 0.10000000149011612
vt 0.42500001192092896 0.20000000298023224
vt 0.42500001192092896 0.30000001192092896
vt 0.42500001192092896 0.4000000059604645
vt 0.42500001192092896 0.5
vt 0.42500001192092896 0.6000000238418579
vt 0.42500001192092896 0.699999988079071
vt 0.42500001192092896 0.800000011920929
vt 0.42500001192092896 0.8999999761581421
vt 0.42500001192092896 1
vt 0.4312500059604645 0
vt 0.4312500059604645 0.10000000149011612
vt 0.4312500059604645 0.20000000298023224
vt 0.4312500059604645 0.30000001192092896
vt 0.4312500059604645 0.4000000059604645
vt 0.4312500059604645 0.5
vt 0.4312500059604645 0.6000000238418579
vt 0.4312500059604645 0.699999988079071
vt 0.4312500059604645 0.800000011920929
vt 0.4312500059604645 0.8999999761581421
vt 0.4312500059604645 1
vt 0.4375 0
vt 0.4375 0.10000000149011612
vt 0.4375 0.20000000298023224
vt 0.4375 0.30000001192092896
vt 0.4375 0.4000000059604645
vt 0.4375 0.5
vt 0.4375 0.6000000238418579
vt 0.4375 0.699999988079071
vt 0.4375 0.800000011920929
vt 0.4375 0.8999999761581421
vt 0.4375 1
vt 0.4437499940395355 0
vt 0.4437499940395355 0.10000000149011612
vt 0.4437499940395355 0.20000000298023224
vt 0.4437499940395355 0.30000001192092896
vt 0.4437499940395355 0.4000000059604645
vt 0.4437499940395355 0.5
vt 0.4437499940395355 0.6000000238418579
vt 0.4437499940395355 0.699999988079071
vt 0.4437499940395355 0.800000011920929
vt 0.4437499940395355 0.8999999761581421
vt 0.4437499940395355 1
vt 0.44999998807907104 0
vt 0.44999998807907104 0.10000000149011612
vt 0.44999998807907104 0.20000000298023224
vt 0.44999998807907104 0.30000001192092896
vt 0.44999998807907104 0.4000000059604645
vt 0.44999998807907104 0.5
vt 0.44999998807907104 0.6000000238418579
vt 0.44999998807907104 0.699999988079071
vt 0.44999998807907104 0.800000011920929
vt 0.44999998807907104 0.8999999761581421
vt 0.44999998807907104 1
vt 0.45625001192092896 0
vt 0.45625001192092896 0.10000000149011612
vt 0.45625001192092896 0.20000000298023224
vt 0.45625001192092896 0.30000001192092896
vt 0.45625001192092896 0.4000000059604645
vt 0.45625001192092896 0.5
vt 0.45625001192092896 0.6000000238418579
vt 0.45625001192092896 0.699999988079071
vt 0.45625001192092896 0.800000011920929
vt 0.45625001192092896 0.8999999761581421
vt 0.45625001192092896 1
vt 0.4625000059604645 0
vt 0.4625000059604645 0.10000000149011612
vt 0.4625000059604645 0.20000000298023224
vt 0.4625000059604645 0.30000001192092896
vt 0.4625000059604645 0.4000000059604645
vt 0.4625000059604645 0.5
vt 0.4625000059604645 0.6000000238418579
vt 0.4625000059604645 0.699999988079071
vt 0.4625000059604645 0.800000011920929
vt 0.4625000059604645 0.8999999761581421
vt 0.4625000059604645 1
vt 0.46875 0
vt 0.46875 0.10000000149011612
vt 0.46875 0.20000000298023224
vt 0.46875 0.30000001192092896
vt 0.46875 0.4000000059604645
vt 0.46875 0.5
vt 0.46875 0.6000000238418579
vt 0.46875 0.699999988079071
vt 0.46875 0.800000011920929
vt 0.46875 0.8999999761581421
vt 0.46875 1
vt 0.4749999940395355 0
vt 0.4749999940395355 0.10000000149011612
vt 0.4749999940395355 0.20000000298023224
vt 0.4749999940395355 0.30000001192092896
vt 0.4749999940395355 0.4000000059604645
vt 0.4749999940395355 0.5
vt 0.4749999940395355 0.6000000238418579
vt 0.4749999940395355 0.699999988079071
vt 0.4749999940395355 0.800000011920929
vt 0.4749999940395355 0.8999999761581421
vt 0.4749999940395355 1
vt 0.48124998807907104 0
vt 0.48124998807907104 0.10000000149011612
vt 0.48124998807907104 0.20000000298023224
vt 0.48124998807907104 0.30000001192092896
vt 0.48124998807907104 0.4000000059604645
vt 0.48124998807907104 0.5
vt 0.48124998807907104 0.6000000238418579
vt 0.48124998807907104 0.699999988079071
vt 0.48124998807907104 0.800000011920929
vt 0.48124998807907104 0.8999999761581421
vt 0.48124998807907104 1
vt 0.48750001192092896 0
vt 0.48750001192092896 0.10000000149011612
vt 0.48750001192092896 0.20000000298023224
vt 0.48750001192092896 0.30000001192092896
vt 0.48750001192092896 0.4000000059604645
vt 0.48750001192092896 0.5
vt 0.48750001192092896 0.6000000238418579
vt 0.48750001192092896 0.699999988079071
vt 0.48750001192092896 0.800000011920929
vt 0.48750001192092896 0.8999999761581421
vt 0.48750001192092896 1
vt 0.4937500059604645 0
vt 0.4937500059604645 0.10000000149011612
vt 0.4937500059604645 0.20000000298023224
vt 0.4937500059604645 0.30000001192092896
vt 0.4937500059604645 0.4000000059604645
vt 0.4937500059604645 0.5
vt 0.4937500059604645 0.6000000238418579
vt 0.4937500059604645 0.699999988079071
vt 0.4937500059604645 0.800000011920929
vt 0.4937500059604645 0.8999999761581421
vt 0.4937500059604645 1
vt 0.5 0
vt 0.5 0.10000000149011612
vt 0.5 0.20000000298023224
vt 0.5 0.30000001192092896
vt 0.5 0.4000000059604645
vt 0.5 0.5
vt 0.5 0.6000000238418579
vt 0.5 0.699999988079071
vt 0.5 0.800000011920929
vt 0.5 0.8999999761581421
vt 0.5 1
vt 0.5062500238418579 0
vt 0.5062500238418579 0.10000000149011612
vt 0.5062500238418579 0.20000000298023224
vt 0.5062500238418579 0.30000001192092896
vt 0.5062500238418579 0.4000000059604645
vt 0.5062500238418579 0.5
vt 0.5062500238418579 0.6000000238418579
vt 0.5062500238418579 0.699999988079071
vt 0.5062500238418579 0.800000011920929
vt 0.5062500238418579 0.8999999761581421
vt 0.5062500238418579 1
vt 0.512499988079071 0
vt 0.512499988079071 0.10000000149011612
vt 0.512499988079071 0.20000000298023224
vt 0.512499988079071 0.30000001192092896
vt 0.512499988079071 0.4000000059604645
vt 0.512499988079071 0.5
vt 0.512499988079071 0.6000000238418579
vt 0.512499988079071 0.699999988079071
vt 0.512499988079071 0.800000011920929
vt 0.512499988079071 0.8999999761581421
vt 0.512499988079071 1
vt 0.518750011920929 0
vt 0.518750011920929 0.10000000149011612
vt 0.518750011920929 0.20000000298023224
vt 0.518750011920929 0.30000001192092896
vt 0.518750011920929 0.4000000059604645
vt 0.518750011920929 0.5
vt 0.518750011920929 0.6000000238418579
vt 0.518750011920929 0.699999988079071
vt 0.518750011920929 0.800000011920929
vt 0.518750011920929 0.8999999761581421
vt 0.518750011920929 1
vt 0.5249999761581421 0
vt 0.5249999761581421 0.10000000149011612
vt 0.5249999761581421 0.20000000298023224
vt 0.5249999761581421 0.30000001192092896
vt 0.5249999761581421 0.4000000059604645
vt 0.5249999761581421 0.5
vt 0.5249999761581421 0.6000000238418579
vt 0.5249999761581421 0.699999988079071
vt 0.5249999761581421 0.800000011920929
vt 0.5249999761581421 0.8999999761581421
vt 0.5249999761581421 1
vt 0.53125 0
vt 0.53125 0.10000000149011612
vt 0.53125 0.20000000298023224
vt 0.53125 0.30000001192092896
vt 0.53125 0.4000000059604645
vt 0.53125 0.5
vt 0.53125 0.6000000238418579
vt 0.53125 0.699999988079071
vt 0.53125 0.800000011920929
vt 0.53125 0.8999999761581421
vt 0.53125 1
vt 0.5375000238418579 0
vt 0.5375000238418579 0.10000000149011612
vt 0.5375000238418579 0.20000000298023224
vt 0.5375000238418579 0.30000001192092896
vt 0.5375000238418579 0.4000000059604645
vt 0.5375000238418579 0.5
vt 0.5375000238418579 0.6000000238418579
vt 0.5375000238418579 0.699999988079071
vt 0.5375000238418579 0.800000011920929
vt 0.5375000238418579 0.8999999761581421
vt 0.5375000238418579 1
vt 0.543749988079071 0
vt 0.543749988079071 0.10000000149011612
vt 0.543749988079071 0.20000000298023224
vt 0.543749988079071 0.30000001192092896
vt 0.543749988079071 0.4000000059604645
vt 0.543749988079071 0.5
vt 0.543749988079071 0.6000000238418579
vt 0.543749988079071 0.699999988079071
vt 0.543749988079071 0.800000011920929
vt 0.543749988079071 0.8999999761581421
vt 0.543749988079071 1
vt 0.550000011920929 0
vt 0.550000011920929 0.10000000149011612
vt 0.550000011920929 0.20000000298023224
vt 0.550000011920929 0.30000001192092896
vt 0.550000011920929 0.4000000059604645
vt 0.550000011920929 0.5
vt 0.550000011920929 0.6000000238418579
vt 0.550000011920929 0.699999988079071
vt 0.550000011920929 0.800000011920929
vt 0.550000011920929 0.8999999761581421
vt 0.550000011920929 1
vt 0.5562499761581421 0
vt 0.5562499761581421 0.10000000149011612
vt 0.5562499761581421 0.20000000298023224
vt 0.5562499761581421 0.30000001192092896
vt 0.5562499761581421 0.4000000059604645
vt 0.5562499761581421 0.5
vt 0.5562499761581421 0.6000000238418579
vt 0.5562499761581421 0.699999988079071
vt 0.5562499761581421 0.800000011920929
vt 0.5562499761581421 0.8999999761581421
vt 0.5562499761581421 1
vt 0.5625 0
vt 0.5625 0.10000000149011612
vt 0.5625 0.20000000298023224
vt 0.5625 0.30000001192092896
vt 0.5625 0.4000000059604645
vt 0.5625 0.5
vt 0.5625 0.6000000238418579
vt 0.5625 0.699999988079071
vt 0.5625 0.800000011920929
vt 0.5625 0.8999999761581421
vt 0.5625 1
vt 0.5687500238418579 0
vt 0.5687500238418579 0.10000000149011612
vt 0.5687500238418579 0.20000000298023224
vt 0.5687500238418579 0.30000001192092896
vt 0.5687500238418579 0.4000000059604645
vt 0.5687500238418579 0.5
vt 0.5687500238418579 0.6000000238418579
vt 0.5687500238418579 0.699999988079071
vt 0.5687500238418579 0.800000011920929
vt 0.5687500238418579 0.8999999761581421
vt 0.5687500238418579 1
vt 0.574999988079071 0
vt 0.574999988079071 0.10000000149011612
vt 0.574999988079071 0.20000000298023224
vt 0.574999988079071 0.30000001192092896
vt 0.574999988079071 0.4000000059604645
vt 0.574999988079071 0.5
vt 0.574999988079071 0.6000000238418579
vt 0.574999988079071 0.699999988079071
vt 0.574999988079071 0.800000011920929
vt 0.574999988079071 0.8999999761581421
vt 0.574999988079071 1
vt 0.581250011920929 0
vt 0.581250011920929 0.10000000149011612
vt 0.581250011920929 0.20000000298023224
vt 0.581250011920929 0.30000001192092896
vt 0.581250011920929 0.4000000059604645
vt 0.581250011920929 0.5
vt 0.581250011920929 0.6000000238418579
vt 0.581250011920929 0.699999988079071
vt 0.581250011920929 0.800000011920929
vt 0.581250011920929 0.8999999761581421
vt 0.581250011920929 1
vt 0.5874999761581421 0
vt 0.5874999761581421 0.10000000149011612
vt 0.5874999761581421 0.20000000298023224
vt 0.5874999761581421 0.30000001192092896
vt 0.5874999761581421 0.4000000059604645
vt 0.5874999761581421 0.5
vt 0.5874999761581421 0.6000000238418579
vt 0.5874999761581421 0.699999988079071
vt 0.5874999761581421 0.800000011920929
vt 0.5874999761581421 0.8999999761581421
vt 0.5874999761581421 1
vt 0.59375 0
vt 0.59375 0.10000000149011612
vt 0.59375 0.20000000298023224
vt 0.59375 0.30000001192092896
vt 0.59375 0.4000000059604645
vt 0.59375 0.5
vt 0.59375 0.6000000238418579
vt 0.59375 0.699999988079071
vt 0.59375 0.800000011920929
vt 0.59375 0.8999999761581421
vt 0.59375 1
vt 0.6000000238418579 0
vt 0.6000000238418579 0.10000000149011612
vt 0.6000000238418579 0.20000000298023224
vt 0.6000000238418579 0.30000001192092896
vt 0.6000000238418579 0.4000000059604645
vt 0.6000000238418579 0.5
vt 0.6000000238418579 0.6000000238418579
vt 0.6000000238418579 0.699999988079071
vt 0.6000000238418579 0.800000011920929
vt 0.6000000238418579 0.8999999761581421
vt 0.6000000238418579 1
vt 0.606249988079071 0
vt 0.606249988079071 0.10000000149011612
vt 0.606249988079071 0.20000000298023224
vt 0.606249988079071 0.30000001192092896
vt 0.606249988079071 0.4000000059604645
vt 0.606249988079071 0.5
vt 0.606249988079071 0.6000000238418579
vt 0.606249988079071 0.699999988079071
vt 0.606249988079071 0.800000011920929
vt 0.606249988079071 0.8999999761581421
vt 0.606249988079071 1
vt 0.612500011920929 0
vt 0.612500011920929 0.10000000149011612
vt 0.612500011920929 0.20000000298023224
vt 0.612500011920929 0.30000001192092896
vt 0.612500011920929 0.4000000059604645
vt 0.612500011920929 0.5
vt 0.612500011920929 0.6000000238418579
vt 0.612500011920929 0.699999988079071
vt 0.612500011920929 0.800000011920929
vt 0.612500011920929 0.8999999761581421
vt 0.612500011920929 1
vt 0.6187499761581421 0
vt 0.6187499761581421 0.10000000149011612
vt 0.6187499761581421 0.20000000298023224
vt 0.6187499761581421 0.30000001192092896
vt 0.6187499761581421 0.4000000059604645
vt 0.6187499761581421 0.5
vt 0.6187499761581421 0.6000000238418579
vt 0.6187499761581421 0.699999988079071
vt 0.6187499761581421 0.800000011920929
vt 0.6187499761581421 0.8999999761581421
vt 0.6187499761581421 1
vt 0.625 0
vt 0.625 0.10000000149011612
vt 0.625 0.20000000298023224
vt 0.625 0.30000001192092896
vt 0.625 0.4000000059604645
vt 0.625 0.5
vt 0.625 0.6000000238418579
vt 0.625 0.699999988079071
vt 0.625 0.800000011920929
vt 0.625 0.8999999761581421
vt 0.625 1
vt 0.6312500238418579 0
vt 0.6312500238418579 0.10000000149011612
vt 0.6312500238418579 0.20000000298023224
vt 0.6312500238418579 0.30000001192092896
vt 0.6312500238418579 0.4000000059604645
vt 0.6312500238418579 0.5
vt 0.6312500238418579 0.6000000238418579
vt 0.6312500238418579 0.699999988079071
vt 0.6312500238418579 0.800000011920929
vt 0.6312500238418579 0.8999999761581421
vt 0.6312500238418579 1
vt 0.637499988079071 0
vt 0.637499988079071 0.10000000149011612
vt 0.637499988079071 0.20000000298023224
vt 0.637499988079071 0.30000001192092896
vt 0.637499988079071 0.4000000059604645
vt 0.637499988079071 0.5
vt 0.637499988079071 0.6000000238418579
vt 0.637499988079071 0.699999988079071
vt 0.637499988079071 0.800000011920929
vt 0.637499988079071 0.8999999761581421
vt 0.637499988079071 1
vt 0.643750011920929 0
vt 0.643750011920929 0.10000000149011612
vt 0.643750011920929 0.20000000298023224
vt 0.643750011920929 0.30000001192092896
vt 0.643750011920929 0.4000000059604645
vt 0.643750011920929 0.5
vt 0.643750011920929 0.6000000238418579
vt 0.643750011920929 0.699999988079071
vt 0.643750011920929 0.800000011920929
vt 0.643750011920929 0.8999999761581421
vt 0.643750011920929 1
vt 0.6499999761581421 0
vt 0.6499999761581421 0.10000000149011612
vt 0.6499999761581421 0.20000000298023224
vt 0.6499999761581421 0.30000001192092896
vt 0.6499999761581421 0.4000000059604645
vt 0.6499999761581421 0.5
vt 0.6499999761581421 0.6000000238418579
vt 0.6499999761581421 0.699999988079071
vt 0.6499999761581421 0.800000011920929
vt 0.6499999761581421 0.8999999761581421
vt 0.6499999761581421 1
vt 0.65625 0
vt 0.65625 0.10000000149011612
vt 0.65625 0.20000000298023224
vt 0.65625 0.30000001192092896
vt 0.65625 0.4000000059604645
vt 0.65625 0.5
vt 0.65625 0.6000000238418579
vt 0.65625 0.699999988079071
vt 0.65625 0.800000011920929
vt 0.65625 0.8999999761581421
vt 0.65625 1
vt 0.6625000238418579 0
vt 0.6625000238418579 0.10000000149011612
vt 0.6625000238418579 0.20000000298023224
vt 0.6625000238418579 0.30000001192092896
vt 0.6625000238418579 0.4000000059604645
vt 0.6625000238418579 0.5
vt 0.6625000238418579 0.6000000238418579
vt 0.6625000238418579 0.699999988079071
vt 0.6625000238418579 0.800000011920929
vt 0.6625000238418579 0.8999999761581421
vt 0.6625000238418579 1
vt 0.668749988079071 0
vt 0.668749988079071 0.10000000149011612
vt 0.668749988079071 0.20000000298023224
vt 0.668749988079071 0.30000001192092896
vt 0.668749988079071 0.4000000059604645
vt 0.668749988079071 0.5
vt 0.668749988079071 0.6000000238418579
vt 0.668749988079071 0.699999988079071
vt 0.668749988079071 0.800000011920929
vt 0.668749988079071 0.8999999761581421
vt 0.668749988079071 1
vt 0.675000011920929 0
vt 0.675000011920929 0.10000000149011612
vt 0.675000011920929 0.20000000298023224
vt 0.675000011920929 0.30000001192092896
vt 0.675000011920929 0.4000000059604645
vt 0.675000011920929 0.5
vt 0.675000011920929 0.6000000238418579
vt 0.675000011920929 0.699999988079071
vt 0.675000011920929 0.800000011920929
vt 0.675000011920929 0.8999999761581421
vt 0.675000011920929 1
vt 0.6812499761581421 0
vt 0.6812499761581421 0.10000000149011612
vt 0.6812499761581421 0.20000000298023224
vt 0.6812499761581421 0.30000001192092896
vt 0.6812499761581421 0.4000000059604645
vt 0.6812499761581421 0.5
vt 0.6812499761581421 0.6000000238418579
vt 0.6812499761581421 0.699999988079071
vt 0.6812499761581421 0.800000011920929
vt 0.6812499761581421 0.8999999761581421
vt 0.6812499761581421 1
vt 0.6875 0
vt 0.6875 0.10000000149011612
vt 0.6875 0.20000000298023224
vt 0.6875 0.30000001192092896
vt 0.6875 0.4000000059604645
vt 0.6875 0.5
vt 0.6875 0.6000000238418579
vt 0.6875 0.699999988079071
vt 0.6875 0.800000011920929
vt 0.6875 0.8999999761581421
vt 0.6875 1
vt 0.6937500238418579 0
vt 0.6937500238418579 0.10000000149011612
vt 0.6937500238418579 0.20000000298023224
vt 0.6937500238418579 0.30000001192092896
vt 0.6937500238418579 0.4000000059604645
vt 0.6937500238418579 0.5
vt 0.6937500238418579 0.6000000238418579
vt 0.6937500238418579 0.699999988079071
vt 0.6937500238418579 0.800000011920929
vt 0.6937500238418579 0.8999999761581421
vt 0.6937500238418579 1
vt 0.699999988079071 0
vt 0.699999988079071 0.10000000149011612
vt 0.699999988079071 0.20000000298023224
vt 0.699999988079071 0.30000001192092896
vt 0.699999988079071 0.4000000059604645
vt 0.699999988079071 0.5
vt 0.699999988079071 0.6000000238418579
vt 0.699999988079071 0.699999988079071
vt 0.699999988079071 0.800000011920929
vt 0.699999988079071 0.8999999761581421
vt 0.699999988079071 1
vt 0.706250011920929 0
vt 0.706250011920929 0.10000000149011612
vt 0.706250011920929 0.20000000298023224
vt 0.706250011920929 0.30000001192092896
vt 0.706250011920929 0.4000000059604645
vt 0.706250011920929 0.5
vt 0.706250011920929 0.6000000238418579
vt 0.706250011920929 0.699999988079071
vt 0.706250011920929 0.800000011920929
vt 0.706250011920929 0.8999999761581421
vt 0.706250011920929 1
vt 0.7124999761581421 0
vt 0.7124999761581421 0.10000000149011612
vt 0.7124999761581421 0.20000000298023224
vt 0.7124999761581421 0.30000001192092896
vt 0.7124999761581421 0.4000000059604645
vt 0.7124999761581421 0.5
vt 0.7124999761581421 0.6000000238418579
vt 0.7124999761581421 0.699999988079071
vt 0.7124999761581421 0.800000011920929
vt 0.7124999761581421 0.8999999761581421
vt 0.7124999761581421 1
vt 0.71875 0
vt 0.71875 0.10000000149011612
vt 0.71875 0.20000000298023224
vt 0.71875 0.30000001192092896
vt 0.71875 0.4000000059604645
vt 0.71875 0.5
vt 0.71875 0.6000000238418579
vt 0.71875 0.699999988079071
vt 0.71875 0.800000011920929
vt 0.71875 0.8999999761581421
vt 0.71875 1
vt 0.7250000238418579 0
vt 0.7250000238418579 0.10000000149011612
vt 0.7250000238418579 0.20000000298023224
vt 0.7250000238418579 0.30000001192092896
vt 0.7250000238418579 0.4000000059604645
vt 0.7250000238418579 0.5
vt 0.7250000238418579 0.6000000238418579
vt 0.7250000238418579 0.699999988079071
vt 0.7250000238418579 0.800000011920929
vt 0.7250000238418579 0.8999999761581421
vt 0.7250000238418579 1
vt 0.731249988079071 0
vt 0.731249988079071 0.10000000149011612
vt 0.731249988079071 0.20000000298023224
vt 0.731249988079071 0.30000001192092896
vt 0.731249988079071 0.4000000059604645
vt 0.731249988079071 0.5
vt 0.731249988079071 0.6000000238418579
vt 0.731249988079071 0.699999988079071
vt 0.731249988079071 0.800000011920929
vt 0.731249988079071 0.8999999761581421
vt 0.731249988079071 1
vt 0.737500011920929 0
vt 0.737500011920929 0.10000000149011612
vt 0.737500011920929 0.20000000298023224
vt 0.737500011920929 0.30000001192092896
vt 0.737500011920929 0.4000000059604645
vt 0.737500011920929 0.5
vt 0.737500011920929 0.6000000238418579
vt 0.737500011920929 0.699999988079071
vt 0.737500011920929 0.800000011920929
vt 0.737500011920929 0.8999999761581421
vt 0.737500011920929 1
vt 0.7437499761581421 0
vt 0.7437499761581421 0.10000000149011612
vt 0.7437499761581421 0.20000000298023224
vt 0.7437499761581421 0.30000001192092896
vt 0.7437499761581421 0.4000000059604645
vt 0.7437499761581421 0.5
vt 0.7437499761581421 0.6000000238418579
vt 0.7437499761581421 0.699999988079071
vt 0.7437499761581421 0.800000011920929
vt 0.7437499761581421 0.8999999761581421
vt 0.7437499761581421 1
vt 0.75 0
vt 0.75 0.10000000149011612
vt 0.75 0.20000000298023224
vt 0.75 0.30000001192092896
vt 0.75 0.4000000059604645
vt 0.75 0.5
vt 0.75 0.6000000238418579
vt 0.75 0.699999988079071
vt 0.75 0.800000011920929
vt 0.75 0.8999999761581421
vt 0.75 1
vt 0.7562500238418579 0
vt 0.7562500238418579 0.10000000149011612
vt 0.7562500238418579 0.20000000298023224
vt 0.7562500238418579 0.30000001192092896
vt 0.7562500238418579 0.4000000059604645
vt 0.7562500238418579 0.5
vt 0.7562500238418579 0.6000000238418579
vt 0.7562500238418579 0.699999988079071
vt 0.7562500238418579 0.800000011920929
vt 0.7562500238418579 0.8999999761581421
vt 0.7562500238418579 1
vt 0.762499988079071 0
vt 0.762499988079071 0.10000000149011612
vt 0.762499988079071 0.20000000298023224
vt 0.762499988079071 0.30000001192092896
vt 0.762499988079071 0.4000000059604645
vt 0.762499988079071 0.5
vt 0.762499988079071 0.6000000238418579
vt 0.762499988079071 0.699999988079071
vt 0.762499988079071 0.800000011920929
vt 0.762499988079071 0.8999999761581421
vt 0.762499988079071 1
vt 0.768750011920929 0
vt 0.768750011920929 0.10000000149011612
vt 0.768750011920929 0.20000000298023224
vt 0.768750011920929 0.30000001192092896
vt 0.768750011920929 0.4000000059604645
vt 0.768750011920929 0.5
vt 0.768750011920929 0.6000000238418579
vt 0.768750011920929 0.699999988079071
vt 0.768750011920929 0.800000011920929
vt 0.768750011920929 0.8999999761581421
vt 0.768750011920929 1
vt 0.7749999761581421 0
vt 0.7749999761581421 0.10000000149011612
vt 0.7749999761581421 0.20000000298023224
vt 0.7749999761581421 0.30000001192092896
vt 0.7749999761581421 0.4000000059604645
vt 0.7749999761581421 0.5
vt 0.7749999761581421 0.6000000238418579
vt 0.7749999761581421 0.699999988079071
vt 0.7749999761581421 0.800000011920929
vt 0.7749999761581421 0.8999999761581421
vt 0.7749999761581421 1
vt 0.78125 0
vt 0.78125 0.10000000149011612
vt 0.78125 0.20000000298023224
vt 0.78125 0.30000001192092896
vt 0.78125 0.4000000059604645
vt 0.78125 0.5
vt 0.78125 0.6000000238418579
vt 0.78125 0.699999988079071
vt 0.78125 0.800000011920929
vt 0.78125 0.8999999761581421
vt 0.78125 1
vt 0.7875000238418579 0
vt 0.7875000238418579 0.10000000149011612
vt 0.7875000238418579 0.20000000298023224
vt 0.7875000238418579 0.30000001192092896
vt 0.7875000238418579 0.4000000059604645
vt 0.7875000238418579 0.5
vt 0.7875000238418579 0.6000000238418579
vt 0.7875000238418579 0.699999988079071
vt 0.7875000238418579 0.800000011920929
vt 0.7875000238418579 0.8999999761581421
vt 0.7875000238418579 1
vt 0.793749988079071 0
vt 0.793749988079071 0.10000000149011612
vt 0.793749988079071 0.20000000298023224
vt 0.793749988079071 0.30000001192092896
vt 0.793749988079071 0.4000000059604645
vt 0.793749988079071 0.5
vt 0.793749988079071 0.6000000238418579
vt 0.793749988079071 0.699999988079071
vt 0.793749988079071 0.800000011920929
vt 0.793749988079071 0.8999999761581421
vt 0.793749988079071 1
vt 0.800000011920929 0
vt 0.800000011920929 0.10000000149011612
vt 0.800000011920929 0.20000000298023224
vt 0.800000011920929 0.30000001192092896
vt 0.800000011920929 0.4000000059604645
vt 0.800000011920929 0.5
vt 0.800000011920929 0.6000000238418579
vt 0.800000011920929 0.699999988079071
vt 0.800000011920929 0.800000011920929
vt 0.800000011920929 0.8999999761581421
vt 0.800000011920929 1
vt 0.8062499761581421 0
vt 0.8062499761581421 0.10000000149011612
vt 0.8062499761581421 0.20000000298023224
vt 0.8062499761581421 0.30000001192092896
vt 0.8062499761581421 0.4000000059604645
vt 0.8062499761581421 0.5
vt 0.8062499761581421 0.6000000238418579
vt 0.8062499761581421 0.699999988079071
vt 0.8062499761581421 0.800000011920929
vt 0.8062499761581421 0.8999999761581421
vt 0.8062499761581421 1
vt 0.8125 0
vt 0.8125 0.10000000149011612
vt 0.8125 0.20000000298023224
vt 0.8125 0.30000001192092896
vt 0.8125 0.4000000059604645
vt 0.8125 0.5
vt 0.8125 0.6000000238418579
vt 0.8125 0.699999988079071
vt 0.8125 0.800000011920929
vt 0.8125 0.8999999761581421
vt 0.8125 1
vt 0.8187500238418579 0
vt 0.8187500238418579 0.10000000149011612
vt 0.8187500238418579 0.20000000298023224
vt 0.8187500238418579 0.30000001192092896
vt 0.8187500238418579 0.4000000059604645
vt 0.8187500238418579 0.5
vt 0.8187500238418579 0.6000000238418579
vt 0.8187500238418579 0.699999988079071
vt 0.8187500238418579 0.800000011920929
vt 0.8187500238418579 0.8999999761581421
vt 0.8187500238418579 1
vt 0.824999988079071 0
vt 0.824999988079071 0.10000000149011612
vt 0.824999988079071 0.20000000298023224
vt 0.824999988079071 0.30000001192092896
vt 0.824999988079071 0.4000000059604645
vt 0.824999988079071 0.5
vt 0.824999988079071 0.6000000238418579
vt 0.824999988079071 0.699999988079071
vt 0.824999988079071 0.800000011920929
vt 0.824999988079071 0.8999999761581421
vt 0.824999988079071 1
vt 0.831250011920929 0
vt 0.831250011920929 0.10000000149011612
vt 0.831250011920929 0.20000000298023224
vt 0.831250011920929 0.30000001192092896
vt 0.831250011920929 0.4000000059604645
vt 0.831250011920929 0.5
vt 0.831250011920929 0.6000000238418579
vt 0.831250011920929 0.699999988079071
vt 0.831250011920929 0.800000011920929
vt 0.831250011920929 0.8999999761581421
vt 0.831250011920929 1
vt 0.8374999761581421 0
vt 0.8374999761581421 0.10000000149011612
vt 0.8374999761581421 0.20000000298023224
vt 0.8374999761581421 0.30000001192092896
vt 0.8374999761581421 0.4000000059604645
vt 0.8374999761581421 0.5
vt 0.8374999761581421 0.6000000238418579
vt 0.8374999761581421 0.699999988079071
vt 0.8374999761581421 0.800000011920929
vt 0.8374999761581421 0.8999999761581421
vt 0.8374999761581421 1
vt 0.84375 0
vt 0.84375 0.10000000149011612
vt 0.84375 0.20000000298023224
vt 0.84375 0.30000001192092896
vt 0.84375 0.4000000059604645
vt 0.84375 0.5
vt 0.84375 0.6000000238418579
vt 0.84375 0.699999988079071
vt 0.84375 0.800000011920929
vt 0.84375 0.8999999761581421
vt 0.84375 1
vt 0.8500000238418579 0
vt 0.8500000238418579 0.10000000149011612
vt 0.8500000238418579 0.20000000298023224
vt 0.8500000238418579 0.30000001192092896
vt 0.8500000238418579 0.4000000059604645
vt 0.8500000238418579 0.5
vt 0.8500000238418579 0.6000000238418579
vt 0.8500000238418579 0.699999988079071
vt 0.8500000238418579 0.800000011920929
vt 0.8500000238418579 0.8999999761581421
vt 0.8500000238418579 1
vt 0.856249988079071 0
vt 0.856249988079071 0.10000000149011612
vt 0.856249988079071 0.20000000298023224
vt 0.856249988079071 0.30000001192092896
vt 0.856249988079071 0.4000000059604645
vt 0.856249988079071 0.5
vt 0.856249988079071 0.6000000238418579
vt 0.856249988079071 0.699999988079071
vt 0.856249988079071 0.800000011920929
vt 0.856249988079071 0.8999999761581421
vt 0.856249988079071 1
vt 0.862500011920929 0
vt 0.862500011920929 0.10000000149011612
vt 0.862500011920929 0.20000000298023224
vt 0.862500011920929 0.30000001192092896
vt 0.862500011920929 0.4000000059604645
vt 0.862500011920929 0.5
vt 0.862500011920929 0.6000000238418579
vt 0.862500011920929 0.699999988079071
vt 0.862500011920929 0.800000011920929
vt 0.862500011920929 0.8999999761581421
vt 0.862500011920929 1
vt 0.8687499761581421 0
vt 0.8687499761581421 0.10000000149011612
vt 0.8687499761581421 0.20000000298023224
vt 0.8687499761581421 0.30000001192092896
vt 0.8687499761581421 0.4000000059604645
vt 0.8687499761581421 0.5
vt 0.8687499761581421 0.6000000238418579
vt 0.8687499761581421 0.699999988079071
vt 0.8687499761581421 0.800000011920929
vt 0.8687499761581421 0.8999999761581421
vt 0.8687499761581421 1
vt 0.875 0
vt 0.875 0.10000000149011612
vt 0.875 0.20000000298023224
vt 0.875 0.30000001192092896
vt 0.875 0.4000000059604645
vt 0.875 0.5
vt 0.875 0.6000000238418579
vt 0.875 0.699999988079071
vt 0.875 0.800000011920929
vt 0.875 0.8999999761581421
vt 0.875 1
vt 0.8812500238418579 0
vt 0.8812500238418579 0.10000000149011612
vt 0.8812500238418579 0.20000000298023224
vt 0.8812500238418579 0.30000001192092896
vt 0.8812500238418579 0.4000000059604645
vt 0.8812500238418579 0.5
vt 0.8812500238418579 0.6000000238418579
vt 0.8812500238418579 0.699999988079071
vt 0.8812500238418579 0.800000011920929
vt 0.8812500238418579 0.8999999761581421
vt 0.8812500238418579 1
vt 0.887499988079071 0
vt 0.887499988079071 0.10000000149011612
vt 0.887499988079071 0.20000000298023224
vt 0.887499988079071 0.30000001192092896
vt 0.887499988079071 0.4000000059604645
vt 0.887499988079071 0.5
vt 0.887499988079071 0.6000000238418579
vt 0.887499988079071 0.699999988079071
vt 0.887499988079071 0.800000011920929
vt 0.887499988079071 0.8999999761581421
vt 0.887499988079071 1
vt 0.893750011920929 0
vt 0.893750011920929 0.10000000149011612
vt 0.893750011920929 0.20000000298023224
vt 0.893750011920929 0.30000001192092896
vt 0.893750011920929 0.4000000059604645
vt 0.893750011920929 0.5
vt 0.893750011920929 0.6000000238418579
vt 0.893750011920929 0.699999988079071
vt 0.893750011920929 0.800000011920929
vt 0.893750011920929 0.8999999761581421
vt 0.893750011920929 1
vt 0.8999999761581421 0
vt 0.8999999761581421 0.10000000149011612
vt 0.8999999761581421 0.20000000298023224
vt 0.8999999761581421 0.30000001192092896
vt 0.8999999761581421 0.4000000059604645
vt 0.8999999761581421 0.5
vt 0.8999999761581421 0.6000000238418579
vt 0.8999999761581421 0.699999988079071
vt 0.8999999761581421 0.800000011920929
vt 0.8999999761581421 0.8999999761581421
vt 0.8999999761581421 1
vt 0.90625 0
vt 0.90625 0.10000000149011612
vt 0.90625 0.20000000298023224
vt 0.90625 0.30000001192092896
vt 0.90625 0.4000000059604645
vt 0.90625 0.5
vt 0.90625 0.6000000238418579
vt 0.90625 0.699999988079071
vt 0.90625 0.800000011920929
vt 0.90625 0.8999999761581421
vt 0.90625 1
vt 0.9125000238418579 0
vt 0.9125000238418579 0.10000000149011612
vt 0.9125000238418579 0.20000000298023224
vt 0.9125000238418579 0.30000001192092896
vt 0.9125000238418579 0.4000000059604645
vt 0.9125000238418579 0.5
vt 0.9125000238418579 0.6000000238418579
vt 0.9125000238418579 0.699999988079071
vt 0.9125000238418579 0.800000011920929
vt 0.9125000238418579 0.8999999761581421
vt 0.9125000238418579 1
vt 0.918749988079071 0
vt 0.918749988079071 0.10000000149011612
vt 0.918749988079071 0.20000000298023224
vt 0.918749988079071 0.30000001192092896
vt 0.918749988079071 0.4000000059604645
vt 0.918749988079071 0.5
vt 0.918749988079071 0.6000000238418579
vt 0.918749988079071 0.699999988079071
vt 0.918749988079071 0.800000011920929
vt 0.918749988079071 0.8999999761581421
vt 0.918749988079071 1
vt 0.925000011920929 0
vt 0.925000011920929 0.10000000149011612
vt 0.925000011920929 0.20000000298023224
vt 0.925000011920929 0.30000001192092896
vt 0.925000011920929 0.4000000059604645
vt 0.925000011920929 0.5
vt 0.925000011920929 0.6000000238418579
vt 0.925000011920929 0.699999988079071
vt 0.925000011920929 0.800000011920929
vt 0.925000011920929 0.8999999761581421
vt 0.925000011920929 1
vt 0.9312499761581421 0
vt 0.9312499761581421 0.10000000149011612
vt 0.9312499761581421 0.20000000298023224
vt 0.9312499761581421 0.30000001192092896
vt 0.9312499761581421 0.4000000059604645
vt 0.9312499761581421 0.5
vt 0.9312499761581421 0.6000000238418579
vt 0.9312499761581421 0.699999988079071
vt 0.9312499761581421 0.800000011920929
vt 0.9312499761581421 0.8999999761581421
vt 0.9312499761581421 1
vt 0.9375 0
vt 0.9375 0.10000000149011612
vt 0.9375 0.20000000298023224
vt 0.9375 0.30000001192092896
vt 0.9375 0.4000000059604645
vt 0.9375 0.5
vt 0.9375 0.6000000238418579
vt 0.9375 0.699999988079071
vt 0.9375 0.800000011920929
vt 0.9375 0.8999999761581421
vt 0.9375 1
vt 0.9437500238418579 0
vt 0.9437500238418579 0.10000000149011612
vt 0.9437500238418579 0.20000000298023224
vt 0.9437500238418579 0.30000001192092896
vt 0.9437500238418579 0.4000000059604645
vt 0.9437500238418579 0.5
vt 0.9437500238418579 0.6000000238418579
vt 0.9437500238418579 0.699999988079071
vt 0.9437500238418579 0.800000011920929
vt 0.9437500238418579 0.8999999761581421
vt 0.9437500238418579 1
vt 0.949999988079071 0
vt 0.949999988079071 0.10000000149011612
vt 0.949999988079071 0.20000000298023224
vt 0.949999988079071 0.30000001192092896
vt 0.949999988079071 0.4000000059604645
vt 0.949999988079071 0.5
vt 0.949999988079071 0.6000000238418579
vt 0.949999988079071 0.699999988079071
vt 0.949999988079071 0.800000011920929
vt 0.949999988079071 0.8999999761581421
vt 0.949999988079071 1
vt 0.956250011920929 0
vt 0.956250011920929 0.10000000149011612
vt 0.956250011920929 0.20000000298023224
vt 0.956250011920929 0.30000001192092896
vt 0.956250011920929 0.4000000059604645
vt 0.956250011920929 0.5
vt 0.956250011920929 0.6000000238418579
vt 0.956250011920929 0.699999988079071
vt 0.956250011920929 0.800000011920929
vt 0.956250011920929 0.8999999761581421
vt 0.956250011920929 1
vt 0.9624999761581421 0
vt 0.9624999761581421 0.10000000149011612
vt 0.9624999761581421 0.20000000298023224
vt 0.9624999761581421 0.30000001192092896
vt 0.9624999761581421 0.4000000059604645
vt 0.9624999761581421 0.5
vt 0.9624999761581421 0.6000000238418579
vt 0.9624999761581421 0.699999988079071
vt 0.9624999761581421 0.800000011920929
vt 0.9624999761581421 0.8999999761581421
vt 0.9624999761581421 1
vt 0.96875 0
vt 0.96875 0.10000000149011612
vt 0.96875 0.20000000298023224
vt 0.96875 0.30000001192092896
vt 0.96875 0.4000000059604645
vt 0.96875 0.5
vt 0.96875 0.6000000238418579
vt 0.96875 0.699999988079071
vt 0.96875 0.800000011920929
vt 0.96875 0.8999999761581421
vt 0.96875 1
vt 0.9750000238418579 0
vt 0.9750000238418579 0.10000000149011612
vt 0.9750000238418579 0.20000000298023224
vt 0.9750000238418579 0.30000001192092896
vt 0.9750000238418579 0.4000000059604645
vt 0.9750000238418579 0.5
vt 0.9750000238418579 0.6000000238418579
vt 0.9750000238418579 0.699999988079071
vt 0.9750000238418579 0.800000011920929
vt 0.9750000238418579 0.8999999761581421
vt 0.9750000238418579 1
vt 0.981249988079071 0
vt 0.981249988079071 0.10000000149011612
vt 0.981249988079071 0.20000000298023224
vt 0.981249988079071 0.30000001192092896
vt 0.981249988079071 0.4000000059604645
vt 0.981249988079071 0.5
vt 0.981249988079071 0.6000000238418579
vt 0.981249988079071 0.699999988079071
vt 0.981249988079071 0.800000011920929
vt 0.981249988079071 0.8999999761581421
vt 0.981249988079071 1
vt 0.987500011920929 0
vt 0.987500011920929 0.10000000149011612
vt 0.987500011920929 0.20000000298023224
vt 0.987500011920929 0.30000001192092896
vt 0.987500011920929 0.4000000059604645
vt 0.987500011920929 0.5
vt 0.987500011920929 0.6000000238418579
vt 0.987500011920929 0.699999988079071
vt 0.987500011920929 0.800000011920929
vt 0.987500011920929 0.8999999761581421
vt 0.987500011920929 1
vt 0.9937499761581421 0
vt 0.9937499761581421 0.10000000149011612
vt 0.9937499761581421 0.20000000298023224
vt 0.9937499761581421 0.30000001192092896
vt 0.9937499761581421 0.4000000059604645
vt 0.9937499761581421 0.5
vt 0.9937499761581421 0.6000000238418579
vt 0.9937499761581421 0.699999988079071
vt 0.9937499761581421 0.800000011920929
vt 0.9937499761581421 0.8999999761581421
vt 0.9937499761581421 1
vt 1 0
vt 1 0.10000000149011612
vt 1 0.20000000298023224
vt 1 0.30000001192092896
vt 1 0.4000000059604645
vt 1 0.5
vt 1 0.6000000238418579
vt 1 0.699999988079071
vt 1 0.800000011920929
vt 1 0.8999999761581421
vt 1 1
vn 0.8752009421024688 -0.48077882151696705 -0.05361935959807056
vn 0.8042169378672144 -0.5941513302912521 0.014809239028944024
vn 0.39876172538689264 -0.8672542104762837 0.29809263791248863
vn -0.16643857448524024 -0.9176896530762568 0.3607546279122423
vn -0.6714921588349909 -0.7218469375617573 0.1674373893604293
vn -0.9110665341552581 -0.35707971532847477 -0.20603846059234077
vn -0.7955570267629395 0.03267408554057131 -0.6049970423912823
vn -0.37859461317276544 0.29930001976185056 -0.8758342406226878
vn 0.17748244111224082 0.3438689411549548 -0.9220922591616364
vn 0.664544413158744 0.15136100570596994 -0.7317585454855843
vn 0.8668964653912492 -0.07900245623219401 -0.4921881044899793
vn 0.9419866815474662 -0.3119711582915188 0.12383492310911676
vn 0.8489114461746919 -0.4795095222619027 0.22230603818554953
vn 0.3840509913460273 -0.9185224085396413 0.09392242041530915
vn 0.09703957260508765 0.9793431729665142 -0.17739862150676994
vn 0.4487814895864944 0.8934141978802335 -0.020155535977652194
vn -0.15534260997875224 0.4708906749205919 -0.8684069586304675
vn -0.6735659277813205 0.2527988864633088 -0.6945514120171378
vn -0.31274557372572426 0.7437872352190104 -0.5907374669345326
vn 0.24514521321709273 0.9045511359904419 -0.3488424670465844
vn 0.7110169536068597 0.6975588208513764 -0.08869376041220847
vn 0.8731227109738356 0.4734889073159292 0.11603872728734729
vn 0.8360705928523998 -0.16791540297542626 0.522293386145217
vn 0.7267985329054317 -0.43107530386414417 0.5347316850205792
vn 0.8921981245551351 0.21049895391053805 -0.39959066173131297
vn 0.45812043972810523 0.8642920335875697 -0.20766546024890828
vn 0.72612864871786 0.6822255952503286 0.08547176549311204
vn -0.8883295187511331 -0.1338142473951841 -0.43927714863106715
vn -0.8122012850695675 0.48813812359877945 -0.3194530400869683
vn -0.4045599018281533 0.9107833910055741 -0.08249182081383885
vn 0.07392281124635011 0.9698188082877203 0.23235080604298047
vn 0.492269567818142 0.6923139581969285 0.5276097571935543
vn 0.5742665476124457 0.36162352227404926 0.7344701222183193
vn 0.47368445685886024 -0.4480914146508494 0.7581801365417897
vn 0.38892605955743376 -0.7224016199787124 0.5717275746798114
vn 0.2615682483064397 -0.9587653280568995 0.11113549025332391
vn -0.02737939591486552 -0.9483774468799102 -0.3159597868857366
vn -0.49073405061717545 -0.7060806297361062 -0.5105195744301323
vn -0.8871411613402874 -0.3320080016521921 -0.32054835313057567
vn -0.9958258715026017 0.0825159984133263 -0.039012096225860875
vn -0.8133277176675067 0.46830805443194345 0.3452326604305164
vn -0.39962672479130384 0.53545950894445 0.74403064124641
vn 0.025954002705228806 0.23797381099122164 0.9709247422050234
vn 0.10219676650441226 -0.025935236003781264 0.994426057808961
vn 0.08740561609432895 -0.6366168968746068 0.7662109271531679
vn 0.058038793416732605 -0.8543617116444591 0.5164276949725682
vn 0.0357979317896412 -0.9982356578490209 -0.04737171601617341
vn -0.12745098479354844 -0.815915148746648 -0.5639492144873421
vn -0.4387953296005708 -0.42601788185754697 -0.7911810305223044
vn -0.8598883349165244 -0.15158370484769287 -0.48745710775322004
vn -0.9906061054375845 -0.10806625822573113 -0.0837927664113716
vn -0.937200289428046 0.3145146308125119 0.15078516008167328
vn -0.6108980280723516 0.4639740663666166 0.6415073382561878
vn -0.2883950135043238 0.09783197807735701 0.9525005093181381
vn -0.25302960766344396 -0.0802203469062817 0.9641269177799776
vn -0.41795524446127796 -0.614356867942651 0.6692376651377366
vn -0.4550218594841355 -0.7921782158052894 0.4067047845737102
vn -0.3333999177116628 -0.9304422626100186 -0.1520581823480916
vn -0.12503156147346475 -0.7425648022361233 -0.6580004734918768
vn 0.09978309337813945 -0.3121376653693794 -0.9447822035440987
vn 0.26768314037781077 0.2473620549365255 -0.9312130530308587
vn 0.25682639550798414 0.8389069266530279 -0.4798701605475671
vn 0.06442910454708731 0.9734497103390577 0.21964642480146382
vn -0.1389838013468435 0.6898500936196829 0.7104859965517238
vn -0.32800045655859944 0.18830324736045245 0.9257200373389671
vn -0.43870189098953466 -0.032877023748291816 0.8980310418641779
vn -0.6632595797427694 -0.5082424985683087 0.5493416901423809
vn -0.6354526867740145 -0.6871473182719423 0.3521767253288671
vn -0.37204952038474237 -0.9215137011785512 -0.11131780145911431
vn 0.09144733987159163 -0.8847838776607767 -0.45694077719324777
vn 0.6003655590314091 -0.6107786689390319 -0.5162466591639778
vn 0.9350406640680703 -0.2156397875418751 -0.2814221714222908
vn 0.9743486066000008 0.21262955707507528 0.07371203615892383
vn 0.6956507670329689 0.5352509103886419 0.47914139171498443
vn 0.1976987382746046 0.5446137679118763 0.8150527913487925
vn -0.3023308816307669 0.2302144469913828 0.924985051992093
vn -0.5142593399086047 0.00245775446095491 0.8576312090635321
vn -0.7534874221031916 -0.4131039457465218 0.5114702676998358
vn -0.7209389780710309 -0.5827043632260595 0.37510347235824176
vn -0.36717317042835096 -0.9262907043841189 0.08467227343803765
vn 0.17169000632666 -0.9833932761979671 -0.05882351618341176
vn 0.6548829125720564 -0.7551973516357552 -0.02837835272671778
vn 0.9377049142365448 -0.3346264339024626 0.09345931494695942
vn 0.9383714015960822 0.15829610515700204 0.3072481989511534
vn 0.6241815631188219 0.519584531970954 0.583463186841354
vn 0.1058743465934171 0.5966800557618396 0.7954643510487851
vn -0.4165264906096141 0.36321657390208345 0.8334143045708247
vn -0.659277494475241 0.16701494049729107 0.7331160855752211
vn -0.9301228417481926 -0.23129223024082773 0.2852637437328669
vn -0.8811219526283732 -0.439432839177981 0.17470799766565268
vn -0.44208770009154214 -0.8870819610164 0.13283094468936363
vn 0.21687293920020737 -0.8975733856901232 0.38383348674058154
vn 0.4361987080370529 -0.2125323547451702 0.8743916086590031
vn 0.8444358173277252 -0.17536220085008675 0.5061385669231997
vn 0.8834167321541492 0.31477225534807474 0.3471214551323075
vn 0.5170773887988823 0.7678546941448993 0.37819326100893513
vn -0.069776543685957 0.9127952613611159 0.4024127791061485
vn -0.6286166320872029 0.6847119938910459 0.3687961703774737
vn -0.8553141382866649 0.4551050975571431 0.2476228483489419
vn -0.9825283607168491 -0.1297420822649143 -0.13343542436933842
vn -0.8841959464230634 -0.40720842330210083 -0.2288642137181787
vn -0.5592447338551509 -0.8229442568874186 -0.10004038040359339
vn -0.2168833629376726 -0.9550174545086579 0.2022455647589065
vn 0.44445183922265136 -0.8727422962291191 0.2019491197909187
vn 0.979068028785063 -0.20140497138312327 -0.029356984059914885
vn 0.8963767629724272 0.44274078533049044 -0.022120031826682478
vn 0.4568266606183493 0.888190037976199 -0.04927330502539445
vn -0.1369731843511443 0.9832144762023124 -0.12053066230183983
vn -0.6682728063067245 0.715522660837845 -0.20356516936466634
vn -0.8257588923434869 0.450262019872643 -0.33968568585659487
vn -0.8094172555475558 -0.24743125080328546 -0.5325612476962477
vn -0.6828918322480139 -0.5567844996420866 -0.472916236142577
vn -0.3130998607998221 -0.9214395870540144 -0.23003818069368312
vn 0.22417076228153476 -0.9712422618420166 -0.08022429900048685
vn 0.6972544646437451 -0.7126065942653775 -0.07764053930688712
vn 0.9574175852517274 -0.2608109950541781 -0.12381111545253447
vn 0.9326717643544257 0.28174846730036246 -0.22525803237598305
vn 0.584234970545053 0.6909227579573177 -0.4257877895488253
vn 0.04799194337650016 0.7712626579702302 -0.6347051959702574
vn -0.45801331616114527 0.49712600243785177 -0.7369460902394637
vn -0.5882164811007804 0.2479291845784431 -0.7697613206674414
vn -0.602851029035522 -0.38379883500362494 -0.6994777273370985
vn -0.5211071538219719 -0.6579544158003371 -0.5436389619631773
vn -0.24009216645966575 -0.957090529677592 -0.16227590580912013
vn 0.20440679974623535 -0.9638743488297552 0.17077499783492206
vn 0.6637006006683802 -0.6753136719843928 0.32164103765438107
vn 0.9539448592462991 -0.19115200585818765 0.2311928116831276
vn 0.9499942483685717 0.3089252652899517 -0.04556433399233965
vn 0.6523499587278543 0.6365907884346388 -0.41132918620969755
vn 0.1798048024339064 0.6490737813626064 -0.7391707917452849
vn -0.27481137955403256 0.3384850528746952 -0.8999480955299725
vn -0.40586663027436215 0.12590544153755612 -0.9052182599909079
vn -0.512521139345434 -0.4403855430578242 -0.7371449349956382
vn -0.46773474579484026 -0.6884588477174183 -0.5543001195885141
vn -0.26463257730889966 -0.9617968006990432 -0.07011785216287195
vn 0.05408138824057163 -0.902534074685172 0.42720890379081855
vn 0.3903006626293965 -0.5255393403444706 0.7559588576776866
vn 0.6425813558297281 0.051661429043252244 0.7644738699846043
vn 0.682372207409998 0.6124523237174605 0.39908685987825926
vn 0.43365242434852447 0.8885012733441288 -0.15003686921056694
vn 0.04635930387035282 0.7836785833343292 -0.6194341716177394
vn -0.29502990252788996 0.3759465440549541 -0.8784199181641548
vn -0.4001840749696191 0.1333601507640408 -0.9066795334234156
vn -0.4074600930735247 -0.4692614073630506 -0.7834347478330047
vn -0.34700248129081535 -0.7009646394211987 -0.6230873552393164
vn -0.22662143833853524 -0.9666535439406824 -0.11926294341618826
vn -0.1316627142588642 -0.8845312184590557 0.44751475198626334
vn -0.12932686359512832 -0.4828816298943812 0.8660830756129535
vn -0.24529663938416524 0.07987408248799986 0.9661520013194274
vn -0.3830297897306772 0.5843960658043584 0.7153806108997232
vn -0.43909140679100545 0.8740258665163525 0.2080325002076239
vn -0.458754920269003 0.8037139656848044 -0.3789297883410404
vn -0.4683143273482907 0.3900618019577095 -0.7928010352249943
vn -0.4274553300903632 0.0885990026564726 -0.8996844766392366
vn -0.18878572871015734 -0.4850204805816965 -0.85388235843802
vn -0.06789827998484316 -0.7033633493016188 -0.7075802586521961
vn -0.013312597808701834 -0.9796043074891153 -0.20049482658750817
vn -0.1083581502682915 -0.9236248566044787 0.3676623934165565
vn -0.34063735932605615 -0.5652663762215707 0.7512922955446201
vn -0.6222546210934875 -0.08539866807466774 0.7781428236634153
vn -0.8022101724976798 0.3158341726307443 0.5066632160912176
vn -0.8013149499767376 0.5923970341589423 0.08342724293339396
vn -0.6605374173040613 0.6161954957930497 -0.4289445550483627
vn -0.4538428524882158 0.3069419291500256 -0.836548454887713
vn -0.25979414899714315 0.05736409570338738 -0.9639586924090591
vn 0.1906172533510446 -0.42595485955591755 -0.8844362726311049
vn 0.31574563015818014 -0.6396521496780093 -0.700820821928341
vn 0.3001550453333312 -0.9369905049011683 -0.17876169188615176
vn 0.08471773659709925 -0.9224565132470892 0.37669203107298077
vn -0.2753758399682176 -0.6235363413690959 0.7316902198019601
vn -0.6435312067720798 -0.18636369806620026 0.7423854510653888
vn -0.8338771628203078 0.26408628154245 0.48467237720736256
vn -0.7731487268448123 0.6332858297799174 0.034497883677224124
vn -0.5137019690724062 0.689042082955212 -0.5112057265796963
vn -0.17180490466226236 0.3815595501503622 -0.9082375154237157
vn 0.07191936481355925 0.1684619739761552 -0.9830809571387655
vn 0.5954986817747822 -0.22496216025810736 -0.7712154993622098
vn 0.7103989153745888 -0.43540904106383505 -0.5529487751993665
vn 0.6373814404548823 -0.7694919777999447 -0.040336031847329375
vn 0.3658221172652795 -0.7751764881114399 0.5150491149383357
vn 0.004847484769484152 -0.4462463974227645 0.8948970078610241
vn -0.32783049508128426 0.06397784533146317 0.9425677704024806
vn -0.5173819610257275 0.5586993639358795 0.6482059295801114
vn -0.46304659048288876 0.8762842008632217 0.13309340464379574
vn -0.1820069701029932 0.8943849804722006 -0.4085938931747142
vn 0.20670427005293043 0.5957006703534738 -0.7761533714945178
vn 0.44383830710880884 0.39026109156852873 -0.8066621582487474
vn 0.8576706546117958 -0.05025086492286513 -0.5117381154382361
vn 0.9180111232286984 -0.28270745102678396 -0.2780864519575198
vn 0.7766223207943859 -0.6071633895248604 0.16795948697416443
vn 0.4696381618352035 -0.6168137697143325 0.631649246369253
vn 0.12039900460775636 -0.33430021694917705 0.934744587915434
vn -0.1904767621623179 0.10413503750402775 0.9761529065879968
vn -0.35722309639047944 0.5798018621472453 0.7322714387819483
vn -0.2603202743192674 0.9240853726026386 0.27982061918340445
vn 0.072306162601537 0.9779589635958763 -0.19587772811710763
vn 0.48927568627598633 0.7102055439050942 -0.5061792056432506
vn 0.688174533915888 0.5128436596306696 -0.5132321030939826
vn 0.95624577580198 -0.001212890720269345 -0.2925620364247046
vn 0.9494251117684415 -0.28568071442527243 -0.13030152166781722
vn 0.7085291109210187 -0.6700375044152352 0.22144128263373705
vn 0.3031345102320148 -0.7267880065526889 0.6163510868308459
vn -0.10021219310965303 -0.45666721045844216 0.8839754381453472
vn -0.3951901832317039 -0.002501297766709752 0.9185959190997827
vn -0.48277273035235063 0.5058287304705801 0.714890051867179
vn -0.27621280746632637 0.8924375643117349 0.3567375489024221
vn 0.14914168114368048 0.9887227215110286 -0.013569779418315301
vn 0.608289775593035 0.7483166423750982 -0.2645860004864851
vn 0.78315221591363 0.542867775073747 -0.3032609198298565
vn 0.9660586678391911 -0.040337458101117496 -0.2551539530689424
vn 0.918005530414751 -0.33044937409544184 -0.21924656733427414
vn 0.5808331228929802 -0.8084324997517994 -0.09523537523129079
vn 0.02492008786915897 -0.9937110767141248 0.10916631914765598
vn -0.5569016399589628 -0.7641726817597023 0.3254238403424104
vn -0.8827913463299384 -0.194117726210168 0.4277823596362628
vn -0.8223295899924207 0.4269539463647312 0.37614408556626217
vn -0.44251193373750314 0.8687610386205625 0.22234533112889282
vn 0.10713676423196876 0.9938560183840581 0.027783600768986606
vn 0.6290979463086818 0.7639420722915455 -0.14362549959216178
vn 0.8206778138315899 0.5368084887671587 -0.19576662706427145
vn 0.9477402081868767 -0.03974182577385876 -0.31655818591541135
vn 0.87864792693639 -0.269495518078795 -0.3941446260268254
vn 0.5001454815262586 -0.6904721074917433 -0.5225923517281682
vn -0.06796152236147762 -0.8100752939542778 -0.5823738057323671
vn -0.6113923740627311 -0.5870806529264667 -0.53059935158024
vn -0.9253376348714425 -0.1033522660541287 -0.3647856502002262
vn -0.8698600768687149 0.4638061948394912 -0.1680097029890397
vn -0.46917531586866873 0.881950451041793 -0.04514338142754428
vn 0.10200077796193666 0.9943180442256789 -0.030454362944914003
vn 0.6303346047221152 0.7688951954355272 -0.10713759623016252
vn 0.8317637657139273 0.5314130323501383 -0.16052796358833588
vn 0.9692293251015078 -0.04487135189761826 -0.242035280779798
vn 0.9088441586852785 -0.28043403781240095 -0.30880259982694686
vn 0.5348628839405456 -0.6565963128095395 -0.5317922314097114
vn -0.006148859853847822 -0.711968719419098 -0.7021842593587724
vn -0.48622396423895026 -0.43351402732156186 -0.7587172363372273
vn -0.735011867359692 0.040742299992403884 -0.6768290920400418
vn -0.6955297730612189 0.537365328262266 -0.4769453205211229
vn -0.36557844206849477 0.9001768809131598 -0.23671498846551112
vn 0.15665664207508836 0.9857584507827848 -0.061147143875094345
vn 0.6679082695170333 0.7440502846684024 -0.016962234393833844
vn 0.8731480366100354 0.48745170935025295 0.0018268047395568986
vn 0.989436477450054 -0.13895709394479377 0.04130839059617782
vn 0.9111817555246008 -0.4115164016289113 -0.020051423627737732
vn 0.5429646340918026 -0.7771033599053008 -0.3182762544542828
vn 0.010482313720790032 -0.8085899700720995 -0.5882791696107045
vn -0.47459143667442333 -0.4912523952967625 -0.7303656976819901
vn -0.7350511284239457 0.03892633922741081 -0.6768933289056975
vn -0.6915713502062969 0.5776323041142643 -0.433670368848836
vn -0.3430022080085115 0.9331694459771878 -0.10744426646366051
vn 0.18883060912479108 0.9690019233542072 0.1593055981232537
vn 0.6922258149843706 0.6680382500954275 0.2730353777052764
vn 0.8559067316030075 0.39253878899493244 0.33665555978039186
vn 0.8495771205477203 -0.2922638924043438 0.43909057543803687
vn 0.7244981095468414 -0.5816471708504044 0.3698500478636895
vn 0.3599423771066415 -0.9321501863849806 0.0392111614883592
vn -0.1566228398598737 -0.9476188890580426 -0.27836617455184764
vn -0.6453475450611956 -0.616874346230362 -0.4505469865023529
vn -0.9251226526187113 -0.05893360287393089 -0.37506653818225016
vn -0.8625769750368435 0.49955625124938957 -0.08002820736431429
vn -0.4723064379468989 0.8438773291129397 0.25455388836771564
vn 0.07592648980771591 0.8545095884512048 0.5138565280216174
vn 0.5603095192955025 0.5221195723725697 0.6429964189109673
vn 0.6621564734235699 0.26932520111716846 0.6992944592562265
vn 0.5522795245119587 -0.36422639594306977 0.7498842972773646
vn 0.4080128162123438 -0.641286983083881 0.6498280904467321
vn 0.056824219018065086 -0.9529103726673799 0.29788056297096993
vn -0.4013507410771321 -0.9141093594067383 -0.05763385881440976
vn -0.795503977758618 -0.551396253357162 -0.2512679708078619
vn -0.9833928216915334 -0.036872416248314284 -0.1777047640486182
vn -0.9079629641627261 0.41108822201228445 0.08130024250649484
vn -0.5974962672220256 0.7188483429580735 0.3553241766080342
vn -0.11853588223231923 0.7660813235154139 0.6317188064196579
vn 0.3155084586173524 0.44859782370216467 0.8361904119939334
vn 0.3990208511879523 0.2503319684012889 0.8821089875483518
vn 0.2712005929663568 -0.3223153897443286 0.9069526051060541
vn 0.1366513676049859 -0.5926522044971616 0.7937819399786956
vn -0.18057208110236364 -0.8919248156305123 0.41456464729742465
vn -0.5377026164278826 -0.84256219299538 -0.03106198997851686
vn -0.8048308628383175 -0.470305122971231 -0.36202261466646624
vn -0.8890568683709033 0.07309242395247349 -0.4519240891601976
vn -0.7555737979530261 0.5872310313010651 -0.29028942750972997
vn -0.43782368023078666 0.8973100128159208 0.05608177894344791
vn -0.05804887838845452 0.8729013283276836 0.48443121154773644
vn 0.2218914358643186 0.5059937303997316 0.8335073697851956
vn 0.2883632180944135 0.30242904998366277 0.9085060947380666
vn 0.215818244989881 -0.29067457227501203 0.932164566030176
vn 0.11831141379230463 -0.563918238446031 0.8173118313804048
vn -0.14500605834675476 -0.9052342035755752 0.39940490697991154
vn -0.38009158442553964 -0.9115298550040778 -0.15698315478142116
vn -0.5033215924617933 -0.5686280777348528 -0.6506377515740156
vn -0.46488186749991095 0.01428417955606571 -0.885257483156288
vn -0.26734438787137593 0.6094141659181658 -0.7464190194870073
vn 0.013725652738026449 0.956437852538442 -0.29161316960756145
vn 0.2581898513004034 0.9249945078523993 0.2787887392424108
vn 0.3705844323896251 0.5523036779163696 0.7467448197547208
vn 0.3925460532331533 0.29601627251346496 0.8707938691207628
vn 0.28536870435862277 -0.30930122039693947 0.907136956381805
vn 0.18934927228656134 -0.5554604935083559 0.8096977789496543
vn -0.007752511977894489 -0.9185600117144346 0.39520552050447183
vn -0.09443813651921622 -0.979045400364226 -0.18042046002720957
vn -0.02883640162778031 -0.7144513837317107 -0.6990906108831713
vn 0.16481421936936452 -0.22400292820854403 -0.9605513839705115
vn 0.40010896410939156 0.31051424212307266 -0.8622608203310895
vn 0.5814817545820757 0.684895395999698 -0.4390868543085384
vn 0.6507635745894749 0.7456853427864145 0.14303894414122537
vn 0.5894526930501112 0.471296436929567 0.6560679775705154
vn 0.4976574237895166 0.2236297304484304 0.838049421100417
vn 0.21277295376235075 -0.2954192504461318 0.9313727162705004
vn 0.10417968935693604 -0.5187960940744455 0.84852649051081
vn -0.014967500024701465 -0.9007256502236788 0.43413048380889063
vn 0.02341915227226613 -0.9916845275085946 -0.1265438311689025
vn 0.20802796205503077 -0.7694960354366196 -0.6038213464681051
vn 0.45314885573467756 -0.3384363456891698 -0.8246920361340426
vn 0.6559499580324303 0.15028506696442537 -0.7396918623350882
vn 0.7550906609616427 0.5409816554143915 -0.37037405718221406
vn 0.7210517568302451 0.6702909509232985 0.17548334702289348
vn 0.5600895891224089 0.46578797777618497 0.6850848209644287
vn 0.3938648678791246 0.25899350498999896 0.8819256375815112
vn -0.04168445327762971 -0.18997700892192632 0.980903227865024
vn -0.1671315403948528 -0.42163147824928826 0.8912317009367225
vn -0.1913946677985099 -0.8595291196512996 0.473896374337006
vn -0.04045215591047898 -0.9946958347558 -0.09457176852347016
vn 0.2233847999670269 -0.779353030927434 -0.5854127469810625
vn 0.4723744651184751 -0.30567824586661796 -0.8266941240313385
vn 0.6167575647258677 0.25468662093293426 -0.7448119436953067
vn 0.6279696742969884 0.6944782646332929 -0.3512179211191595
vn 0.49941435953754465 0.8395475828830443 0.21388116691972103
vn 0.2665767593315248 0.6309510884743429 0.7285859972147037
vn 0.057037598897249006 0.43281411754680754 0.8996769708980079
vn -0.42967358710959724 -0.04750829988082004 0.9017336469173175
vn -0.5556780582767672 -0.3123298223794848 0.770501121090788
vn -0.5284100196623966 -0.7646019490199429 0.3690077379612658
vn -0.35025054435789543 -0.9171568808787871 -0.19012577950844123
vn -0.09306021205966872 -0.7027394304847522 -0.705334735975321
vn 0.15664060762534218 -0.19531381565005504 -0.9681509352673167
vn 0.310936457169576 0.3984383424243047 -0.8628820353263852
vn 0.2979069621657055 0.8471040048575406 -0.44007527406969443
vn 0.11741502242271347 0.984775037796123 0.12818672881042784
vn -0.15665937829817875 0.7641221221296552 0.6257597155964105
vn -0.3563616211810958 0.5627120036192881 0.7458965048396109
vn -0.7440338036426055 0.027195240942810044 0.6675882847288285
vn -0.8046273620912201 -0.2671302865564855 0.5302982351265885
vn -0.6979604171455083 -0.6972720431219323 0.16328794805078053
vn -0.46637601233718917 -0.8166979651725785 -0.33984974444514693
vn -0.20722394015632015 -0.5957326982208957 -0.775990200258058
vn 0.011423425106447829 -0.14656760169103467 -0.9891346943128502
vn 0.12788404270595022 0.38762458389821847 -0.9129035291743129
vn 0.06292659612154153 0.8266235953291887 -0.5592259607221415
vn -0.17708407353409814 0.9824667579064605 -0.05831209573783702
vn -0.48517553057757506 0.7816206384291005 0.39201260453007614
vn -0.6380171205526973 0.5845103287450563 0.5012801905840596
vn -0.870375095640871 0.020326809930601125 0.49196952516003467
vn -0.8669112534631751 -0.29378814216562177 0.402682761167869
vn -0.6632773946477118 -0.7406299192711208 0.10737979525868299
vn -0.3336642382925042 -0.8812927599484853 -0.33465093358164166
vn -0.0069417535513436055 -0.6714592684108778 -0.741008949286553
vn 0.2254043907717283 -0.21205554349239825 -0.9509076227978035
vn 0.2826352995173917 0.3438131786922939 -0.8954941572250569
vn 0.10639468002680706 0.7949014431028376 -0.5973373149360584
vn -0.2418766609846807 0.955117460934898 -0.17101554516527312
vn -0.612009942095488 0.7582772964796355 0.22463163717475865
vn -0.7506185369408024 0.5621912625764244 0.3471495301503018
vn -0.8724521480815831 -0.016586700610765507 0.48841798766085615
vn -0.8038589850696848 -0.3125759024836092 0.5060701901014257
vn -0.47179755561072967 -0.7972410916026356 0.37658160918979894
vn 0.03196040213881083 -0.9958168409898662 0.08559995266405937
vn 0.522997965657615 -0.8067298978081522 -0.2750636288214866
vn 0.7837834327269964 -0.2800016690166429 -0.5543307640124083
vn 0.7027105636365331 0.34999364352090356 -0.6194370938590849
vn 0.3374903461301369 0.823122789938566 -0.45669370364907763
vn -0.16101903840437057 0.9760336649822883 -0.14639383215345636
vn -0.6117306224339557 0.7675875265577452 0.19129828710557706
vn -0.756898474087842 0.5566904628054373 0.34234548126850545
vn -0.8076366567578425 0.0014156353050926212 0.5896787486739691
vn -0.7156031240161336 -0.24095169074807116 0.6556328634411154
vn -0.32861321878955524 -0.6783901394062966 0.6571150364989934
vn 0.22275969471288395 -0.8240028055231252 0.520958246792813
vn 0.727886549297567 -0.618847005478952 0.2953126396912505
vn 0.9884051025856981 -0.13999940371870778 0.05878367240111742
vn 0.8985713369316978 0.42801819418821924 -0.09679864610952428
vn 0.4967199529894431 0.8619747698761675 -0.10133501072725801
vn -0.05311294125832616 0.9974898420417561 0.04682980348455902
vn -0.5434204246733652 0.7902433140575814 0.2832132529298557
vn -0.7211222136125156 0.5583295290786544 0.41018397091231323
vn -0.835779431372018 -0.00995003062946943 0.5489751715569101
vn -0.7683207318321457 -0.2627957735849858 0.5836279931795466
vn -0.36732658787563566 -0.6717679508572659 0.6432721026444975
vn 0.19587745924254868 -0.7697101102454834 0.6076004996266624
vn 0.6914237700525339 -0.5205333800972808 0.5009772154607837
vn 0.9296743896759699 -0.04109781247382634 0.3660826395644555
vn 0.8453135652241871 0.47860355101329205 0.23745234765198908
vn 0.4729956038711737 0.8670744205043811 0.15638768501878691
vn -0.06830421850107676 0.9829065225141911 0.17096579112213411
vn -0.5761405825514948 0.7662914991245805 0.2843578159759766
vn -0.7903237329556472 0.5202482930025938 0.3236203188227499
vn -0.9501406602467457 -0.09654929541798553 0.29649782343243036
vn -0.870726590430426 -0.3832018099564126 0.3082070368494763
vn -0.4437069928895389 -0.7915954058044664 0.4201200042490058
vn 0.14947915180031993 -0.8723170221251497 0.46553087554722716
vn 0.677895965764867 -0.5920277260361924 0.4358442740293067
vn 0.9392028867982609 -0.06584681445013535 0.3369898135798504
vn 0.8449874012931728 0.5008955650443486 0.1873497386566443
vn 0.4273559139742093 0.9028520555928189 0.047170843781830875
vn -0.16300778178061617 0.9865812115937904 -0.009272324902194672
vn -0.6969424547208886 0.7160251203314634 0.03973967616797312
vn -0.8911035281888811 0.45335830382357617 0.020018751298175735
vn -0.9705153091560866 -0.21082587505214057 -0.11684384922692734
vn -0.85105709090451 -0.5126486292252326 -0.1135482759650821
vn -0.4142503402669633 -0.9097705400617416 0.02672489521910894
vn 0.18383779684646187 -0.976433075097102 0.1130580130156919
vn 0.7216728417705939 -0.6844164812620329 0.10374193765133127
vn 0.9902868860088189 -0.13861283650371686 -0.01087956595415282
vn 0.8750636446542178 0.44938006324042457 -0.17978091268682755
vn 0.4236930820956893 0.8485463685784325 -0.3169435794532058
vn -0.18227669461685647 0.908160679767466 -0.37685459573136054
vn -0.7107029704678371 0.608498764741744 -0.35303051012053377
vn -0.8518462680369189 0.3614042360258756 -0.3791370646799476
vn -0.8313633274169345 -0.26797145832853325 -0.4868534844771288
vn -0.6917064232309279 -0.5559968982444286 -0.4608792392847077
vn -0.26683783268823946 -0.9155825286487093 -0.30084249081450987
vn 0.29162428237799737 -0.9426068810596417 -0.16262701407371616
vn 0.7670492058131644 -0.6307062012842356 -0.1176656429167126
vn 0.9722826961316454 -0.11417817933710653 -0.20403358097686203
vn 0.8431309146995357 0.3915192019503458 -0.36856882014365877
vn 0.4520079560796906 0.7325791229562034 -0.5089367703844753
vn -0.08981099165981707 0.7993893193100886 -0.5940628771014341
vn -0.5834215404796986 0.5212960351700641 -0.6227918992892142
vn -0.7020810338473151 0.33198887544817685 -0.6299727045599198
vn -0.6885999899337136 -0.24019830938119502 -0.6842037898416709
vn -0.5545167421187721 -0.5280358881110458 -0.6431868185657743
vn -0.13397999265137805 -0.8797090752887645 -0.45624697744064435
vn 0.39180278391552725 -0.892454972999598 -0.2236396648278868
vn 0.8220486663120833 -0.5676192656580745 -0.045214593532545734
vn 0.999255946089858 -0.03839492390244129 0.0036584180445514407
vn 0.864630580899049 0.4958757167546054 -0.08075414606866696
vn 0.4619394158560751 0.8515597426640261 -0.24790720189725338
vn -0.07070265667028586 0.8890770023224408 -0.4522645445766299
vn -0.5208445138971615 0.5743742527383832 -0.6315181787838363
vn -0.6451939274535576 0.38562091767416606 -0.6595614481071398
vn -0.679538724385343 -0.21176795585993358 -0.7024111722713743
vn -0.5723836442059717 -0.5018376129600943 -0.6484874509687957
vn -0.167031440311277 -0.8899719287052775 -0.4243235370140913
vn 0.31455587824019915 -0.9473332607094219 -0.06011898716870886
vn 0.6961288298214106 -0.6461902713935318 0.31279831433022026
vn 0.8287947627091051 -0.08625069852839941 0.5528653166091372
vn 0.6469548145502803 0.5212753850724444 0.5565262265588095
vn 0.21844092253234074 0.9232111079358903 0.3161721264548882
vn -0.27652498974874024 0.9588580691227025 -0.06422720080107501
vn -0.6444430263852421 0.6310176167734752 -0.4318679810601309
vn -0.7581949625571746 0.3801403539177739 -0.5297487235248373
vn -0.7627329965928912 -0.23367192278739674 -0.6030222287853654
vn -0.6649751493044437 -0.48999966917236837 -0.5636562560803368
vn -0.3223959439888981 -0.8932879981238353 -0.31320505696335454
vn 0.05126843899705533 -0.9904577588567396 0.127925662332816
vn 0.30951037490965105 -0.7425820108597208 0.5939488908743082
vn 0.35297778307583755 -0.24306835274653996 0.9035067573338623
vn 0.17060760148613913 0.31695530719628856 0.9329696562885919
vn -0.16586140052710854 0.7219123355077033 0.671812902270416
vn -0.5326581022216892 0.8155473502741466 0.22618104606356199
vn -0.7923680169777327 0.5642197886182159 -0.23196757489440553
vn -0.846023680432105 0.3157415694205121 -0.4295942195700351
vn -0.7309132187032159 -0.2276628305690571 -0.6433781953891425
vn -0.6068782339015034 -0.46939299505717286 -0.6413805620751607
vn -0.30588334690391417 -0.8763529627254921 -0.37207642065725127
vn -0.023528580989368227 -0.9936629920433807 0.10991025484468256
vn 0.11989985341303849 -0.780990417531922 0.6129257645709195
vn 0.07403086879959267 -0.3346899453916987 0.9394158136408388
vn -0.12082143968503362 0.1742938621711622 0.9772532063502763
vn -0.39004837245761276 0.5751228748547859 0.7190938366874894
vn -0.6535619081398574 0.7141379910854981 0.250726468321471
vn -0.8151679048100822 0.5213210588552429 -0.2524393799738645
vn -0.8012272735367856 0.31849524457480655 -0.5065526974797815
vn -0.5312390375809947 -0.1571076228614317 -0.8325276450598194
vn -0.3686807460049612 -0.4091505415408723 -0.8346678033098175
vn -0.08870936845250427 -0.846845499514179 -0.52438854669161
vn 0.1441758837733447 -0.9894585976640184 0.013601398712237542
vn 0.23223039766235323 -0.7870243875326406 0.571543223064063
vn 0.14555982789883556 -0.3238656717521927 0.934838682962233
vn -0.0650958575693365 0.22764846956570187 0.9715650794628771
vn -0.3220686659599958 0.6703023408311988 0.668555567086958
vn -0.5439429722871509 0.8284181714407672 0.13360155734928827
vn -0.6465085171988236 0.6315837525121406 -0.4279353931986246
vn -0.5747640740405248 0.4413830944751581 -0.6890770806694065
vn -0.1707222135869535 -0.016988610572069514 -0.9851727325189228
vn 0.015568114005497371 -0.2802996358961387 -0.9597863032690163
vn 0.26413241100457613 -0.7326688190313896 -0.6272403614851794
vn 0.4720507833257413 -0.8790127584862268 -0.06711652836662578
vn 0.5598484859122571 -0.6604882461431535 0.5003248440048669
vn 0.47872591797123215 -0.1750740288354219 0.860331668538323
vn 0.2542827420735032 0.3881954242564429 0.8858016706181698
vn -0.010741136065334023 0.8277035377545809 0.5610628142949567
vn -0.20881414306059812 0.9779399583112505 0.005485580740224056
vn -0.27319443408553895 0.7770925216189222 -0.5670026578673392
vn -0.18478685639867312 0.5821677453428868 -0.7917919764588902
vn 0.19317171131224173 0.07680388601112548 -0.9781543094227464
vn 0.3540236992187564 -0.20625445492943786 -0.912209581298743
vn 0.52551578573675 -0.62932072990131 -0.5725282332409197
vn 0.6514542095690399 -0.757434963351776 -0.043585423332478036
vn 0.6863299485874134 -0.5585680504401497 0.4657820678165799
vn 0.6005861349692713 -0.12977266714743863 0.7889583951921116
vn 0.41677764686249436 0.39372921583389686 0.8193129424551933
vn 0.21957806282472686 0.8311658106092217 0.510831547186013
vn 0.09691271655207123 0.9948372557840708 -0.03011245381095953
vn 0.08987233831798326 0.8090266028933146 -0.5808604984126231
vn 0.16808269598498776 0.6247263432019831 -0.7625386570003492
vn 0.3938036879270432 0.08405544652021882 -0.9153432893102711
vn 0.46224621017935 -0.2272154990772745 -0.8571473374828235
vn 0.5141992637868086 -0.6847850772106675 -0.5163995692781744
vn 0.5152086753131284 -0.8566549649097143 0.026500792018877
vn 0.4665887935641639 -0.6810722923460277 0.5643008331722229
vn 0.37740399713550926 -0.22893130342524518 0.8973052330495788
vn 0.2756980341588408 0.33356836220808944 0.9015113652610062
vn 0.20889316105760689 0.7967739551190182 0.567022849369721
vn 0.20971916666997115 0.9775852584786068 0.018572386399402986
vn 0.27456721817368707 0.8030443236538587 -0.5288975864490965
vn 0.3097496659935723 0.625460750198998 -0.7161382508827305
vn 0.3539151487791784 0.06076139478516767 -0.9333017306146889
vn 0.33121409304264915 -0.24372665063114193 -0.9115341706935954
vn 0.2566378706977098 -0.7595151646025513 -0.5977237807403223
vn 0.10422681055113098 -0.993398764916516 -0.047913107023853575
vn -0.06857054717585027 -0.8408795044494637 0.5368610053420054
vn -0.19344124562134488 -0.3460787003820449 0.9180468493679054
vn -0.2208415875098838 0.2866201412698009 0.9322434702611725
vn -0.14240872829663956 0.7973755581107755 0.5864400851173657
vn 0.009997887281553411 0.999502573713663 0.02991065679099487
vn 0.17885990569658866 0.8309503853560768 -0.5268117227347879
vn 0.21820785371101936 0.6289161520340083 -0.7462236972179098
vn 0.22925926564871354 0.060317370566833416 -0.9714947266568749
vn 0.1765510009440911 -0.18751834509286797 -0.9662642569811176
vn -0.034541134371134485 -0.6823350901723004 -0.7302230719142705
vn -0.34424527903182023 -0.896579846628863 -0.27863913307945254
vn -0.6308313464384127 -0.7462270685816043 0.2125958006800823
vn -0.7742068287502425 -0.2956941172081658 0.5596148455544906
vn -0.7203019979006896 0.2794580208749177 0.6348765599618158
vn -0.5007928054003769 0.7647520365118272 0.4054144653440883
vn -0.20172108968279157 0.9784386879404153 -0.044343386413598425
vn 0.06926304806267353 0.837880964119838 -0.5414407817468854
vn 0.18381594322175762 0.626656121897917 -0.7573069416725023
vn 0.288770828120001 0.08342808584681406 -0.953756343789558
vn 0.23908293772246872 -0.1571361457045713 -0.9582001777306794
vn -0.06575646260787318 -0.6068652876897453 -0.7920799266630496
vn -0.46696349716895413 -0.769719000319759 -0.4352904235777429
vn -0.8003448929479265 -0.5986514751508859 -0.032626118859597784
vn -0.9405061175547358 -0.18258470624949683 0.2865502885810836
vn -0.842038323287692 0.3414232391774829 0.41761421654968517
vn -0.5409755613039359 0.7921771269847937 0.2824904273670346
vn -0.1523178238988038 0.9851017122418779 -0.07983668994173908
vn 0.17909642688353292 0.8358018823688482 -0.518998731507353
vn 0.33667145239410623 0.6254428822037976 -0.7038988096619068
vn 0.531287491136354 0.044115431591390676 -0.8460422155291921
vn 0.4902416508648112 -0.24439463223671404 -0.8366208146413916
vn 0.13512808419579528 -0.7070793684825397 -0.6941031389699278
vn -0.331596135557986 -0.8743300423816681 -0.3543881768229299
vn -0.7306392127391487 -0.6807158528386036 0.05284191993227974
vn -0.9025278085339001 -0.20326837883581006 0.37963867161876075
vn -0.7773423298324689 0.37536040447948243 0.5048202343405307
vn -0.40911942295270376 0.8343368085944158 0.3694636485330211
vn 0.053043455110567225 0.9983348292752409 0.022670697517036265
vn 0.43677949990140497 0.8076356069022292 -0.3961671300468358
vn 0.6137644138586191 0.5785781822288089 -0.537159688853876
vn 0.8216235172562552 -0.06920269241950532 -0.565814265685615
vn 0.7579512356829741 -0.3856630203555718 -0.5260931087334926
vn 0.3794572915993258 -0.8401559517306505 -0.38749211685358076
vn -0.11146778078913606 -0.9918577262437772 -0.06158883613504516
vn -0.5250924213114702 -0.7817909096936422 0.33627506984854677
vn -0.6955736088734502 -0.2862712662391511 0.6589583573827695
vn -0.5580064721242597 0.3048860169243161 0.7717987391486614
vn -0.17686774800758653 0.7629948031500199 0.6217368656278854
vn 0.3034470317653542 0.9120759778539426 0.2757486346921243
vn 0.7071018834591756 0.6961805839714285 -0.12385281954678
vn 0.8510734364950179 0.47225811667198125 -0.22944776514491116
vn 0.9624750815088243 -0.15158298928078784 -0.22508734934527647
vn 0.8659348691653262 -0.4618286897155768 -0.19201839422102915
vn 0.4775561549872588 -0.8756259422256857 -0.07224491771166722
vn -0.01583014781816705 -0.9790942549371814 0.20279015353083696
vn -0.4114182284804203 -0.7424064263064245 0.528741656627276
vn -0.5631755007933046 -0.27456191248150535 0.7793902177476368
vn -0.4444119949868204 0.25009927263894066 0.8602024950773551
vn -0.1000187797651533 0.663247484733914 0.7416866034171216
vn 0.37288576394717865 0.8025344616714096 0.4657194916205566
vn 0.7960031209693342 0.5891076457461781 0.13903673302575484
vn 0.9156733038606386 0.40007689085579634 0.03848222966644949
vn 0.9837110504101744 -0.1775165175959115 -0.02829231841917132
vn 0.8769723672476057 -0.47930040406125707 -0.03450492357398033
vn 0.4713067225767044 -0.8811226695451435 0.0386369572772691
vn -0.06427212031655136 -0.972713645059121 0.2229288210748297
vn -0.5244007721725888 -0.7210232636210226 0.4529120041046404
vn -0.7336015738672431 -0.22220480555264965 0.6422256264030679
vn -0.6155717485915105 0.33487615604123366 0.7133928668349844
vn -0.21614636085791508 0.7409782870297454 0.6357923629915225
vn 0.31763014605152995 0.8388790595946284 0.44203281970111186
vn 0.7821443538551208 0.5864380494300352 0.2105721347026977
vn 0.9090864922191004 0.4040815053433669 0.10138977613255794
vn 0.9822407417522252 -0.16544321268116147 -0.08849671530500108
vn 0.8784026569284311 -0.45756706937768854 -0.13798967107065094
vn 0.4528243915105151 -0.8841653017331483 -0.11489904118077958
vn -0.13879735736308602 -0.9896861292289333 -0.03544938928775982
vn -0.6825124577778704 -0.7270409418378155 0.07475435686027081
vn -0.96724439943867 -0.17946753142706978 0.1795262569041098
vn -0.8628572713045328 0.4467506054454347 0.23641325235915447
vn -0.4041711690326992 0.8892943864128678 0.2140120567101354
vn 0.20996622437025111 0.9701721527685697 0.1211617869466295
vn 0.7358154420050009 0.6771788381337454 0.0021110402213183736
vn 0.8906877896260872 0.4450563918005979 -0.09273655982635791
vn 0.9635655319918472 -0.15728120564556572 -0.21634252450210878
vn 0.8747387364530006 -0.4332594790346273 -0.21706765483427376
vn 0.4721389344693377 -0.8558499093431067 -0.21120075576463868
vn -0.10138356734850983 -0.964088623435119 -0.24546791732254436
vn -0.626011436055985 -0.7136274035300926 -0.31439721827335204
vn -0.8960295998056926 -0.19943548922478424 -0.39668178923379044
vn -0.8067718637046607 0.37849145624632335 -0.45372169606824586
vn -0.3979008764823015 0.7988179863868279 -0.4511814680585959
vn 0.17219737389413065 0.9020013326976188 -0.3959061255344309
vn 0.6876675649959132 0.6503470694573583 -0.3227413969431525
vn 0.8765323293687793 0.3948793470544939 -0.27524784620621184
vn 0.9731274296707015 -0.18414403591912168 -0.13825331698701118
vn 0.8894643705405908 -0.4496448596541568 -0.08168619054298124
vn 0.49169742833087154 -0.8655514080923783 -0.09515460536468372
vn -0.05682915853501219 -0.97392494031895 -0.21963755909436836
vn -0.5317831056251129 -0.7370627545784798 -0.41706740988105695
vn -0.7431379603809113 -0.2636595087091686 -0.6150037685316561
vn -0.6367100412223008 0.2540190193948786 -0.7280622646397492
vn -0.2761455235120911 0.6522103682344161 -0.7059499170704395
vn 0.23690557299151258 0.7927710353461708 -0.5615957932550096
vn 0.7230370666400754 0.5892125389017597 -0.36061889061092933
vn 0.9080381270634528 0.3651078294016241 -0.20533638914895522
vn 0.9761581712076391 -0.16252761073925936 0.14387494754802005
vn 0.8695015827383369 -0.43194979032297875 0.23955453712142863
vn 0.45354076765102314 -0.8694586070599858 0.19581241709306926
vn -0.10500604105371289 -0.9944701375756209 0.0016961169039323826
vn -0.5873408890877237 -0.7613818019958843 -0.2744602550373044
vn -0.8076544455182342 -0.26390549707663286 -0.527302745344047
vn -0.6925831929170715 0.3087639762295984 -0.65191512321136
vn -0.2899615465298019 0.7477840181821395 -0.5972782966803827
vn 0.2588163908586844 0.882907627747646 -0.391775696908204
vn 0.746554904883751 0.6545690839302533 -0.11914314229834151
vn 0.892435652463928 0.4431049439170616 0.08495066148971922
vn 0.8463526930950066 -0.06638413641608774 0.5284697392690709
vn 0.7001709403032133 -0.34125399886987084 0.6271414215392219
vn 0.2846269292010103 -0.7807987880354746 0.5561841096039484
vn -0.2646420032824125 -0.9081467495892771 0.3243980445519093
vn -0.7416486771154838 -0.6703112153453352 0.025300480531255803
vn -0.9621186700382849 -0.15556710712591768 -0.223889570869737
vn -0.8364764975131747 0.43317475537462163 -0.335658606941977
vn -0.41329714207971446 0.8684552217779717 -0.2738083273301125
vn 0.1416923981346905 0.9884607663264979 -0.05355910514630164
vn 0.6144045755122428 0.7495249113549011 0.2464131182547888
vn 0.7161544415383281 0.5484027154699196 0.4317143471442013
vn 0.6072465862255456 0.03784838371715136 0.7936114183701115
vn 0.4555144194163571 -0.2414752332555566 0.8568525692486156
vn 0.06835379390355495 -0.6539484203956081 0.7534449033081844
vn -0.4201616428585444 -0.7678527385383174 0.4835973178064738
vn -0.8233387001798187 -0.5438993061434686 0.16213244451022207
vn -0.9930970259942284 -0.07815233020277905 -0.08746719525224775
vn -0.8723606476406084 0.45085102367053087 -0.1889980288344112
vn -0.5001789400941116 0.858724010002608 -0.11141859149788266
vn -0.007082516252572005 0.9907552495091567 0.13547646856033985
vn 0.4123249878872456 0.7822919952799033 0.46691255978477464
vn 0.5055726737876626 0.6081748570238383 0.6119800771293356
vn 0.464721132557797 0.09364198677945894 0.8804915940917291
vn 0.34771481515078945 -0.20312085957274156 0.9153339957256491
vn -0.012881329816230387 -0.6338940662880405 0.7733126043631895
vn -0.4561724648781648 -0.7774072861656073 0.43306419120449685
vn -0.8135672702389384 -0.5807201191123236 0.02953709623729255
vn -0.9503290719222535 -0.12417220410506878 -0.28540483315297477
vn -0.8148962654413662 0.41856278937183533 -0.4009354909745242
vn -0.45554281950522324 0.8473613018357163 -0.27287279774376866
vn -0.008451198277860096 0.9981806933515651 0.059698246773729424
vn 0.3523210558328074 0.8082608519131953 0.47178837298243337
vn 0.4665043373367651 0.6338404443306062 0.6169440771875239
vn 0.533020491252733 0.07271250267576314 0.8429721512952384
vn 0.47081484552317143 -0.22699138117960968 0.8525305238554016
vn 0.1613967447505677 -0.7221437225613425 0.6726511240971554
vn -0.22503194173977797 -0.9430910928621009 0.2448260928924726
vn -0.5419423480205232 -0.7943814846376338 -0.2743292698326427
vn -0.6572944558795893 -0.3234826642549543 -0.6806783118305378
vn -0.520435448435542 0.27905246399555667 -0.8070171412985631
vn -0.19404355154700506 0.7696855847982387 -0.6082196976889339
vn 0.18878497108180511 0.9669244250911541 -0.1715149872628727
vn 0.48632260933583443 0.807223852740147 0.33448463524673133
vn 0.5952717647122875 0.6028910264350658 0.531200467225314
vn 0.647002574147621 0.03892709665487776 0.7614934997702698
vn 0.6182146124312815 -0.21413365186302108 0.7562787000281356
vn 0.44626748444394415 -0.7236166577365915 0.5265209064929888
vn 0.22629497075605848 -0.9730245737766374 0.04487499345189261
vn 0.04241982348253629 -0.8646769861466531 -0.5005339830661364
vn -0.044932148936264384 -0.44279145786101437 -0.8954980886843293
vn -0.005430415715529865 0.1291319573453838 -0.9916125494250799
vn 0.15597396593480609 0.6332368053484412 -0.7580786702596691
vn 0.38152918696980054 0.8793383350732812 -0.28495538591280023
vn 0.5801362451165878 0.7747317031143033 0.2514611804864462
vn 0.6343807523542635 0.5845870921416741 0.5057855204963666
vn 0.5986832517590194 0.0741401704266929 0.797547239473843
vn 0.5707100659810999 -0.17300683350920507 0.8027195376636642
vn 0.5058793423531178 -0.673970937458587 0.5383765099273652
vn 0.4154386550201591 -0.9089516466525952 0.03489452625522774
vn 0.33397161899341754 -0.7993798241257473 -0.4994545569795163
vn 0.27129074403748327 -0.40894376436600394 -0.8713015148533548
vn 0.2431609265235722 0.13055279489488564 -0.961160096735883
vn 0.28305822454667334 0.6326339805981075 -0.7208691199580395
vn 0.38609963531631986 0.8934392900420464 -0.22955022678657747
vn 0.5012025187799894 0.8030390064431169 0.32237305920229425
vn 0.5031904029632297 0.627438670355452 0.5942391213209416
vn 0.35255768240211033 0.11144242973727793 0.9291305965436207
vn 0.30201240826433345 -0.17449684124707232 0.9371976086446079
vn 0.2930232862191563 -0.7039740036812521 0.6469605520233167
vn 0.26168695267809877 -0.9598505561390858 0.10102894970026183
vn 0.21996091567381468 -0.8438214163836047 -0.48947176918419344
vn 0.17162334985805258 -0.4040013567443683 -0.8985145126998284
vn 0.13028888067588218 0.19290707506786653 -0.9725284921075508
vn 0.1255047330763458 0.7208081538079727 -0.6816774657999023
vn 0.16473538006450508 0.976669569089615 -0.13776359232144422
vn 0.22566125387871658 0.8634270655741784 0.4511880992799445
vn 0.18151697980958986 0.6757123047180568 0.7144679609985438
vn -0.06025003628993268 0.10233296432126536 0.992923913268426
vn -0.11877677735708561 -0.21623020139982974 0.9690905928566507
vn -0.09346873322652975 -0.7419874079588078 0.6638661629723249
vn -0.09984855964410899 -0.9892476067822232 0.10686176871379534
vn -0.14312806577337528 -0.860433867607325 -0.48904796928550137
vn -0.19844714397106425 -0.40434483895824125 -0.8928180006348223
vn -0.22950830722167737 0.20209833685959624 -0.9520935873929753
vn -0.23293863539857346 0.7278337573297633 -0.6449787700613795
vn -0.2205204927322959 0.9713957745598105 -0.08809631917651968
vn -0.19502821284310629 0.8408788321730751 0.5048631357095398
vn -0.24347096526434178 0.6440378982508298 0.7252151919878012
vn -0.41852972079036127 0.048239041312993544 0.9069210923274117
vn -0.43386257571922165 -0.2763448711473226 0.857552784136844
vn -0.353603156253566 -0.75498360786737 0.5522359638226086
vn -0.3020264579771489 -0.9529515736527423 0.02575494039091598
vn -0.301599385843523 -0.8069656557884799 -0.507783655543065
vn -0.3312382917161544 -0.3927316572077256 -0.8579295073185426
vn -0.36887570481526977 0.15004487037076375 -0.917287987096996
vn -0.42151322272040476 0.6376008883233623 -0.6448191298969952
vn -0.4811005684209868 0.8677526878110511 -0.12468967824844274
vn -0.5152134883605038 0.7371241433542237 0.4372677197046483
vn -0.543165200075526 0.5572965671043104 0.6280064503814148
vn -0.5738145032780441 -0.009159820026268358 0.8189340715374213
vn -0.5148673480721929 -0.3267356345615733 0.7925625773380632
vn -0.33511978231410416 -0.7927099429322918 0.5092206573559542
vn -0.15807683741794867 -0.9874263390749967 0.000968696489850694
vn -0.05262364217459662 -0.8382178176525711 -0.5427906064533922
vn -0.055583302687268896 -0.3978797847479712 -0.9157522445242946
vn -0.16229885734034497 0.16902276787629414 -0.9721575925977509
vn -0.335190446258256 0.6445733925482966 -0.6871480963780447
vn -0.5119100879904068 0.8419734356038985 -0.17037838933098778
vn -0.6239257430616652 0.6848497364123135 0.3764272913604083
vn -0.6292870774916761 0.5217691771166945 0.5759815100443353
vn -0.509290864804369 -0.002958403846824129 0.860589369486689
vn -0.38465087705611617 -0.2898190847752879 0.8763838205261294
vn -0.11397512251348738 -0.7710660692139385 0.6264716979680739
vn 0.19326353554924525 -0.9713143352423136 0.13855564939686896
vn 0.4213556554629377 -0.8075278819816686 -0.41274463222626934
vn 0.47500711865879286 -0.3281160605910037 -0.8165219458200204
vn 0.32606842950641746 0.28348061300440763 -0.9018415167477397
vn 0.03856330594928872 0.7758359622283036 -0.6297550564684207
vn -0.2676398438214744 0.9560832913415828 -0.11947239855574632
vn -0.47857853632307035 0.7688088394892509 0.42414095875552843
vn -0.48357024722837694 0.5787400595393197 0.6566732516860353
vn -0.36343783807050467 0.03652591697837451 0.9309021405322508
vn -0.2733805757561518 -0.22917164710586102 0.934207373639291
vn 0.010909195187809088 -0.6925996624359397 0.7212396945911788
vn 0.38767778779726164 -0.8683165290822624 0.3094064287812293
vn 0.7149800965985063 -0.684851857227981 -0.140646347692984
vn 0.866236879859431 -0.21211237066429678 -0.45237375054546397
vn 0.780094966615898 0.36396526610201885 -0.5089018845827039
vn 0.4886006375584181 0.821018271993998 -0.2952937758055472
vn 0.10737095759181671 0.9883744107675176 0.10764525816671441
vn -0.21538001588230948 0.8060443509615061 0.5512748434688277
vn -0.32877517009450685 0.5767265604365057 0.7478591859544185
vn -0.41283511427353314 0.008410833635803017 0.9107669440094486
vn -0.369344531001021 -0.26477029812900593 0.8907756769514495
vn -0.06382725245565232 -0.7128167589591758 0.6984399401458213
vn 0.3679641799937081 -0.8603870311684072 0.35261383812716734
vn 0.7590247037007819 -0.6510617343160858 0.0003424635323662505
vn 0.9594373500506496 -0.17974638559535608 -0.21718933719958003
vn 0.9008178663608922 0.3625688831830458 -0.23889532559765284
vn 0.6067143081503114 0.7914547918771758 -0.07414216546841129
vn 0.17732865648291743 0.9550188532026211 0.23768369236763795
vn -0.22156034407126823 0.7730436920117266 0.5944026111785682
vn -0.4129967292350312 0.5448223221646651 0.7297960940648203
vn -0.6452757198496812 -0.04599712472390048 0.7625637743098013
vn -0.619960013845275 -0.34596634122830305 0.7042420549570068
vn -0.2814694429324653 -0.8093683962118912 0.5154587780886837
vn 0.20989117950033162 -0.957836959739901 0.19619900948828228
vn 0.6691015467708132 -0.732310843035267 -0.1265857388566412
vn 0.9187258393062622 -0.2192946353192429 -0.32840934077946743
vn 0.858803807084854 0.3826069526677743 -0.3406874531103844
vn 0.5108749917318705 0.8440802181308269 -0.1628966794725323
vn 0.013500637199647555 0.9891292324472676 0.14642777848988534
vn -0.43968990865803764 0.7635623289681712 0.4729115710204061
vn -0.6489709716423909 0.5297338448720088 0.5460940684192145
vn -0.8992769203878408 -0.08806793471768513 0.4284215906467864
vn -0.8537007763626365 -0.39817775197662775 0.33563292786714266
vn -0.49942608385864984 -0.8535609622257079 0.14834847665526038
vn 0.01381583815145157 -0.9891977481437949 -0.14593470349241167
vn 0.4892444919255263 -0.751797439302279 -0.4420864591672873
vn 0.7380288226747416 -0.22788524576594477 -0.6351234302586622
vn 0.6609807753612047 0.38041598428340273 -0.6468292614783212
vn 0.30038132670661516 0.8364242150189543 -0.45843820859075435
vn -0.20292592473422486 0.9686346852884377 -0.1434151858309612
vn -0.6666608533843612 0.7270528166467816 0.1641874184303321
vn -0.8332339546986371 0.5108978165619443 0.21143461819084305
vn -0.9947401656035352 -0.07216103956662778 0.07269654258432873
vn -0.9275899184212475 -0.37324963029112973 -0.016175806959730973
vn -0.5744371312381021 -0.7958924629304668 -0.19125158745854848
vn -0.06118849788342982 -0.9023773852204949 -0.42658061649516166
vn 0.4038145599056889 -0.6549123021873948 -0.6387673110388329
vn 0.6328025371451771 -0.15929288938647737 -0.7577510965835248
vn 0.5538232741438367 0.3824173086990272 -0.739619350087593
vn 0.22706438459135567 0.7841304491637677 -0.577564891544125
vn -0.24666965438944147 0.913691477056993 -0.3229891118239187
vn -0.7130348114431334 0.6957186487887426 -0.08693054352655077
vn -0.8497011148081315 0.5262616923944617 -0.03250610114940312
vn -0.9939364905081187 -0.01962541997622961 -0.10819009070687205
vn -0.9289368080490392 -0.32394329709025826 -0.1792683656475814
vn -0.5678201166600392 -0.7480290332943236 -0.3435591367798845
vn -0.02452597584298708 -0.8635702145321323 -0.5036317713189631
vn 0.49001584302986556 -0.6293017972873823 -0.6032111748886956
vn 0.7805005276733176 -0.13847908315136215 -0.6096248599189759
vn 0.7438000865062998 0.42277579524383135 -0.5177084684155426
vn 0.39594330690774326 0.8478059024257848 -0.35278045513741485
vn -0.1405590010694885 0.9738571526905798 -0.17845283234441528
vn -0.6635536540558644 0.7447559225227331 -0.07095888990410473
vn -0.8220478721878322 0.5690825463553819 -0.01955380436467245
vn -0.9994196390900004 -0.014370077426468534 -0.030885042916763684
vn -0.9447791077962615 -0.319084260184518 -0.07468381601256421
vn -0.5805192617683228 -0.7840501107735968 -0.21968798445038443
vn 0.0008299018260793295 -0.956716762984076 -0.2910194953748468
vn 0.5862460084862929 -0.7671512297882918 -0.2603739775173413
vn 0.9513480655858398 -0.27646264412236693 -0.1360340564379021
vn 0.9431611823947456 0.3304359887782473 0.035482972590915846
vn 0.5595497432144817 0.8079771913482175 0.1845994125929264
vn -0.03977737086672731 0.966891737259701 0.25206770754273156
vn -0.6175792244379961 0.7565457258074897 0.21502201353578196
vn -0.8208089951634502 0.5320416614198571 0.207856354178469
vn -0.9892325191820899 -0.05790123220852916 0.1344115705636617
vn -0.9431690572727969 -0.3203578292995964 0.08833453803351346
vn -0.6098949932530555 -0.7924576432011448 0.006243471545757156
vn -0.06454503504768441 -0.9969136070304422 0.044690027615188754
vn 0.48189997591799205 -0.8550258264433289 0.19158092108856004
vn 0.8192377913886838 -0.4225151060075024 0.38772467854917403
vn 0.8222087077432726 0.13451510752530996 0.5530628596810601
vn 0.4917132898536994 0.605181878269318 0.6260774191708817
vn -0.04880579580014644 0.8100910218336698 0.5842692278742696
vn -0.594708196858107 0.6700466787759832 0.4442517404029533
vn -0.8189720049931216 0.4649457411853666 0.3363187666353702
vn -0.9946338132537127 -0.0433180638666053 0.09395276938562021
vn -0.9561446972405031 -0.29285475817722717 0.004838238504295433
vn -0.6388554648578625 -0.7686231823227944 -0.032895267398592325
vn -0.12567179002482276 -0.9881633000722637 0.08797666498708738
vn 0.37574216466876387 -0.868853920725889 0.3223518111152503
vn 0.6729687354483406 -0.46772753512393056 0.5730131185199459
vn 0.6706258613771497 0.05933477693440161 0.7394189193537725
vn 0.3739197637463656 0.5256308437036459 0.7641310270020811
vn -0.11995678239650114 0.7555915615436736 0.6439656531842917
vn -0.6282611357080545 0.6527084570853536 0.4233906179972374
vn -0.8384739611604144 0.48852866043334325 0.24145634054869455
vn -0.9828099036377306 0.03251884140565505 -0.1817339216140698
vn -0.9217631133307068 -0.2373306281684651 -0.30663811869375346
vn -0.5899938293045979 -0.7458479338827476 -0.30922183122369223
vn -0.0659719411511579 -0.9898308574860859 -0.12602609471497564
vn 0.4453931856858264 -0.8776585672508623 0.17703205776297845
vn 0.7485847616060652 -0.45533905302561356 0.4819618257506793
vn 0.7372333389906802 0.1169231754746933 0.6654441936913771
vn 0.41708318459376076 0.6269431869631072 0.6580150890744597
vn -0.09942653684604821 0.8776949564101822 0.46879198720000503
vn -0.6164380138948342 0.7684303902478654 0.1718106817660228
vn -0.7920651431066231 0.6080331202647856 -0.05411592867680904
vn -0.8242605270339397 0.14562030033728393 -0.5471647939180767
vn -0.7283063433556507 -0.1402841489634287 -0.6707385688757785
vn -0.3998954661572802 -0.6530872693524525 -0.6430868018833917
vn 0.116694646214432 -0.8957896395414234 -0.4288860935436527
vn 0.6239303534574795 -0.7729878057665774 -0.11489458721191587
vn 0.9233299061129333 -0.33728778959115435 0.18357241478554157
vn 0.8999652400400238 0.24033996820402512 0.36372966115425676
vn 0.5657683994562529 0.7458092290314114 0.35167415609948005
vn 0.05052847806209948 0.9886450803659782 0.1415195321249922
vn -0.44963592432318217 0.8739030388665506 -0.18471874354771325
vn -0.588215176899195 0.7075628693701785 -0.39160910555563977
vn -0.5728837289779085 0.20749944586527413 -0.7929364495582041
vn -0.4752059757797817 -0.0936021185299664 -0.8748816628492607
vn -0.18054891842369264 -0.5785065203475207 -0.795444714591428
vn 0.2776371853017242 -0.79301292171323 -0.5422620209212354
vn 0.7136573905189416 -0.663038860392826 -0.2259924745797471
vn 0.9617379288547405 -0.26913231557524087 0.051263563232602775
vn 0.9442025542009476 0.25022441464014267 0.2141711440843623
vn 0.6600845666954771 0.7295878166532996 0.1788574365284143
vn 0.20983661470945844 0.9753900058640728 -0.0676973528859024
vn -0.23148446981431745 0.8759742268036412 -0.4231832867807365
vn -0.3550237049967289 0.7192204454362243 -0.5972270253068883
vn -0.41803673589925283 0.1973261120239841 -0.8867399240770635
vn -0.3734247441352375 -0.1230336222258244 -0.9194654361472896
vn -0.15307328062519202 -0.6297137719809567 -0.7615964391566946
vn 0.22339012917015852 -0.8826151966991421 -0.41362696327134496
vn 0.6157869048851136 -0.7878718309986823 -0.008029052920259244
vn 0.8704742818962509 -0.38179335128369885 0.31065794931526947
vn 0.8858755309938233 0.18541656599957929 0.4252590276988075
vn 0.657232128338463 0.6995283009816587 0.2805460489926884
vn 0.2758233278484813 0.9583372575509198 -0.074237407042348
vn -0.11076007777270314 0.8605226273532699 -0.49722531410298326
vn -0.24842365266358393 0.7094028047544224 -0.6595705795469063
vn -0.46336013088984573 0.17898744348688073 -0.8679060341855999
vn -0.5097251450240496 -0.12415807489051305 -0.8513313391210813
vn -0.40231157804773865 -0.6750785952675639 -0.6183965429886482
vn -0.14050515080762574 -0.9782536684841195 -0.15257150026754285
vn 0.18417526681713642 -0.9077230046653738 0.37698596511554977
vn 0.4461569562367115 -0.47359941198558203 0.7593731410634064
vn 0.5329845711539631 0.1518931882588647 0.8323796647398248
vn 0.4099439325657779 0.709208299807457 0.5735586802034479
vn 0.13448283176691714 0.9861292316628633 0.09728055519970048
vn -0.18346192247895188 0.8919795303913042 -0.41317579837550433
vn -0.3482050337648299 0.720355458969136 -0.5998677080775388
vn -0.5916439874770354 0.18869991549192056 -0.7838046529433311
vn -0.642290822514186 -0.07186517773858166 -0.7630844616047769
vn -0.6240639047924937 -0.5944123823585503 -0.5071667994200505
vn -0.4902958605787437 -0.8714690268648476 -0.012316830541358969
vn -0.2935286167030585 -0.7947875268744362 0.5311814551555865
vn -0.10580728364731917 -0.39553899177305873 0.9123342176605721
vn 0.005304243386379522 0.17128905559611396 0.9852065389729656
vn -0.005516425765685933 0.6895670964859298 0.7242007929371082
vn -0.13868959286295235 0.9628787663298303 0.23158082429824103
vn -0.34227806460956317 0.8885708485338795 -0.30543014524259576
vn -0.4463302998378244 0.706255838814035 -0.5495379455394884
vn -0.5334500734667215 0.18591334149587324 -0.8251468042549692
vn -0.5602643580688483 -0.07125540193231994 -0.8252433076209493
vn -0.6185815470144909 -0.5700875645882967 -0.5407005071154861
vn -0.5934092323036437 -0.8046265136792922 -0.021015625165762195
vn -0.5040860845729296 -0.6903427344022566 0.5189644770096972
vn -0.37926593186079766 -0.29768100195028413 0.8760955279007168
vn -0.24811843247594273 0.22283424625636383 0.9427524288810076
vn -0.1633723367232701 0.7047667456125439 0.6903718663678888
vn -0.17553281351399896 0.9656919598971788 0.19138252263413455
vn -0.28197889971979645 0.8870042390067097 -0.36566566710171294
vn -0.31163352955989887 0.7034432939519473 -0.6387895392444007
vn -0.2696940285727927 0.15115922593477996 -0.9510078965849735
vn -0.2806583969489535 -0.14447197464818523 -0.948872337442344
vn -0.3964638189694241 -0.6526858335216985 -0.6456141595165533
vn -0.4435495682669329 -0.8913345829377397 -0.09373602162148206
vn -0.40411656431519255 -0.7682273261789431 0.49650435824676986
vn -0.2794908811080366 -0.3334749555385914 0.9003773105792858
vn -0.10979989716204798 0.24826095546349192 0.9624502483638091
vn 0.024029424267995935 0.7559588505576676 0.6541779597578005
vn 0.062042032689459736 0.9932725033977753 0.0977779125041871
vn -0.0010212820472027958 0.8713280544140579 -0.4906998864621761
vn 0.013834047758764586 0.6703914852742591 -0.7418786124389766
vn 0.13534162984213427 0.048620693549483236 -0.9896053109146303
vn 0.12289241295488824 -0.27521950766089276 -0.953494455904711
vn -0.015785679334508886 -0.7707489784274444 -0.6369433448753499
vn -0.08576312571679821 -0.9931527868588989 -0.07932356662232994
vn -0.05454714358571197 -0.8577076408677264 0.511235965013964
vn 0.07215230047405394 -0.41144587908185737 0.9085737912370461
vn 0.24043798000952582 0.17638541431092752 0.9545039357631278
vn 0.3765177438865125 0.6778301018854674 0.6314908879125235
vn 0.43216735832644715 0.8993086962221797 0.06689725925853342
vn 0.3940664211457661 0.756797786625013 -0.5215062472155525
vn 0.4039051398840721 0.5586469584272427 -0.7244130132840095
vn 0.45888735537328446 -0.04137937979286803 -0.8875303611744618
vn 0.41481640272873804 -0.35304101738124244 -0.8386235103272546
vn 0.25911489720161557 -0.8094194120039726 -0.5269721866658041
vn 0.14767621550141122 -0.9890262546543257 0.004336240262895928
vn 0.1317188285527948 -0.8261151864584445 0.5478903621231249
vn 0.22502896328804545 -0.39171070102617417 0.8921461160499947
vn 0.3833858315011917 0.1395079175205971 0.9129911528340271
vn 0.5325821271802604 0.5794301879017226 0.616941597848875
vn 0.6224430080837652 0.7757386412414243 0.10389543865128235
vn 0.6307920034717279 0.6365009361828762 -0.443810777916046
vn 0.6149702149694283 0.487779623460708 -0.6195826608588922
vn 0.5862263591638833 -0.04863886660080674 -0.8086859195492689
vn 0.5229256944129764 -0.35947476177630805 -0.7728690793197596
vn 0.3487865020576713 -0.8175320601423268 -0.4582459019149183
vn 0.1657312071572843 -0.9839164651544567 0.06664500410494582
vn 0.049744029341074865 -0.7980475544921074 0.6005377859169907
vn 0.04920287190419131 -0.33562369059440966 0.9407102719265735
vn 0.15772147334426792 0.226293308482132 0.9612051161860948
vn 0.3246513566697482 0.6822001853317686 0.6551369351103571
vn 0.4922648034393189 0.8603281312596613 0.13232864337741826
vn 0.6056479931256218 0.6829618350414689 -0.4083547970817735
vn 0.5946853278366064 0.5338755355469201 -0.601104211763948
vn 0.5265462990826538 -0.01926529778658579 -0.8499281400351176
vn 0.4489380318501433 -0.3223991619711795 -0.833374719990234
vn 0.2502852379939451 -0.808583438287815 -0.532494246888142
vn -0.04066077362131616 -0.998588471013273 -0.03417260668854338
vn -0.318872457679087 -0.8164411338155169 0.48139820393072974
vn -0.4767628515614699 -0.3170268174739432 0.8198726610720223
vn -0.4437638245479652 0.3156866745129352 0.8386987489900809
vn -0.2291315530729625 0.8226243382323684 0.5203728754788536
vn 0.07411901660128375 0.9972489486046591 -0.0009517798908135503
vn 0.3444724712257581 0.7857011632497447 -0.5138213684108681
vn 0.3922754279568158 0.5716885999325223 -0.7206192707168533
vn 0.380327607758887 -0.01332738980124007 -0.924755800986124
vn 0.339445256893523 -0.29142471611029985 -0.8943425252175597
vn 0.1391911967137983 -0.7670387103768264 -0.6263205469572556
vn -0.21243133668270328 -0.9559653784701746 -0.20249227728873007
vn -0.5839309046782846 -0.7836692266717731 0.21186609386417987
vn -0.8326336291912656 -0.316173410018627 0.4547038754365034
vn -0.8600243769066248 0.26479771249943246 0.4361653844374171
vn -0.6538546104343874 0.7374171040013106 0.1693817083985627
vn -0.29584801104354513 0.9230948657676578 -0.24570271295809545
vn 0.07341658268928096 0.751537257755574 -0.655592675059339
vn 0.23431815562210506 0.5248976429400548 -0.81827713299458
vn 0.4310841865916106 -0.0320210494660312 -0.9017433539881198
vn 0.4586327568146977 -0.31158547887933524 -0.8322081973449227
vn 0.260930952489263 -0.7832150371620074 -0.5643485125313623
vn -0.13826332713846776 -0.971678595465239 -0.1916349641461635
vn -0.5840501704798369 -0.8013797291954736 0.12913530887043506
vn -0.8998743907610389 -0.3489775365794538 0.26161184953167754
vn -0.9667594904789919 0.19297936311026934 0.16773506783721326
vn -0.7710828206495435 0.6307881492012725 -0.08681932115823783
vn -0.3829866047371681 0.8245139112747255 -0.41653099609314814
vn 0.057605419639503136 0.6872306505657113 -0.7241516751007251
vn 0.30523860505726796 0.4970341929184498 -0.8122723712232236
vn 0.6853894609466283 -0.02140542684198672 -0.7278620023912519
vn 0.7336584304343554 -0.3114577819113591 -0.6039365509219112
vn 0.5121982262116169 -0.7980272430164826 -0.31749881333508184
vn 0.06007790850615107 -0.9976617548755744 0.03258324367087759
vn -0.45512062167770123 -0.8368388388015273 0.3042465736816342
vn -0.8409085711693498 -0.3807412016335802 0.3845892774279334
vn -0.9479902277707815 0.19607023669432944 0.25074088285266055
vn -0.7275318399988314 0.6856039069017484 -0.02539103442109401
vn -0.26000792051338234 0.9001743288576487 -0.3494024312107575
vn 0.2641895431659594 0.7431482724057951 -0.6147638005787619
vn 0.5322811678107645 0.5618645031479559 -0.6332337944995586
vn 0.9202734174756084 0.07192435070876545 -0.38460853456844535
vn 0.9494599079054771 -0.2171732777628314 -0.22663108945127364
vn 0.7125023537547306 -0.6991382772639413 0.059548846826594136
vn 0.23612832838768438 -0.8935871054521329 0.38176628649281824
vn -0.29424454973875314 -0.7268539472466354 0.6205670667389818
vn -0.675678366176814 -0.2646510278711505 0.6880541976671423
vn -0.7691249879423474 0.3158480240139313 0.5555958770987947
vn -0.5420600134437348 0.7968557416107585 0.2668180445309991
vn -0.07291448305624493 0.9951668044038975 -0.06577620826085749
vn 0.4620497012100231 0.8315365464591099 -0.3083132263049786
vn 0.6870696008883668 0.6572133360351934 -0.3098483410841376
vn 0.9832630047232488 0.17208426997848916 -0.059840350672256744
vn 0.9895151669241266 -0.11529682361889283 0.08698492335176151
vn 0.7464649232743689 -0.5694100972356874 0.3443287084851273
vn 0.2712504937508781 -0.7482583130247846 0.6054194138192202
vn -0.24102615734903202 -0.5866904118712534 0.7731110865146732
vn -0.5964344042224112 -0.16373984236624187 0.7857832178672026
vn -0.6835563671342594 0.356050753952645 0.6371644635099849
vn -0.4719390751611104 0.79662332935102 0.37770991576840035
vn -0.01834596465486244 0.9940050614090226 0.1077838739057376
vn 0.5097923783918155 0.857985600425518 -0.06302729881630363
vn 0.707629157570574 0.7026990188894103 -0.0739936768097133
vn 0.9758887950716362 0.2047355039373784 0.07565998335406884
vn 0.9783116237087199 -0.09735206022372463 0.18283583698663713
vn 0.7220656227131307 -0.5717676839477378 0.38949063158045083
vn 0.22099719980297775 -0.7911421670456149 0.5703107128588865
vn -0.33592608689049513 -0.6707197451309249 0.6612780713421145
vn -0.7373189215219946 -0.25374519429623343 0.6260784170830438
vn -0.8294881065925603 0.2996651559062948 0.4713282034391163
vn -0.5755748804127507 0.7770828083377271 0.2546681488207715
vn -0.07043346793616259 0.9954079433325388 0.0648240151870494
vn 0.4908021276739576 0.8709998525070235 -0.02173771845110954
vn 0.69416834355345 0.718669190921479 -0.04055742630550137
vn 0.9832543769798444 0.1821144379459838 -0.006720241185898798
vn 0.9915866506386778 -0.12443933950474359 0.03564779178002009
vn 0.7335205632146696 -0.6556620560275263 0.17903868751471289
vn 0.20080298215867098 -0.9459899678302586 0.254521400123233
vn -0.41371699145576124 -0.880366542047712 0.2319331856887833
vn -0.8747699687567506 -0.470130851712638 0.11727951240205084
vn -0.9903205690930813 0.1311314858694768 -0.04549399789883268
vn -0.710588539718271 0.6772634028420272 -0.1907307274455102
vn -0.15747801931663238 0.9520807845443409 -0.26218858314873833
vn 0.44883724227269906 0.8620899162180263 -0.23525753187567636
vn 0.6940525123444042 0.6829724261941067 -0.22768349779234368
vn 0.9775232872016826 0.14318327897687463 -0.15474744456645304
vn 0.9861650829273081 -0.11771009583484407 -0.11671659073810983
vn 0.7580001985069337 -0.6501380235007034 -0.05249999487664803
vn 0.26638424369861086 -0.9589171996058673 -0.09755633761658258
vn -0.29659131155115936 -0.9252059455255636 -0.2367013989745539
vn -0.7144545141205616 -0.5654485086787094 -0.412095536600162
vn -0.833745617283097 -0.01919550304961643 -0.5518149855920006
vn -0.6112551501265379 0.5089254222843159 -0.606103997674091
vn -0.12695945403479633 0.8189417464487531 -0.5596567813889625
vn 0.4366515621216883 0.7904572567212585 -0.42954946000826427
vn 0.7010595136659572 0.6336558997774364 -0.3271020620168863
vn 0.9823012693119432 0.1752050622533752 -0.06623747027881091
vn 0.9976765062497992 -0.06809453020203995 -0.002173438234205086
vn 0.7921481838024316 -0.6089583123438459 -0.040878218232255834
vn 0.3404846248629844 -0.9145087753451374 -0.21850382158820386
vn -0.16189096659548496 -0.8715076930343395 -0.46288838386455866
vn -0.5305998256566078 -0.5269947579733905 -0.6638827833900688
vn -0.6653840549936637 -0.01269816608782098 -0.7463932046436351
vn -0.5052345382685335 0.5102236258379205 -0.6959956271251907
vn -0.07947039578359393 0.841835436469232 -0.5338516218001559
vn 0.4499858437339117 0.8366881231540284 -0.31219501119023224
vn 0.6985145770031329 0.702852781840695 -0.13444460856773266
vn 0.9372107396059611 0.24182921672462476 0.2513059082186523
vn 0.942786442275307 -0.040766484478521214 0.3308954789735449
vn 0.7652687544915295 -0.6068781705131671 0.21462203883472547
vn 0.34040864931493375 -0.9384052055240729 -0.0593095415334228
vn -0.16859142724522586 -0.9069669973038263 -0.3859893735080007
vn -0.5828074822189245 -0.527883888133325 -0.6177977333390607
vn -0.7481327735016788 0.05777772951935292 -0.6610288096477146
vn -0.5786888182892443 0.6251144007080311 -0.52378548816709
vn -0.14142593536835166 0.9538644414248173 -0.2648420891597631
vn 0.38614464459550496 0.921963826521332 0.02958066997811864
vn 0.5887359963236809 0.7729431372996773 0.2365350568818397
vn 0.7296233024553476 0.23487413928312398 0.6422491535301263
vn 0.7118545745459777 -0.08836716382233684 0.6967455124046091
vn 0.5461979442658149 -0.6443719786333303 0.5352126295519982
vn 0.13463615091530692 -0.9627082498381018 0.23466131457990616
vn -0.37348950722945096 -0.9235592685693329 -0.08685542832305236
vn -0.7848033868852402 -0.5365884875358087 -0.3100910172473386
vn -0.932249326096257 0.053733945957119424 -0.3578042160804595
vn -0.7574365298629141 0.6189707052018849 -0.20776229044537498
vn -0.3335241310331145 0.9384049584641383 0.09032047358448127
vn 0.17304197248948902 0.8903912457715057 0.4210224521452661
vn 0.33848059603847536 0.7277681323189612 0.5964766815948545
vn 0.45700547742505365 0.1647416525430356 0.8740744713815228
vn 0.45641923112106453 -0.15836353656012803 0.8755583794076929
vn 0.322045744778268 -0.6725755361318513 0.6662797358971406
vn -0.033621675822043534 -0.9464127296355852 0.3212048070914227
vn -0.4737060803293917 -0.8804747717303392 -0.019150086301926897
vn -0.8291513995806342 -0.5099083827965815 -0.2291318348184084
vn -0.9689261506164667 0.02507517721964278 -0.24607590320663222
vn -0.8412165711828852 0.53706890791812 -0.0625433330975209
vn -0.48804473636023116 0.8301278311757022 0.26962959633281575
vn -0.04403439467367506 0.7783437248719565 0.6262922784436761
vn 0.11557479871777497 0.6417880016070202 0.7581230948168068
vn 0.3295938356657727 0.12913663622812113 0.9352495029000601
vn 0.3741394493269554 -0.18729839787789357 0.9082615166402774
vn 0.28398349385633725 -0.7026384946286168 0.6524205093980255
vn -0.013675282433680004 -0.9725130600425903 0.23244641252761045
vn -0.40733917743525977 -0.8941586437144486 -0.18589005997390906
vn -0.7429207517842522 -0.5005598037541733 -0.4444194408820399
vn -0.8887968484247756 0.05809703354785918 -0.4546041101036433
vn -0.7910084810585919 0.5739011230991411 -0.21199783913739284
vn -0.49020528725785373 0.8481888759369207 0.20068484517099944
vn -0.1026257416398797 0.7724055578999381 0.6267835441985934
vn 0.07482607566271512 0.6447451031585292 0.7607265016771896
vn 0.3973004758252984 0.1475974001159952 0.9057413203492433
vn 0.4918951170669964 -0.1399957410417249 0.8593255415125424
vn 0.48700822540636585 -0.6679986275766985 0.5626729262566214
vn 0.3072000142748186 -0.9502370943772976 0.05174568290149312
vn 0.012714612115274774 -0.872059213523099 -0.489235185517387
vn -0.28917315335893523 -0.4462141949552864 -0.8469189923462901
vn -0.47381686195856837 0.16376514398112735 -0.8652621330790892
vn -0.4616847830443065 0.70406155224444 -0.5395780682686067
vn -0.26404923982203865 0.9644207047786323 -0.013065341315472805
vn 0.034837823607650656 0.8598602474969902 0.5093394553936473
vn 0.2126349240320511 0.6926941371962938 0.6891743040594054
vn 0.5229195894456622 0.18312109803843282 0.832479288887825
vn 0.6046006723366812 -0.07845408526315627 0.7926556525475323
vn 0.6521440930804392 -0.5734883114704717 0.4958016120052846
vn 0.5757489223006554 -0.8172470953639983 -0.02490709916352944
vn 0.4066124251317295 -0.7133503540272207 -0.5707868324845384
vn 0.20848962178759253 -0.30150329364085515 -0.9303912303598862
vn 0.05309022113863737 0.2580620297840117 -0.9646685530290735
vn -0.0008352332053014471 0.7502414691453979 -0.6611633991382522
vn 0.07189621961305812 0.9876688376841417 -0.13907264530815341
vn 0.24480037470093424 0.8829681901782666 0.40054956207640396
vn 0.3519355987209231 0.6903355189225859 0.6321219863814492
vn 0.48215213218848224 0.1568979763464287 0.8619236314456729
vn 0.4981189124540566 -0.1331981285519496 0.8568172544982076
vn 0.5379881270808404 -0.6283882865747359 0.5618691452782553
vn 0.5171606589573594 -0.8553831062124636 0.029403986687299172
vn 0.4506586720857506 -0.7195938715067843 -0.5282910385041427
vn 0.3736413123623084 -0.2790060045126819 -0.884617329211926
vn 0.31484981577902055 0.2773933936787256 -0.9077017674585173
vn 0.2791127841606064 0.7385617444465774 -0.6136958557446376
vn 0.2758243132891978 0.9546659758195365 -0.11195455690178156
vn 0.324828241782725 0.8433659789250003 0.4280425667293142
vn 0.3190861578094025 0.6523153650509015 0.6875090460589899
vn 0.19795457020937113 0.08009754320490149 0.9769331459755893
vn 0.15835875300032332 -0.23913717311095156 0.9579853431993025
vn 0.19815950040831037 -0.7501452544439775 0.630884228391477
vn 0.22649594768744685 -0.9717630584090929 0.06615242998236256
vn 0.2420425280011856 -0.8190194415682622 -0.5202139646068791
vn 0.25101780960189174 -0.35007789826935654 -0.9024608159947879
vn 0.24619290441425032 0.2532679460067617 -0.9355449755846009
vn 0.20197933839230514 0.7635472985310174 -0.613351342844044
vn 0.13850601041097577 0.9890036599814412 -0.05184443676373175
vn 0.1079624224500602 0.8368585734993265 0.5366673488292232
vn 0.02805849920314716 0.6321203732376556 0.7743620305518304
vn -0.2364933997319488 0.04557058702383228 0.9705638533767512
vn -0.2940018688986945 -0.27522518443628924 0.915321800754295
vn -0.25264793360337306 -0.776083639785698 0.5778089699052174
vn -0.18745302041045447 -0.9821775157185866 0.013736548178616343
vn -0.1281034051204056 -0.8167911164466437 -0.5625315899488691
vn -0.10504738912584603 -0.3433656966370135 -0.9333086544176163
vn -0.12620414925791293 0.2587411728803091 -0.9576667051571796
vn -0.1692001220885508 0.76215755818825 -0.6248897304178904
vn -0.21719377342349774 0.9743822485941851 -0.05836178895991923
vn -0.2649793964960228 0.8093240985584967 0.5241950237507794
vn -0.3324844024361257 0.6214623603086573 0.7093931609878157
vn -0.5566375883324013 0.06429871208322141 0.8282634067009885
vn -0.5970368360707728 -0.24547758597288458 0.7637327877991923
vn -0.5467022165137991 -0.7155231969298212 0.4349060141159554
vn -0.4320215567600905 -0.8966786233728093 -0.09656511213078771
vn -0.3067170988774515 -0.7209807064592129 -0.621378662467399
vn -0.22838853424563568 -0.26563382294064464 -0.9366308501939643
vn -0.21951236924944406 0.2844189652161126 -0.9332310389029566
vn -0.2644661960744138 0.7341116660570829 -0.6254100198212559
vn -0.3509006561924341 0.9295111461947606 -0.1134802122989793
vn -0.46435105994656484 0.7798546585244095 0.4197675603286638
vn -0.5093600665414691 0.6278210178106199 0.588551690345128
vn -0.6610377667011968 0.09974182753364892 0.7436939147491676
vn -0.6906195930597637 -0.21314191977533972 0.6910970262679828
vn -0.6313096796336307 -0.6864423659868463 0.3608946751882922
vn -0.4461747145434496 -0.8819959829976436 -0.15169446291177452
vn -0.20958498522738897 -0.7255587121090274 -0.6554682976696317
vn -0.018754640450707745 -0.27244183212798223 -0.9619894550192915
vn 0.052118076883195676 0.30525457278619555 -0.9508434949323229
vn -0.012660318282990114 0.7824925325621148 -0.6225312464651884
vn -0.18410541221045024 0.9776323492838894 -0.1016867092027452
vn -0.4077739397733827 0.8159967621243872 0.40971904793920655
vn -0.4584659709978177 0.665193628074485 0.5893440341652165
vn -0.5879404636054212 0.105348029877151 0.8020148401722038
vn -0.6142003045316186 -0.2050019835755054 0.7620578538689666
vn -0.5601646236314805 -0.7079127941259552 0.4302035220039286
vn -0.29579052134914435 -0.9536244210592376 -0.05575330518844018
vn 0.08619132390717522 -0.850711321267953 -0.5185183733964132
vn 0.44878517567419834 -0.42812331543660365 -0.7844120682872295
vn 0.6493899840956124 0.1670069550322011 -0.7418903729845622
vn 0.5946221408781993 0.6998400159397536 -0.3957884051698231
vn 0.3058171818333021 0.9455128753596448 0.11171953197482429
vn -0.08979339020199727 0.8142172574173063 0.5735742365203231
vn -0.23582781081482676 0.6157112309643479 0.7518543234634311
vn -0.46687402974758213 0.057895708399469926 0.8824266129804661
vn -0.5190479179183713 -0.2053361691928144 0.8297145994411715
vn -0.45982907075525536 -0.7060789000866007 0.5385255913518455
vn -0.1420439644279457 -0.9804252479498854 0.13634458314138567
vn 0.3135871217899668 -0.9243576310691375 -0.21731563894882666
vn 0.7307573377039682 -0.5633122186296247 -0.38558145408509753
vn 0.949104803596213 -0.03749976004467764 -0.3127200661729044
vn 0.8880540220621033 0.458624427099936 -0.03199513660819298
vn 0.570987114774238 0.7388834478962392 0.3578057646080579
vn 0.11778191322534005 0.6905693917272917 0.7136114742115466
vn -0.13564139712123455 0.5287563246692323 0.8378652400650625
vn -0.5327495903419108 0.08438375546044487 0.8420553757354192
vn -0.6181862191910725 -0.1560583520669823 0.770384053023156
vn -0.5167003100502057 -0.6727314961610998 0.5295782507494711
vn -0.1356750579273544 -0.9669612061355142 0.2158200743336009
vn 0.36870852030838647 -0.9287899115904453 -0.03746100879331928
vn 0.7941055701386732 -0.5911379313213293 -0.1412525738805204
vn 0.9927556928964525 -0.08728274543168606 -0.0825703128950841
vn 0.9017205124670021 0.4150393552911744 0.12100599553630939
vn 0.5432758859297924 0.7282953767153809 0.4176567442556151
vn 0.04465156998503614 0.7170158355484864 0.6956252790623537
vn -0.25687876351538186 0.5975055100350504 0.7596054675504665
vn -0.7467422737453854 0.19632359511842593 0.635478577610094
vn -0.8469786511215481 -0.06877606999353916 0.5271593845703277
vn -0.7186266820181204 -0.6208388840189654 0.3132646995461071
vn -0.2904849610616284 -0.9558183426261345 0.04505311639003045
vn 0.27717021367459416 -0.9453421323689449 -0.1717699782258694
vn 0.7644093609144916 -0.5887446385362894 -0.26278903999419817
vn 0.9789680362699833 -0.016811561045764582 -0.20331983517821628
vn 0.8379332459067624 0.5457501434792146 -0.004965510706245637
vn 0.4036136229646674 0.8756225022489701 0.2652946982368619
vn -0.1552484203991267 0.8529483783023916 0.49837434917428935
vn -0.4540667910759282 0.7354212531024134 0.5029701081846568
vn -0.9189904550792041 0.30597532523427867 0.2486677377970354
vn -0.992485127899169 0.01233930447367885 0.121741580670188
vn -0.8377469539923803 -0.5417992318637314 -0.06807079717734628
vn -0.3885366032247355 -0.8689581773429108 -0.30651426391519
vn 0.17910513342673245 -0.8421220808030077 -0.5086764710542496
vn 0.647798823445254 -0.47568683877470014 -0.5950451375815765
vn 0.8488529026625586 0.08515308498513668 -0.5217256958966682
vn 0.70631714372471 0.6332756433083819 -0.3163511531082547
vn 0.2636642198027584 0.9621994641351147 -0.0682156170821682
vn -0.31026545362083613 0.9423835336820341 0.12509445924747997
vn -0.5689034341626804 0.8139707869953874 0.11747527619043337
vn -0.932414901740574 0.34625599248923866 -0.10348545152536331
vn -0.9782725439355221 0.040635059965571554 -0.20330179950879984
vn -0.8036018053431577 -0.4889435196100634 -0.3393499271851125
vn -0.35073712843209426 -0.7893643463622417 -0.5038723999499473
vn 0.18769608796128415 -0.7458936714387149 -0.6390718343595689
vn 0.6071395880298925 -0.4052940909283329 -0.6834604747207175
vn 0.7870452190415065 0.09731498096517184 -0.6091712547910115
vn 0.6538837546161899 0.6087402099830634 -0.44930100400378614
vn 0.22443115673547098 0.9337996228759091 -0.2786555583568867
vn -0.336469228349347 0.9274080266519487 -0.1634099460728549
vn -0.5638676200983559 0.809465753785236 -0.16376355044244773
vn -0.9021936913187105 0.33086816423122806 -0.2767179091475226
vn -0.9476601052170446 0.012843003722552383 -0.3190225418922658
vn -0.767448614750022 -0.5366049483330022 -0.3508243907467213
vn -0.2991390237071428 -0.8727654840394794 -0.38574117535579566
vn 0.2789255447722659 -0.8653041332482314 -0.4164724450152995
vn 0.7457623479643155 -0.5199179051837425 -0.4165619908586239
vn 0.9276957160186411 0.03012024131770028 -0.3721201815860356
vn 0.7509403297834819 0.5808034592647775 -0.31425461462123855
vn 0.27917147289398936 0.9189492663759832 -0.2785597504113663
vn -0.3030870553776353 0.9127907743790125 -0.27377223940910617
vn -0.5357019943038049 0.796620315563191 -0.2800347230807776
vn -0.9101015302260882 0.3169100871186237 -0.2669891409076388
vn -0.9764891943291222 0.027227243632799616 -0.21383996483964776
vn -0.8336245528833038 -0.545198447826838 -0.08848026512911344
vn -0.38470714984192017 -0.9188879060577506 0.0874381207558183
vn 0.21792486771498765 -0.9441554150250984 0.24714227544106998
vn 0.7444420725036016 -0.5875823709420721 0.31710086414993516
vn 0.964356583026209 0.01463796263856283 0.2642008910352242
vn 0.7876886009939773 0.6038443354596701 0.12214207464023398
vn 0.3070052593958428 0.9505536648555298 -0.046856172837867326
vn -0.283277518630281 0.9409748549449252 -0.18525703711343333
vn -0.5526013926681772 0.8074808056881352 -0.20641329721321494
vn -0.9294928189815912 0.33126660744916875 -0.16218980933083665
vn -0.9915818854305224 0.072723435445483 -0.1071292043425008
vn -0.8830424052745295 -0.46139804059636064 0.08572023460544653
vn -0.49613964415899797 -0.7870222903654476 0.36666247143893527
vn 0.01915883073521859 -0.7765386051487703 0.6297783212515824
vn 0.4650495700503031 -0.43581900489002356 0.7705781546168421
vn 0.6751429934051523 0.10157400218314515 0.7306604276518803
vn 0.5693003017613003 0.6313555327564444 0.5265808177975329
vn 0.18477137688814518 0.9522425687988578 0.2430918107427967
vn -0.3309001867157342 0.943608387393502 -0.0104056557759367
vn -0.5947536286162611 0.7955392078065444 -0.1156956787884755
vn -0.9157289872080007 0.3081143501599423 -0.25788751271150334
vn -0.9676134241126572 0.03978807209758526 -0.2492813085566913
vn -0.8762028287168724 -0.4818197825219875 -0.01087658581613101
vn -0.5318706076682929 -0.7703324615832691 0.3517123189904244
vn -0.0842153653565598 -0.7110889554556824 0.6980403066204757
vn 0.2851978287956407 -0.34502733304919647 0.8942138099465985
vn 0.46152085057781517 0.16884700951011616 0.8709128497510075
vn 0.39960140302560776 0.6583319953937781 0.637901013121011
vn 0.095648491934398 0.956000884914587 0.2773331462937706
vn -0.3532537198547077 0.9327931938472429 -0.07147493911205162
vn -0.5731663724687526 0.7759318975908467 -0.26345777607062376
vn -0.7988766538998269 0.2415059539297377 -0.5508819892411655
vn -0.8271987196327745 -0.06600791767946514 -0.5580190256985148
vn -0.7492123202741847 -0.599552210668516 -0.28145700529897566
vn -0.43358633343447855 -0.8889303889812965 0.14766737962192544
vn -0.003065170461976276 -0.8206342390687894 0.5714455795594435
vn 0.3821170317447795 -0.4189544604315252 0.8236891004105182
vn 0.5837898725843648 0.16027810827545344 0.7959273287653673
vn 0.5189723328290329 0.6940004170480091 0.4990301983799988
vn 0.2022556989455153 0.9774553319274678 0.060611107320562185
vn -0.2403722370223387 0.905657456960013 -0.3492932268475853
vn -0.40335717539108157 0.7257906152046919 -0.5572530591583352
vn -0.5085901086169103 0.12350884980926502 -0.8521042573745491
vn -0.5132756165933797 -0.20344751806603537 -0.8337609062575769
vn -0.4367068690293912 -0.7208633393718625 -0.538185057849243
vn -0.14225212949231128 -0.9860112472708938 -0.08686858989415527
vn 0.26491567934744087 -0.8993753344953667 0.3477695940378216
vn 0.6400936942977884 -0.4908326941700843 0.5910696480567633
vn 0.8360234304232568 0.083679130214285 0.5422754161400927
vn 0.7633224106431599 0.6017230730806163 0.23509198355608485
vn 0.4495400304644994 0.869390748192973 -0.20511822923972328
vn 0.025878468580902432 0.7818278686175798 -0.6229570520644258
vn -0.10513997297843808 0.6164170632540935 -0.7803688808578237
vn -0.19277398448114247 0.05057317432977438 -0.9799390516483536
vn -0.20458140992751225 -0.26188927918920857 -0.9431651245449165
vn -0.1254512995910855 -0.7500196280023625 -0.6494093693827535
vn 0.12455369064148017 -0.9748901941701675 -0.1845954697668377
vn 0.4531123247445156 -0.8517676417643026 0.2630230134568063
vn 0.7445794761963389 -0.43718131331355814 0.5044540642284666
vn 0.8903764268638161 0.09015119600436143 0.4462091217626623
vn 0.8303178066147537 0.5356688572597055 0.15372447879419113
vn 0.5774269694290144 0.7740019552139056 -0.25980582807372776
vn 0.22506743766468884 0.6948137313257754 -0.6830655365806451
vn 0.08950722209447466 0.5859281415397234 -0.8054046623559714
vn -0.047426190552400646 0.07702849113103938 -0.9959002801504591
vn -0.05521173265097353 -0.240408906310855 -0.9691002127458728
vn 0.04511600315352293 -0.7359346674121333 -0.6755477122753388
vn 0.23935187352103168 -0.9555093841324632 -0.17237313444029703
vn 0.4574854726153109 -0.8190819718122219 0.34613836221682814
vn 0.6248445545442878 -0.3820183298270851 0.6809047498236996
vn 0.6803597171525633 0.19079999512631526 0.7076058345829846
vn 0.5897738497755082 0.6888829656846482 0.4214345331252533
vn 0.3797761545195906 0.922137927090877 -0.07370017556866926
vn 0.14351469454827612 0.7907252408948648 -0.5951110197773799
vn 0.01767483301955205 0.6601093814556788 -0.750961520180583
vn -0.12964342850692553 0.11037384987815918 -0.9853984953855184
vn -0.12924912251558351 -0.20321344825612683 -0.9705663082843985
vn -0.016398985041426367 -0.7249910876795531 -0.6885629935414986
vn 0.08987641338814496 -0.9842059616961933 -0.15251509852521083
vn 0.14898368658296576 -0.8828577960963823 0.4453829509579227
vn 0.1368881770340737 -0.4468480077700165 0.884074931745186
vn 0.05674872611623451 0.17159968808816442 0.9835309497581809
vn -0.059480247463973644 0.7250264446373266 0.6861477645071665
vn -0.16498694045069756 0.9794255626417055 0.11621048457302167
vn -0.22043022874552373 0.845197751065049 -0.48687911831354985
vn -0.2665251583162574 0.6478889802611578 -0.713585460362423
vn -0.2676762941233126 0.08212990322156 -0.9600021252899532
vn -0.20244954439528243 -0.20078274521477651 -0.9584886390553415
vn -0.08400184522951 -0.7059438112466023 -0.7032688144377363
vn -0.06301770323473461 -0.9791567269960078 -0.1930825550314802
vn -0.15423561594177948 -0.9140108204940947 0.3752273907842711
vn -0.3273806779618451 -0.5364912004205409 0.7778168702005439
vn -0.5108268722878184 0.0033109408399615947 0.8596772325817399
vn -0.6242914386806441 0.5007189662219784 0.5996171415625514
vn -0.6272087101307375 0.7725684051844042 0.09872838116247479
vn -0.5301750995064588 0.7129644285546283 -0.45890749337866427
vn -0.4353638289773727 0.5456863043705523 -0.7160201070085741
vn -0.1701688786832981 0.07327766804125906 -0.9826865909811247
vn -0.03493194310689815 -0.18779310738008761 -0.9815872392056181
vn 0.08927433170150836 -0.6892245394441113 -0.7190268617564312
vn 0.046970516859526974 -0.9748094764317228 -0.21803727939244533
vn -0.15445990893158285 -0.9357028027314295 0.31717881627466077
vn -0.4424423312265331 -0.5998679446790853 0.6666357569807672
vn -0.6969115026427527 -0.11423340256825444 0.7080007678116598
vn -0.8129813204398147 0.354014074473741 0.46231526871869155
vn -0.753164393019737 0.6577976788597628 0.0067535748992298365
vn -0.5475273692462234 0.6568772749736246 -0.5183879103041802
vn -0.3532231476433504 0.5449826758035788 -0.7604125794875404
vn 0.13830684316019365 0.1746417457090235 -0.974869979941308
vn 0.3167941522373676 -0.0815210553596337 -0.9449845409535859
vn 0.4259293179709909 -0.6148140575278604 -0.6637679494815149
vn 0.32404645992949727 -0.9338562406573372 -0.15134864912679646
vn 0.04496934162305739 -0.9188391356653602 0.3920617312155352
vn -0.30844256178776064 -0.5797825436290167 0.7541322086881522
vn -0.5947592224494749 -0.04792917492441974 0.8024738385158486
vn -0.6978602319953293 0.4822922585208319 0.5295141867507421
vn -0.5842152874766284 0.8110234198027887 0.030553402592676568
vn -0.30307767027772914 0.8039228381823483 -0.5117147604162516
vn -0.06231547372749384 0.7001486255676406 -0.7112725805553466
vn 0.5036563950540731 0.3344644359389633 -0.796532345114225
vn 0.6806107676694593 0.06794157541608921 -0.7294881255115597
vn 0.7561248617801914 -0.46741915224669783 -0.45803332794772084
vn 0.6124431973111091 -0.7898074241704235 0.03342996848078866
vn 0.3166583173696957 -0.765202997488546 0.5605282175547787
vn -0.015765927523306675 -0.40917381102650097 0.9123202441573787
vn -0.2840733284351447 0.11879358667447437 0.9514149609065399
vn -0.39133690873941895 0.6310222597597023 0.6698255978581548
vn -0.26830089254970435 0.9469646272869178 0.17684067892988037
vn 0.041722784713777133 0.9399714847941218 -0.3386928062561439
vn 0.2615115367450224 0.8315193129956755 -0.49008912277712957
vn 0.7418818309681875 0.41658948930326556 -0.5254184487447447
vn 0.8803103966478455 0.1257262798010541 -0.4574347036693869
vn 0.8936637474996704 -0.39219152203271124 -0.21806172623940834
vn 0.6837250715084857 -0.701623750614688 0.2006094194301306
vn 0.34958360214061085 -0.6870740176900132 0.6369620077600379
vn 0.015161697169753003 -0.377358147230102 0.9259432766957149
vn -0.22841962633146728 0.10306367034985263 0.9680921206995797
vn -0.28879472497711267 0.6058014607017174 0.7413516014935554
vn -0.10676365984974803 0.94119154474258 0.32056200186635203
vn 0.25308919377125644 0.9590827387383434 -0.12691004787003238
vn 0.4382763303018281 0.862053532421033 -0.2545143719666568
vn 0.831213583870996 0.42898365359149504 -0.3536339957351764
vn 0.9310493865387245 0.12484727531843742 -0.34287052610486546
vn 0.8848481737439331 -0.4318703395004243 -0.17473328040706665
vn 0.5790126446148564 -0.7998958995225691 0.15783189570897982
vn 0.13430276610694042 -0.8353009880683614 0.5331369677184687
vn -0.2808999152406388 -0.5262627064062279 0.8025850742842122
vn -0.5184445272732949 0.004231614437857885 0.8551007926435451
vn -0.4864059315921115 0.5580362594149181 0.6723130244835486
vn -0.18538744792454537 0.924953105301486 0.3318030246172605
vn 0.2689226279245704 0.9625825320000791 -0.03339894127752852
vn 0.4592958474759743 0.8699253956719644 -0.17965837151745248
vn 0.8253732946771569 0.42443907400143355 -0.3723041725452196
vn 0.9001464450399257 0.1466870638976699 -0.4101454409926615
vn 0.8097938182513718 -0.450037353707748 -0.3764310722955683
vn 0.4099807197212432 -0.8864047048020568 -0.21494768843053452
vn -0.16513435047676517 -0.9859770836972263 0.024079798930429056
vn -0.6925255478827937 -0.6779973333234963 0.2464304801274873
vn -0.934654701734063 -0.08622328091045386 0.34494366837999324
vn -0.8044383118337005 0.5206858041725385 0.285946316268181
vn -0.38121857886336336 0.9178739105147635 0.11036249148027362
vn 0.17215915383901895 0.9784309472381096 -0.11416701465908739
vn 0.43697994876122404 0.8714580521667287 -0.2227316495121635
vn 0.8229005712665782 0.4322132352598003 -0.3688175281563984
vn 0.8848905062326344 0.18896492028488476 -0.42574763755196504
vn 0.7579895974349 -0.35774589152924746 -0.5454077807241314
vn 0.3244810437116261 -0.7252141910910985 -0.6072696512356743
vn -0.24286160096213535 -0.7690984081381305 -0.5911902243588794
vn -0.7244535259908085 -0.49074051944954195 -0.4840876276562735
vn -0.9511336481835992 0.001870755532064333 -0.3087738388638141
vn -0.8275882564582546 0.5397866940105929 -0.15403896501048303
vn -0.39675832766866787 0.9124729260856842 -0.09987987077580465
vn 0.1703912890141699 0.9732283218679892 -0.15425123060159748
vn 0.4702144808667267 0.8632721208408921 -0.18346549365508197
vn 0.8770945684000776 0.4232707031235885 -0.2270397100957117
vn 0.9493212930287962 0.1590638050298329 -0.2710863119590623
vn 0.8140188364891666 -0.3728678482952891 -0.44535704951023797
vn 0.3747088718197836 -0.7109341228499683 -0.5951184204400763
vn -0.19067256701074403 -0.7190801708108058 -0.668257196097607
vn -0.6574755781233096 -0.40683486279098013 -0.634201276086121
vn -0.8637445000458476 0.09141996531947257 -0.4955681876205687
vn -0.7404264979302944 0.6008597751636721 -0.301224387712783
vn -0.3191063117637499 0.9373264942797657 -0.13996501317736923
vn 0.24308949784928444 0.9667677909554684 -0.0791677611560823
vn 0.5352950000086124 0.8439582434862913 -0.03455063266155145
vn 0.9357541823156099 0.3383243092490406 0.09950262333227082
vn 0.9956891315563304 0.029162287064382897 0.08804949922500942
vn 0.8428392337393438 -0.5247508242051758 -0.119409373860114
vn 0.3802124920505217 -0.8621671341755998 -0.33482277944632965
vn -0.21416684697419305 -0.8498245363499146 -0.4815919632580937
vn -0.7094459403641393 -0.4897248655192114 -0.506809642561221
vn -0.916844543258815 0.075155757077751 -0.39210674015452074
vn -0.7629333290886501 0.6233143930984738 -0.17149898752468165
vn -0.30505505666031657 0.9505208874599501 0.05874908431899288
vn 0.2847107021083316 0.9369491234344014 0.20264786256086575
vn 0.5472012043402605 0.7798492739160292 0.30398347313827817
vn 0.8359413024173916 0.20283589959204396 0.5099605246971587
vn 0.8582065840172947 -0.1277123114243661 0.4971629759545777
vn 0.6949907025140586 -0.6626312808887764 0.2791195245888666
vn 0.2462181569215946 -0.9687539822064432 0.02987207996259056
vn -0.32081104153067824 -0.9351876619479245 -0.15001437455249506
vn -0.7970876036371805 -0.5758712843471314 -0.18172401050032558
vn -0.9981789603560908 -0.02332517694375919 -0.05563002087880282
vn -0.8405125723534257 0.5175229302581072 0.16033911678966445
vn -0.3818465672513378 0.8384442116906273 0.3888502320442306
vn 0.1975844112670247 0.8063172335629244 0.5575059813882678
vn 0.39989659998400795 0.6562348736832565 0.6398738155942552
vn 0.6108812756950578 0.09719558167040525 0.7857334700195293
vn 0.631420123089101 -0.21430442806130623 0.7452397200038795
vn 0.4724630796994561 -0.7136464841177057 0.5171917768365449
vn 0.0648472820829339 -0.9741939158676464 0.21619677216119085
vn -0.4363394614664855 -0.8990497459357086 -0.03629640064903305
vn -0.8449463864424648 -0.5209075820932307 -0.12132969527533218
vn -0.9999717557529655 -0.0017093555213273505 0.007318866034650242
vn -0.8529077091513044 0.45325719880998117 0.2590489362981502
vn -0.4644281134129178 0.7180717976348913 0.5183429568472149
vn 0.04576544814969791 0.6848049132105416 0.7272879447635303
vn 0.22451358099384155 0.5996394305885747 0.7681316327510096
vn 0.48534366364871423 0.1196029481226498 0.8661043025850954
vn 0.5087995470601138 -0.19406226053944375 0.8387269281153098
vn 0.32008103298467055 -0.7069426347288943 0.6306982190604595
vn -0.06346769685070963 -0.9605784498172474 0.2706674956531727
vn -0.49779775985664143 -0.8613676471525675 -0.10120853086849706
vn -0.8290697333616389 -0.4505314825563036 -0.3311567007464593
vn -0.9412597052243217 0.11470168364742041 -0.317606188682573
vn -0.7792584149054892 0.6212969898006572 -0.08213630904555365
vn -0.38436174887621877 0.8868149633157005 0.2565643522397203
vn 0.08347345683134927 0.7993294995954152 0.5950668307687531
vn 0.2845333299935482 0.700039168347977 0.6549701877959451
vn 0.5434713972037362 0.1684146378289109 0.8223596233925737
vn 0.5275815061374131 -0.1470803748511725 0.8366750371054567
vn 0.2940542700375871 -0.6763612037616518 0.6753277784296683
vn -0.031627555091847684 -0.9645383554824485 0.26204094825451596
vn -0.3295241095524911 -0.9081273942992485 -0.25829923915276093
vn -0.4850169407520425 -0.5204267488180379 -0.7027905564947615
vn -0.43073072978915783 0.07181034228710083 -0.8996189822118634
vn -0.18255463207993627 0.6447660910805932 -0.7422603950762907
vn 0.1540609729897343 0.946207214713392 -0.28452965298151506
vn 0.4442602369465586 0.8562357374527265 0.26361563644247876
vn 0.5696511215164297 0.6742800410897918 0.46994044935823776
vn 0.6364886685462133 0.134103579723865 0.7595382839051061
vn 0.5531424909900531 -0.14104625658867803 0.8210598870750171
vn 0.3097520132644797 -0.6494983350906158 0.6944102555356736
vn 0.07065669337988016 -0.9604075402607917 0.269490237839588
vn -0.06445640290472152 -0.9541589565808388 -0.29227736433249324
vn -0.034556824685289554 -0.6354150766825624 -0.7713971131603771
vn 0.14432510457625503 -0.1334053252459551 -0.9804964474107359
vn 0.3856627628529112 0.3634079382986747 -0.8480559555419476
vn 0.5987228651107578 0.6772760635658278 -0.427583985334276
vn 0.7204328555170562 0.6819186002170756 0.12634683759210066
vn 0.7197111803130001 0.5517306891756092 0.4214369034081798
vn 0.5366588172723624 0.1420095099446682 0.8317635559034215
vn 0.38861042563320775 -0.10070637691847743 0.9158821773225695
vn 0.1346124094034467 -0.6068491852007022 0.7833349000624462
vn -0.040870439497015854 -0.9391026551072367 0.3411976118700998
vn -0.05636290616989132 -0.9709730417342003 -0.23245338249532746
vn 0.1057077679920697 -0.7039203867979357 -0.702368818240374
vn 0.36735447259767895 -0.2613673438337399 -0.8926017045915702
vn 0.6035928146301395 0.2061990654025757 -0.7701672932252905
vn 0.7415153945197166 0.5588830683034075 -0.3712204677197065
vn 0.7497814908197333 0.634072245391427 0.18915629423419153
vn 0.6516394097183832 0.5700714656451568 0.5003844559526806
vn 0.22008793665838322 0.2980819725137357 0.9288209934103426
vn 0.024289626114007146 0.06841844175471752 0.9973609832408213
vn -0.20737488335613163 -0.4843761568665855 0.8499267006114044
vn -0.3137774407840086 -0.8705923391839921 0.37896265859472583
vn -0.2464337068502974 -0.9410309858727224 -0.2317997233722113
vn -0.02066982720923701 -0.6737437834990535 -0.7386758913349757
vn 0.2643856952800249 -0.18239715354174815 -0.9470118703116481
vn 0.4822411382520557 0.35458932381082864 -0.8010679721576321
vn 0.5674991563988615 0.7456383051704887 -0.34923949568893514
vn 0.49649978632659447 0.8311605612297094 0.2503199625158984
vn 0.3307573520767272 0.7760176713699753 0.5370252766571726
vn -0.2072018679989796 0.4790011935527865 0.8530095207397977
vn -0.4194337976103805 0.22468135996211033 0.8795416851450026
vn -0.5952084071867428 -0.3285664026044832 0.7333287605799796
vn -0.6328216139405306 -0.7194207247352888 0.286305127007977
vn -0.5466452154764134 -0.7821696873378137 -0.2989809167933843
vn -0.3682514813458169 -0.4942797240277739 -0.7874505704497513
vn -0.09732319949556582 -0.015496014282830392 -0.9951321863859558
vn 0.1526185576896673 0.5064030305408609 -0.8486834194844138
vn 0.22362505892801376 0.8914223711335229 -0.39415477830686024
vn 0.09578764420211922 0.9777075033462829 0.18684957885579137
vn -0.08203362071165089 0.9126990000230316 0.40031365256495416
vn -0.572185404047764 0.5369861190697897 0.6198788360002806
vn -0.7258081311989547 0.24321691275791946 0.6434656867572563
vn -0.7958450787683128 -0.312347585988115 0.5187191881236468
vn -0.705073286487409 -0.6990809336144627 0.11898533077054388
vn -0.5201141258326113 -0.757913830827075 -0.3937612489191979
vn -0.31258678709444854 -0.5041514679143205 -0.8050594996233542
vn -0.09369222699760796 -0.0733016347433964 -0.9928991071323281
vn 0.05513362169500813 0.4432519936573564 -0.894699923928448
vn 0.009830423464929907 0.8590856049564157 -0.5117375168298388
vn -0.21510575675329446 0.97657888962486 0.004815158426064556
vn -0.3643561817657862 0.9129602703611901 0.18370660726027274
vn -0.7560877646092846 0.5068995849431295 0.41398563138425243
vn -0.8552538046753091 0.20866042107786784 0.4743435023946411
vn -0.8154591356991434 -0.3704541937536727 0.44473597598476583
vn -0.5678141665486105 -0.8085832527961305 0.15420828630244202
vn -0.2242081713382217 -0.9257145921979212 -0.3046033317234187
vn 0.09011210679280061 -0.676915599372416 -0.7305238391289128
vn 0.30408975721195963 -0.1802631034726164 -0.9354328586730274
vn 0.3174216235559334 0.3934359654990841 -0.8628161182725546
vn 0.08223953120830972 0.8246815823502388 -0.559586407303594
vn -0.29865544242873066 0.9439937222153948 -0.14028820023659627
vn -0.4773588206849451 0.8782147217511967 0.02945265376408053
vn -0.8124087547491156 0.4755369182171631 0.3374265173626913
vn -0.8649315772741676 0.20414663706568176 0.45849483880278696
vn -0.7245280216815425 -0.3568339978467866 0.5896852073597484
vn -0.3069571565939753 -0.7798330812498492 0.5455617924709426
vn 0.25451341862488375 -0.9076488228830377 0.33376119315898667
vn 0.7465020860732542 -0.6653397542534895 -0.007592555445046663
vn 0.9290897010095964 -0.1253302511969687 -0.3479722052302502
vn 0.729086818415448 0.4690469814965337 -0.498424859293585
vn 0.2716449563242325 0.8732582536805112 -0.4045108652217758
vn -0.2607864475654483 0.9554247392596245 -0.13839796377429925
vn -0.49524994710824227 0.8686333723932073 0.01426724409570836
vn -0.8198378301784072 0.46402169494736584 0.33548442411911616
vn -0.8682839357690505 0.20394630925773383 0.45220450000586704
vn -0.7095320660270574 -0.32119258511516785 0.6272157288735759
vn -0.2563796124840199 -0.6739927744396222 0.6928226571827197
vn 0.3186876819119364 -0.7095322113724979 0.6284920066496067
vn 0.7862514860047644 -0.4100481275170266 0.4622435871649061
vn 0.9623121900911361 0.09775188106334227 0.2537711933032974
vn 0.7878630711438395 0.6116646492614219 0.07168080615966106
vn 0.3354388145902412 0.9420211226713989 -0.008775312371121929
vn -0.22119931297565232 0.9737304790207711 0.054035341815139186
vn -0.5057485202909963 0.8537067938581694 0.12410940473579248
vn -0.8936022493924701 0.38830095415966337 0.22516080671247513
vn -0.960667622443984 0.09036738540965777 0.26258609034380587
vn -0.7898042083885339 -0.44253438049382604 0.4247029956248331
vn -0.3234119438625889 -0.7640588934732231 0.5582281987426786
vn 0.250810562825146 -0.7398732878814974 0.624244807311007
vn 0.6905668359357334 -0.3757068206725351 0.6180306060429738
vn 0.8201729567875823 0.15735828708829036 0.5500497163338546
vn 0.6500638704446201 0.6390894632805282 0.41107374310014827
vn 0.24547336316290308 0.9425182081701277 0.22672065465075159
vn -0.3009438820266038 0.9467943334438126 0.11407572059576987
vn -0.5934650740440409 0.803843953728556 0.040424051552810696
vn -0.9564562195200818 0.2731325258466718 -0.1029083255425451
vn -0.9857697490366412 -0.06979750099268311 -0.15292583411384086
vn -0.7740546327213262 -0.6293629295917024 -0.06886020925326079
vn -0.28992128974606907 -0.952979584468286 0.08817912076352813
vn 0.286840412895758 -0.9181292776485875 0.27342495689727
vn 0.7402950960193982 -0.5219285970569559 0.4237377849375574
vn 0.8807879780780946 0.0981130983022884 0.46323466797577606
vn 0.6371888952055177 0.7105790195642271 0.298442236926869
vn 0.10287147945634192 0.9942858398189988 0.02851538970260706
vn -0.4375439499935357 0.8949885791918797 -0.08689496498736198
vn -0.607012138951556 0.7696640913565344 -0.19787230640435077
vn -0.8058106231419485 0.2417630382693501 -0.5405736517426257
vn -0.7864968547872849 -0.09015103912320913 -0.6109791220284979
vn -0.5270684370250126 -0.6388428817915475 -0.5604271898081686
vn -0.030604927485342864 -0.9294728823842249 -0.3676186874003791
vn 0.510165620641799 -0.8529498987092918 -0.11048760024082668
vn 0.890624506790967 -0.44707872641789725 0.08311799015795368
vn 0.9938658626289916 0.0997986883127647 0.047653634822354046
vn 0.8204972521239084 0.5050113064040667 -0.26785787212843604
vn 0.3850944666013866 0.879807895804086 -0.27864012323026965
vn -0.2577011586226001 0.9062603119518431 -0.33508560074332894
vn -0.4504512043585503 0.7996867460961297 -0.39698214142466914
vn -0.5348979644398708 0.3752540219232543 -0.7570129369228141
vn -0.46632223651584104 0.09183939414437226 -0.8798346989145509
vn -0.17027929788108628 -0.40871132291108647 -0.8966381740910845
vn 0.2819429326826738 -0.6890119286941392 -0.6676606509503729
vn 0.7131721421609887 -0.6362960974107601 -0.29413053575809317
vn 0.9615421190116565 -0.2701475888779102 0.04956847375121453
vn 0.9470700791462416 0.24421436032558402 0.208368930977479
vn 0.6989818817247851 0.6904197341003021 0.18639989212804509
vn 0.2757535523613424 0.9602547698705219 0.04325222885599527
vn -0.1908650442962416 0.9470666272750812 -0.2581382156279768
vn -0.3454157696282443 0.8617329563062941 -0.37162381262204164
vn -0.4143150143507683 0.47830045139329014 -0.7743201838261079
vn -0.32935115380096425 0.21052728392057524 -0.9204379828185054
vn -0.004567814420389698 -0.27723794539316904 -0.9607904332920865
vn 0.40278587247408976 -0.601280577526283 -0.6900907244884152
vn 0.7425061448434106 -0.6340749846252666 -0.21594800008854986
vn 0.89240902402489 -0.3586993505049428 0.2737533740180667
vn 0.7957327833982718 0.11715856006127065 0.5942080521413429
vn 0.4755958601626783 0.6055874805288121 0.638022241949987
vn 0.048244289334375974 0.921806023679075 0.3846376778938769
vn -0.30667042491658253 0.9481518194203447 -0.08343487167469513
vn -0.43881396023052366 0.8573165050045799 -0.269166711451354
vn -0.4150930655184547 0.5109829917547674 -0.7527244709027595
vn -0.3100590344783428 0.29823794354370037 -0.9027278239697625
vn -0.05348454082661793 -0.24541539134535398 -0.9679414701227408
vn 0.21721145632791158 -0.7084934751288243 -0.6714582480987106
vn 0.41316560668033186 -0.9042046235823477 -0.10820434440806241
vn 0.436479654240343 -0.7285407124663531 0.5279336527569058
vn 0.21783489517370538 -0.2523361207669883 0.9428013791891315
vn -0.10203358714623387 0.2809450378910454 0.9542845659332811
vn -0.360551502785327 0.6991090110710576 0.6174538075665985
vn -0.4933596120885234 0.8675122028045095 0.06339456715783688
vn -0.48273719372855617 0.8402826962852471 -0.24675857049892583
vn -0.2318189277987394 0.6036260088549875 -0.7628208348937786
vn -0.11229539739226362 0.4139603404635883 -0.9033418955455257
vn -0.06879741513581439 -0.14979013397996901 -0.9863213631635958
vn -0.18108673383246462 -0.6472908850738543 -0.7404202218539122
vn -0.45166909448689146 -0.8448360516314098 -0.2867875083563459
vn -0.7092250149063631 -0.6878875052710607 0.1543070261622116
vn -0.7558093501328651 -0.34966253467722885 0.5536138890010183
vn -0.6613637367078725 0.1724977534532447 0.7299606378575378
vn -0.5502015519116589 0.663429697607195 0.5070890342009261
vn -0.41279515403830813 0.9105406951013028 0.022711304826574956
vn -0.24557122012492236 0.9307940980153245 -0.2707713480894815
vn 0.24769128589187897 0.6727129743718098 -0.6972132249212291
vn 0.35240178559158425 0.44917147406999436 -0.8210103339140449
vn 0.1909133957259286 -0.09967923249598933 -0.9765327060275071
vn -0.20234625008745155 -0.5164353839147724 -0.8320760117419251
vn -0.7000638032010427 -0.5026366556636103 -0.5072150074977997
vn -0.9553861433871509 -0.10028145268961264 -0.27781459153595106
vn -0.9966030506041741 0.06894418451354081 0.04504507684771844
vn -0.7993649750481464 0.3671773034775299 0.4756011611395056
vn -0.4239619015750343 0.7834043987058049 0.4544599587436467
vn -0.031912735835084284 0.9960173727426577 0.08325245033231017
vn 0.24893209824881246 0.9585440942297682 -0.13865796002637976
vn 0.669445145537741 0.5614783071274101 -0.4864003574641889
vn 0.74071996684059 0.2578233753414205 -0.620371693302678
vn 0.5476504604476774 -0.2843979617963345 -0.7868905721239373
vn 0.11638103593417523 -0.6754728653136656 -0.7281427488479405
vn -0.42031755937334003 -0.7551404218685295 -0.5030865656551149
vn -0.8562183011112101 -0.4892583321124689 -0.16588099740705117
vn -0.9562122666106924 -0.05026908137007011 0.28832467920983007
vn -0.6160646769702721 0.44042182631293436 0.653064260771246
vn -0.1142851086447253 0.8234126367358372 0.5558152063463173
vn 0.3320349824919021 0.9261280499103648 0.17899610490406542
vn 0.544017788398983 0.8368054576857057 0.061654455580241824
vn 0.9560244441366016 0.276471995382676 -0.09788001830007838
vn 0.9756602062980303 -0.027296004856355187 -0.21758237512575992
vn 0.7412806821842718 -0.5590333993273302 -0.3714627957911129
vn 0.2564110689980943 -0.9115814928233563 -0.3213604606002355
vn -0.2958308524029736 -0.9505537959446618 -0.09450707794511617
vn -0.690849308687161 -0.6765862747276221 0.2548690752850771
vn -0.6710445698693487 -0.2501918307562104 0.6979278136539028
vn -0.12593643590267065 -0.01009501069031419 0.9919869479339408
vn 0.17252243028641057 0.29451362089779654 0.9399456038270192
vn 0.5278899104740894 0.6269506253032892 0.5729442868651999
vn 0.6444484017176478 0.6468039176824723 0.4078369154382359
vn 0.9368505412044296 0.20979598017070974 0.27981549304707626
vn 0.9688979421566294 -0.0885703939353143 0.23106722615462447
vn 0.7491692779835004 -0.6135116120576177 0.2496976067088826
vn 0.25974577598121823 -0.9111660099295703 0.3198572090932781
vn -0.29706832393894134 -0.8712665925407903 0.39069801078898325
vn -0.7014725228690432 -0.5289845482003533 0.4776103510446646
vn -0.6889870716995707 -0.04832646218579514 0.7231606792984913
vn -0.06673499964610294 0.05407392997129942 0.9963043962161833
vn 0.09532295716014642 0.11438819530255818 0.988852301718345
vn 0.3812143139559303 0.5452116035906307 0.7466056215601665
vn 0.4676260172623969 0.7569493843227039 0.4564575966645619
vn 0.8278523043449408 0.40726947567705424 0.38573583755273333
vn 0.8600156425801602 0.11633444737860413 0.4968293377715823
vn 0.6066954082624605 -0.38840922372241615 0.6935841380255148
vn 0.11378504307317835 -0.6879577619449561 0.7167754751332681
vn -0.4476345989983925 -0.681434022277798 0.5790258535349262
vn -0.8680579154993486 -0.35705271728172067 0.34494755024592505
vn -0.9787312074463185 0.11935759988694328 0.1668501930472363
vn -0.8521559508614825 0.5107426805305512 0.11389534536507764
vn -0.34957287431065065 0.9218849728461851 -0.16711344166935987
vn 0.32105073859475913 0.9405174409664625 -0.11114569935744896
vn 0.5403763687980692 0.8328923042676502 -0.11951480885788746
vn 0.8483154880731665 0.45841488820464094 0.26498419380693616
vn 0.8341632643915906 0.2401624814613396 0.4964812492309222
vn 0.5523653477075339 -0.18648303540926497 0.8124755997299131
vn 0.08518968628273527 -0.5620302031649689 0.8227179152549148
vn -0.393161496333201 -0.7589559378856415 0.5190471290250671
vn -0.7045750135137278 -0.7096288914254328 0.0009416933904827842
vn -0.728824064410851 -0.41234015590982975 -0.5466178545930467
vn -0.44576131785872064 0.043126180273011704 -0.894112397898562
vn 0.03639548990244391 0.4616104926567199 -0.8863357836531149
vn 0.5227134163390442 0.657496086607857 -0.5426505141198322
vn 0.7161679839918047 0.6226676085576124 -0.3152593661705518
vn 0.8972179373950608 0.3847423528303923 0.21673323408071649
vn 0.8355703260743448 0.14984853398661468 0.5285524070951485
vn 0.5274299237235502 -0.29097112208216125 0.7982189434454798
vn 0.08381122618986944 -0.6887802106095288 0.7201093665806908
vn -0.31984484750063763 -0.8893117462751996 0.32683924406999976
vn -0.5276253133949446 -0.8193844417864955 -0.22409967698129263
vn -0.4672645639756774 -0.5121284735671721 -0.7206859606058512
vn -0.16782725296179726 -0.08394880812339728 -0.9822355169601422
vn 0.2619496574105092 0.30974694970201166 -0.9140236343403907
vn 0.665733174649515 0.5203011161444122 -0.5348701606090559
vn 0.7658328237750645 0.5433620089438556 -0.3438863377123442
f 1/1/1 12/12/12 2/2/2
f 12/12/12 13/13/13 2/2/2
f 2/2/2 13/13/13 3/3/3
f 13/13/13 14/14/14 3/3/3
f 3/3/3 14/14/14 4/4/4
f 14/14/14 15/15/15 4/4/4
f 4/4/4 15/15/15 5/5/5
f 15/15/15 16/16/16 5/5/5
f 5/5/5 16/16/16 6/6/6
f 16/16/16 17/17/17 6/6/6
f 6/6/6 17/17/17 7/7/7
f 17/17/17 18/18/18 7/7/7
f 7/7/7 18/18/18 8/8/8
f 18/18/18 19/19/19 8/8/8
f 8/8/8 19/19/19 9/9/9
f 19/19/19 20/20/20 9/9/9
f 9/9/9 20/20/20 10/10/10
f 20/20/20 21/21/21 10/10/10
f 10/10/10 21/21/21 11/11/11
f 21/21/21 22/22/22 11/11/11
f 12/12/12 23/23/23 13/13/13
f 23/23/23 24/24/24 13/13/13
f 13/13/13 24/24/24 14/14/14
f 24/24/24 25/25/25 14/14/14
f 14/14/14 25/25/25 15/15/15
f 25/25/25 26/26/26 15/15/15
f 15/15/15 26/26/26 16/16/16
f 26/26/26 27/27/27 16/16/16
f 16/16/16 27/27/27 17/17/17
f 27/27/27 28/28/28 17/17/17
f 17/17/17 28/28/28 18/18/18
f 28/28/28 29/29/29 18/18/18
f 18/18/18 29/29/29 19/19/19
f 29/29/29 30/30/30 19/19/19
f 19/19/19 30/30/30 20/20/20
f 30/30/30 31/31/31 20/20/20
f 20/20/20 31/31/31 21/21/21
f 31/31/31 32/32/32 21/21/21
f 21/21/21 32/32/32 22/22/22
f 32/32/32 33/33/33 22/22/22
f 23/23/23 34/34/34 24/24/24
f 34/34/34 35/35/35 24/24/24
f 24/24/24 35/35/35 25/25/25
f 35/35/35 36/36/36 25/25/25
f 25/25/25 36/36/36 26/26/26
f 36/36/36 37/37/37 26/26/26
f 26/26/26 37/37/37 27/27/27
f 37/37/37 38/38/38 27/27/27
f 27/27/27 38/38/38 28/28/28
f 38/38/38 39/39/39 28/28/28
f 28/28/28 39/39/39 29/29/29
f 39/39/39 40/40/40 29/29/29
f 29/29/29 40/40/40 30/30/30
f 40/40/40 41/41/41 30/30/30
f 30/30/30 41/41/41 31/31/31
f 41/41/41 42/42/42 31/31/31
f 31/31/31 42/42/42 32/32/32
f 42/42/42 43/43/43 32/32/32
f 32/32/32 43/43/43 33/33/33
f 43/43/43 44/44/44 33/33/33
f 34/34/34 45/45/45 35/35/35
f 45/45/45 46/46/46 35/35/35
f 35/35/35 46/46/46 36/36/36
f 46/46/46 47/47/47 36/36/36
f 36/36/36 47/47/47 37/37/37
f 47/47/47 48/48/48 37/37/37
f 37/37/37 48/48/48 38/38/38
f 48/48/48 49/49/49 38/38/38
f 38/38/38 49/49/49 39/39/39
f 49/49/49 50/50/50 39/39/39
f 39/39/39 50/50/50 40/40/40
f 50/50/50 51/51/51 40/40/40
f 40/40/40 51/51/51 41/41/41
f 51/51/51 52/52/52 41/41/41
f 41/41/41 52/52/52 42/42/42
f 52/52/52 53/53/53 42/42/42
f 42/42/42 53/53/53 43/43/43
f 53/53/53 54/54/54 43/43/43
f 43/43/43 54/54/54 44/44/44
f 54/54/54 55/55/55 44/44/44
f 45/45/45 56/56/56 46/46/46
f 56/56/56 57/57/57 46/46/46
f 46/46/46 57/57/57 47/47/47
f 57/57/57 58/58/58 47/47/47
f 47/47/47 58/58/58 48/48/48
f 58/58/58 59/59/59 48/48/48
f 48/48/48 59/59/59 49/49/49
f 59/59/59 60/60/60 49/49/49
f 49/49/49 60/60/60 50/50/50
f 60/60/60 61/61/61 50/50/50
f 50/50/50 61/61/61 51/51/51
f 61/61/61 62/62/62 51/51/51
f 51/51/51 62/62/62 52/52/52
f 62/62/62 63/63/63 52/52/52
f 52/52/52 63/63/63 53/53/53
f 63/63/63 64/64/64 53/53/53
f 53/53/53 64/64/64 54/54/54
f 64/64/64 65/65/65 54/54/54
f 54/54/54 65/65/65 55/55/55
f 65/65/65 66/66/66 55/55/55
f 56/56/56 67/67/67 57/57/57
f 67/67/67 68/68/68 57/57/57
f 57/57/57 68/68/68 58/58/58
f 68/68/68 69/69/69 58/58/58
f 58/58/58 69/69/69 59/59/59
f 69/69/69 70/70/70 59/59/59
f 59/59/59 70/70/70 60/60/60
f 70/70/70 71/71/71 60/60/60
f 60/60/60 71/71/71 61/61/61
f 71/71/71 72/72/72 61/61/61
f 61/61/61 72/72/72 62/62/62
f 72/72/72 73/73/73 62/62/62
f 62/62/62 73/73/73 63/63/63
f 73/73/73 74/74/74 63/63/63
f 63/63/63 74/74/74 64/64/64
f 74/74/74 75/75/75 64/64/64
f 64/64/64 75/75/75 65/65/65
f 75/75/75 76/76/76 65/65/65
f 65/65/65 76/76/76 66/66/66
f 76/76/76 77/77/77 66/66/66
f 67/67/67 78/78/78 68/68/68
f 78/78/78 79/79/79 68/68/68
f 68/68/68 79/79/79 69/69/69
f 79/79/79 80/80/80 69/69/69
f 69/69/69 80/80/80 70/70/70
f 80/80/80 81/81/81 70/70/70
f 70/70/70 81/81/81 71/71/71
f 81/81/81 82/82/82 71/71/71
f 71/71/71 82/82/82 72/72/72
f 82/82/82 83/83/83 72/72/72
f 72/72/72 83/83/83 73/73/73
f 83/83/83 84/84/84 73/73/73
f 73/73/73 84/84/84 74/74/74
f 84/84/84 85/85/85 74/74/74
f 74/74/74 85/85/85 75/75/75
f 85/85/85 86/86/86 75/75/75
f 75/75/75 86/86/86 76/76/76
f 86/86/86 87/87/87 76/76/76
f 76/76/76 87/87/87 77/77/77
f 87/87/87 88/88/88 77/77/77
f 78/78/78 89/89/89 79/79/79
f 89/89/89 90/90/90 79/79/79
f 79/79/79 90/90/90 80/80/80
f 90/90/90 91/91/91 80/80/80
f 80/80/80 91/91/91 81/81/81
f 91/91/91 92/92/92 81/81/81
f 81/81/81 92/92/92 82/82/82
f 92/92/92 93/93/93 82/82/82
f 82/82/82 93/93/93 83/83/83
f 93/93/93 94/94/94 83/83/83
f 83/83/83 94/94/94 84/84/84
f 94/94/94 95/95/95 84/84/84
f 84/84/84 95/95/95 85/85/85
f 95/95/95 96/96/96 85/85/85
f 85/85/85 96/96/96 86/86/86
f 96/96/96 97/97/97 86/86/86
f 86/86/86 97/97/97 87/87/87
f 97/97/97 98/98/98 87/87/87
f 87/87/87 98/98/98 88/88/88
f 98/98/98 99/99/99 88/88/88
f 89/89/89 100/100/100 90/90/90
f 100/100/100 101/101/101 90/90/90
f 90/90/90 101/101/101 91/91/91
f 101/101/101 102/102/102 91/91/91
f 91/91/91 102/102/102 92/92/92
f 102/102/102 103/103/103 92/92/92
f 92/92/92 103/103/103 93/93/93
f 103/103/103 104/104/104 93/93/93
f 93/93/93 104/104/104 94/94/94
f 104/104/104 105/105/105 94/94/94
f 94/94/94 105/105/105 95/95/95
f 105/105/105 106/106/106 95/95/95
f 95/95/95 106/106/106 96/96/96
f 106/106/106 107/107/107 96/96/96
f 96/96/96 107/107/107 97/97/97
f 107/107/107 108/108/108 97/97/97
f 97/97/97 108/108/108 98/98/98
f 108/108/108 109/109/109 98/98/98
f 98/98/98 109/109/109 99/99/99
f 109/109/109 110/110/110 99/99/99
f 100/100/100 111/111/111 101/101/101
f 111/111/111 112/112/112 101/101/101
f 101/101/101 112/112/112 102/102/102
f 112/112/112 113/113/113 102/102/102
f 102/102/102 113/113/113 103/103/103
f 113/113/113 114/114/114 103/103/103
f 103/103/103 114/114/114 104/104/104
f 114/114/114 115/115/115 104/104/104
f 104/104/104 115/115/115 105/105/105
f 115/115/115 116/116/116 105/105/105
f 105/105/105 116/116/116 106/106/106
f 116/116/116 117/117/117 106/106/106
f 106/106/106 117/117/117 107/107/107
f 117/117/117 118/118/118 107/107/107
f 107/107/107 118/118/118 108/108/108
f 118/118/118 119/119/119 108/108/108
f 108/108/108 119/119/119 109/109/109
f 119/119/119 120/120/120 109/109/109
f 109/109/109 120/120/120 110/110/110
f 120/120/120 121/121/121 110/110/110
f 111/111/111 122/122/122 112/112/112
f 122/122/122 123/123/123 112/112/112
f 112/112/112 123/123/123 113/113/113
f 123/123/123 124/124/124 113/113/113
f 113/113/113 124/124/124 114/114/114
f 124/124/124 125/125/125 114/114/114
f 114/114/114 125/125/125 115/115/115
f 125/125/125 126/126/126 115/115/115
f 115/115/115 126/126/126 116/116/116
f 126/126/126 127/127/127 116/116/116
f 116/116/116 127/127/127 117/117/117
f 127/127/127 128/128/128 117/117/117
f 117/117/117 128/128/128 118/118/118
f 128/128/128 129/129/129 118/118/118
f 118/118/118 129/129/129 119/119/119
f 129/129/129 130/130/130 119/119/119
f 119/119/119 130/130/130 120/120/120
f 130/130/130 131/131/131 120/120/120
f 120/120/120 131/131/131 121/121/121
f 131/131/131 132/132/132 121/121/121
f 122/122/122 133/133/133 123/123/123
f 133/133/133 134/134/134 123/123/123
f 123/123/123 134/134/134 124/124/124
f 134/134/134 135/135/135 124/124/124
f 124/124/124 135/135/135 125/125/125
f 135/135/135 136/136/136 125/125/125
f 125/125/125 136/136/136 126/126/126
f 136/136/136 137/137/137 126/126/126
f 126/126/126 137/137/137 127/127/127
f 137/137/137 138/138/138 127/127/127
f 127/127/127 138/138/138 128/128/128
f 138/138/138 139/139/139 128/128/128
f 128/128/128 139/139/139 129/129/129
f 139/139/139 140/140/140 129/129/129
f 129/129/129 140/140/140 130/130/130
f 140/140/140 141/141/141 130/130/130
f 130/130/130 141/141/141 131/131/131
f 141/141/141 142/142/142 131/131/131
f 131/131/131 142/142/142 132/132/132
f 142/142/142 143/143/143 132/132/132
f 133/133/133 144/144/144 134/134/134
f 144/144/144 145/145/145 134/134/134
f 134/134/134 145/145/145 135/135/135
f 145/145/145 146/146/146 135/135/135
f 135/135/135 146/146/146 136/136/136
f 146/146/146 147/147/147 136/136/136
f 136/136/136 147/147/147 137/137/137
f 147/147/147 148/148/148 137/137/137
f 137/137/137 148/148/148 138/138/138
f 148/148/148 149/149/149 138/138/138
f 138/138/138 149/149/149 139/139/139
f 149/149/149 150/150/150 139/139/139
f 139/139/139 150/150/150 140/140/140
f 150/150/150 151/151/151 140/140/140
f 140/140/140 151/151/151 141/141/141
f 151/151/151 152/152/152 141/141/141
f 141/141/141 152/152/152 142/142/142
f 152/152/152 153/153/153 142/142/142
f 142/142/142 153/153/153 143/143/143
f 153/153/153 154/154/154 143/143/143
f 144/144/144 155/155/155 145/145/145
f 155/155/155 156/156/156 145/145/145
f 145/145/145 156/156/156 146/146/146
f 156/156/156 157/157/157 146/146/146
f 146/146/146 157/157/157 147/147/147
f 157/157/157 158/158/158 147/147/147
f 147/147/147 158/158/158 148/148/148
f 158/158/158 159/159/159 148/148/148
f 148/148/148 159/159/159 149/149/149
f 159/159/159 160/160/160 149/149/149
f 149/149/149 160/160/160 150/150/150
f 160/160/160 161/161/161 150/150/150
f 150/150/150 161/161/161 151/151/151
f 161/161/161 162/162/162 151/151/151
f 151/151/151 162/162/162 152/152/152
f 162/162/162 163/163/163 152/152/152
f 152/152/152 163/163/163 153/153/153
f 163/163/163 164/164/164 153/153/153
f 153/153/153 164/164/164 154/154/154
f 164/164/164 165/165/165 154/154/154
f 155/155/155 166/166/166 156/156/156
f 166/166/166 167/167/167 156/156/156
f 156/156/156 167/167/167 157/157/157
f 167/167/167 168/168/168 157/157/157
f 157/157/157 168/168/168 158/158/158
f 168/168/168 169/169/169 158/158/158
f 158/158/158 169/169/169 159/159/159
f 169/169/169 170/170/170 159/159/159
f 159/159/159 170/170/170 160/160/160
f 170/170/170 171/171/171 160/160/160
f 160/160/160 171/171/171 161/161/161
f 171/171/171 172/172/172 161/161/161
f 161/161/161 172/172/172 162/162/162
f 172/172/172 173/173/173 162/162/162
f 162/162/162 173/173/173 163/163/163
f 173/173/173 174/174/174 163/163/163
f 163/163/163 174/174/174 164/164/164
f 174/174/174 175/175/175 164/164/164
f 164/164/164 175/175/175 165/165/165
f 175/175/175 176/176/176 165/165/165
f 166/166/166 177/177/177 167/167/167
f 177/177/177 178/178/178 167/167/167
f 167/167/167 178/178/178 168/168/168
f 178/178/178 179/179/179 168/168/168
f 168/168/168 179/179/179 169/169/169
f 179/179/179 180/180/180 169/169/169
f 169/169/169 180/180/180 170/170/170
f 180/180/180 181/181/181 170/170/170
f 170/170/170 181/181/181 171/171/171
f 181/181/181 182/182/182 171/171/171
f 171/171/171 182/182/182 172/172/172
f 182/182/182 183/183/183 172/172/172
f 172/172/172 183/183/183 173/173/173
f 183/183/183 184/184/184 173/173/173
f 173/173/173 184/184/184 174/174/174
f 184/184/184 185/185/185 174/174/174
f 174/174/174 185/185/185 175/175/175
f 185/185/185 186/186/186 175/175/175
f 175/175/175 186/186/186 176/176/176
f 186/186/186 187/187/187 176/176/176
f 177/177/177 188/188/188 178/178/178
f 188/188/188 189/189/189 178/178/178
f 178/178/178 189/189/189 179/179/179
f 189/189/189 190/190/190 179/179/179
f 179/179/179 190/190/190 180/180/180
f 190/190/190 191/191/191 180/180/180
f 180/180/180 191/191/191 181/181/181
f 191/191/191 192/192/192 181/181/181
f 181/181/181 192/192/192 182/182/182
f 192/192/192 193/193/193 182/182/182
f 182/182/182 193/193/193 183/183/183
f 193/193/193 194/194/194 183/183/183
f 183/183/183 194/194/194 184/184/184
f 194/194/194 195/195/195 184/184/184
f 184/184/184 195/195/195 185/185/185
f 195/195/195 196/196/196 185/185/185
f 185/185/185 196/196/196 186/186/186
f 196/196/196 197/197/197 186/186/186
f 186/186/186 197/197/197 187/187/187
f 197/197/197 198/198/198 187/187/187
f 188/188/188 199/199/199 189/189/189
f 199/199/199 200/200/200 189/189/189
f 189/189/189 200/200/200 190/190/190
f 200/200/200 201/201/201 190/190/190
f 190/190/190 201/201/201 191/191/191
f 201/201/201 202/202/202 191/191/191
f 191/191/191 202/202/202 192/192/192
f 202/202/202 203/203/203 192/192/192
f 192/192/192 203/203/203 193/193/193
f 203/203/203 204/204/204 193/193/193
f 193/193/193 204/204/204 194/194/194
f 204/204/204 205/205/205 194/194/194
f 194/194/194 205/205/205 195/195/195
f 205/205/205 206/206/206 195/195/195
f 195/195/195 206/206/206 196/196/196
f 206/206/206 207/207/207 196/196/196
f 196/196/196 207/207/207 197/197/197
f 207/207/207 208/208/208 197/197/197
f 197/197/197 208/208/208 198/198/198
f 208/208/208 209/209/209 198/198/198
f 199/199/199 210/210/210 200/200/200
f 210/210/210 211/211/211 200/200/200
f 200/200/200 211/211/211 201/201/201
f 211/211/211 212/212/212 201/201/201
f 201/201/201 212/212/212 202/202/202
f 212/212/212 213/213/213 202/202/202
f 202/202/202 213/213/213 203/203/203
f 213/213/213 214/214/214 203/203/203
f 203/203/203 214/214/214 204/204/204
f 214/214/214 215/215/215 204/204/204
f 204/204/204 215/215/215 205/205/205
f 215/215/215 216/216/216 205/205/205
f 205/205/205 216/216/216 206/206/206
f 216/216/216 217/217/217 206/206/206
f 206/206/206 217/217/217 207/207/207
f 217/217/217 218/218/218 207/207/207
f 207/207/207 218/218/218 208/208/208
f 218/218/218 219/219/219 208/208/208
f 208/208/208 219/219/219 209/209/209
f 219/219/219 220/220/220 209/209/209
f 210/210/210 221/221/221 211/211/211
f 221/221/221 222/222/222 211/211/211
f 211/211/211 222/222/222 212/212/212
f 222/222/222 223/223/223 212/212/212
f 212/212/212 223/223/223 213/213/213
f 223/223/223 224/224/224 213/213/213
f 213/213/213 224/224/224 214/214/214
f 224/224/224 225/225/225 214/214/214
f 214/214/214 225/225/225 215/215/215
f 225/225/225 226/226/226 215/215/215
f 215/215/215 226/226/226 216/216/216
f 226/226/226 227/227/227 216/216/216
f 216/216/216 227/227/227 217/217/217
f 227/227/227 228/228/228 217/217/217
f 217/217/217 228/228/228 218/218/218
f 228/228/228 229/229/229 218/218/218
f 218/218/218 229/229/229 219/219/219
f 229/229/229 230/230/230 219/219/219
f 219/219/219 230/230/230 220/220/220
f 230/230/230 231/231/231 220/220/220
f 221/221/221 232/232/232 222/222/222
f 232/232/232 233/233/233 222/222/222
f 222/222/222 233/233/233 223/223/223
f 233/233/233 234/234/234 223/223/223
f 223/223/223 234/234/234 224/224/224
f 234/234/234 235/235/235 224/224/224
f 224/224/224 235/235/235 225/225/225
f 235/235/235 236/236/236 225/225/225
f 225/225/225 236/236/236 226/226/226
f 236/236/236 237/237/237 226/226/226
f 226/226/226 237/237/237 227/227/227
f 237/237/237 238/238/238 227/227/227
f 227/227/227 238/238/238 228/228/228
f 238/238/238 239/239/239 228/228/228
f 228/228/228 239/239/239 229/229/229
f 239/239/239 240/240/240 229/229/229
f 229/229/229 240/240/240 230/230/230
f 240/240/240 241/241/241 230/230/230
f 230/230/230 241/241/241 231/231/231
f 241/241/241 242/242/242 231/231/231
f 232/232/232 243/243/243 233/233/233
f 243/243/243 244/244/244 233/233/233
f 233/233/233 244/244/244 234/234/234
f 244/244/244 245/245/245 234/234/234
f 234/234/234 245/245/245 235/235/235
f 245/245/245 246/246/246 235/235/235
f 235/235/235 246/246/246 236/236/236
f 246/246/246 247/247/247 236/236/236
f 236/236/236 247/247/247 237/237/237
f 247/247/247 248/248/248 237/237/237
f 237/237/237 248/248/248 238/238/238
f 248/248/248 249/249/249 238/238/238
f 238/238/238 249/249/249 239/239/239
f 249/249/249 250/250/250 239/239/239
f 239/239/239 250/250/250 240/240/240
f 250/250/250 251/251/251 240/240/240
f 240/240/240 251/251/251 241/241/241
f 251/251/251 252/252/252 241/241/241
f 241/241/241 252/252/252 242/242/242
f 252/252/252 253/253/253 242/242/242
f 243/243/243 254/254/254 244/244/244
f 254/254/254 255/255/255 244/244/244
f 244/244/244 255/255/255 245/245/245
f 255/255/255 256/256/256 245/245/245
f 245/245/245 256/256/256 246/246/246
f 256/256/256 257/257/257 246/246/246
f 246/246/246 257/257/257 247/247/247
f 257/257/257 258/258/258 247/247/247
f 247/247/247 258/258/258 248/248/248
f 258/258/258 259/259/259 248/248/248
f 248/248/248 259/259/259 249/249/249
f 259/259/259 260/260/260 249/249/249
f 249/249/249 260/260/260 250/250/250
f 260/260/260 261/261/261 250/250/250
f 250/250/250 261/261/261 251/251/251
f 261/261/261 262/262/262 251/251/251
f 251/251/251 262/262/262 252/252/252
f 262/262/262 263/263/263 252/252/252
f 252/252/252 263/263/263 253/253/253
f 263/263/263 264/264/264 253/253/253
f 254/254/254 265/265/265 255/255/255
f 265/265/265 266/266/266 255/255/255
f 255/255/255 266/266/266 256/256/256
f 266/266/266 267/267/267 256/256/256
f 256/256/256 267/267/267 257/257/257
f 267/267/267 268/268/268 257/257/257
f 257/257/257 268/268/268 258/258/258
f 268/268/268 269/269/269 258/258/258
f 258/258/258 269/269/269 259/259/259
f 269/269/269 270/270/270 259/259/259
f 259/259/259 270/270/270 260/260/260
f 270/270/270 271/271/271 260/260/260
f 260/260/260 271/271/271 261/261/261
f 271/271/271 272/272/272 261/261/261
f 261/261/261 272/272/272 262/262/262
f 272/272/272 273/273/273 262/262/262
f 262/262/262 273/273/273 263/263/263
f 273/273/273 274/274/274 263/263/263
f 263/263/263 274/274/274 264/264/264
f 274/274/274 275/275/275 264/264/264
f 265/265/265 276/276/276 266/266/266
f 276/276/276 277/277/277 266/266/266
f 266/266/266 277/277/277 267/267/267
f 277/277/277 278/278/278 267/267/267
f 267/267/267 278/278/278 268/268/268
f 278/278/278 279/279/279 268/268/268
f 268/268/268 279/279/279 269/269/269
f 279/279/279 280/280/280 269/269/269
f 269/269/269 280/280/280 270/270/270
f 280/280/280 281/281/281 270/270/270
f 270/270/270 281/281/281 271/271/271
f 281/281/281 282/282/282 271/271/271
f 271/271/271 282/282/282 272/272/272
f 282/282/282 283/283/283 272/272/272
f 272/272/272 283/283/283 273/273/273
f 283/283/283 284/284/284 273/273/273
f 273/273/273 284/284/284 274/274/274
f 284/284/284 285/285/285 274/274/274
f 274/274/274 285/285/285 275/275/275
f 285/285/285 286/286/286 275/275/275
f 276/276/276 287/287/287 277/277/277
f 287/287/287 288/288/288 277/277/277
f 277/277/277 288/288/288 278/278/278
f 288/288/288 289/289/289 278/278/278
f 278/278/278 289/289/289 279/279/279
f 289/289/289 290/290/290 279/279/279
f 279/279/279 290/290/290 280/280/280
f 290/290/290 291/291/291 280/280/280
f 280/280/280 291/291/291 281/281/281
f 291/291/291 292/292/292 281/281/281
f 281/281/281 292/292/292 282/282/282
f 292/292/292 293/293/293 282/282/282
f 282/282/282 293/293/293 283/283/283
f 293/293/293 294/294/294 283/283/283
f 283/283/283 294/294/294 284/284/284
f 294/294/294 295/295/295 284/284/284
f 284/284/284 295/295/295 285/285/285
f 295/295/295 296/296/296 285/285/285
f 285/285/285 296/296/296 286/286/286
f 296/296/296 297/297/297 286/286/286
f 287/287/287 298/298/298 288/288/288
f 298/298/298 299/299/299 288/288/288
f 288/288/288 299/299/299 289/289/289
f 299/299/299 300/300/300 289/289/289
f 289/289/289 300/300/300 290/290/290
f 300/300/300 301/301/301 290/290/290
f 290/290/290 301/301/301 291/291/291
f 301/301/301 302/302/302 291/291/291
f 291/291/291 302/302/302 292/292/292
f 302/302/302 303/303/303 292/292/292
f 292/292/292 303/303/303 293/293/293
f 303/303/303 304/304/304 293/293/293
f 293/293/293 304/304/304 294/294/294
f 304/304/304 305/305/305 294/294/294
f 294/294/294 305/305/305 295/295/295
f 305/305/305 306/306/306 295/295/295
f 295/295/295 306/306/306 296/296/296
f 306/306/306 307/307/307 296/296/296
f 296/296/296 307/307/307 297/297/297
f 307/307/307 308/308/308 297/297/297
f 298/298/298 309/309/309 299/299/299
f 309/309/309 310/310/310 299/299/299
f 299/299/299 310/310/310 300/300/300
f 310/310/310 311/311/311 300/300/300
f 300/300/300 311/311/311 301/301/301
f 311/311/311 312/312/312 301/301/301
f 301/301/301 312/312/312 302/302/302
f 312/312/312 313/313/313 302/302/302
f 302/302/302 313/313/313 303/303/303
f 313/313/313 314/314/314 303/303/303
f 303/303/303 314/314/314 304/304/304
f 314/314/314 315/315/315 304/304/304
f 304/304/304 315/315/315 305/305/305
f 315/315/315 316/316/316 305/305/305
f 305/305/305 316/316/316 306/306/306
f 316/316/316 317/317/317 306/306/306
f 306/306/306 317/317/317 307/307/307
f 317/317/317 318/318/318 307/307/307
f 307/307/307 318/318/318 308/308/308
f 318/318/318 319/319/319 308/308/308
f 309/309/309 320/320/320 310/310/310
f 320/320/320 321/321/321 310/310/310
f 310/310/310 321/321/321 311/311/311
f 321/321/321 322/322/322 311/311/311
f 311/311/311 322/322/322 312/312/312
f 322/322/322 323/323/323 312/312/312
f 312/312/312 323/323/323 313/313/313
f 323/323/323 324/324/324 313/313/313
f 313/313/313 324/324/324 314/314/314
f 324/324/324 325/325/325 314/314/314
f 314/314/314 325/325/325 315/315/315
f 325/325/325 326/326/326 315/315/315
f 315/315/315 326/326/326 316/316/316
f 326/326/326 327/327/327 316/316/316
f 316/316/316 327/327/327 317/317/317
f 327/327/327 328/328/328 317/317/317
f 317/317/317 328/328/328 318/318/318
f 328/328/328 329/329/329 318/318/318
f 318/318/318 329/329/329 319/319/319
f 329/329/329 330/330/330 319/319/319
f 320/320/320 331/331/331 321/321/321
f 331/331/331 332/332/332 321/321/321
f 321/321/321 332/332/332 322/322/322
f 332/332/332 333/333/333 322/322/322
f 322/322/322 333/333/333 323/323/323
f 333/333/333 334/334/334 323/323/323
f 323/323/323 334/334/334 324/324/324
f 334/334/334 335/335/335 324/324/324
f 324/324/324 335/335/335 325/325/325
f 335/335/335 336/336/336 325/325/325
f 325/325/325 336/336/336 326/326/326
f 336/336/336 337/337/337 326/326/326
f 326/326/326 337/337/337 327/327/327
f 337/337/337 338/338/338 327/327/327
f 327/327/327 338/338/338 328/328/328
f 338/338/338 339/339/339 328/328/328
f 328/328/328 339/339/339 329/329/329
f 339/339/339 340/340/340 329/329/329
f 329/329/329 340/340/340 330/330/330
f 340/340/340 341/341/341 330/330/330
f 331/331/331 342/342/342 332/332/332
f 342/342/342 343/343/343 332/332/332
f 332/332/332 343/343/343 333/333/333
f 343/343/343 344/344/344 333/333/333
f 333/333/333 344/344/344 334/334/334
f 344/344/344 345/345/345 334/334/334
f 334/334/334 345/345/345 335/335/335
f 345/345/345 346/346/346 335/335/335
f 335/335/335 346/346/346 336/336/336
f 346/346/346 347/347/347 336/336/336
f 336/336/336 347/347/347 337/337/337
f 347/347/347 348/348/348 337/337/337
f 337/337/337 348/348/348 338/338/338
f 348/348/348 349/349/349 338/338/338
f 338/338/338 349/349/349 339/339/339
f 349/349/349 350/350/350 339/339/339
f 339/339/339 350/350/350 340/340/340
f 350/350/350 351/351/351 340/340/340
f 340/340/340 351/351/351 341/341/341
f 351/351/351 352/352/352 341/341/341
f 342/342/342 353/353/353 343/343/343
f 353/353/353 354/354/354 343/343/343
f 343/343/343 354/354/354 344/344/344
f 354/354/354 355/355/355 344/344/344
f 344/344/344 355/355/355 345/345/345
f 355/355/355 356/356/356 345/345/345
f 345/345/345 356/356/356 346/346/346
f 356/356/356 357/357/357 346/346/346
f 346/346/346 357/357/357 347/347/347
f 357/357/357 358/358/358 347/347/347
f 347/347/347 358/358/358 348/348/348
f 358/358/358 359/359/359 348/348/348
f 348/348/348 359/359/359 349/349/349
f 359/359/359 360/360/360 349/349/349
f 349/349/349 360/360/360 350/350/350
f 360/360/360 361/361/361 350/350/350
f 350/350/350 361/361/361 351/351/351
f 361/361/361 362/362/362 351/351/351
f 351/351/351 362/362/362 352/352/352
f 362/362/362 363/363/363 352/352/352
f 353/353/353 364/364/364 354/354/354
f 364/364/364 365/365/365 354/354/354
f 354/354/354 365/365/365 355/355/355
f 365/365/365 366/366/366 355/355/355
f 355/355/355 366/366/366 356/356/356
f 366/366/366 367/367/367 356/356/356
f 356/356/356 367/367/367 357/357/357
f 367/367/367 368/368/368 357/357/357
f 357/357/357 368/368/368 358/358/358
f 368/368/368 369/369/369 358/358/358
f 358/358/358 369/369/369 359/359/359
f 369/369/369 370/370/370 359/359/359
f 359/359/359 370/370/370 360/360/360
f 370/370/370 371/371/371 360/360/360
f 360/360/360 371/371/371 361/361/361
f 371/371/371 372/372/372 361/361/361
f 361/361/361 372/372/372 362/362/362
f 372/372/372 373/373/373 362/362/362
f 362/362/362 373/373/373 363/363/363
f 373/373/373 374/374/374 363/363/363
f 364/364/364 375/375/375 365/365/365
f 375/375/375 376/376/376 365/365/365
f 365/365/365 376/376/376 366/366/366
f 376/376/376 377/377/377 366/366/366
f 366/366/366 377/377/377 367/367/367
f 377/377/377 378/378/378 367/367/367
f 367/367/367 378/378/378 368/368/368
f 378/378/378 379/379/379 368/368/368
f 368/368/368 379/379/379 369/369/369
f 379/379/379 380/380/380 369/369/369
f 369/369/369 380/380/380 370/370/370
f 380/380/380 381/381/381 370/370/370
f 370/370/370 381/381/381 371/371/371
f 381/381/381 382/382/382 371/371/371
f 371/371/371 382/382/382 372/372/372
f 382/382/382 383/383/383 372/372/372
f 372/372/372 383/383/383 373/373/373
f 383/383/383 384/384/384 373/373/373
f 373/373/373 384/384/384 374/374/374
f 384/384/384 385/385/385 374/374/374
f 375/375/375 386/386/386 376/376/376
f 386/386/386 387/387/387 376/376/376
f 376/376/376 387/387/387 377/377/377
f 387/387/387 388/388/388 377/377/377
f 377/377/377 388/388/388 378/378/378
f 388/388/388 389/389/389 378/378/378
f 378/378/378 389/389/389 379/379/379
f 389/389/389 390/390/390 379/379/379
f 379/379/379 390/390/390 380/380/380
f 390/390/390 391/391/391 380/380/380
f 380/380/380 391/391/391 381/381/381
f 391/391/391 392/392/392 381/381/381
f 381/381/381 392/392/392 382/382/382
f 392/392/392 393/393/393 382/382/382
f 382/382/382 393/393/393 383/383/383
f 393/393/393 394/394/394 383/383/383
f 383/383/383 394/394/394 384/384/384
f 394/394/394 395/395/395 384/384/384
f 384/384/384 395/395/395 385/385/385
f 395/395/395 396/396/396 385/385/385
f 386/386/386 397/397/397 387/387/387
f 397/397/397 398/398/398 387/387/387
f 387/387/387 398/398/398 388/388/388
f 398/398/398 399/399/399 388/388/388
f 388/388/388 399/399/399 389/389/389
f 399/399/399 400/400/400 389/389/389
f 389/389/389 400/400/400 390/390/390
f 400/400/400 401/401/401 390/390/390
f 390/390/390 401/401/401 391/391/391
f 401/401/401 402/402/402 391/391/391
f 391/391/391 402/402/402 392/392/392
f 402/402/402 403/403/403 392/392/392
f 392/392/392 403/403/403 393/393/393
f 403/403/403 404/404/404 393/393/393
f 393/393/393 404/404/404 394/394/394
f 404/404/404 405/405/405 394/394/394
f 394/394/394 405/405/405 395/395/395
f 405/405/405 406/406/406 395/395/395
f 395/395/395 406/406/406 396/396/396
f 406/406/406 407/407/407 396/396/396
f 397/397/397 408/408/408 398/398/398
f 408/408/408 409/409/409 398/398/398
f 398/398/398 409/409/409 399/399/399
f 409/409/409 410/410/410 399/399/399
f 399/399/399 410/410/410 400/400/400
f 410/410/410 411/411/411 400/400/400
f 400/400/400 411/411/411 401/401/401
f 411/411/411 412/412/412 401/401/401
f 401/401/401 412/412/412 402/402/402
f 412/412/412 413/413/413 402/402/402
f 402/402/402 413/413/413 403/403/403
f 413/413/413 414/414/414 403/403/403
f 403/403/403 414/414/414 404/404/404
f 414/414/414 415/415/415 404/404/404
f 404/404/404 415/415/415 405/405/405
f 415/415/415 416/416/416 405/405/405
f 405/405/405 416/416/416 406/406/406
f 416/416/416 417/417/417 406/406/406
f 406/406/406 417/417/417 407/407/407
f 417/417/417 418/418/418 407/407/407
f 408/408/408 419/419/419 409/409/409
f 419/419/419 420/420/420 409/409/409
f 409/409/409 420/420/420 410/410/410
f 420/420/420 421/421/421 410/410/410
f 410/410/410 421/421/421 411/411/411
f 421/421/421 422/422/422 411/411/411
f 411/411/411 422/422/422 412/412/412
f 422/422/422 423/423/423 412/412/412
f 412/412/412 423/423/423 413/413/413
f 423/423/423 424/424/424 413/413/413
f 413/413/413 424/424/424 414/414/414
f 424/424/424 425/425/425 414/414/414
f 414/414/414 425/425/425 415/415/415
f 425/425/425 426/426/426 415/415/415
f 415/415/415 426/426/426 416/416/416
f 426/426/426 427/427/427 416/416/416
f 416/416/416 427/427/427 417/417/417
f 427/427/427 428/428/428 417/417/417
f 417/417/417 428/428/428 418/418/418
f 428/428/428 429/429/429 418/418/418
f 419/419/419 430/430/430 420/420/420
f 430/430/430 431/431/431 420/420/420
f 420/420/420 431/431/431 421/421/421
f 431/431/431 432/432/432 421/421/421
f 421/421/421 432/432/432 422/422/422
f 432/432/432 433/433/433 422/422/422
f 422/422/422 433/433/433 423/423/423
f 433/433/433 434/434/434 423/423/423
f 423/423/423 434/434/434 424/424/424
f 434/434/434 435/435/435 424/424/424
f 424/424/424 435/435/435 425/425/425
f 435/435/435 436/436/436 425/425/425
f 425/425/425 436/436/436 426/426/426
f 436/436/436 437/437/437 426/426/426
f 426/426/426 437/437/437 427/427/427
f 437/437/437 438/438/438 427/427/427
f 427/427/427 438/438/438 428/428/428
f 438/438/438 439/439/439 428/428/428
f 428/428/428 439/439/439 429/429/429
f 439/439/439 440/440/440 429/429/429
f 430/430/430 441/441/441 431/431/431
f 441/441/441 442/442/442 431/431/431
f 431/431/431 442/442/442 432/432/432
f 442/442/442 443/443/443 432/432/432
f 432/432/432 443/443/443 433/433/433
f 443/443/443 444/444/444 433/433/433
f 433/433/433 444/444/444 434/434/434
f 444/444/444 445/445/445 434/434/434
f 434/434/434 445/445/445 435/435/435
f 445/445/445 446/446/446 435/435/435
f 435/435/435 446/446/446 436/436/436
f 446/446/446 447/447/447 436/436/436
f 436/436/436 447/447/447 437/437/437
f 447/447/447 448/448/448 437/437/437
f 437/437/437 448/448/448 438/438/438
f 448/448/448 449/449/449 438/438/438
f 438/438/438 449/449/449 439/439/439
f 449/449/449 450/450/450 439/439/439
f 439/439/439 450/450/450 440/440/440
f 450/450/450 451/451/451 440/440/440
f 441/441/441 452/452/452 442/442/442
f 452/452/452 453/453/453 442/442/442
f 442/442/442 453/453/453 443/443/443
f 453/453/453 454/454/454 443/443/443
f 443/443/443 454/454/454 444/444/444
f 454/454/454 455/455/455 444/444/444
f 444/444/444 455/455/455 445/445/445
f 455/455/455 456/456/456 445/445/445
f 445/445/445 456/456/456 446/446/446
f 456/456/456 457/457/457 446/446/446
f 446/446/446 457/457/457 447/447/447
f 457/457/457 458/458/458 447/447/447
f 447/447/447 458/458/458 448/448/448
f 458/458/458 459/459/459 448/448/448
f 448/448/448 459/459/459 449/449/449
f 459/459/459 460/460/460 449/449/449
f 449/449/449 460/460/460 450/450/450
f 460/460/460 461/461/461 450/450/450
f 450/450/450 461/461/461 451/451/451
f 461/461/461 462/462/462 451/451/451
f 452/452/452 463/463/463 453/453/453
f 463/463/463 464/464/464 453/453/453
f 453/453/453 464/464/464 454/454/454
f 464/464/464 465/465/465 454/454/454
f 454/454/454 465/465/465 455/455/455
f 465/465/465 466/466/466 455/455/455
f 455/455/455 466/466/466 456/456/456
f 466/466/466 467/467/467 456/456/456
f 456/456/456 467/467/467 457/457/457
f 467/467/467 468/468/468 457/457/457
f 457/457/457 468/468/468 458/458/458
f 468/468/468 469/469/469 458/458/458
f 458/458/458 469/469/469 459/459/459
f 469/469/469 470/470/470 459/459/459
f 459/459/459 470/470/470 460/460/460
f 470/470/470 471/471/471 460/460/460
f 460/460/460 471/471/471 461/461/461
f 471/471/471 472/472/472 461/461/461
f 461/461/461 472/472/472 462/462/462
f 472/472/472 473/473/473 462/462/462
f 463/463/463 474/474/474 464/464/464
f 474/474/474 475/475/475 464/464/464
f 464/464/464 475/475/475 465/465/465
f 475/475/475 476/476/476 465/465/465
f 465/465/465 476/476/476 466/466/466
f 476/476/476 477/477/477 466/466/466
f 466/466/466 477/477/477 467/467/467
f 477/477/477 478/478/478 467/467/467
f 467/467/467 478/478/478 468/468/468
f 478/478/478 479/479/479 468/468/468
f 468/468/468 479/479/479 469/469/469
f 479/479/479 480/480/480 469/469/469
f 469/469/469 480/480/480 470/470/470
f 480/480/480 481/481/481 470/470/470
f 470/470/470 481/481/481 471/471/471
f 481/481/481 482/482/482 471/471/471
f 471/471/471 482/482/482 472/472/472
f 482/482/482 483/483/483 472/472/472
f 472/472/472 483/483/483 473/473/473
f 483/483/483 484/484/484 473/473/473
f 474/474/474 485/485/485 475/475/475
f 485/485/485 486/486/486 475/475/475
f 475/475/475 486/486/486 476/476/476
f 486/486/486 487/487/487 476/476/476
f 476/476/476 487/487/487 477/477/477
f 487/487/487 488/488/488 477/477/477
f 477/477/477 488/488/488 478/478/478
f 488/488/488 489/489/489 478/478/478
f 478/478/478 489/489/489 479/479/479
f 489/489/489 490/490/490 479/479/479
f 479/479/479 490/490/490 480/480/480
f 490/490/490 491/491/491 480/480/480
f 480/480/480 491/491/491 481/481/481
f 491/491/491 492/492/492 481/481/481
f 481/481/481 492/492/492 482/482/482
f 492/492/492 493/493/493 482/482/482
f 482/482/482 493/493/493 483/483/483
f 493/493/493 494/494/494 483/483/483
f 483/483/483 494/494/494 484/484/484
f 494/494/494 495/495/495 484/484/484
f 485/485/485 496/496/496 486/486/486
f 496/496/496 497/497/497 486/486/486
f 486/486/486 497/497/497 487/487/487
f 497/497/497 498/498/498 487/487/487
f 487/487/487 498/498/498 488/488/488
f 498/498/498 499/499/499 488/488/488
f 488/488/488 499/499/499 489/489/489
f 499/499/499 500/500/500 489/489/489
f 489/489/489 500/500/500 490/490/490
f 500/500/500 501/501/501 490/490/490
f 490/490/490 501/501/501 491/491/491
f 501/501/501 502/502/502 491/491/491
f 491/491/491 502/502/502 492/492/492
f 502/502/502 503/503/503 492/492/492
f 492/492/492 503/503/503 493/493/493
f 503/503/503 504/504/504 493/493/493
f 493/493/493 504/504/504 494/494/494
f 504/504/504 505/505/505 494/494/494
f 494/494/494 505/505/505 495/495/495
f 505/505/505 506/506/506 495/495/495
f 496/496/496 507/507/507 497/497/497
f 507/507/507 508/508/508 497/497/497
f 497/497/497 508/508/508 498/498/498
f 508/508/508 509/509/509 498/498/498
f 498/498/498 509/509/509 499/499/499
f 509/509/509 510/510/510 499/499/499
f 499/499/499 510/510/510 500/500/500
f 510/510/510 511/511/511 500/500/500
f 500/500/500 511/511/511 501/501/501
f 511/511/511 512/512/512 501/501/501
f 501/501/501 512/512/512 502/502/502
f 512/512/512 513/513/513 502/502/502
f 502/502/502 513/513/513 503/503/503
f 513/513/513 514/514/514 503/503/503
f 503/503/503 514/514/514 504/504/504
f 514/514/514 515/515/515 504/504/504
f 504/504/504 515/515/515 505/505/505
f 515/515/515 516/516/516 505/505/505
f 505/505/505 516/516/516 506/506/506
f 516/516/516 517/517/517 506/506/506
f 507/507/507 518/518/518 508/508/508
f 518/518/518 519/519/519 508/508/508
f 508/508/508 519/519/519 509/509/509
f 519/519/519 520/520/520 509/509/509
f 509/509/509 520/520/520 510/510/510
f 520/520/520 521/521/521 510/510/510
f 510/510/510 521/521/521 511/511/511
f 521/521/521 522/522/522 511/511/511
f 511/511/511 522/522/522 512/512/512
f 522/522/522 523/523/523 512/512/512
f 512/512/512 523/523/523 513/513/513
f 523/523/523 524/524/524 513/513/513
f 513/513/513 524/524/524 514/514/514
f 524/524/524 525/525/525 514/514/514
f 514/514/514 525/525/525 515/515/515
f 525/525/525 526/526/526 515/515/515
f 515/515/515 526/526/526 516/516/516
f 526/526/526 527/527/527 516/516/516
f 516/516/516 527/527/527 517/517/517
f 527/527/527 528/528/528 517/517/517
f 518/518/518 529/529/529 519/519/519
f 529/529/529 530/530/530 519/519/519
f 519/519/519 530/530/530 520/520/520
f 530/530/530 531/531/531 520/520/520
f 520/520/520 531/531/531 521/521/521
f 531/531/531 532/532/532 521/521/521
f 521/521/521 532/532/532 522/522/522
f 532/532/532 533/533/533 522/522/522
f 522/522/522 533/533/533 523/523/523
f 533/533/533 534/534/534 523/523/523
f 523/523/523 534/534/534 524/524/524
f 534/534/534 535/535/535 524/524/524
f 524/524/524 535/535/535 525/525/525
f 535/535/535 536/536/536 525/525/525
f 525/525/525 536/536/536 526/526/526
f 536/536/536 537/537/537 526/526/526
f 526/526/526 537/537/537 527/527/527
f 537/537/537 538/538/538 527/527/527
f 527/527/527 538/538/538 528/528/528
f 538/538/538 539/539/539 528/528/528
f 529/529/529 540/540/540 530/530/530
f 540/540/540 541/541/541 530/530/530
f 530/530/530 541/541/541 531/531/531
f 541/541/541 542/542/542 531/531/531
f 531/531/531 542/542/542 532/532/532
f 542/542/542 543/543/543 532/532/532
f 532/532/532 543/543/543 533/533/533
f 543/543/543 544/544/544 533/533/533
f 533/533/533 544/544/544 534/534/534
f 544/544/544 545/545/545 534/534/534
f 534/534/534 545/545/545 535/535/535
f 545/545/545 546/546/546 535/535/535
f 535/535/535 546/546/546 536/536/536
f 546/546/546 547/547/547 536/536/536
f 536/536/536 547/547/547 537/537/537
f 547/547/547 548/548/548 537/537/537
f 537/537/537 548/548/548 538/538/538
f 548/548/548 549/549/549 538/538/538
f 538/538/538 549/549/549 539/539/539
f 549/549/549 550/550/550 539/539/539
f 540/540/540 551/551/551 541/541/541
f 551/551/551 552/552/552 541/541/541
f 541/541/541 552/552/552 542/542/542
f 552/552/552 553/553/553 542/542/542
f 542/542/542 553/553/553 543/543/543
f 553/553/553 554/554/554 543/543/543
f 543/543/543 554/554/554 544/544/544
f 554/554/554 555/555/555 544/544/544
f 544/544/544 555/555/555 545/545/545
f 555/555/555 556/556/556 545/545/545
f 545/545/545 556/556/556 546/546/546
f 556/556/556 557/557/557 546/546/546
f 546/546/546 557/557/557 547/547/547
f 557/557/557 558/558/558 547/547/547
f 547/547/547 558/558/558 548/548/548
f 558/558/558 559/559/559 548/548/548
f 548/548/548 559/559/559 549/549/549
f 559/559/559 560/560/560 549/549/549
f 549/549/549 560/560/560 550/550/550
f 560/560/560 561/561/561 550/550/550
f 551/551/551 562/562/562 552/552/552
f 562/562/562 563/563/563 552/552/552
f 552/552/552 563/563/563 553/553/553
f 563/563/563 564/564/564 553/553/553
f 553/553/553 564/564/564 554/554/554
f 564/564/564 565/565/565 554/554/554
f 554/554/554 565/565/565 555/555/555
f 565/565/565 566/566/566 555/555/555
f 555/555/555 566/566/566 556/556/556
f 566/566/566 567/567/567 556/556/556
f 556/556/556 567/567/567 557/557/557
f 567/567/567 568/568/568 557/557/557
f 557/557/557 568/568/568 558/558/558
f 568/568/568 569/569/569 558/558/558
f 558/558/558 569/569/569 559/559/559
f 569/569/569 570/570/570 559/559/559
f 559/559/559 570/570/570 560/560/560
f 570/570/570 571/571/571 560/560/560
f 560/560/560 571/571/571 561/561/561
f 571/571/571 572/572/572 561/561/561
f 562/562/562 573/573/573 563/563/563
f 573/573/573 574/574/574 563/563/563
f 563/563/563 574/574/574 564/564/564
f 574/574/574 575/575/575 564/564/564
f 564/564/564 575/575/575 565/565/565
f 575/575/575 576/576/576 565/565/565
f 565/565/565 576/576/576 566/566/566
f 576/576/576 577/577/577 566/566/566
f 566/566/566 577/577/577 567/567/567
f 577/577/577 578/578/578 567/567/567
f 567/567/567 578/578/578 568/568/568
f 578/578/578 579/579/579 568/568/568
f 568/568/568 579/579/579 569/569/569
f 579/579/579 580/580/580 569/569/569
f 569/569/569 580/580/580 570/570/570
f 580/580/580 581/581/581 570/570/570
f 570/570/570 581/581/581 571/571/571
f 581/581/581 582/582/582 571/571/571
f 571/571/571 582/582/582 572/572/572
f 582/582/582 583/583/583 572/572/572
f 573/573/573 584/584/584 574/574/574
f 584/584/584 585/585/585 574/574/574
f 574/574/574 585/585/585 575/575/575
f 585/585/585 586/586/586 575/575/575
f 575/575/575 586/586/586 576/576/576
f 586/586/586 587/587/587 576/576/576
f 576/576/576 587/587/587 577/577/577
f 587/587/587 588/588/588 577/577/577
f 577/577/577 588/588/588 578/578/578
f 588/588/588 589/589/589 578/578/578
f 578/578/578 589/589/589 579/579/579
f 589/589/589 590/590/590 579/579/579
f 579/579/579 590/590/590 580/580/580
f 590/590/590 591/591/591 580/580/580
f 580/580/580 591/591/591 581/581/581
f 591/591/591 592/592/592 581/581/581
f 581/581/581 592/592/592 582/582/582
f 592/592/592 593/593/593 582/582/582
f 582/582/582 593/593/593 583/583/583
f 593/593/593 594/594/594 583/583/583
f 584/584/584 595/595/595 585/585/585
f 595/595/595 596/596/596 585/585/585
f 585/585/585 596/596/596 586/586/586
f 596/596/596 597/597/597 586/586/586
f 586/586/586 597/597/597 587/587/587
f 597/597/597 598/598/598 587/587/587
f 587/587/587 598/598/598 588/588/588
f 598/598/598 599/599/599 588/588/588
f 588/588/588 599/599/599 589/589/589
f 599/599/599 600/600/600 589/589/589
f 589/589/589 600/600/600 590/590/590
f 600/600/600 601/601/601 590/590/590
f 590/590/590 601/601/601 591/591/591
f 601/601/601 602/602/602 591/591/591
f 591/591/591 602/602/602 592/592/592
f 602/602/602 603/603/603 592/592/592
f 592/592/592 603/603/603 593/593/593
f 603/603/603 604/604/604 593/593/593
f 593/593/593 604/604/604 594/594/594
f 604/604/604 605/605/605 594/594/594
f 595/595/595 606/606/606 596/596/596
f 606/606/606 607/607/607 596/596/596
f 596/596/596 607/607/607 597/597/597
f 607/607/607 608/608/608 597/597/597
f 597/597/597 608/608/608 598/598/598
f 608/608/608 609/609/609 598/598/598
f 598/598/598 609/609/609 599/599/599
f 609/609/609 610/610/610 599/599/599
f 599/599/599 610/610/610 600/600/600
f 610/610/610 611/611/611 600/600/600
f 600/600/600 611/611/611 601/601/601
f 611/611/611 612/612/612 601/601/601
f 601/601/601 612/612/612 602/602/602
f 612/612/612 613/613/613 602/602/602
f 602/602/602 613/613/613 603/603/603
f 613/613/613 614/614/614 603/603/603
f 603/603/603 614/614/614 604/604/604
f 614/614/614 615/615/615 604/604/604
f 604/604/604 615/615/615 605/605/605
f 615/615/615 616/616/616 605/605/605
f 606/606/606 617/617/617 607/607/607
f 617/617/617 618/618/618 607/607/607
f 607/607/607 618/618/618 608/608/608
f 618/618/618 619/619/619 608/608/608
f 608/608/608 619/619/619 609/609/609
f 619/619/619 620/620/620 609/609/609
f 609/609/609 620/620/620 610/610/610
f 620/620/620 621/621/621 610/610/610
f 610/610/610 621/621/621 611/611/611
f 621/621/621 622/622/622 611/611/611
f 611/611/611 622/622/622 612/612/612
f 622/622/622 623/623/623 612/612/612
f 612/612/612 623/623/623 613/613/613
f 623/623/623 624/624/624 613/613/613
f 613/613/613 624/624/624 614/614/614
f 624/624/624 625/625/625 614/614/614
f 614/614/614 625/625/625 615/615/615
f 625/625/625 626/626/626 615/615/615
f 615/615/615 626/626/626 616/616/616
f 626/626/626 627/627/627 616/616/616
f 617/617/617 628/628/628 618/618/618
f 628/628/628 629/629/629 618/618/618
f 618/618/618 629/629/629 619/619/619
f 629/629/629 630/630/630 619/619/619
f 619/619/619 630/630/630 620/620/620
f 630/630/630 631/631/631 620/620/620
f 620/620/620 631/631/631 621/621/621
f 631/631/631 632/632/632 621/621/621
f 621/621/621 632/632/632 622/622/622
f 632/632/632 633/633/633 622/622/622
f 622/622/622 633/633/633 623/623/623
f 633/633/633 634/634/634 623/623/623
f 623/623/623 634/634/634 624/624/624
f 634/634/634 635/635/635 624/624/624
f 624/624/624 635/635/635 625/625/625
f 635/635/635 636/636/636 625/625/625
f 625/625/625 636/636/636 626/626/626
f 636/636/636 637/637/637 626/626/626
f 626/626/626 637/637/637 627/627/627
f 637/637/637 638/638/638 627/627/627
f 628/628/628 639/639/639 629/629/629
f 639/639/639 640/640/640 629/629/629
f 629/629/629 640/640/640 630/630/630
f 640/640/640 641/641/641 630/630/630
f 630/630/630 641/641/641 631/631/631
f 641/641/641 642/642/642 631/631/631
f 631/631/631 642/642/642 632/632/632
f 642/642/642 643/643/643 632/632/632
f 632/632/632 643/643/643 633/633/633
f 643/643/643 644/644/644 633/633/633
f 633/633/633 644/644/644 634/634/634
f 644/644/644 645/645/645 634/634/634
f 634/634/634 645/645/645 635/635/635
f 645/645/645 646/646/646 635/635/635
f 635/635/635 646/646/646 636/636/636
f 646/646/646 647/647/647 636/636/636
f 636/636/636 647/647/647 637/637/637
f 647/647/647 648/648/648 637/637/637
f 637/637/637 648/648/648 638/638/638
f 648/648/648 649/649/649 638/638/638
f 639/639/639 650/650/650 640/640/640
f 650/650/650 651/651/651 640/640/640
f 640/640/640 651/651/651 641/641/641
f 651/651/651 652/652/652 641/641/641
f 641/641/641 652/652/652 642/642/642
f 652/652/652 653/653/653 642/642/642
f 642/642/642 653/653/653 643/643/643
f 653/653/653 654/654/654 643/643/643
f 643/643/643 654/654/654 644/644/644
f 654/654/654 655/655/655 644/644/644
f 644/644/644 655/655/655 645/645/645
f 655/655/655 656/656/656 645/645/645
f 645/645/645 656/656/656 646/646/646
f 656/656/656 657/657/657 646/646/646
f 646/646/646 657/657/657 647/647/647
f 657/657/657 658/658/658 647/647/647
f 647/647/647 658/658/658 648/648/648
f 658/658/658 659/659/659 648/648/648
f 648/648/648 659/659/659 649/649/649
f 659/659/659 660/660/660 649/649/649
f 650/650/650 661/661/661 651/651/651
f 661/661/661 662/662/662 651/651/651
f 651/651/651 662/662/662 652/652/652
f 662/662/662 663/663/663 652/652/652
f 652/652/652 663/663/663 653/653/653
f 663/663/663 664/664/664 653/653/653
f 653/653/653 664/664/664 654/654/654
f 664/664/664 665/665/665 654/654/654
f 654/654/654 665/665/665 655/655/655
f 665/665/665 666/666/666 655/655/655
f 655/655/655 666/666/666 656/656/656
f 666/666/666 667/667/667 656/656/656
f 656/656/656 667/667/667 657/657/657
f 667/667/667 668/668/668 657/657/657
f 657/657/657 668/668/668 658/658/658
f 668/668/668 669/669/669 658/658/658
f 658/658/658 669/669/669 659/659/659
f 669/669/669 670/670/670 659/659/659
f 659/659/659 670/670/670 660/660/660
f 670/670/670 671/671/671 660/660/660
f 661/661/661 672/672/672 662/662/662
f 672/672/672 673/673/673 662/662/662
f 662/662/662 673/673/673 663/663/663
f 673/673/673 674/674/674 663/663/663
f 663/663/663 674/674/674 664/664/664
f 674/674/674 675/675/675 664/664/664
f 664/664/664 675/675/675 665/665/665
f 675/675/675 676/676/676 665/665/665
f 665/665/665 676/676/676 666/666/666
f 676/676/676 677/677/677 666/666/666
f 666/666/666 677/677/677 667/667/667
f 677/677/677 678/678/678 667/667/667
f 667/667/667 678/678/678 668/668/668
f 678/678/678 679/679/679 668/668/668
f 668/668/668 679/679/679 669/669/669
f 679/679/679 680/680/680 669/669/669
f 669/669/669 680/680/680 670/670/670
f 680/680/680 681/681/681 670/670/670
f 670/670/670 681/681/681 671/671/671
f 681/681/681 682/682/682 671/671/671
f 672/672/672 683/683/683 673/673/673
f 683/683/683 684/684/684 673/673/673
f 673/673/673 684/684/684 674/674/674
f 684/684/684 685/685/685 674/674/674
f 674/674/674 685/685/685 675/675/675
f 685/685/685 686/686/686 675/675/675
f 675/675/675 686/686/686 676/676/676
f 686/686/686 687/687/687 676/676/676
f 676/676/676 687/687/687 677/677/677
f 687/687/687 688/688/688 677/677/677
f 677/677/677 688/688/688 678/678/678
f 688/688/688 689/689/689 678/678/678
f 678/678/678 689/689/689 679/679/679
f 689/689/689 690/690/690 679/679/679
f 679/679/679 690/690/690 680/680/680
f 690/690/690 691/691/691 680/680/680
f 680/680/680 691/691/691 681/681/681
f 691/691/691 692/692/692 681/681/681
f 681/681/681 692/692/692 682/682/682
f 692/692/692 693/693/693 682/682/682
f 683/683/683 694/694/694 684/684/684
f 694/694/694 695/695/695 684/684/684
f 684/684/684 695/695/695 685/685/685
f 695/695/695 696/696/696 685/685/685
f 685/685/685 696/696/696 686/686/686
f 696/696/696 697/697/697 686/686/686
f 686/686/686 697/697/697 687/687/687
f 697/697/697 698/698/698 687/687/687
f 687/687/687 698/698/698 688/688/688
f 698/698/698 699/699/699 688/688/688
f 688/688/688 699/699/699 689/689/689
f 699/699/699 700/700/700 689/689/689
f 689/689/689 700/700/700 690/690/690
f 700/700/700 701/701/701 690/690/690
f 690/690/690 701/701/701 691/691/691
f 701/701/701 702/702/702 691/691/691
f 691/691/691 702/702/702 692/692/692
f 702/702/702 703/703/703 692/692/692
f 692/692/692 703/703/703 693/693/693
f 703/703/703 704/704/704 693/693/693
f 694/694/694 705/705/705 695/695/695
f 705/705/705 706/706/706 695/695/695
f 695/695/695 706/706/706 696/696/696
f 706/706/706 707/707/707 696/696/696
f 696/696/696 707/707/707 697/697/697
f 707/707/707 708/708/708 697/697/697
f 697/697/697 708/708/708 698/698/698
f 708/708/708 709/709/709 698/698/698
f 698/698/698 709/709/709 699/699/699
f 709/709/709 710/710/710 699/699/699
f 699/699/699 710/710/710 700/700/700
f 710/710/710 711/711/711 700/700/700
f 700/700/700 711/711/711 701/701/701
f 711/711/711 712/712/712 701/701/701
f 701/701/701 712/712/712 702/702/702
f 712/712/712 713/713/713 702/702/702
f 702/702/702 713/713/713 703/703/703
f 713/713/713 714/714/714 703/703/703
f 703/703/703 714/714/714 704/704/704
f 714/714/714 715/715/715 704/704/704
f 705/705/705 716/716/716 706/706/706
f 716/716/716 717/717/717 706/706/706
f 706/706/706 717/717/717 707/707/707
f 717/717/717 718/718/718 707/707/707
f 707/707/707 718/718/718 708/708/708
f 718/718/718 719/719/719 708/708/708
f 708/708/708 719/719/719 709/709/709
f 719/719/719 720/720/720 709/709/709
f 709/709/709 720/720/720 710/710/710
f 720/720/720 721/721/721 710/710/710
f 710/710/710 721/721/721 711/711/711
f 721/721/721 722/722/722 711/711/711
f 711/711/711 722/722/722 712/712/712
f 722/722/722 723/723/723 712/712/712
f 712/712/712 723/723/723 713/713/713
f 723/723/723 724/724/724 713/713/713
f 713/713/713 724/724/724 714/714/714
f 724/724/724 725/725/725 714/714/714
f 714/714/714 725/725/725 715/715/715
f 725/725/725 726/726/726 715/715/715
f 716/716/716 727/727/727 717/717/717
f 727/727/727 728/728/728 717/717/717
f 717/717/717 728/728/728 718/718/718
f 728/728/728 729/729/729 718/718/718
f 718/718/718 729/729/729 719/719/719
f 729/729/729 730/730/730 719/719/719
f 719/719/719 730/730/730 720/720/720
f 730/730/730 731/731/731 720/720/720
f 720/720/720 731/731/731 721/721/721
f 731/731/731 732/732/732 721/721/721
f 721/721/721 732/732/732 722/722/722
f 732/732/732 733/733/733 722/722/722
f 722/722/722 733/733/733 723/723/723
f 733/733/733 734/734/734 723/723/723
f 723/723/723 734/734/734 724/724/724
f 734/734/734 735/735/735 724/724/724
f 724/724/724 735/735/735 725/725/725
f 735/735/735 736/736/736 725/725/725
f 725/725/725 736/736/736 726/726/726
f 736/736/736 737/737/737 726/726/726
f 727/727/727 738/738/738 728/728/728
f 738/738/738 739/739/739 728/728/728
f 728/728/728 739/739/739 729/729/729
f 739/739/739 740/740/740 729/729/729
f 729/729/729 740/740/740 730/730/730
f 740/740/740 741/741/741 730/730/730
f 730/730/730 741/741/741 731/731/731
f 741/741/741 742/742/742 731/731/731
f 731/731/731 742/742/742 732/732/732
f 742/742/742 743/743/743 732/732/732
f 732/732/732 743/743/743 733/733/733
f 743/743/743 744/744/744 733/733/733
f 733/733/733 744/744/744 734/734/734
f 744/744/744 745/745/745 734/734/734
f 734/734/734 745/745/745 735/735/735
f 745/745/745 746/746/746 735/735/735
f 735/735/735 746/746/746 736/736/736
f 746/746/746 747/747/747 736/736/736
f 736/736/736 747/747/747 737/737/737
f 747/747/747 748/748/748 737/737/737
f 738/738/738 749/749/749 739/739/739
f 749/749/749 750/750/750 739/739/739
f 739/739/739 750/750/750 740/740/740
f 750/750/750 751/751/751 740/740/740
f 740/740/740 751/751/751 741/741/741
f 751/751/751 752/752/752 741/741/741
f 741/741/741 752/752/752 742/742/742
f 752/752/752 753/753/753 742/742/742
f 742/742/742 753/753/753 743/743/743
f 753/753/753 754/754/754 743/743/743
f 743/743/743 754/754/754 744/744/744
f 754/754/754 755/755/755 744/744/744
f 744/744/744 755/755/755 745/745/745
f 755/755/755 756/756/756 745/745/745
f 745/745/745 756/756/756 746/746/746
f 756/756/756 757/757/757 746/746/746
f 746/746/746 757/757/757 747/747/747
f 757/757/757 758/758/758 747/747/747
f 747/747/747 758/758/758 748/748/748
f 758/758/758 759/759/759 748/748/748
f 749/749/749 760/760/760 750/750/750
f 760/760/760 761/761/761 750/750/750
f 750/750/750 761/761/761 751/751/751
f 761/761/761 762/762/762 751/751/751
f 751/751/751 762/762/762 752/752/752
f 762/762/762 763/763/763 752/752/752
f 752/752/752 763/763/763 753/753/753
f 763/763/763 764/764/764 753/753/753
f 753/753/753 764/764/764 754/754/754
f 764/764/764 765/765/765 754/754/754
f 754/754/754 765/765/765 755/755/755
f 765/765/765 766/766/766 755/755/755
f 755/755/755 766/766/766 756/756/756
f 766/766/766 767/767/767 756/756/756
f 756/756/756 767/767/767 757/757/757
f 767/767/767 768/768/768 757/757/757
f 757/757/757 768/768/768 758/758/758
f 768/768/768 769/769/769 758/758/758
f 758/758/758 769/769/769 759/759/759
f 769/769/769 770/770/770 759/759/759
f 760/760/760 771/771/771 761/761/761
f 771/771/771 772/772/772 761/761/761
f 761/761/761 772/772/772 762/762/762
f 772/772/772 773/773/773 762/762/762
f 762/762/762 773/773/773 763/763/763
f 773/773/773 774/774/774 763/763/763
f 763/763/763 774/774/774 764/764/764
f 774/774/774 775/775/775 764/764/764
f 764/764/764 775/775/775 765/765/765
f 775/775/775 776/776/776 765/765/765
f 765/765/765 776/776/776 766/766/766
f 776/776/776 777/777/777 766/766/766
f 766/766/766 777/777/777 767/767/767
f 777/777/777 778/778/778 767/767/767
f 767/767/767 778/778/778 768/768/768
f 778/778/778 779/779/779 768/768/768
f 768/768/768 779/779/779 769/769/769
f 779/779/779 780/780/780 769/769/769
f 769/769/769 780/780/780 770/770/770
f 780/780/780 781/781/781 770/770/770
f 771/771/771 782/782/782 772/772/772
f 782/782/782 783/783/783 772/772/772
f 772/772/772 783/783/783 773/773/773
f 783/783/783 784/784/784 773/773/773
f 773/773/773 784/784/784 774/774/774
f 784/784/784 785/785/785 774/774/774
f 774/774/774 785/785/785 775/775/775
f 785/785/785 786/786/786 775/775/775
f 775/775/775 786/786/786 776/776/776
f 786/786/786 787/787/787 776/776/776
f 776/776/776 787/787/787 777/777/777
f 787/787/787 788/788/788 777/777/777
f 777/777/777 788/788/788 778/778/778
f 788/788/788 789/789/789 778/778/778
f 778/778/778 789/789/789 779/779/779
f 789/789/789 790/790/790 779/779/779
f 779/779/779 790/790/790 780/780/780
f 790/790/790 791/791/791 780/780/780
f 780/780/780 791/791/791 781/781/781
f 791/791/791 792/792/792 781/781/781
f 782/782/782 793/793/793 783/783/783
f 793/793/793 794/794/794 783/783/783
f 783/783/783 794/794/794 784/784/784
f 794/794/794 795/795/795 784/784/784
f 784/784/784 795/795/795 785/785/785
f 795/795/795 796/796/796 785/785/785
f 785/785/785 796/796/796 786/786/786
f 796/796/796 797/797/797 786/786/786
f 786/786/786 797/797/797 787/787/787
f 797/797/797 798/798/798 787/787/787
f 787/787/787 798/798/798 788/788/788
f 798/798/798 799/799/799 788/788/788
f 788/788/788 799/799/799 789/789/789
f 799/799/799 800/800/800 789/789/789
f 789/789/789 800/800/800 790/790/790
f 800/800/800 801/801/801 790/790/790
f 790/790/790 801/801/801 791/791/791
f 801/801/801 802/802/802 791/791/791
f 791/791/791 802/802/802 792/792/792
f 802/802/802 803/803/803 792/792/792
f 793/793/793 804/804/804 794/794/794
f 804/804/804 805/805/805 794/794/794
f 794/794/794 805/805/805 795/795/795
f 805/805/805 806/806/806 795/795/795
f 795/795/795 806/806/806 796/796/796
f 806/806/806 807/807/807 796/796/796
f 796/796/796 807/807/807 797/797/797
f 807/807/807 808/808/808 797/797/797
f 797/797/797 808/808/808 798/798/798
f 808/808/808 809/809/809 798/798/798
f 798/798/798 809/809/809 799/799/799
f 809/809/809 810/810/810 799/799/799
f 799/799/799 810/810/810 800/800/800
f 810/810/810 811/811/811 800/800/800
f 800/800/800 811/811/811 801/801/801
f 811/811/811 812/812/812 801/801/801
f 801/801/801 812/812/812 802/802/802
f 812/812/812 813/813/813 802/802/802
f 802/802/802 813/813/813 803/803/803
f 813/813/813 814/814/814 803/803/803
f 804/804/804 815/815/815 805/805/805
f 815/815/815 816/816/816 805/805/805
f 805/805/805 816/816/816 806/806/806
f 816/816/816 817/817/817 806/806/806
f 806/806/806 817/817/817 807/807/807
f 817/817/817 818/818/818 807/807/807
f 807/807/807 818/818/818 808/808/808
f 818/818/818 819/819/819 808/808/808
f 808/808/808 819/819/819 809/809/809
f 819/819/819 820/820/820 809/809/809
f 809/809/809 820/820/820 810/810/810
f 820/820/820 821/821/821 810/810/810
f 810/810/810 821/821/821 811/811/811
f 821/821/821 822/822/822 811/811/811
f 811/811/811 822/822/822 812/812/812
f 822/822/822 823/823/823 812/812/812
f 812/812/812 823/823/823 813/813/813
f 823/823/823 824/824/824 813/813/813
f 813/813/813 824/824/824 814/814/814
f 824/824/824 825/825/825 814/814/814
f 815/815/815 826/826/826 816/816/816
f 826/826/826 827/827/827 816/816/816
f 816/816/816 827/827/827 817/817/817
f 827/827/827 828/828/828 817/817/817
f 817/817/817 828/828/828 818/818/818
f 828/828/828 829/829/829 818/818/818
f 818/818/818 829/829/829 819/819/819
f 829/829/829 830/830/830 819/819/819
f 819/819/819 830/830/830 820/820/820
f 830/830/830 831/831/831 820/820/820
f 820/820/820 831/831/831 821/821/821
f 831/831/831 832/832/832 821/821/821
f 821/821/821 832/832/832 822/822/822
f 832/832/832 833/833/833 822/822/822
f 822/822/822 833/833/833 823/823/823
f 833/833/833 834/834/834 823/823/823
f 823/823/823 834/834/834 824/824/824
f 834/834/834 835/835/835 824/824/824
f 824/824/824 835/835/835 825/825/825
f 835/835/835 836/836/836 825/825/825
f 826/826/826 837/837/837 827/827/827
f 837/837/837 838/838/838 827/827/827
f 827/827/827 838/838/838 828/828/828
f 838/838/838 839/839/839 828/828/828
f 828/828/828 839/839/839 829/829/829
f 839/839/839 840/840/840 829/829/829
f 829/829/829 840/840/840 830/830/830
f 840/840/840 841/841/841 830/830/830
f 830/830/830 841/841/841 831/831/831
f 841/841/841 842/842/842 831/831/831
f 831/831/831 842/842/842 832/832/832
f 842/842/842 843/843/843 832/832/832
f 832/832/832 843/843/843 833/833/833
f 843/843/843 844/844/844 833/833/833
f 833/833/833 844/844/844 834/834/834
f 844/844/844 845/845/845 834/834/834
f 834/834/834 845/845/845 835/835/835
f 845/845/845 846/846/846 835/835/835
f 835/835/835 846/846/846 836/836/836
f 846/846/846 847/847/847 836/836/836
f 837/837/837 848/848/848 838/838/838
f 848/848/848 849/849/849 838/838/838
f 838/838/838 849/849/849 839/839/839
f 849/849/849 850/850/850 839/839/839
f 839/839/839 850/850/850 840/840/840
f 850/850/850 851/851/851 840/840/840
f 840/840/840 851/851/851 841/841/841
f 851/851/851 852/852/852 841/841/841
f 841/841/841 852/852/852 842/842/842
f 852/852/852 853/853/853 842/842/842
f 842/842/842 853/853/853 843/843/843
f 853/853/853 854/854/854 843/843/843
f 843/843/843 854/854/854 844/844/844
f 854/854/854 855/855/855 844/844/844
f 844/844/844 855/855/855 845/845/845
f 855/855/855 856/856/856 845/845/845
f 845/845/845 856/856/856 846/846/846
f 856/856/856 857/857/857 846/846/846
f 846/846/846 857/857/857 847/847/847
f 857/857/857 858/858/858 847/847/847
f 848/848/848 859/859/859 849/849/849
f 859/859/859 860/860/860 849/849/849
f 849/849/849 860/860/860 850/850/850
f 860/860/860 861/861/861 850/850/850
f 850/850/850 861/861/861 851/851/851
f 861/861/861 862/862/862 851/851/851
f 851/851/851 862/862/862 852/852/852
f 862/862/862 863/863/863 852/852/852
f 852/852/852 863/863/863 853/853/853
f 863/863/863 864/864/864 853/853/853
f 853/853/853 864/864/864 854/854/854
f 864/864/864 865/865/865 854/854/854
f 854/854/854 865/865/865 855/855/855
f 865/865/865 866/866/866 855/855/855
f 855/855/855 866/866/866 856/856/856
f 866/866/866 867/867/867 856/856/856
f 856/856/856 867/867/867 857/857/857
f 867/867/867 868/868/868 857/857/857
f 857/857/857 868/868/868 858/858/858
f 868/868/868 869/869/869 858/858/858
f 859/859/859 870/870/870 860/860/860
f 870/870/870 871/871/871 860/860/860
f 860/860/860 871/871/871 861/861/861
f 871/871/871 872/872/872 861/861/861
f 861/861/861 872/872/872 862/862/862
f 872/872/872 873/873/873 862/862/862
f 862/862/862 873/873/873 863/863/863
f 873/873/873 874/874/874 863/863/863
f 863/863/863 874/874/874 864/864/864
f 874/874/874 875/875/875 864/864/864
f 864/864/864 875/875/875 865/865/865
f 875/875/875 876/876/876 865/865/865
f 865/865/865 876/876/876 866/866/866
f 876/876/876 877/877/877 866/866/866
f 866/866/866 877/877/877 867/867/867
f 877/877/877 878/878/878 867/867/867
f 867/867/867 878/878/878 868/868/868
f 878/878/878 879/879/879 868/868/868
f 868/868/868 879/879/879 869/869/869
f 879/879/879 880/880/880 869/869/869
f 870/870/870 881/881/881 871/871/871
f 881/881/881 882/882/882 871/871/871
f 871/871/871 882/882/882 872/872/872
f 882/882/882 883/883/883 872/872/872
f 872/872/872 883/883/883 873/873/873
f 883/883/883 884/884/884 873/873/873
f 873/873/873 884/884/884 874/874/874
f 884/884/884 885/885/885 874/874/874
f 874/874/874 885/885/885 875/875/875
f 885/885/885 886/886/886 875/875/875
f 875/875/875 886/886/886 876/876/876
f 886/886/886 887/887/887 876/876/876
f 876/876/876 887/887/887 877/877/877
f 887/887/887 888/888/888 877/877/877
f 877/877/877 888/888/888 878/878/878
f 888/888/888 889/889/889 878/878/878
f 878/878/878 889/889/889 879/879/879
f 889/889/889 890/890/890 879/879/879
f 879/879/879 890/890/890 880/880/880
f 890/890/890 891/891/891 880/880/880
f 881/881/881 892/892/892 882/882/882
f 892/892/892 893/893/893 882/882/882
f 882/882/882 893/893/893 883/883/883
f 893/893/893 894/894/894 883/883/883
f 883/883/883 894/894/894 884/884/884
f 894/894/894 895/895/895 884/884/884
f 884/884/884 895/895/895 885/885/885
f 895/895/895 896/896/896 885/885/885
f 885/885/885 896/896/896 886/886/886
f 896/896/896 897/897/897 886/886/886
f 886/886/886 897/897/897 887/887/887
f 897/897/897 898/898/898 887/887/887
f 887/887/887 898/898/898 888/888/888
f 898/898/898 899/899/899 888/888/888
f 888/888/888 899/899/899 889/889/889
f 899/899/899 900/900/900 889/889/889
f 889/889/889 900/900/900 890/890/890
f 900/900/900 901/901/901 890/890/890
f 890/890/890 901/901/901 891/891/891
f 901/901/901 902/902/902 891/891/891
f 892/892/892 903/903/903 893/893/893
f 903/903/903 904/904/904 893/893/893
f 893/893/893 904/904/904 894/894/894
f 904/904/904 905/905/905 894/894/894
f 894/894/894 905/905/905 895/895/895
f 905/905/905 906/906/906 895/895/895
f 895/895/895 906/906/906 896/896/896
f 906/906/906 907/907/907 896/896/896
f 896/896/896 907/907/907 897/897/897
f 907/907/907 908/908/908 897/897/897
f 897/897/897 908/908/908 898/898/898
f 908/908/908 909/909/909 898/898/898
f 898/898/898 909/909/909 899/899/899
f 909/909/909 910/910/910 899/899/899
f 899/899/899 910/910/910 900/900/900
f 910/910/910 911/911/911 900/900/900
f 900/900/900 911/911/911 901/901/901
f 911/911/911 912/912/912 901/901/901
f 901/901/901 912/912/912 902/902/902
f 912/912/912 913/913/913 902/902/902
f 903/903/903 914/914/914 904/904/904
f 914/914/914 915/915/915 904/904/904
f 904/904/904 915/915/915 905/905/905
f 915/915/915 916/916/916 905/905/905
f 905/905/905 916/916/916 906/906/906
f 916/916/916 917/917/917 906/906/906
f 906/906/906 917/917/917 907/907/907
f 917/917/917 918/918/918 907/907/907
f 907/907/907 918/918/918 908/908/908
f 918/918/918 919/919/919 908/908/908
f 908/908/908 919/919/919 909/909/909
f 919/919/919 920/920/920 909/909/909
f 909/909/909 920/920/920 910/910/910
f 920/920/920 921/921/921 910/910/910
f 910/910/910 921/921/921 911/911/911
f 921/921/921 922/922/922 911/911/911
f 911/911/911 922/922/922 912/912/912
f 922/922/922 923/923/923 912/912/912
f 912/912/912 923/923/923 913/913/913
f 923/923/923 924/924/924 913/913/913
f 914/914/914 925/925/925 915/915/915
f 925/925/925 926/926/926 915/915/915
f 915/915/915 926/926/926 916/916/916
f 926/926/926 927/927/927 916/916/916
f 916/916/916 927/927/927 917/917/917
f 927/927/927 928/928/928 917/917/917
f 917/917/917 928/928/928 918/918/918
f 928/928/928 929/929/929 918/918/918
f 918/918/918 929/929/929 919/919/919
f 929/929/929 930/930/930 919/919/919
f 919/919/919 930/930/930 920/920/920
f 930/930/930 931/931/931 920/920/920
f 920/920/920 931/931/931 921/921/921
f 931/931/931 932/932/932 921/921/921
f 921/921/921 932/932/932 922/922/922
f 932/932/932 933/933/933 922/922/922
f 922/922/922 933/933/933 923/923/923
f 933/933/933 934/934/934 923/923/923
f 923/923/923 934/934/934 924/924/924
f 934/934/934 935/935/935 924/924/924
f 925/925/925 936/936/936 926/926/926
f 936/936/936 937/937/937 926/926/926
f 926/926/926 937/937/937 927/927/927
f 937/937/937 938/938/938 927/927/927
f 927/927/927 938/938/938 928/928/928
f 938/938/938 939/939/939 928/928/928
f 928/928/928 939/939/939 929/929/929
f 939/939/939 940/940/940 929/929/929
f 929/929/929 940/940/940 930/930/930
f 940/940/940 941/941/941 930/930/930
f 930/930/930 941/941/941 931/931/931
f 941/941/941 942/942/942 931/931/931
f 931/931/931 942/942/942 932/932/932
f 942/942/942 943/943/943 932/932/932
f 932/932/932 943/943/943 933/933/933
f 943/943/943 944/944/944 933/933/933
f 933/933/933 944/944/944 934/934/934
f 944/944/944 945/945/945 934/934/934
f 934/934/934 945/945/945 935/935/935
f 945/945/945 946/946/946 935/935/935
f 936/936/936 947/947/947 937/937/937
f 947/947/947 948/948/948 937/937/937
f 937/937/937 948/948/948 938/938/938
f 948/948/948 949/949/949 938/938/938
f 938/938/938 949/949/949 939/939/939
f 949/949/949 950/950/950 939/939/939
f 939/939/939 950/950/950 940/940/940
f 950/950/950 951/951/951 940/940/940
f 940/940/940 951/951/951 941/941/941
f 951/951/951 952/952/952 941/941/941
f 941/941/941 952/952/952 942/942/942
f 952/952/952 953/953/953 942/942/942
f 942/942/942 953/953/953 943/943/943
f 953/953/953 954/954/954 943/943/943
f 943/943/943 954/954/954 944/944/944
f 954/954/954 955/955/955 944/944/944
f 944/944/944 955/955/955 945/945/945
f 955/955/955 956/956/956 945/945/945
f 945/945/945 956/956/956 946/946/946
f 956/956/956 957/957/957 946/946/946
f 947/947/947 958/958/958 948/948/948
f 958/958/958 959/959/959 948/948/948
f 948/948/948 959/959/959 949/949/949
f 959/959/959 960/960/960 949/949/949
f 949/949/949 960/960/960 950/950/950
f 960/960/960 961/961/961 950/950/950
f 950/950/950 961/961/961 951/951/951
f 961/961/961 962/962/962 951/951/951
f 951/951/951 962/962/962 952/952/952
f 962/962/962 963/963/963 952/952/952
f 952/952/952 963/963/963 953/953/953
f 963/963/963 964/964/964 953/953/953
f 953/953/953 964/964/964 954/954/954
f 964/964/964 965/965/965 954/954/954
f 954/954/954 965/965/965 955/955/955
f 965/965/965 966/966/966 955/955/955
f 955/955/955 966/966/966 956/956/956
f 966/966/966 967/967/967 956/956/956
f 956/956/956 967/967/967 957/957/957
f 967/967/967 968/968/968 957/957/957
f 958/958/958 969/969/969 959/959/959
f 969/969/969 970/970/970 959/959/959
f 959/959/959 970/970/970 960/960/960
f 970/970/970 971/971/971 960/960/960
f 960/960/960 971/971/971 961/961/961
f 971/971/971 972/972/972 961/961/961
f 961/961/961 972/972/972 962/962/962
f 972/972/972 973/973/973 962/962/962
f 962/962/962 973/973/973 963/963/963
f 973/973/973 974/974/974 963/963/963
f 963/963/963 974/974/974 964/964/964
f 974/974/974 975/975/975 964/964/964
f 964/964/964 975/975/975 965/965/965
f 975/975/975 976/976/976 965/965/965
f 965/965/965 976/976/976 966/966/966
f 976/976/976 977/977/977 966/966/966
f 966/966/966 977/977/977 967/967/967
f 977/977/977 978/978/978 967/967/967
f 967/967/967 978/978/978 968/968/968
f 978/978/978 979/979/979 968/968/968
f 969/969/969 980/980/980 970/970/970
f 980/980/980 981/981/981 970/970/970
f 970/970/970 981/981/981 971/971/971
f 981/981/981 982/982/982 971/971/971
f 971/971/971 982/982/982 972/972/972
f 982/982/982 983/983/983 972/972/972
f 972/972/972 983/983/983 973/973/973
f 983/983/983 984/984/984 973/973/973
f 973/973/973 984/984/984 974/974/974
f 984/984/984 985/985/985 974/974/974
f 974/974/974 985/985/985 975/975/975
f 985/985/985 986/986/986 975/975/975
f 975/975/975 986/986/986 976/976/976
f 986/986/986 987/987/987 976/976/976
f 976/976/976 987/987/987 977/977/977
f 987/987/987 988/988/988 977/977/977
f 977/977/977 988/988/988 978/978/978
f 988/988/988 989/989/989 978/978/978
f 978/978/978 989/989/989 979/979/979
f 989/989/989 990/990/990 979/979/979
f 980/980/980 991/991/991 981/981/981
f 991/991/991 992/992/992 981/981/981
f 981/981/981 992/992/992 982/982/982
f 992/992/992 993/993/993 982/982/982
f 982/982/982 993/993/993 983/983/983
f 993/993/993 994/994/994 983/983/983
f 983/983/983 994/994/994 984/984/984
f 994/994/994 995/995/995 984/984/984
f 984/984/984 995/995/995 985/985/985
f 995/995/995 996/996/996 985/985/985
f 985/985/985 996/996/996 986/986/986
f 996/996/996 997/997/997 986/986/986
f 986/986/986 997/997/997 987/987/987
f 997/997/997 998/998/998 987/987/987
f 987/987/987 998/998/998 988/988/988
f 998/998/998 999/999/999 988/988/988
f 988/988/988 999/999/999 989/989/989
f 999/999/999 1000/1000/1000 989/989/989
f 989/989/989 1000/1000/1000 990/990/990
f 1000/1000/1000 1001/1001/1001 990/990/990
f 991/991/991 1002/1002/1002 992/992/992
f 1002/1002/1002 1003/1003/1003 992/992/992
f 992/992/992 1003/1003/1003 993/993/993
f 1003/1003/1003 1004/1004/1004 993/993/993
f 993/993/993 1004/1004/1004 994/994/994
f 1004/1004/1004 1005/1005/1005 994/994/994
f 994/994/994 1005/1005/1005 995/995/995
f 1005/1005/1005 1006/1006/1006 995/995/995
f 995/995/995 1006/1006/1006 996/996/996
f 1006/1006/1006 1007/1007/1007 996/996/996
f 996/996/996 1007/1007/1007 997/997/997
f 1007/1007/1007 1008/1008/1008 997/997/997
f 997/997/997 1008/1008/1008 998/998/998
f 1008/1008/1008 1009/1009/1009 998/998/998
f 998/998/998 1009/1009/1009 999/999/999
f 1009/1009/1009 1010/1010/1010 999/999/999
f 999/999/999 1010/1010/1010 1000/1000/1000
f 1010/1010/1010 1011/1011/1011 1000/1000/1000
f 1000/1000/1000 1011/1011/1011 1001/1001/1001
f 1011/1011/1011 1012/1012/1012 1001/1001/1001
f 1002/1002/1002 1013/1013/1013 1003/1003/1003
f 1013/1013/1013 1014/1014/1014 1003/1003/1003
f 1003/1003/1003 1014/1014/1014 1004/1004/1004
f 1014/1014/1014 1015/1015/1015 1004/1004/1004
f 1004/1004/1004 1015/1015/1015 1005/1005/1005
f 1015/1015/1015 1016/1016/1016 1005/1005/1005
f 1005/1005/1005 1016/1016/1016 1006/1006/1006
f 1016/1016/1016 1017/1017/1017 1006/1006/1006
f 1006/1006/1006 1017/1017/1017 1007/1007/1007
f 1017/1017/1017 1018/1018/1018 1007/1007/1007
f 1007/1007/1007 1018/1018/1018 1008/1008/1008
f 1018/1018/1018 1019/1019/1019 1008/1008/1008
f 1008/1008/1008 1019/1019/1019 1009/1009/1009
f 1019/1019/1019 1020/1020/1020 1009/1009/1009
f 1009/1009/1009 1020/1020/1020 1010/1010/1010
f 1020/1020/1020 1021/1021/1021 1010/1010/1010
f 1010/1010/1010 1021/1021/1021 1011/1011/1011
f 1021/1021/1021 1022/1022/1022 1011/1011/1011
f 1011/1011/1011 1022/1022/1022 1012/1012/1012
f 1022/1022/1022 1023/1023/1023 1012/1012/1012
f 1013/1013/1013 1024/1024/1024 1014/1014/1014
f 1024/1024/1024 1025/1025/1025 1014/1014/1014
f 1014/1014/1014 1025/1025/1025 1015/1015/1015
f 1025/1025/1025 1026/1026/1026 1015/1015/1015
f 1015/1015/1015 1026/1026/1026 1016/1016/1016
f 1026/1026/1026 1027/1027/1027 1016/1016/1016
f 1016/1016/1016 1027/1027/1027 1017/1017/1017
f 1027/1027/1027 1028/1028/1028 1017/1017/1017
f 1017/1017/1017 1028/1028/1028 1018/1018/1018
f 1028/1028/1028 1029/1029/1029 1018/1018/1018
f 1018/1018/1018 1029/1029/1029 1019/1019/1019
f 1029/1029/1029 1030/1030/1030 1019/1019/1019
f 1019/1019/1019 1030/1030/1030 1020/1020/1020
f 1030/1030/1030 1031/1031/1031 1020/1020/1020
f 1020/1020/1020 1031/1031/1031 1021/1021/1021
f 1031/1031/1031 1032/1032/1032 1021/1021/1021
f 1021/1021/1021 1032/1032/1032 1022/1022/1022
f 1032/1032/1032 1033/1033/1033 1022/1022/1022
f 1022/1022/1022 1033/1033/1033 1023/1023/1023
f 1033/1033/1033 1034/1034/1034 1023/1023/1023
f 1024/1024/1024 1035/1035/1035 1025/1025/1025
f 1035/1035/1035 1036/1036/1036 1025/1025/1025
f 1025/1025/1025 1036/1036/1036 1026/1026/1026
f 1036/1036/1036 1037/1037/1037 1026/1026/1026
f 1026/1026/1026 1037/1037/1037 1027/1027/1027
f 1037/1037/1037 1038/1038/1038 1027/1027/1027
f 1027/1027/1027 1038/1038/1038 1028/1028/1028
f 1038/1038/1038 1039/1039/1039 1028/1028/1028
f 1028/1028/1028 1039/1039/1039 1029/1029/1029
f 1039/1039/1039 1040/1040/1040 1029/1029/1029
f 1029/1029/1029 1040/1040/1040 1030/1030/1030
f 1040/1040/1040 1041/1041/1041 1030/1030/1030
f 1030/1030/1030 1041/1041/1041 1031/1031/1031
f 1041/1041/1041 1042/1042/1042 1031/1031/1031
f 1031/1031/1031 1042/1042/1042 1032/1032/1032
f 1042/1042/1042 1043/1043/1043 1032/1032/1032
f 1032/1032/1032 1043/1043/1043 1033/1033/1033
f 1043/1043/1043 1044/1044/1044 1033/1033/1033
f 1033/1033/1033 1044/1044/1044 1034/1034/1034
f 1044/1044/1044 1045/1045/1045 1034/1034/1034
f 1035/1035/1035 1046/1046/1046 1036/1036/1036
f 1046/1046/1046 1047/1047/1047 1036/1036/1036
f 1036/1036/1036 1047/1047/1047 1037/1037/1037
f 1047/1047/1047 1048/1048/1048 1037/1037/1037
f 1037/1037/1037 1048/1048/1048 1038/1038/1038
f 1048/1048/1048 1049/1049/1049 1038/1038/1038
f 1038/1038/1038 1049/1049/1049 1039/1039/1039
f 1049/1049/1049 1050/1050/1050 1039/1039/1039
f 1039/1039/1039 1050/1050/1050 1040/1040/1040
f 1050/1050/1050 1051/1051/1051 1040/1040/1040
f 1040/1040/1040 1051/1051/1051 1041/1041/1041
f 1051/1051/1051 1052/1052/1052 1041/1041/1041
f 1041/1041/1041 1052/1052/1052 1042/1042/1042
f 1052/1052/1052 1053/1053/1053 1042/1042/1042
f 1042/1042/1042 1053/1053/1053 1043/1043/1043
f 1053/1053/1053 1054/1054/1054 1043/1043/1043
f 1043/1043/1043 1054/1054/1054 1044/1044/1044
f 1054/1054/1054 1055/1055/1055 1044/1044/1044
f 1044/1044/1044 1055/1055/1055 1045/1045/1045
f 1055/1055/1055 1056/1056/1056 1045/1045/1045
f 1046/1046/1046 1057/1057/1057 1047/1047/1047
f 1057/1057/1057 1058/1058/1058 1047/1047/1047
f 1047/1047/1047 1058/1058/1058 1048/1048/1048
f 1058/1058/1058 1059/1059/1059 1048/1048/1048
f 1048/1048/1048 1059/1059/1059 1049/1049/1049
f 1059/1059/1059 1060/1060/1060 1049/1049/1049
f 1049/1049/1049 1060/1060/1060 1050/1050/1050
f 1060/1060/1060 1061/1061/1061 1050/1050/1050
f 1050/1050/1050 1061/1061/1061 1051/1051/1051
f 1061/1061/1061 1062/1062/1062 1051/1051/1051
f 1051/1051/1051 1062/1062/1062 1052/1052/1052
f 1062/1062/1062 1063/1063/1063 1052/1052/1052
f 1052/1052/1052 1063/1063/1063 1053/1053/1053
f 1063/1063/1063 1064/1064/1064 1053/1053/1053
f 1053/1053/1053 1064/1064/1064 1054/1054/1054
f 1064/1064/1064 1065/1065/1065 1054/1054/1054
f 1054/1054/1054 1065/1065/1065 1055/1055/1055
f 1065/1065/1065 1066/1066/1066 1055/1055/1055
f 1055/1055/1055 1066/1066/1066 1056/1056/1056
f 1066/1066/1066 1067/1067/1067 1056/1056/1056
f 1057/1057/1057 1068/1068/1068 1058/1058/1058
f 1068/1068/1068 1069/1069/1069 1058/1058/1058
f 1058/1058/1058 1069/1069/1069 1059/1059/1059
f 1069/1069/1069 1070/1070/1070 1059/1059/1059
f 1059/1059/1059 1070/1070/1070 1060/1060/1060
f 1070/1070/1070 1071/1071/1071 1060/1060/1060
f 1060/1060/1060 1071/1071/1071 1061/1061/1061
f 1071/1071/1071 1072/1072/1072 1061/1061/1061
f 1061/1061/1061 1072/1072/1072 1062/1062/1062
f 1072/1072/1072 1073/1073/1073 1062/1062/1062
f 1062/1062/1062 1073/1073/1073 1063/1063/1063
f 1073/1073/1073 1074/1074/1074 1063/1063/1063
f 1063/1063/1063 1074/1074/1074 1064/1064/1064
f 1074/1074/1074 1075/1075/1075 1064/1064/1064
f 1064/1064/1064 1075/1075/1075 1065/1065/1065
f 1075/1075/1075 1076/1076/1076 1065/1065/1065
f 1065/1065/1065 1076/1076/1076 1066/1066/1066
f 1076/1076/1076 1077/1077/1077 1066/1066/1066
f 1066/1066/1066 1077/1077/1077 1067/1067/1067
f 1077/1077/1077 1078/1078/1078 1067/1067/1067
f 1068/1068/1068 1079/1079/1079 1069/1069/1069
f 1079/1079/1079 1080/1080/1080 1069/1069/1069
f 1069/1069/1069 1080/1080/1080 1070/1070/1070
f 1080/1080/1080 1081/1081/1081 1070/1070/1070
f 1070/1070/1070 1081/1081/1081 1071/1071/1071
f 1081/1081/1081 1082/1082/1082 1071/1071/1071
f 1071/1071/1071 1082/1082/1082 1072/1072/1072
f 1082/1082/1082 1083/1083/1083 1072/1072/1072
f 1072/1072/1072 1083/1083/1083 1073/1073/1073
f 1083/1083/1083 1084/1084/1084 1073/1073/1073
f 1073/1073/1073 1084/1084/1084 1074/1074/1074
f 1084/1084/1084 1085/1085/1085 1074/1074/1074
f 1074/1074/1074 1085/1085/1085 1075/1075/1075
f 1085/1085/1085 1086/1086/1086 1075/1075/1075
f 1075/1075/1075 1086/1086/1086 1076/1076/1076
f 1086/1086/1086 1087/1087/1087 1076/1076/1076
f 1076/1076/1076 1087/1087/1087 1077/1077/1077
f 1087/1087/1087 1088/1088/1088 1077/1077/1077
f 1077/1077/1077 1088/1088/1088 1078/1078/1078
f 1088/1088/1088 1089/1089/1089 1078/1078/1078
f 1079/1079/1079 1090/1090/1090 1080/1080/1080
f 1090/1090/1090 1091/1091/1091 1080/1080/1080
f 1080/1080/1080 1091/1091/1091 1081/1081/1081
f 1091/1091/1091 1092/1092/1092 1081/1081/1081
f 1081/1081/1081 1092/1092/1092 1082/1082/1082
f 1092/1092/1092 1093/1093/1093 1082/1082/1082
f 1082/1082/1082 1093/1093/1093 1083/1083/1083
f 1093/1093/1093 1094/1094/1094 1083/1083/1083
f 1083/1083/1083 1094/1094/1094 1084/1084/1084
f 1094/1094/1094 1095/1095/1095 1084/1084/1084
f 1084/1084/1084 1095/1095/1095 1085/1085/1085
f 1095/1095/1095 1096/1096/1096 1085/1085/1085
f 1085/1085/1085 1096/1096/1096 1086/1086/1086
f 1096/1096/1096 1097/1097/1097 1086/1086/1086
f 1086/1086/1086 1097/1097/1097 1087/1087/1087
f 1097/1097/1097 1098/1098/1098 1087/1087/1087
f 1087/1087/1087 1098/1098/1098 1088/1088/1088
f 1098/1098/1098 1099/1099/1099 1088/1088/1088
f 1088/1088/1088 1099/1099/1099 1089/1089/1089
f 1099/1099/1099 1100/1100/1100 1089/1089/1089
f 1090/1090/1090 1101/1101/1101 1091/1091/1091
f 1101/1101/1101 1102/1102/1102 1091/1091/1091
f 1091/1091/1091 1102/1102/1102 1092/1092/1092
f 1102/1102/1102 1103/1103/1103 1092/1092/1092
f 1092/1092/1092 1103/1103/1103 1093/1093/1093
f 1103/1103/1103 1104/1104/1104 1093/1093/1093
f 1093/1093/1093 1104/1104/1104 1094/1094/1094
f 1104/1104/1104 1105/1105/1105 1094/1094/1094
f 1094/1094/1094 1105/1105/1105 1095/1095/1095
f 1105/1105/1105 1106/1106/1106 1095/1095/1095
f 1095/1095/1095 1106/1106/1106 1096/1096/1096
f 1106/1106/1106 1107/1107/1107 1096/1096/1096
f 1096/1096/1096 1107/1107/1107 1097/1097/1097
f 1107/1107/1107 1108/1108/1108 1097/1097/1097
f 1097/1097/1097 1108/1108/1108 1098/1098/1098
f 1108/1108/1108 1109/1109/1109 1098/1098/1098
f 1098/1098/1098 1109/1109/1109 1099/1099/1099
f 1109/1109/1109 1110/1110/1110 1099/1099/1099
f 1099/1099/1099 1110/1110/1110 1100/1100/1100
f 1110/1110/1110 1111/1111/1111 1100/1100/1100
f 1101/1101/1101 1112/1112/1112 1102/1102/1102
f 1112/1112/1112 1113/1113/1113 1102/1102/1102
f 1102/1102/1102 1113/1113/1113 1103/1103/1103
f 1113/1113/1113 1114/1114/1114 1103/1103/1103
f 1103/1103/1103 1114/1114/1114 1104/1104/1104
f 1114/1114/1114 1115/1115/1115 1104/1104/1104
f 1104/1104/1104 1115/1115/1115 1105/1105/1105
f 1115/1115/1115 1116/1116/1116 1105/1105/1105
f 1105/1105/1105 1116/1116/1116 1106/1106/1106
f 1116/1116/1116 1117/1117/1117 1106/1106/1106
f 1106/1106/1106 1117/1117/1117 1107/1107/1107
f 1117/1117/1117 1118/1118/1118 1107/1107/1107
f 1107/1107/1107 1118/1118/1118 1108/1108/1108
f 1118/1118/1118 1119/1119/1119 1108/1108/1108
f 1108/1108/1108 1119/1119/1119 1109/1109/1109
f 1119/1119/1119 1120/1120/1120 1109/1109/1109
f 1109/1109/1109 1120/1120/1120 1110/1110/1110
f 1120/1120/1120 1121/1121/1121 1110/1110/1110
f 1110/1110/1110 1121/1121/1121 1111/1111/1111
f 1121/1121/1121 1122/1122/1122 1111/1111/1111
f 1112/1112/1112 1123/1123/1123 1113/1113/1113
f 1123/1123/1123 1124/1124/1124 1113/1113/1113
f 1113/1113/1113 1124/1124/1124 1114/1114/1114
f 1124/1124/1124 1125/1125/1125 1114/1114/1114
f 1114/1114/1114 1125/1125/1125 1115/1115/1115
f 1125/1125/1125 1126/1126/1126 1115/1115/1115
f 1115/1115/1115 1126/1126/1126 1116/1116/1116
f 1126/1126/1126 1127/1127/1127 1116/1116/1116
f 1116/1116/1116 1127/1127/1127 1117/1117/1117
f 1127/1127/1127 1128/1128/1128 1117/1117/1117
f 1117/1117/1117 1128/1128/1128 1118/1118/1118
f 1128/1128/1128 1129/1129/1129 1118/1118/1118
f 1118/1118/1118 1129/1129/1129 1119/1119/1119
f 1129/1129/1129 1130/1130/1130 1119/1119/1119
f 1119/1119/1119 1130/1130/1130 1120/1120/1120
f 1130/1130/1130 1131/1131/1131 1120/1120/1120
f 1120/1120/1120 1131/1131/1131 1121/1121/1121
f 1131/1131/1131 1132/1132/1132 1121/1121/1121
f 1121/1121/1121 1132/1132/1132 1122/1122/1122
f 1132/1132/1132 1133/1133/1133 1122/1122/1122
f 1123/1123/1123 1134/1134/1134 1124/1124/1124
f 1134/1134/1134 1135/1135/1135 1124/1124/1124
f 1124/1124/1124 1135/1135/1135 1125/1125/1125
f 1135/1135/1135 1136/1136/1136 1125/1125/1125
f 1125/1125/1125 1136/1136/1136 1126/1126/1126
f 1136/1136/1136 1137/1137/1137 1126/1126/1126
f 1126/1126/1126 1137/1137/1137 1127/1127/1127
f 1137/1137/1137 1138/1138/1138 1127/1127/1127
f 1127/1127/1127 1138/1138/1138 1128/1128/1128
f 1138/1138/1138 1139/1139/1139 1128/1128/1128
f 1128/1128/1128 1139/1139/1139 1129/1129/1129
f 1139/1139/1139 1140/1140/1140 1129/1129/1129
f 1129/1129/1129 1140/1140/1140 1130/1130/1130
f 1140/1140/1140 1141/1141/1141 1130/1130/1130
f 1130/1130/1130 1141/1141/1141 1131/1131/1131
f 1141/1141/1141 1142/1142/1142 1131/1131/1131
f 1131/1131/1131 1142/1142/1142 1132/1132/1132
f 1142/1142/1142 1143/1143/1143 1132/1132/1132
f 1132/1132/1132 1143/1143/1143 1133/1133/1133
f 1143/1143/1143 1144/1144/1144 1133/1133/1133
f 1134/1134/1134 1145/1145/1145 1135/1135/1135
f 1145/1145/1145 1146/1146/1146 1135/1135/1135
f 1135/1135/1135 1146/1146/1146 1136/1136/1136
f 1146/1146/1146 1147/1147/1147 1136/1136/1136
f 1136/1136/1136 1147/1147/1147 1137/1137/1137
f 1147/1147/1147 1148/1148/1148 1137/1137/1137
f 1137/1137/1137 1148/1148/1148 1138/1138/1138
f 1148/1148/1148 1149/1149/1149 1138/1138/1138
f 1138/1138/1138 1149/1149/1149 1139/1139/1139
f 1149/1149/1149 1150/1150/1150 1139/1139/1139
f 1139/1139/1139 1150/1150/1150 1140/1140/1140
f 1150/1150/1150 1151/1151/1151 1140/1140/1140
f 1140/1140/1140 1151/1151/1151 1141/1141/1141
f 1151/1151/1151 1152/1152/1152 1141/1141/1141
f 1141/1141/1141 1152/1152/1152 1142/1142/1142
f 1152/1152/1152 1153/1153/1153 1142/1142/1142
f 1142/1142/1142 1153/1153/1153 1143/1143/1143
f 1153/1153/1153 1154/1154/1154 1143/1143/1143
f 1143/1143/1143 1154/1154/1154 1144/1144/1144
f 1154/1154/1154 1155/1155/1155 1144/1144/1144
f 1145/1145/1145 1156/1156/1156 1146/1146/1146
f 1156/1156/1156 1157/1157/1157 1146/1146/1146
f 1146/1146/1146 1157/1157/1157 1147/1147/1147
f 1157/1157/1157 1158/1158/1158 1147/1147/1147
f 1147/1147/1147 1158/1158/1158 1148/1148/1148
f 1158/1158/1158 1159/1159/1159 1148/1148/1148
f 1148/1148/1148 1159/1159/1159 1149/1149/1149
f 1159/1159/1159 1160/1160/1160 1149/1149/1149
f 1149/1149/1149 1160/1160/1160 1150/1150/1150
f 1160/1160/1160 1161/1161/1161 1150/1150/1150
f 1150/1150/1150 1161/1161/1161 1151/1151/1151
f 1161/1161/1161 1162/1162/1162 1151/1151/1151
f 1151/1151/1151 1162/1162/1162 1152/1152/1152
f 1162/1162/1162 1163/1163/1163 1152/1152/1152
f 1152/1152/1152 1163/1163/1163 1153/1153/1153
f 1163/1163/1163 1164/1164/1164 1153/1153/1153
f 1153/1153/1153 1164/1164/1164 1154/1154/1154
f 1164/1164/1164 1165/1165/1165 1154/1154/1154
f 1154/1154/1154 1165/1165/1165 1155/1155/1155
f 1165/1165/1165 1166/1166/1166 1155/1155/1155
f 1156/1156/1156 1167/1167/1167 1157/1157/1157
f 1167/1167/1167 1168/1168/1168 1157/1157/1157
f 1157/1157/1157 1168/1168/1168 1158/1158/1158
f 1168/1168/1168 1169/1169/1169 1158/1158/1158
f 1158/1158/1158 1169/1169/1169 1159/1159/1159
f 1169/1169/1169 1170/1170/1170 1159/1159/1159
f 1159/1159/1159 1170/1170/1170 1160/1160/1160
f 1170/1170/1170 1171/1171/1171 1160/1160/1160
f 1160/1160/1160 1171/1171/1171 1161/1161/1161
f 1171/1171/1171 1172/1172/1172 1161/1161/1161
f 1161/1161/1161 1172/1172/1172 1162/1162/1162
f 1172/1172/1172 1173/1173/1173 1162/1162/1162
f 1162/1162/1162 1173/1173/1173 1163/1163/1163
f 1173/1173/1173 1174/1174/1174 1163/1163/1163
f 1163/1163/1163 1174/1174/1174 1164/1164/1164
f 1174/1174/1174 1175/1175/1175 1164/1164/1164
f 1164/1164/1164 1175/1175/1175 1165/1165/1165
f 1175/1175/1175 1176/1176/1176 1165/1165/1165
f 1165/1165/1165 1176/1176/1176 1166/1166/1166
f 1176/1176/1176 1177/1177/1177 1166/1166/1166
f 1167/1167/1167 1178/1178/1178 1168/1168/1168
f 1178/1178/1178 1179/1179/1179 1168/1168/1168
f 1168/1168/1168 1179/1179/1179 1169/1169/1169
f 1179/1179/1179 1180/1180/1180 1169/1169/1169
f 1169/1169/1169 1180/1180/1180 1170/1170/1170
f 1180/1180/1180 1181/1181/1181 1170/1170/1170
f 1170/1170/1170 1181/1181/1181 1171/1171/1171
f 1181/1181/1181 1182/1182/1182 1171/1171/1171
f 1171/1171/1171 1182/1182/1182 1172/1172/1172
f 1182/1182/1182 1183/1183/1183 1172/1172/1172
f 1172/1172/1172 1183/1183/1183 1173/1173/1173
f 1183/1183/1183 1184/1184/1184 1173/1173/1173
f 1173/1173/1173 1184/1184/1184 1174/1174/1174
f 1184/1184/1184 1185/1185/1185 1174/1174/1174
f 1174/1174/1174 1185/1185/1185 1175/1175/1175
f 1185/1185/1185 1186/1186/1186 1175/1175/1175
f 1175/1175/1175 1186/1186/1186 1176/1176/1176
f 1186/1186/1186 1187/1187/1187 1176/1176/1176
f 1176/1176/1176 1187/1187/1187 1177/1177/1177
f 1187/1187/1187 1188/1188/1188 1177/1177/1177
f 1178/1178/1178 1189/1189/1189 1179/1179/1179
f 1189/1189/1189 1190/1190/1190 1179/1179/1179
f 1179/1179/1179 1190/1190/1190 1180/1180/1180
f 1190/1190/1190 1191/1191/1191 1180/1180/1180
f 1180/1180/1180 1191/1191/1191 1181/1181/1181
f 1191/1191/1191 1192/1192/1192 1181/1181/1181
f 1181/1181/1181 1192/1192/1192 1182/1182/1182
f 1192/1192/1192 1193/1193/1193 1182/1182/1182
f 1182/1182/1182 1193/1193/1193 1183/1183/1183
f 1193/1193/1193 1194/1194/1194 1183/1183/1183
f 1183/1183/1183 1194/1194/1194 1184/1184/1184
f 1194/1194/1194 1195/1195/1195 1184/1184/1184
f 1184/1184/1184 1195/1195/1195 1185/1185/1185
f 1195/1195/1195 1196/1196/1196 1185/1185/1185
f 1185/1185/1185 1196/1196/1196 1186/1186/1186
f 1196/1196/1196 1197/1197/1197 1186/1186/1186
f 1186/1186/1186 1197/1197/1197 1187/1187/1187
f 1197/1197/1197 1198/1198/1198 1187/1187/1187
f 1187/1187/1187 1198/1198/1198 1188/1188/1188
f 1198/1198/1198 1199/1199/1199 1188/1188/1188
f 1189/1189/1189 1200/1200/1200 1190/1190/1190
f 1200/1200/1200 1201/1201/1201 1190/1190/1190
f 1190/1190/1190 1201/1201/1201 1191/1191/1191
f 1201/1201/1201 1202/1202/1202 1191/1191/1191
f 1191/1191/1191 1202/1202/1202 1192/1192/1192
f 1202/1202/1202 1203/1203/1203 1192/1192/1192
f 1192/1192/1192 1203/1203/1203 1193/1193/1193
f 1203/1203/1203 1204/1204/1204 1193/1193/1193
f 1193/1193/1193 1204/1204/1204 1194/1194/1194
f 1204/1204/1204 1205/1205/1205 1194/1194/1194
f 1194/1194/1194 1205/1205/1205 1195/1195/1195
f 1205/1205/1205 1206/1206/1206 1195/1195/1195
f 1195/1195/1195 1206/1206/1206 1196/1196/1196
f 1206/1206/1206 1207/1207/1207 1196/1196/1196
f 1196/1196/1196 1207/1207/1207 1197/1197/1197
f 1207/1207/1207 1208/1208/1208 1197/1197/1197
f 1197/1197/1197 1208/1208/1208 1198/1198/1198
f 1208/1208/1208 1209/1209/1209 1198/1198/1198
f 1198/1198/1198 1209/1209/1209 1199/1199/1199
f 1209/1209/1209 1210/1210/1210 1199/1199/1199
f 1200/1200/1200 1211/1211/1211 1201/1201/1201
f 1211/1211/1211 1212/1212/1212 1201/1201/1201
f 1201/1201/1201 1212/1212/1212 1202/1202/1202
f 1212/1212/1212 1213/1213/1213 1202/1202/1202
f 1202/1202/1202 1213/1213/1213 1203/1203/1203
f 1213/1213/1213 1214/1214/1214 1203/1203/1203
f 1203/1203/1203 1214/1214/1214 1204/1204/1204
f 1214/1214/1214 1215/1215/1215 1204/1204/1204
f 1204/1204/1204 1215/1215/1215 1205/1205/1205
f 1215/1215/1215 1216/1216/1216 1205/1205/1205
f 1205/1205/1205 1216/1216/1216 1206/1206/1206
f 1216/1216/1216 1217/1217/1217 1206/1206/1206
f 1206/1206/1206 1217/1217/1217 1207/1207/1207
f 1217/1217/1217 1218/1218/1218 1207/1207/1207
f 1207/1207/1207 1218/1218/1218 1208/1208/1208
f 1218/1218/1218 1219/1219/1219 1208/1208/1208
f 1208/1208/1208 1219/1219/1219 1209/1209/1209
f 1219/1219/1219 1220/1220/1220 1209/1209/1209
f 1209/1209/1209 1220/1220/1220 1210/1210/1210
f 1220/1220/1220 1221/1221/1221 1210/1210/1210
f 1211/1211/1211 1222/1222/1222 1212/1212/1212
f 1222/1222/1222 1223/1223/1223 1212/1212/1212
f 1212/1212/1212 1223/1223/1223 1213/1213/1213
f 1223/1223/1223 1224/1224/1224 1213/1213/1213
f 1213/1213/1213 1224/1224/1224 1214/1214/1214
f 1224/1224/1224 1225/1225/1225 1214/1214/1214
f 1214/1214/1214 1225/1225/1225 1215/1215/1215
f 1225/1225/1225 1226/1226/1226 1215/1215/1215
f 1215/1215/1215 1226/1226/1226 1216/1216/1216
f 1226/1226/1226 1227/1227/1227 1216/1216/1216
f 1216/1216/1216 1227/1227/1227 1217/1217/1217
f 1227/1227/1227 1228/1228/1228 1217/1217/1217
f 1217/1217/1217 1228/1228/1228 1218/1218/1218
f 1228/1228/1228 1229/1229/1229 1218/1218/1218
f 1218/1218/1218 1229/1229/1229 1219/1219/1219
f 1229/1229/1229 1230/1230/1230 1219/1219/1219
f 1219/1219/1219 1230/1230/1230 1220/1220/1220
f 1230/1230/1230 1231/1231/1231 1220/1220/1220
f 1220/1220/1220 1231/1231/1231 1221/1221/1221
f 1231/1231/1231 1232/1232/1232 1221/1221/1221
f 1222/1222/1222 1233/1233/1233 1223/1223/1223
f 1233/1233/1233 1234/1234/1234 1223/1223/1223
f 1223/1223/1223 1234/1234/1234 1224/1224/1224
f 1234/1234/1234 1235/1235/1235 1224/1224/1224
f 1224/1224/1224 1235/1235/1235 1225/1225/1225
f 1235/1235/1235 1236/1236/1236 1225/1225/1225
f 1225/1225/1225 1236/1236/1236 1226/1226/1226
f 1236/1236/1236 1237/1237/1237 1226/1226/1226
f 1226/1226/1226 1237/1237/1237 1227/1227/1227
f 1237/1237/1237 1238/1238/1238 1227/1227/1227
f 1227/1227/1227 1238/1238/1238 1228/1228/1228
f 1238/1238/1238 1239/1239/1239 1228/1228/1228
f 1228/1228/1228 1239/1239/1239 1229/1229/1229
f 1239/1239/1239 1240/1240/1240 1229/1229/1229
f 1229/1229/1229 1240/1240/1240 1230/1230/1230
f 1240/1240/1240 1241/1241/1241 1230/1230/1230
f 1230/1230/1230 1241/1241/1241 1231/1231/1231
f 1241/1241/1241 1242/1242/1242 1231/1231/1231
f 1231/1231/1231 1242/1242/1242 1232/1232/1232
f 1242/1242/1242 1243/1243/1243 1232/1232/1232
f 1233/1233/1233 1244/1244/1244 1234/1234/1234
f 1244/1244/1244 1245/1245/1245 1234/1234/1234
f 1234/1234/1234 1245/1245/1245 1235/1235/1235
f 1245/1245/1245 1246/1246/1246 1235/1235/1235
f 1235/1235/1235 1246/1246/1246 1236/1236/1236
f 1246/1246/1246 1247/1247/1247 1236/1236/1236
f 1236/1236/1236 1247/1247/1247 1237/1237/1237
f 1247/1247/1247 1248/1248/1248 1237/1237/1237
f 1237/1237/1237 1248/1248/1248 1238/1238/1238
f 1248/1248/1248 1249/1249/1249 1238/1238/1238
f 1238/1238/1238 1249/1249/1249 1239/1239/1239
f 1249/1249/1249 1250/1250/1250 1239/1239/1239
f 1239/1239/1239 1250/1250/1250 1240/1240/1240
f 1250/1250/1250 1251/1251/1251 1240/1240/1240
f 1240/1240/1240 1251/1251/1251 1241/1241/1241
f 1251/1251/1251 1252/1252/1252 1241/1241/1241
f 1241/1241/1241 1252/1252/1252 1242/1242/1242
f 1252/1252/1252 1253/1253/1253 1242/1242/1242
f 1242/1242/1242 1253/1253/1253 1243/1243/1243
f 1253/1253/1253 1254/1254/1254 1243/1243/1243
f 1244/1244/1244 1255/1255/1255 1245/1245/1245
f 1255/1255/1255 1256/1256/1256 1245/1245/1245
f 1245/1245/1245 1256/1256/1256 1246/1246/1246
f 1256/1256/1256 1257/1257/1257 1246/1246/1246
f 1246/1246/1246 1257/1257/1257 1247/1247/1247
f 1257/1257/1257 1258/1258/1258 1247/1247/1247
f 1247/1247/1247 1258/1258/1258 1248/1248/1248
f 1258/1258/1258 1259/1259/1259 1248/1248/1248
f 1248/1248/1248 1259/1259/1259 1249/1249/1249
f 1259/1259/1259 1260/1260/1260 1249/1249/1249
f 1249/1249/1249 1260/1260/1260 1250/1250/1250
f 1260/1260/1260 1261/1261/1261 1250/1250/1250
f 1250/1250/1250 1261/1261/1261 1251/1251/1251
f 1261/1261/1261 1262/1262/1262 1251/1251/1251
f 1251/1251/1251 1262/1262/1262 1252/1252/1252
f 1262/1262/1262 1263/1263/1263 1252/1252/1252
f 1252/1252/1252 1263/1263/1263 1253/1253/1253
f 1263/1263/1263 1264/1264/1264 1253/1253/1253
f 1253/1253/1253 1264/1264/1264 1254/1254/1254
f 1264/1264/1264 1265/1265/1265 1254/1254/1254
f 1255/1255/1255 1266/1266/1266 1256/1256/1256
f 1266/1266/1266 1267/1267/1267 1256/1256/1256
f 1256/1256/1256 1267/1267/1267 1257/1257/1257
f 1267/1267/1267 1268/1268/1268 1257/1257/1257
f 1257/1257/1257 1268/1268/1268 1258/1258/1258
f 1268/1268/1268 1269/1269/1269 1258/1258/1258
f 1258/1258/1258 1269/1269/1269 1259/1259/1259
f 1269/1269/1269 1270/1270/1270 1259/1259/1259
f 1259/1259/1259 1270/1270/1270 1260/1260/1260
f 1270/1270/1270 1271/1271/1271 1260/1260/1260
f 1260/1260/1260 1271/1271/1271 1261/1261/1261
f 1271/1271/1271 1272/1272/1272 1261/1261/1261
f 1261/1261/1261 1272/1272/1272 1262/1262/1262
f 1272/1272/1272 1273/1273/1273 1262/1262/1262
f 1262/1262/1262 1273/1273/1273 1263/1263/1263
f 1273/1273/1273 1274/1274/1274 1263/1263/1263
f 1263/1263/1263 1274/1274/1274 1264/1264/1264
f 1274/1274/1274 1275/1275/1275 1264/1264/1264
f 1264/1264/1264 1275/1275/1275 1265/1265/1265
f 1275/1275/1275 1276/1276/1276 1265/1265/1265
f 1266/1266/1266 1277/1277/1277 1267/1267/1267
f 1277/1277/1277 1278/1278/1278 1267/1267/1267
f 1267/1267/1267 1278/1278/1278 1268/1268/1268
f 1278/1278/1278 1279/1279/1279 1268/1268/1268
f 1268/1268/1268 1279/1279/1279 1269/1269/1269
f 1279/1279/1279 1280/1280/1280 1269/1269/1269
f 1269/1269/1269 1280/1280/1280 1270/1270/1270
f 1280/1280/1280 1281/1281/1281 1270/1270/1270
f 1270/1270/1270 1281/1281/1281 1271/1271/1271
f 1281/1281/1281 1282/1282/1282 1271/1271/1271
f 1271/1271/1271 1282/1282/1282 1272/1272/1272
f 1282/1282/1282 1283/1283/1283 1272/1272/1272
f 1272/1272/1272 1283/1283/1283 1273/1273/1273
f 1283/1283/1283 1284/1284/1284 1273/1273/1273
f 1273/1273/1273 1284/1284/1284 1274/1274/1274
f 1284/1284/1284 1285/1285/1285 1274/1274/1274
f 1274/1274/1274 1285/1285/1285 1275/1275/1275
f 1285/1285/1285 1286/1286/1286 1275/1275/1275
f 1275/1275/1275 1286/1286/1286 1276/1276/1276
f 1286/1286/1286 1287/1287/1287 1276/1276/1276
f 1277/1277/1277 1288/1288/1288 1278/1278/1278
f 1288/1288/1288 1289/1289/1289 1278/1278/1278
f 1278/1278/1278 1289/1289/1289 1279/1279/1279
f 1289/1289/1289 1290/1290/1290 1279/1279/1279
f 1279/1279/1279 1290/1290/1290 1280/1280/1280
f 1290/1290/1290 1291/1291/1291 1280/1280/1280
f 1280/1280/1280 1291/1291/1291 1281/1281/1281
f 1291/1291/1291 1292/1292/1292 1281/1281/1281
f 1281/1281/1281 1292/1292/1292 1282/1282/1282
f 1292/1292/1292 1293/1293/1293 1282/1282/1282
f 1282/1282/1282 1293/1293/1293 1283/1283/1283
f 1293/1293/1293 1294/1294/1294 1283/1283/1283
f 1283/1283/1283 1294/1294/1294 1284/1284/1284
f 1294/1294/1294 1295/1295/1295 1284/1284/1284
f 1284/1284/1284 1295/1295/1295 1285/1285/1285
f 1295/1295/1295 1296/1296/1296 1285/1285/1285
f 1285/1285/1285 1296/1296/1296 1286/1286/1286
f 1296/1296/1296 1297/1297/1297 1286/1286/1286
f 1286/1286/1286 1297/1297/1297 1287/1287/1287
f 1297/1297/1297 1298/1298/1298 1287/1287/1287
f 1288/1288/1288 1299/1299/1299 1289/1289/1289
f 1299/1299/1299 1300/1300/1300 1289/1289/1289
f 1289/1289/1289 1300/1300/1300 1290/1290/1290
f 1300/1300/1300 1301/1301/1301 1290/1290/1290
f 1290/1290/1290 1301/1301/1301 1291/1291/1291
f 1301/1301/1301 1302/1302/1302 1291/1291/1291
f 1291/1291/1291 1302/1302/1302 1292/1292/1292
f 1302/1302/1302 1303/1303/1303 1292/1292/1292
f 1292/1292/1292 1303/1303/1303 1293/1293/1293
f 1303/1303/1303 1304/1304/1304 1293/1293/1293
f 1293/1293/1293 1304/1304/1304 1294/1294/1294
f 1304/1304/1304 1305/1305/1305 1294/1294/1294
f 1294/1294/1294 1305/1305/1305 1295/1295/1295
f 1305/1305/1305 1306/1306/1306 1295/1295/1295
f 1295/1295/1295 1306/1306/1306 1296/1296/1296
f 1306/1306/1306 1307/1307/1307 1296/1296/1296
f 1296/1296/1296 1307/1307/1307 1297/1297/1297
f 1307/1307/1307 1308/1308/1308 1297/1297/1297
f 1297/1297/1297 1308/1308/1308 1298/1298/1298
f 1308/1308/1308 1309/1309/1309 1298/1298/1298
f 1299/1299/1299 1310/1310/1310 1300/1300/1300
f 1310/1310/1310 1311/1311/1311 1300/1300/1300
f 1300/1300/1300 1311/1311/1311 1301/1301/1301
f 1311/1311/1311 1312/1312/1312 1301/1301/1301
f 1301/1301/1301 1312/1312/1312 1302/1302/1302
f 1312/1312/1312 1313/1313/1313 1302/1302/1302
f 1302/1302/1302 1313/1313/1313 1303/1303/1303
f 1313/1313/1313 1314/1314/1314 1303/1303/1303
f 1303/1303/1303 1314/1314/1314 1304/1304/1304
f 1314/1314/1314 1315/1315/1315 1304/1304/1304
f 1304/1304/1304 1315/1315/1315 1305/1305/1305
f 1315/1315/1315 1316/1316/1316 1305/1305/1305
f 1305/1305/1305 1316/1316/1316 1306/1306/1306
f 1316/1316/1316 1317/1317/1317 1306/1306/1306
f 1306/1306/1306 1317/1317/1317 1307/1307/1307
f 1317/1317/1317 1318/1318/1318 1307/1307/1307
f 1307/1307/1307 1318/1318/1318 1308/1308/1308
f 1318/1318/1318 1319/1319/1319 1308/1308/1308
f 1308/1308/1308 1319/1319/1319 1309/1309/1309
f 1319/1319/1319 1320/1320/1320 1309/1309/1309
f 1310/1310/1310 1321/1321/1321 1311/1311/1311
f 1321/1321/1321 1322/1322/1322 1311/1311/1311
f 1311/1311/1311 1322/1322/1322 1312/1312/1312
f 1322/1322/1322 1323/1323/1323 1312/1312/1312
f 1312/1312/1312 1323/1323/1323 1313/1313/1313
f 1323/1323/1323 1324/1324/1324 1313/1313/1313
f 1313/1313/1313 1324/1324/1324 1314/1314/1314
f 1324/1324/1324 1325/1325/1325 1314/1314/1314
f 1314/1314/1314 1325/1325/1325 1315/1315/1315
f 1325/1325/1325 1326/1326/1326 1315/1315/1315
f 1315/1315/1315 1326/1326/1326 1316/1316/1316
f 1326/1326/1326 1327/1327/1327 1316/1316/1316
f 1316/1316/1316 1327/1327/1327 1317/1317/1317
f 1327/1327/1327 1328/1328/1328 1317/1317/1317
f 1317/1317/1317 1328/1328/1328 1318/1318/1318
f 1328/1328/1328 1329/1329/1329 1318/1318/1318
f 1318/1318/1318 1329/1329/1329 1319/1319/1319
f 1329/1329/1329 1330/1330/1330 1319/1319/1319
f 1319/1319/1319 1330/1330/1330 1320/1320/1320
f 1330/1330/1330 1331/1331/1331 1320/1320/1320
f 1321/1321/1321 1332/1332/1332 1322/1322/1322
f 1332/1332/1332 1333/1333/1333 1322/1322/1322
f 1322/1322/1322 1333/1333/1333 1323/1323/1323
f 1333/1333/1333 1334/1334/1334 1323/1323/1323
f 1323/1323/1323 1334/1334/1334 1324/1324/1324
f 1334/1334/1334 1335/1335/1335 1324/1324/1324
f 1324/1324/1324 1335/1335/1335 1325/1325/1325
f 1335/1335/1335 1336/1336/1336 1325/1325/1325
f 1325/1325/1325 1336/1336/1336 1326/1326/1326
f 1336/1336/1336 1337/1337/1337 1326/1326/1326
f 1326/1326/1326 1337/1337/1337 1327/1327/1327
f 1337/1337/1337 1338/1338/1338 1327/1327/1327
f 1327/1327/1327 1338/1338/1338 1328/1328/1328
f 1338/1338/1338 1339/1339/1339 1328/1328/1328
f 1328/1328/1328 1339/1339/1339 1329/1329/1329
f 1339/1339/1339 1340/1340/1340 1329/1329/1329
f 1329/1329/1329 1340/1340/1340 1330/1330/1330
f 1340/1340/1340 1341/1341/1341 1330/1330/1330
f 1330/1330/1330 1341/1341/1341 1331/1331/1331
f 1341/1341/1341 1342/1342/1342 1331/1331/1331
f 1332/1332/1332 1343/1343/1343 1333/1333/1333
f 1343/1343/1343 1344/1344/1344 1333/1333/1333
f 1333/1333/1333 1344/1344/1344 1334/1334/1334
f 1344/1344/1344 1345/1345/1345 1334/1334/1334
f 1334/1334/1334 1345/1345/1345 1335/1335/1335
f 1345/1345/1345 1346/1346/1346 1335/1335/1335
f 1335/1335/1335 1346/1346/1346 1336/1336/1336
f 1346/1346/1346 1347/1347/1347 1336/1336/1336
f 1336/1336/1336 1347/1347/1347 1337/1337/1337
f 1347/1347/1347 1348/1348/1348 1337/1337/1337
f 1337/1337/1337 1348/1348/1348 1338/1338/1338
f 1348/1348/1348 1349/1349/1349 1338/1338/1338
f 1338/1338/1338 1349/1349/1349 1339/1339/1339
f 1349/1349/1349 1350/1350/1350 1339/1339/1339
f 1339/1339/1339 1350/1350/1350 1340/1340/1340
f 1350/1350/1350 1351/1351/1351 1340/1340/1340
f 1340/1340/1340 1351/1351/1351 1341/1341/1341
f 1351/1351/1351 1352/1352/1352 1341/1341/1341
f 1341/1341/1341 1352/1352/1352 1342/1342/1342
f 1352/1352/1352 1353/1353/1353 1342/1342/1342
f 1343/1343/1343 1354/1354/1354 1344/1344/1344
f 1354/1354/1354 1355/1355/1355 1344/1344/1344
f 1344/1344/1344 1355/1355/1355 1345/1345/1345
f 1355/1355/1355 1356/1356/1356 1345/1345/1345
f 1345/1345/1345 1356/1356/1356 1346/1346/1346
f 1356/1356/1356 1357/1357/1357 1346/1346/1346
f 1346/1346/1346 1357/1357/1357 1347/1347/1347
f 1357/1357/1357 1358/1358/1358 1347/1347/1347
f 1347/1347/1347 1358/1358/1358 1348/1348/1348
f 1358/1358/1358 1359/1359/1359 1348/1348/1348
f 1348/1348/1348 1359/1359/1359 1349/1349/1349
f 1359/1359/1359 1360/1360/1360 1349/1349/1349
f 1349/1349/1349 1360/1360/1360 1350/1350/1350
f 1360/1360/1360 1361/1361/1361 1350/1350/1350
f 1350/1350/1350 1361/1361/1361 1351/1351/1351
f 1361/1361/1361 1362/1362/1362 1351/1351/1351
f 1351/1351/1351 1362/1362/1362 1352/1352/1352
f 1362/1362/1362 1363/1363/1363 1352/1352/1352
f 1352/1352/1352 1363/1363/1363 1353/1353/1353
f 1363/1363/1363 1364/1364/1364 1353/1353/1353
f 1354/1354/1354 1365/1365/1365 1355/1355/1355
f 1365/1365/1365 1366/1366/1366 1355/1355/1355
f 1355/1355/1355 1366/1366/1366 1356/1356/1356
f 1366/1366/1366 1367/1367/1367 1356/1356/1356
f 1356/1356/1356 1367/1367/1367 1357/1357/1357
f 1367/1367/1367 1368/1368/1368 1357/1357/1357
f 1357/1357/1357 1368/1368/1368 1358/1358/1358
f 1368/1368/1368 1369/1369/1369 1358/1358/1358
f 1358/1358/1358 1369/1369/1369 1359/1359/1359
f 1369/1369/1369 1370/1370/1370 1359/1359/1359
f 1359/1359/1359 1370/1370/1370 1360/1360/1360
f 1370/1370/1370 1371/1371/1371 1360/1360/1360
f 1360/1360/1360 1371/1371/1371 1361/1361/1361
f 1371/1371/1371 1372/1372/1372 1361/1361/1361
f 1361/1361/1361 1372/1372/1372 1362/1362/1362
f 1372/1372/1372 1373/1373/1373 1362/1362/1362
f 1362/1362/1362 1373/1373/1373 1363/1363/1363
f 1373/1373/1373 1374/1374/1374 1363/1363/1363
f 1363/1363/1363 1374/1374/1374 1364/1364/1364
f 1374/1374/1374 1375/1375/1375 1364/1364/1364
f 1365/1365/1365 1376/1376/1376 1366/1366/1366
f 1376/1376/1376 1377/1377/1377 1366/1366/1366
f 1366/1366/1366 1377/1377/1377 1367/1367/1367
f 1377/1377/1377 1378/1378/1378 1367/1367/1367
f 1367/1367/1367 1378/1378/1378 1368/1368/1368
f 1378/1378/1378 1379/1379/1379 1368/1368/1368
f 1368/1368/1368 1379/1379/1379 1369/1369/1369
f 1379/1379/1379 1380/1380/1380 1369/1369/1369
f 1369/1369/1369 1380/1380/1380 1370/1370/1370
f 1380/1380/1380 1381/1381/1381 1370/1370/1370
f 1370/1370/1370 1381/1381/1381 1371/1371/1371
f 1381/1381/1381 1382/1382/1382 1371/1371/1371
f 1371/1371/1371 1382/1382/1382 1372/1372/1372
f 1382/1382/1382 1383/1383/1383 1372/1372/1372
f 1372/1372/1372 1383/1383/1383 1373/1373/1373
f 1383/1383/1383 1384/1384/1384 1373/1373/1373
f 1373/1373/1373 1384/1384/1384 1374/1374/1374
f 1384/1384/1384 1385/1385/1385 1374/1374/1374
f 1374/1374/1374 1385/1385/1385 1375/1375/1375
f 1385/1385/1385 1386/1386/1386 1375/1375/1375
f 1376/1376/1376 1387/1387/1387 1377/1377/1377
f 1387/1387/1387 1388/1388/1388 1377/1377/1377
f 1377/1377/1377 1388/1388/1388 1378/1378/1378
f 1388/1388/1388 1389/1389/1389 1378/1378/1378
f 1378/1378/1378 1389/1389/1389 1379/1379/1379
f 1389/1389/1389 1390/1390/1390 1379/1379/1379
f 1379/1379/1379 1390/1390/1390 1380/1380/1380
f 1390/1390/1390 1391/1391/1391 1380/1380/1380
f 1380/1380/1380 1391/1391/1391 1381/1381/1381
f 1391/1391/1391 1392/1392/1392 1381/1381/1381
f 1381/1381/1381 1392/1392/1392 1382/1382/1382
f 1392/1392/1392 1393/1393/1393 1382/1382/1382
f 1382/1382/1382 1393/1393/1393 1383/1383/1383
f 1393/1393/1393 1394/1394/1394 1383/1383/1383
f 1383/1383/1383 1394/1394/1394 1384/1384/1384
f 1394/1394/1394 1395/1395/1395 1384/1384/1384
f 1384/1384/1384 1395/1395/1395 1385/1385/1385
f 1395/1395/1395 1396/1396/1396 1385/1385/1385
f 1385/1385/1385 1396/1396/1396 1386/1386/1386
f 1396/1396/1396 1397/1397/1397 1386/1386/1386
f 1387/1387/1387 1398/1398/1398 1388/1388/1388
f 1398/1398/1398 1399/1399/1399 1388/1388/1388
f 1388/1388/1388 1399/1399/1399 1389/1389/1389
f 1399/1399/1399 1400/1400/1400 1389/1389/1389
f 1389/1389/1389 1400/1400/1400 1390/1390/1390
f 1400/1400/1400 1401/1401/1401 1390/1390/1390
f 1390/1390/1390 1401/1401/1401 1391/1391/1391
f 1401/1401/1401 1402/1402/1402 1391/1391/1391
f 1391/1391/1391 1402/1402/1402 1392/1392/1392
f 1402/1402/1402 1403/1403/1403 1392/1392/1392
f 1392/1392/1392 1403/1403/1403 1393/1393/1393
f 1403/1403/1403 1404/1404/1404 1393/1393/1393
f 1393/1393/1393 1404/1404/1404 1394/1394/1394
f 1404/1404/1404 1405/1405/1405 1394/1394/1394
f 1394/1394/1394 1405/1405/1405 1395/1395/1395
f 1405/1405/1405 1406/1406/1406 1395/1395/1395
f 1395/1395/1395 1406/1406/1406 1396/1396/1396
f 1406/1406/1406 1407/1407/1407 1396/1396/1396
f 1396/1396/1396 1407/1407/1407 1397/1397/1397
f 1407/1407/1407 1408/1408/1408 1397/1397/1397
f 1398/1398/1398 1409/1409/1409 1399/1399/1399
f 1409/1409/1409 1410/1410/1410 1399/1399/1399
f 1399/1399/1399 1410/1410/1410 1400/1400/1400
f 1410/1410/1410 1411/1411/1411 1400/1400/1400
f 1400/1400/1400 1411/1411/1411 1401/1401/1401
f 1411/1411/1411 1412/1412/1412 1401/1401/1401
f 1401/1401/1401 1412/1412/1412 1402/1402/1402
f 1412/1412/1412 1413/1413/1413 1402/1402/1402
f 1402/1402/1402 1413/1413/1413 1403/1403/1403
f 1413/1413/1413 1414/1414/1414 1403/1403/1403
f 1403/1403/1403 1414/1414/1414 1404/1404/1404
f 1414/1414/1414 1415/1415/1415 1404/1404/1404
f 1404/1404/1404 1415/1415/1415 1405/1405/1405
f 1415/1415/1415 1416/1416/1416 1405/1405/1405
f 1405/1405/1405 1416/1416/1416 1406/1406/1406
f 1416/1416/1416 1417/1417/1417 1406/1406/1406
f 1406/1406/1406 1417/1417/1417 1407/1407/1407
f 1417/1417/1417 1418/1418/1418 1407/1407/1407
f 1407/1407/1407 1418/1418/1418 1408/1408/1408
f 1418/1418/1418 1419/1419/1419 1408/1408/1408
f 1409/1409/1409 1420/1420/1420 1410/1410/1410
f 1420/1420/1420 1421/1421/1421 1410/1410/1410
f 1410/1410/1410 1421/1421/1421 1411/1411/1411
f 1421/1421/1421 1422/1422/1422 1411/1411/1411
f 1411/1411/1411 1422/1422/1422 1412/1412/1412
f 1422/1422/1422 1423/1423/1423 1412/1412/1412
f 1412/1412/1412 1423/1423/1423 1413/1413/1413
f 1423/1423/1423 1424/1424/1424 1413/1413/1413
f 1413/1413/1413 1424/1424/1424 1414/1414/1414
f 1424/1424/1424 1425/1425/1425 1414/1414/1414
f 1414/1414/1414 1425/1425/1425 1415/1415/1415
f 1425/1425/1425 1426/1426/1426 1415/1415/1415
f 1415/1415/1415 1426/1426/1426 1416/1416/1416
f 1426/1426/1426 1427/1427/1427 1416/1416/1416
f 1416/1416/1416 1427/1427/1427 1417/1417/1417
f 1427/1427/1427 1428/1428/1428 1417/1417/1417
f 1417/1417/1417 1428/1428/1428 1418/1418/1418
f 1428/1428/1428 1429/1429/1429 1418/1418/1418
f 1418/1418/1418 1429/1429/1429 1419/1419/1419
f 1429/1429/1429 1430/1430/1430 1419/1419/1419
f 1420/1420/1420 1431/1431/1431 1421/1421/1421
f 1431/1431/1431 1432/1432/1432 1421/1421/1421
f 1421/1421/1421 1432/1432/1432 1422/1422/1422
f 1432/1432/1432 1433/1433/1433 1422/1422/1422
f 1422/1422/1422 1433/1433/1433 1423/1423/1423
f 1433/1433/1433 1434/1434/1434 1423/1423/1423
f 1423/1423/1423 1434/1434/1434 1424/1424/1424
f 1434/1434/1434 1435/1435/1435 1424/1424/1424
f 1424/1424/1424 1435/1435/1435 1425/1425/1425
f 1435/1435/1435 1436/1436/1436 1425/1425/1425
f 1425/1425/1425 1436/1436/1436 1426/1426/1426
f 1436/1436/1436 1437/1437/1437 1426/1426/1426
f 1426/1426/1426 1437/1437/1437 1427/1427/1427
f 1437/1437/1437 1438/1438/1438 1427/1427/1427
f 1427/1427/1427 1438/1438/1438 1428/1428/1428
f 1438/1438/1438 1439/1439/1439 1428/1428/1428
f 1428/1428/1428 1439/1439/1439 1429/1429/1429
f 1439/1439/1439 1440/1440/1440 1429/1429/1429
f 1429/1429/1429 1440/1440/1440 1430/1430/1430
f 1440/1440/1440 1441/1441/1441 1430/1430/1430
f 1431/1431/1431 1442/1442/1442 1432/1432/1432
f 1442/1442/1442 1443/1443/1443 1432/1432/1432
f 1432/1432/1432 1443/1443/1443 1433/1433/1433
f 1443/1443/1443 1444/1444/1444 1433/1433/1433
f 1433/1433/1433 1444/1444/1444 1434/1434/1434
f 1444/1444/1444 1445/1445/1445 1434/1434/1434
f 1434/1434/1434 1445/1445/1445 1435/1435/1435
f 1445/1445/1445 1446/1446/1446 1435/1435/1435
f 1435/1435/1435 1446/1446/1446 1436/1436/1436
f 1446/1446/1446 1447/1447/1447 1436/1436/1436
f 1436/1436/1436 1447/1447/1447 1437/1437/1437
f 1447/1447/1447 1448/1448/1448 1437/1437/1437
f 1437/1437/1437 1448/1448/1448 1438/1438/1438
f 1448/1448/1448 1449/1449/1449 1438/1438/1438
f 1438/1438/1438 1449/1449/1449 1439/1439/1439
f 1449/1449/1449 1450/1450/1450 1439/1439/1439
f 1439/1439/1439 1450/1450/1450 1440/1440/1440
f 1450/1450/1450 1451/1451/1451 1440/1440/1440
f 1440/1440/1440 1451/1451/1451 1441/1441/1441
f 1451/1451/1451 1452/1452/1452 1441/1441/1441
f 1442/1442/1442 1453/1453/1453 1443/1443/1443
f 1453/1453/1453 1454/1454/1454 1443/1443/1443
f 1443/1443/1443 1454/1454/1454 1444/1444/1444
f 1454/1454/1454 1455/1455/1455 1444/1444/1444
f 1444/1444/1444 1455/1455/1455 1445/1445/1445
f 1455/1455/1455 1456/1456/1456 1445/1445/1445
f 1445/1445/1445 1456/1456/1456 1446/1446/1446
f 1456/1456/1456 1457/1457/1457 1446/1446/1446
f 1446/1446/1446 1457/1457/1457 1447/1447/1447
f 1457/1457/1457 1458/1458/1458 1447/1447/1447
f 1447/1447/1447 1458/1458/1458 1448/1448/1448
f 1458/1458/1458 1459/1459/1459 1448/1448/1448
f 1448/1448/1448 1459/1459/1459 1449/1449/1449
f 1459/1459/1459 1460/1460/1460 1449/1449/1449
f 1449/1449/1449 1460/1460/1460 1450/1450/1450
f 1460/1460/1460 1461/1461/1461 1450/1450/1450
f 1450/1450/1450 1461/1461/1461 1451/1451/1451
f 1461/1461/1461 1462/1462/1462 1451/1451/1451
f 1451/1451/1451 1462/1462/1462 1452/1452/1452
f 1462/1462/1462 1463/1463/1463 1452/1452/1452
f 1453/1453/1453 1464/1464/1464 1454/1454/1454
f 1464/1464/1464 1465/1465/1465 1454/1454/1454
f 1454/1454/1454 1465/1465/1465 1455/1455/1455
f 1465/1465/1465 1466/1466/1466 1455/1455/1455
f 1455/1455/1455 1466/1466/1466 1456/1456/1456
f 1466/1466/1466 1467/1467/1467 1456/1456/1456
f 1456/1456/1456 1467/1467/1467 1457/1457/1457
f 1467/1467/1467 1468/1468/1468 1457/1457/1457
f 1457/1457/1457 1468/1468/1468 1458/1458/1458
f 1468/1468/1468 1469/1469/1469 1458/1458/1458
f 1458/1458/1458 1469/1469/1469 1459/1459/1459
f 1469/1469/1469 1470/1470/1470 1459/1459/1459
f 1459/1459/1459 1470/1470/1470 1460/1460/1460
f 1470/1470/1470 1471/1471/1471 1460/1460/1460
f 1460/1460/1460 1471/1471/1471 1461/1461/1461
f 1471/1471/1471 1472/1472/1472 1461/1461/1461
f 1461/1461/1461 1472/1472/1472 1462/1462/1462
f 1472/1472/1472 1473/1473/1473 1462/1462/1462
f 1462/1462/1462 1473/1473/1473 1463/1463/1463
f 1473/1473/1473 1474/1474/1474 1463/1463/1463
f 1464/1464/1464 1475/1475/1475 1465/1465/1465
f 1475/1475/1475 1476/1476/1476 1465/1465/1465
f 1465/1465/1465 1476/1476/1476 1466/1466/1466
f 1476/1476/1476 1477/1477/1477 1466/1466/1466
f 1466/1466/1466 1477/1477/1477 1467/1467/1467
f 1477/1477/1477 1478/1478/1478 1467/1467/1467
f 1467/1467/1467 1478/1478/1478 1468/1468/1468
f 1478/1478/1478 1479/1479/1479 1468/1468/1468
f 1468/1468/1468 1479/1479/1479 1469/1469/1469
f 1479/1479/1479 1480/1480/1480 1469/1469/1469
f 1469/1469/1469 1480/1480/1480 1470/1470/1470
f 1480/1480/1480 1481/1481/1481 1470/1470/1470
f 1470/1470/1470 1481/1481/1481 1471/1471/1471
f 1481/1481/1481 1482/1482/1482 1471/1471/1471
f 1471/1471/1471 1482/1482/1482 1472/1472/1472
f 1482/1482/1482 1483/1483/1483 1472/1472/1472
f 1472/1472/1472 1483/1483/1483 1473/1473/1473
f 1483/1483/1483 1484/1484/1484 1473/1473/1473
f 1473/1473/1473 1484/1484/1484 1474/1474/1474
f 1484/1484/1484 1485/1485/1485 1474/1474/1474
f 1475/1475/1475 1486/1486/1486 1476/1476/1476
f 1486/1486/1486 1487/1487/1487 1476/1476/1476
f 1476/1476/1476 1487/1487/1487 1477/1477/1477
f 1487/1487/1487 1488/1488/1488 1477/1477/1477
f 1477/1477/1477 1488/1488/1488 1478/1478/1478
f 1488/1488/1488 1489/1489/1489 1478/1478/1478
f 1478/1478/1478 1489/1489/1489 1479/1479/1479
f 1489/1489/1489 1490/1490/1490 1479/1479/1479
f 1479/1479/1479 1490/1490/1490 1480/1480/1480
f 1490/1490/1490 1491/1491/1491 1480/1480/1480
f 1480/1480/1480 1491/1491/1491 1481/1481/1481
f 1491/1491/1491 1492/1492/1492 1481/1481/1481
f 1481/1481/1481 1492/1492/1492 1482/1482/1482
f 1492/1492/1492 1493/1493/1493 1482/1482/1482
f 1482/1482/1482 1493/1493/1493 1483/1483/1483
f 1493/1493/1493 1494/1494/1494 1483/1483/1483
f 1483/1483/1483 1494/1494/1494 1484/1484/1484
f 1494/1494/1494 1495/1495/1495 1484/1484/1484
f 1484/1484/1484 1495/1495/1495 1485/1485/1485
f 1495/1495/1495 1496/1496/1496 1485/1485/1485
f 1486/1486/1486 1497/1497/1497 1487/1487/1487
f 1497/1497/1497 1498/1498/1498 1487/1487/1487
f 1487/1487/1487 1498/1498/1498 1488/1488/1488
f 1498/1498/1498 1499/1499/1499 1488/1488/1488
f 1488/1488/1488 1499/1499/1499 1489/1489/1489
f 1499/1499/1499 1500/1500/1500 1489/1489/1489
f 1489/1489/1489 1500/1500/1500 1490/1490/1490
f 1500/1500/1500 1501/1501/1501 1490/1490/1490
f 1490/1490/1490 1501/1501/1501 1491/1491/1491
f 1501/1501/1501 1502/1502/1502 1491/1491/1491
f 1491/1491/1491 1502/1502/1502 1492/1492/1492
f 1502/1502/1502 1503/1503/1503 1492/1492/1492
f 1492/1492/1492 1503/1503/1503 1493/1493/1493
f 1503/1503/1503 1504/1504/1504 1493/1493/1493
f 1493/1493/1493 1504/1504/1504 1494/1494/1494
f 1504/1504/1504 1505/1505/1505 1494/1494/1494
f 1494/1494/1494 1505/1505/1505 1495/1495/1495
f 1505/1505/1505 1506/1506/1506 1495/1495/1495
f 1495/1495/1495 1506/1506/1506 1496/1496/1496
f 1506/1506/1506 1507/1507/1507 1496/1496/1496
f 1497/1497/1497 1508/1508/1508 1498/1498/1498
f 1508/1508/1508 1509/1509/1509 1498/1498/1498
f 1498/1498/1498 1509/1509/1509 1499/1499/1499
f 1509/1509/1509 1510/1510/1510 1499/1499/1499
f 1499/1499/1499 1510/1510/1510 1500/1500/1500
f 1510/1510/1510 1511/1511/1511 1500/1500/1500
f 1500/1500/1500 1511/1511/1511 1501/1501/1501
f 1511/1511/1511 1512/1512/1512 1501/1501/1501
f 1501/1501/1501 1512/1512/1512 1502/1502/1502
f 1512/1512/1512 1513/1513/1513 1502/1502/1502
f 1502/1502/1502 1513/1513/1513 1503/1503/1503
f 1513/1513/1513 1514/1514/1514 1503/1503/1503
f 1503/1503/1503 1514/1514/1514 1504/1504/1504
f 1514/1514/1514 1515/1515/1515 1504/1504/1504
f 1504/1504/1504 1515/1515/1515 1505/1505/1505
f 1515/1515/1515 1516/1516/1516 1505/1505/1505
f 1505/1505/1505 1516/1516/1516 1506/1506/1506
f 1516/1516/1516 1517/1517/1517 1506/1506/1506
f 1506/1506/1506 1517/1517/1517 1507/1507/1507
f 1517/1517/1517 1518/1518/1518 1507/1507/1507
f 1508/1508/1508 1519/1519/1519 1509/1509/1509
f 1519/1519/1519 1520/1520/1520 1509/1509/1509
f 1509/1509/1509 1520/1520/1520 1510/1510/1510
f 1520/1520/1520 1521/1521/1521 1510/1510/1510
f 1510/1510/1510 1521/1521/1521 1511/1511/1511
f 1521/1521/1521 1522/1522/1522 1511/1511/1511
f 1511/1511/1511 1522/1522/1522 1512/1512/1512
f 1522/1522/1522 1523/1523/1523 1512/1512/1512
f 1512/1512/1512 1523/1523/1523 1513/1513/1513
f 1523/1523/1523 1524/1524/1524 1513/1513/1513
f 1513/1513/1513 1524/1524/1524 1514/1514/1514
f 1524/1524/1524 1525/1525/1525 1514/1514/1514
f 1514/1514/1514 1525/1525/1525 1515/1515/1515
f 1525/1525/1525 1526/1526/1526 1515/1515/1515
f 1515/1515/1515 1526/1526/1526 1516/1516/1516
f 1526/1526/1526 1527/1527/1527 1516/1516/1516
f 1516/1516/1516 1527/1527/1527 1517/1517/1517
f 1527/1527/1527 1528/1528/1528 1517/1517/1517
f 1517/1517/1517 1528/1528/1528 1518/1518/1518
f 1528/1528/1528 1529/1529/1529 1518/1518/1518
f 1519/1519/1519 1530/1530/1530 1520/1520/1520
f 1530/1530/1530 1531/1531/1531 1520/1520/1520
f 1520/1520/1520 1531/1531/1531 1521/1521/1521
f 1531/1531/1531 1532/1532/1532 1521/1521/1521
f 1521/1521/1521 1532/1532/1532 1522/1522/1522
f 1532/1532/1532 1533/1533/1533 1522/1522/1522
f 1522/1522/1522 1533/1533/1533 1523/1523/1523
f 1533/1533/1533 1534/1534/1534 1523/1523/1523
f 1523/1523/1523 1534/1534/1534 1524/1524/1524
f 1534/1534/1534 1535/1535/1535 1524/1524/1524
f 1524/1524/1524 1535/1535/1535 1525/1525/1525
f 1535/1535/1535 1536/1536/1536 1525/1525/1525
f 1525/1525/1525 1536/1536/1536 1526/1526/1526
f 1536/1536/1536 1537/1537/1537 1526/1526/1526
f 1526/1526/1526 1537/1537/1537 1527/1527/1527
f 1537/1537/1537 1538/1538/1538 1527/1527/1527
f 1527/1527/1527 1538/1538/1538 1528/1528/1528
f 1538/1538/1538 1539/1539/1539 1528/1528/1528
f 1528/1528/1528 1539/1539/1539 1529/1529/1529
f 1539/1539/1539 1540/1540/1540 1529/1529/1529
f 1530/1530/1530 1541/1541/1541 1531/1531/1531
f 1541/1541/1541 1542/1542/1542 1531/1531/1531
f 1531/1531/1531 1542/1542/1542 1532/1532/1532
f 1542/1542/1542 1543/1543/1543 1532/1532/1532
f 1532/1532/1532 1543/1543/1543 1533/1533/1533
f 1543/1543/1543 1544/1544/1544 1533/1533/1533
f 1533/1533/1533 1544/1544/1544 1534/1534/1534
f 1544/1544/1544 1545/1545/1545 1534/1534/1534
f 1534/1534/1534 1545/1545/1545 1535/1535/1535
f 1545/1545/1545 1546/1546/1546 1535/1535/1535
f 1535/1535/1535 1546/1546/1546 1536/1536/1536
f 1546/1546/1546 1547/1547/1547 1536/1536/1536
f 1536/1536/1536 1547/1547/1547 1537/1537/1537
f 1547/1547/1547 1548/1548/1548 1537/1537/1537
f 1537/1537/1537 1548/1548/1548 1538/1538/1538
f 1548/1548/1548 1549/1549/1549 1538/1538/1538
f 1538/1538/1538 1549/1549/1549 1539/1539/1539
f 1549/1549/1549 1550/1550/1550 1539/1539/1539
f 1539/1539/1539 1550/1550/1550 1540/1540/1540
f 1550/1550/1550 1551/1551/1551 1540/1540/1540
f 1541/1541/1541 1552/1552/1552 1542/1542/1542
f 1552/1552/1552 1553/1553/1553 1542/1542/1542
f 1542/1542/1542 1553/1553/1553 1543/1543/1543
f 1553/1553/1553 1554/1554/1554 1543/1543/1543
f 1543/1543/1543 1554/1554/1554 1544/1544/1544
f 1554/1554/1554 1555/1555/1555 1544/1544/1544
f 1544/1544/1544 1555/1555/1555 1545/1545/1545
f 1555/1555/1555 1556/1556/1556 1545/1545/1545
f 1545/1545/1545 1556/1556/1556 1546/1546/1546
f 1556/1556/1556 1557/1557/1557 1546/1546/1546
f 1546/1546/1546 1557/1557/1557 1547/1547/1547
f 1557/1557/1557 1558/1558/1558 1547/1547/1547
f 1547/1547/1547 1558/1558/1558 1548/1548/1548
f 1558/1558/1558 1559/1559/1559 1548/1548/1548
f 1548/1548/1548 1559/1559/1559 1549/1549/1549
f 1559/1559/1559 1560/1560/1560 1549/1549/1549
f 1549/1549/1549 1560/1560/1560 1550/1550/1550
f 1560/1560/1560 1561/1561/1561 1550/1550/1550
f 1550/1550/1550 1561/1561/1561 1551/1551/1551
f 1561/1561/1561 1562/1562/1562 1551/1551/1551
f 1552/1552/1552 1563/1563/1563 1553/1553/1553
f 1563/1563/1563 1564/1564/1564 1553/1553/1553
f 1553/1553/1553 1564/1564/1564 1554/1554/1554
f 1564/1564/1564 1565/1565/1565 1554/1554/1554
f 1554/1554/1554 1565/1565/1565 1555/1555/1555
f 1565/1565/1565 1566/1566/1566 1555/1555/1555
f 1555/1555/1555 1566/1566/1566 1556/1556/1556
f 1566/1566/1566 1567/1567/1567 1556/1556/1556
f 1556/1556/1556 1567/1567/1567 1557/1557/1557
f 1567/1567/1567 1568/1568/1568 1557/1557/1557
f 1557/1557/1557 1568/1568/1568 1558/1558/1558
f 1568/1568/1568 1569/1569/1569 1558/1558/1558
f 1558/1558/1558 1569/1569/1569 1559/1559/1559
f 1569/1569/1569 1570/1570/1570 1559/1559/1559
f 1559/1559/1559 1570/1570/1570 1560/1560/1560
f 1570/1570/1570 1571/1571/1571 1560/1560/1560
f 1560/1560/1560 1571/1571/1571 1561/1561/1561
f 1571/1571/1571 1572/1572/1572 1561/1561/1561
f 1561/1561/1561 1572/1572/1572 1562/1562/1562
f 1572/1572/1572 1573/1573/1573 1562/1562/1562
f 1563/1563/1563 1574/1574/1574 1564/1564/1564
f 1574/1574/1574 1575/1575/1575 1564/1564/1564
f 1564/1564/1564 1575/1575/1575 1565/1565/1565
f 1575/1575/1575 1576/1576/1576 1565/1565/1565
f 1565/1565/1565 1576/1576/1576 1566/1566/1566
f 1576/1576/1576 1577/1577/1577 1566/1566/1566
f 1566/1566/1566 1577/1577/1577 1567/1567/1567
f 1577/1577/1577 1578/1578/1578 1567/1567/1567
f 1567/1567/1567 1578/1578/1578 1568/1568/1568
f 1578/1578/1578 1579/1579/1579 1568/1568/1568
f 1568/1568/1568 1579/1579/1579 1569/1569/1569
f 1579/1579/1579 1580/1580/1580 1569/1569/1569
f 1569/1569/1569 1580/1580/1580 1570/1570/1570
f 1580/1580/1580 1581/1581/1581 1570/1570/1570
f 1570/1570/1570 1581/1581/1581 1571/1571/1571
f 1581/1581/1581 1582/1582/1582 1571/1571/1571
f 1571/1571/1571 1582/1582/1582 1572/1572/1572
f 1582/1582/1582 1583/1583/1583 1572/1572/1572
f 1572/1572/1572 1583/1583/1583 1573/1573/1573
f 1583/1583/1583 1584/1584/1584 1573/1573/1573
f 1574/1574/1574 1585/1585/1585 1575/1575/1575
f 1585/1585/1585 1586/1586/1586 1575/1575/1575
f 1575/1575/1575 1586/1586/1586 1576/1576/1576
f 1586/1586/1586 1587/1587/1587 1576/1576/1576
f 1576/1576/1576 1587/1587/1587 1577/1577/1577
f 1587/1587/1587 1588/1588/1588 1577/1577/1577
f 1577/1577/1577 1588/1588/1588 1578/1578/1578
f 1588/1588/1588 1589/1589/1589 1578/1578/1578
f 1578/1578/1578 1589/1589/1589 1579/1579/1579
f 1589/1589/1589 1590/1590/1590 1579/1579/1579
f 1579/1579/1579 1590/1590/1590 1580/1580/1580
f 1590/1590/1590 1591/1591/1591 1580/1580/1580
f 1580/1580/1580 1591/1591/1591 1581/1581/1581
f 1591/1591/1591 1592/1592/1592 1581/1581/1581
f 1581/1581/1581 1592/1592/1592 1582/1582/1582
f 1592/1592/1592 1593/1593/1593 1582/1582/1582
f 1582/1582/1582 1593/1593/1593 1583/1583/1583
f 1593/1593/1593 1594/1594/1594 1583/1583/1583
f 1583/1583/1583 1594/1594/1594 1584/1584/1584
f 1594/1594/1594 1595/1595/1595 1584/1584/1584
f 1585/1585/1585 1596/1596/1596 1586/1586/1586
f 1596/1596/1596 1597/1597/1597 1586/1586/1586
f 1586/1586/1586 1597/1597/1597 1587/1587/1587
f 1597/1597/1597 1598/1598/1598 1587/1587/1587
f 1587/1587/1587 1598/1598/1598 1588/1588/1588
f 1598/1598/1598 1599/1599/1599 1588/1588/1588
f 1588/1588/1588 1599/1599/1599 1589/1589/1589
f 1599/1599/1599 1600/1600/1600 1589/1589/1589
f 1589/1589/1589 1600/1600/1600 1590/1590/1590
f 1600/1600/1600 1601/1601/1601 1590/1590/1590
f 1590/1590/1590 1601/1601/1601 1591/1591/1591
f 1601/1601/1601 1602/1602/1602 1591/1591/1591
f 1591/1591/1591 1602/1602/1602 1592/1592/1592
f 1602/1602/1602 1603/1603/1603 1592/1592/1592
f 1592/1592/1592 1603/1603/1603 1593/1593/1593
f 1603/1603/1603 1604/1604/1604 1593/1593/1593
f 1593/1593/1593 1604/1604/1604 1594/1594/1594
f 1604/1604/1604 1605/1605/1605 1594/1594/1594
f 1594/1594/1594 1605/1605/1605 1595/1595/1595
f 1605/1605/1605 1606/1606/1606 1595/1595/1595
f 1596/1596/1596 1607/1607/1607 1597/1597/1597
f 1607/1607/1607 1608/1608/1608 1597/1597/1597
f 1597/1597/1597 1608/1608/1608 1598/1598/1598
f 1608/1608/1608 1609/1609/1609 1598/1598/1598
f 1598/1598/1598 1609/1609/1609 1599/1599/1599
f 1609/1609/1609 1610/1610/1610 1599/1599/1599
f 1599/1599/1599 1610/1610/1610 1600/1600/1600
f 1610/1610/1610 1611/1611/1611 1600/1600/1600
f 1600/1600/1600 1611/1611/1611 1601/1601/1601
f 1611/1611/1611 1612/1612/1612 1601/1601/1601
f 1601/1601/1601 1612/1612/1612 1602/1602/1602
f 1612/1612/1612 1613/1613/1613 1602/1602/1602
f 1602/1602/1602 1613/1613/1613 1603/1603/1603
f 1613/1613/1613 1614/1614/1614 1603/1603/1603
f 1603/1603/1603 1614/1614/1614 1604/1604/1604
f 1614/1614/1614 1615/1615/1615 1604/1604/1604
f 1604/1604/1604 1615/1615/1615 1605/1605/1605
f 1615/1615/1615 1616/1616/1616 1605/1605/1605
f 1605/1605/1605 1616/1616/1616 1606/1606/1606
f 1616/1616/1616 1617/1617/1617 1606/1606/1606
f 1607/1607/1607 1618/1618/1618 1608/1608/1608
f 1618/1618/1618 1619/1619/1619 1608/1608/1608
f 1608/1608/1608 1619/1619/1619 1609/1609/1609
f 1619/1619/1619 1620/1620/1620 1609/1609/1609
f 1609/1609/1609 1620/1620/1620 1610/1610/1610
f 1620/1620/1620 1621/1621/1621 1610/1610/1610
f 1610/1610/1610 1621/1621/1621 1611/1611/1611
f 1621/1621/1621 1622/1622/1622 1611/1611/1611
f 1611/1611/1611 1622/1622/1622 1612/1612/1612
f 1622/1622/1622 1623/1623/1623 1612/1612/1612
f 1612/1612/1612 1623/1623/1623 1613/1613/1613
f 1623/1623/1623 1624/1624/1624 1613/1613/1613
f 1613/1613/1613 1624/1624/1624 1614/1614/1614
f 1624/1624/1624 1625/1625/1625 1614/1614/1614
f 1614/1614/1614 1625/1625/1625 1615/1615/1615
f 1625/1625/1625 1626/1626/1626 1615/1615/1615
f 1615/1615/1615 1626/1626/1626 1616/1616/1616
f 1626/1626/1626 1627/1627/1627 1616/1616/1616
f 1616/1616/1616 1627/1627/1627 1617/1617/1617
f 1627/1627/1627 1628/1628/1628 1617/1617/1617
f 1618/1618/1618 1629/1629/1629 1619/1619/1619
f 1629/1629/1629 1630/1630/1630 1619/1619/1619
f 1619/1619/1619 1630/1630/1630 1620/1620/1620
f 1630/1630/1630 1631/1631/1631 1620/1620/1620
f 1620/1620/1620 1631/1631/1631 1621/1621/1621
f 1631/1631/1631 1632/1632/1632 1621/1621/1621
f 1621/1621/1621 1632/1632/1632 1622/1622/1622
f 1632/1632/1632 1633/1633/1633 1622/1622/1622
f 1622/1622/1622 1633/1633/1633 1623/1623/1623
f 1633/1633/1633 1634/1634/1634 1623/1623/1623
f 1623/1623/1623 1634/1634/1634 1624/1624/1624
f 1634/1634/1634 1635/1635/1635 1624/1624/1624
f 1624/1624/1624 1635/1635/1635 1625/1625/1625
f 1635/1635/1635 1636/1636/1636 1625/1625/1625
f 1625/1625/1625 1636/1636/1636 1626/1626/1626
f 1636/1636/1636 1637/1637/1637 1626/1626/1626
f 1626/1626/1626 1637/1637/1637 1627/1627/1627
f 1637/1637/1637 1638/1638/1638 1627/1627/1627
f 1627/1627/1627 1638/1638/1638 1628/1628/1628
f 1638/1638/1638 1639/1639/1639 1628/1628/1628
f 1629/1629/1629 1640/1640/1640 1630/1630/1630
f 1640/1640/1640 1641/1641/1641 1630/1630/1630
f 1630/1630/1630 1641/1641/1641 1631/1631/1631
f 1641/1641/1641 1642/1642/1642 1631/1631/1631
f 1631/1631/1631 1642/1642/1642 1632/1632/1632
f 1642/1642/1642 1643/1643/1643 1632/1632/1632
f 1632/1632/1632 1643/1643/1643 1633/1633/1633
f 1643/1643/1643 1644/1644/1644 1633/1633/1633
f 1633/1633/1633 1644/1644/1644 1634/1634/1634
f 1644/1644/1644 1645/1645/1645 1634/1634/1634
f 1634/1634/1634 1645/1645/1645 1635/1635/1635
f 1645/1645/1645 1646/1646/1646 1635/1635/1635
f 1635/1635/1635 1646/1646/1646 1636/1636/1636
f 1646/1646/1646 1647/1647/1647 1636/1636/1636
f 1636/1636/1636 1647/1647/1647 1637/1637/1637
f 1647/1647/1647 1648/1648/1648 1637/1637/1637
f 1637/1637/1637 1648/1648/1648 1638/1638/1638
f 1648/1648/1648 1649/1649/1649 1638/1638/1638
f 1638/1638/1638 1649/1649/1649 1639/1639/1639
f 1649/1649/1649 1650/1650/1650 1639/1639/1639
f 1640/1640/1640 1651/1651/1651 1641/1641/1641
f 1651/1651/1651 1652/1652/1652 1641/1641/1641
f 1641/1641/1641 1652/1652/1652 1642/1642/1642
f 1652/1652/1652 1653/1653/1653 1642/1642/1642
f 1642/1642/1642 1653/1653/1653 1643/1643/1643
f 1653/1653/1653 1654/1654/1654 1643/1643/1643
f 1643/1643/1643 1654/1654/1654 1644/1644/1644
f 1654/1654/1654 1655/1655/1655 1644/1644/1644
f 1644/1644/1644 1655/1655/1655 1645/1645/1645
f 1655/1655/1655 1656/1656/1656 1645/1645/1645
f 1645/1645/1645 1656/1656/1656 1646/1646/1646
f 1656/1656/1656 1657/1657/1657 1646/1646/1646
f 1646/1646/1646 1657/1657/1657 1647/1647/1647
f 1657/1657/1657 1658/1658/1658 1647/1647/1647
f 1647/1647/1647 1658/1658/1658 1648/1648/1648
f 1658/1658/1658 1659/1659/1659 1648/1648/1648
f 1648/1648/1648 1659/1659/1659 1649/1649/1649
f 1659/1659/1659 1660/1660/1660 1649/1649/1649
f 1649/1649/1649 1660/1660/1660 1650/1650/1650
f 1660/1660/1660 1661/1661/1661 1650/1650/1650
f 1651/1651/1651 1662/1662/1662 1652/1652/1652
f 1662/1662/1662 1663/1663/1663 1652/1652/1652
f 1652/1652/1652 1663/1663/1663 1653/1653/1653
f 1663/1663/1663 1664/1664/1664 1653/1653/1653
f 1653/1653/1653 1664/1664/1664 1654/1654/1654
f 1664/1664/1664 1665/1665/1665 1654/1654/1654
f 1654/1654/1654 1665/1665/1665 1655/1655/1655
f 1665/1665/1665 1666/1666/1666 1655/1655/1655
f 1655/1655/1655 1666/1666/1666 1656/1656/1656
f 1666/1666/1666 1667/1667/1667 1656/1656/1656
f 1656/1656/1656 1667/1667/1667 1657/1657/1657
f 1667/1667/1667 1668/1668/1668 1657/1657/1657
f 1657/1657/1657 1668/1668/1668 1658/1658/1658
f 1668/1668/1668 1669/1669/1669 1658/1658/1658
f 1658/1658/1658 1669/1669/1669 1659/1659/1659
f 1669/1669/1669 1670/1670/1670 1659/1659/1659
f 1659/1659/1659 1670/1670/1670 1660/1660/1660
f 1670/1670/1670 1671/1671/1671 1660/1660/1660
f 1660/1660/1660 1671/1671/1671 1661/1661/1661
f 1671/1671/1671 1672/1672/1672 1661/1661/1661
f 1662/1662/1662 1673/1673/1673 1663/1663/1663
f 1673/1673/1673 1674/1674/1674 1663/1663/1663
f 1663/1663/1663 1674/1674/1674 1664/1664/1664
f 1674/1674/1674 1675/1675/1675 1664/1664/1664
f 1664/1664/1664 1675/1675/1675 1665/1665/1665
f 1675/1675/1675 1676/1676/1676 1665/1665/1665
f 1665/1665/1665 1676/1676/1676 1666/1666/1666
f 1676/1676/1676 1677/1677/1677 1666/1666/1666
f 1666/1666/1666 1677/1677/1677 1667/1667/1667
f 1677/1677/1677 1678/1678/1678 1667/1667/1667
f 1667/1667/1667 1678/1678/1678 1668/1668/1668
f 1678/1678/1678 1679/1679/1679 1668/1668/1668
f 1668/1668/1668 1679/1679/1679 1669/1669/1669
f 1679/1679/1679 1680/1680/1680 1669/1669/1669
f 1669/1669/1669 1680/1680/1680 1670/1670/1670
f 1680/1680/1680 1681/1681/1681 1670/1670/1670
f 1670/1670/1670 1681/1681/1681 1671/1671/1671
f 1681/1681/1681 1682/1682/1682 1671/1671/1671
f 1671/1671/1671 1682/1682/1682 1672/1672/1672
f 1682/1682/1682 1683/1683/1683 1672/1672/1672
f 1673/1673/1673 1684/1684/1684 1674/1674/1674
f 1684/1684/1684 1685/1685/1685 1674/1674/1674
f 1674/1674/1674 1685/1685/1685 1675/1675/1675
f 1685/1685/1685 1686/1686/1686 1675/1675/1675
f 1675/1675/1675 1686/1686/1686 1676/1676/1676
f 1686/1686/1686 1687/1687/1687 1676/1676/1676
f 1676/1676/1676 1687/1687/1687 1677/1677/1677
f 1687/1687/1687 1688/1688/1688 1677/1677/1677
f 1677/1677/1677 1688/1688/1688 1678/1678/1678
f 1688/1688/1688 1689/1689/1689 1678/1678/1678
f 1678/1678/1678 1689/1689/1689 1679/1679/1679
f 1689/1689/1689 1690/1690/1690 1679/1679/1679
f 1679/1679/1679 1690/1690/1690 1680/1680/1680
f 1690/1690/1690 1691/1691/1691 1680/1680/1680
f 1680/1680/1680 1691/1691/1691 1681/1681/1681
f 1691/1691/1691 1692/1692/1692 1681/1681/1681
f 1681/1681/1681 1692/1692/1692 1682/1682/1682
f 1692/1692/1692 1693/1693/1693 1682/1682/1682
f 1682/1682/1682 1693/1693/1693 1683/1683/1683
f 1693/1693/1693 1694/1694/1694 1683/1683/1683
f 1684/1684/1684 1695/1695/1695 1685/1685/1685
f 1695/1695/1695 1696/1696/1696 1685/1685/1685
f 1685/1685/1685 1696/1696/1696 1686/1686/1686
f 1696/1696/1696 1697/1697/1697 1686/1686/1686
f 1686/1686/1686 1697/1697/1697 1687/1687/1687
f 1697/1697/1697 1698/1698/1698 1687/1687/1687
f 1687/1687/1687 1698/1698/1698 1688/1688/1688
f 1698/1698/1698 1699/1699/1699 1688/1688/1688
f 1688/1688/1688 1699/1699/1699 1689/1689/1689
f 1699/1699/1699 1700/1700/1700 1689/1689/1689
f 1689/1689/1689 1700/1700/1700 1690/1690/1690
f 1700/1700/1700 1701/1701/1701 1690/1690/1690
f 1690/1690/1690 1701/1701/1701 1691/1691/1691
f 1701/1701/1701 1702/1702/1702 1691/1691/1691
f 1691/1691/1691 1702/1702/1702 1692/1692/1692
f 1702/1702/1702 1703/1703/1703 1692/1692/1692
f 1692/1692/1692 1703/1703/1703 1693/1693/1693
f 1703/1703/1703 1704/1704/1704 1693/1693/1693
f 1693/1693/1693 1704/1704/1704 1694/1694/1694
f 1704/1704/1704 1705/1705/1705 1694/1694/1694
f 1695/1695/1695 1706/1706/1706 1696/1696/1696
f 1706/1706/1706 1707/1707/1707 1696/1696/1696
f 1696/1696/1696 1707/1707/1707 1697/1697/1697
f 1707/1707/1707 1708/1708/1708 1697/1697/1697
f 1697/1697/1697 1708/1708/1708 1698/1698/1698
f 1708/1708/1708 1709/1709/1709 1698/1698/1698
f 1698/1698/1698 1709/1709/1709 1699/1699/1699
f 1709/1709/1709 1710/1710/1710 1699/1699/1699
f 1699/1699/1699 1710/1710/1710 1700/1700/1700
f 1710/1710/1710 1711/1711/1711 1700/1700/1700
f 1700/1700/1700 1711/1711/1711 1701/1701/1701
f 1711/1711/1711 1712/1712/1712 1701/1701/1701
f 1701/1701/1701 1712/1712/1712 1702/1702/1702
f 1712/1712/1712 1713/1713/1713 1702/1702/1702
f 1702/1702/1702 1713/1713/1713 1703/1703/1703
f 1713/1713/1713 1714/1714/1714 1703/1703/1703
f 1703/1703/1703 1714/1714/1714 1704/1704/1704
f 1714/1714/1714 1715/1715/1715 1704/1704/1704
f 1704/1704/1704 1715/1715/1715 1705/1705/1705
f 1715/1715/1715 1716/1716/1716 1705/1705/1705
f 1706/1706/1706 1717/1717/1717 1707/1707/1707
f 1717/1717/1717 1718/1718/1718 1707/1707/1707
f 1707/1707/1707 1718/1718/1718 1708/1708/1708
f 1718/1718/1718 1719/1719/1719 1708/1708/1708
f 1708/1708/1708 1719/1719/1719 1709/1709/1709
f 1719/1719/1719 1720/1720/1720 1709/1709/1709
f 1709/1709/1709 1720/1720/1720 1710/1710/1710
f 1720/1720/1720 1721/1721/1721 1710/1710/1710
f 1710/1710/1710 1721/1721/1721 1711/1711/1711
f 1721/1721/1721 1722/1722/1722 1711/1711/1711
f 1711/1711/1711 1722/1722/1722 1712/1712/1712
f 1722/1722/1722 1723/1723/1723 1712/1712/1712
f 1712/1712/1712 1723/1723/1723 1713/1713/1713
f 1723/1723/1723 1724/1724/1724 1713/1713/1713
f 1713/1713/1713 1724/1724/1724 1714/1714/1714
f 1724/1724/1724 1725/1725/1725 1714/1714/1714
f 1714/1714/1714 1725/1725/1725 1715/1715/1715
f 1725/1725/1725 1726/1726/1726 1715/1715/1715
f 1715/1715/1715 1726/1726/1726 1716/1716/1716
f 1726/1726/1726 1727/1727/1727 1716/1716/1716
f 1717/1717/1717 1728/1728/1728 1718/1718/1718
f 1728/1728/1728 1729/1729/1729 1718/1718/1718
f 1718/1718/1718 1729/1729/1729 1719/1719/1719
f 1729/1729/1729 1730/1730/1730 1719/1719/1719
f 1719/1719/1719 1730/1730/1730 1720/1720/1720
f 1730/1730/1730 1731/1731/1731 1720/1720/1720
f 1720/1720/1720 1731/1731/1731 1721/1721/1721
f 1731/1731/1731 1732/1732/1732 1721/1721/1721
f 1721/1721/1721 1732/1732/1732 1722/1722/1722
f 1732/1732/1732 1733/1733/1733 1722/1722/1722
f 1722/1722/1722 1733/1733/1733 1723/1723/1723
f 1733/1733/1733 1734/1734/1734 1723/1723/1723
f 1723/1723/1723 1734/1734/1734 1724/1724/1724
f 1734/1734/1734 1735/1735/1735 1724/1724/1724
f 1724/1724/1724 1735/1735/1735 1725/1725/1725
f 1735/1735/1735 1736/1736/1736 1725/1725/1725
f 1725/1725/1725 1736/1736/1736 1726/1726/1726
f 1736/1736/1736 1737/1737/1737 1726/1726/1726
f 1726/1726/1726 1737/1737/1737 1727/1727/1727
f 1737/1737/1737 1738/1738/1738 1727/1727/1727
f 1728/1728/1728 1739/1739/1739 1729/1729/1729
f 1739/1739/1739 1740/1740/1740 1729/1729/1729
f 1729/1729/1729 1740/1740/1740 1730/1730/1730
f 1740/1740/1740 1741/1741/1741 1730/1730/1730
f 1730/1730/1730 1741/1741/1741 1731/1731/1731
f 1741/1741/1741 1742/1742/1742 1731/1731/1731
f 1731/1731/1731 1742/1742/1742 1732/1732/1732
f 1742/1742/1742 1743/1743/1743 1732/1732/1732
f 1732/1732/1732 1743/1743/1743 1733/1733/1733
f 1743/1743/1743 1744/1744/1744 1733/1733/1733
f 1733/1733/1733 1744/1744/1744 1734/1734/1734
f 1744/1744/1744 1745/1745/1745 1734/1734/1734
f 1734/1734/1734 1745/1745/1745 1735/1735/1735
f 1745/1745/1745 1746/1746/1746 1735/1735/1735
f 1735/1735/1735 1746/1746/1746 1736/1736/1736
f 1746/1746/1746 1747/1747/1747 1736/1736/1736
f 1736/1736/1736 1747/1747/1747 1737/1737/1737
f 1747/1747/1747 1748/1748/1748 1737/1737/1737
f 1737/1737/1737 1748/1748/1748 1738/1738/1738
f 1748/1748/1748 1749/1749/1749 1738/1738/1738
f 1739/1739/1739 1750/1750/1750 1740/1740/1740
f 1750/1750/1750 1751/1751/1751 1740/1740/1740
f 1740/1740/1740 1751/1751/1751 1741/1741/1741
f 1751/1751/1751 1752/1752/1752 1741/1741/1741
f 1741/1741/1741 1752/1752/1752 1742/1742/1742
f 1752/1752/1752 1753/1753/1753 1742/1742/1742
f 1742/1742/1742 1753/1753/1753 1743/1743/1743
f 1753/1753/1753 1754/1754/1754 1743/1743/1743
f 1743/1743/1743 1754/1754/1754 1744/1744/1744
f 1754/1754/1754 1755/1755/1755 1744/1744/1744
f 1744/1744/1744 1755/1755/1755 1745/1745/1745
f 1755/1755/1755 1756/1756/1756 1745/1745/1745
f 1745/1745/1745 1756/1756/1756 1746/1746/1746
f 1756/1756/1756 1757/1757/1757 1746/1746/1746
f 1746/1746/1746 1757/1757/1757 1747/1747/1747
f 1757/1757/1757 1758/1758/1758 1747/1747/1747
f 1747/1747/1747 1758/1758/1758 1748/1748/1748
f 1758/1758/1758 1759/1759/1759 1748/1748/1748
f 1748/1748/1748 1759/1759/1759 1749/1749/1749
f 1759/1759/1759 1760/1760/1760 1749/1749/1749
f 1750/1750/1750 1761/1761/1761 1751/1751/1751
f 1761/1761/1761 1762/1762/1762 1751/1751/1751
f 1751/1751/1751 1762/1762/1762 1752/1752/1752
f 1762/1762/1762 1763/1763/1763 1752/1752/1752
f 1752/1752/1752 1763/1763/1763 1753/1753/1753
f 1763/1763/1763 1764/1764/1764 1753/1753/1753
f 1753/1753/1753 1764/1764/1764 1754/1754/1754
f 1764/1764/1764 1765/1765/1765 1754/1754/1754
f 1754/1754/1754 1765/1765/1765 1755/1755/1755
f 1765/1765/1765 1766/1766/1766 1755/1755/1755
f 1755/1755/1755 1766/1766/1766 1756/1756/1756
f 1766/1766/1766 1767/1767/1767 1756/1756/1756
f 1756/1756/1756 1767/1767/1767 1757/1757/1757
f 1767/1767/1767 1768/1768/1768 1757/1757/1757
f 1757/1757/1757 1768/1768/1768 1758/1758/1758
f 1768/1768/1768 1769/1769/1769 1758/1758/1758
f 1758/1758/1758 1769/1769/1769 1759/1759/1759
f 1769/1769/1769 1770/1770/1770 1759/1759/1759
f 1759/1759/1759 1770/1770/1770 1760/1760/1760
f 1770/1770/1770 1771/1771/1771 1760/1760/1760
o 
v 0.2199999988079071 0.20000000298023224 0.18000000715255737
v 0.2199999988079071 0.20000000298023224 0.18000000715255737
v 0.2199999988079071 0.20000000298023224 0.18000000715255737
v 0.2199999988079071 0.20000000298023224 0.18000000715255737
v 0.2199999988079071 0.20000000298023224 0.18000000715255737
v 0.2199999988079071 0.20000000298023224 0.18000000715255737
v 0.2199999988079071 0.20000000298023224 0.18000000715255737
v 0.2199999988079071 0.20000000298023224 0.18000000715255737
v 0.2199999988079071 0.20000000298023224 0.18000000715255737
v 0.2199999988079071 0.20000000298023224 0.18000000715255737
v 0.2199999988079071 0.20000000298023224 0.18000000715255737
v 0.2199999988079071 0.20000000298023224 0.18000000715255737
v 0.2199999988079071 0.20000000298023224 0.18000000715255737
v 0.2199999988079071 0.20000000298023224 0.18000000715255737
v 0.2199999988079071 0.20000000298023224 0.18000000715255737
v 0.2199999988079071 0.20000000298023224 0.18000000715255737
v 0.2199999988079071 0.20000000298023224 0.18000000715255737
v 0.2199999988079071 0.20000000298023224 0.18000000715255737
v 0.2199999988079071 0.20000000298023224 0.18000000715255737
v 0.2199999988079071 0.20000000298023224 0.18000000715255737
v 0.2199999988079071 0.20000000298023224 0.18000000715255737
v 0.19552269577980042 0.19799423217773438 0.18000000715255737
v 0.19672070443630219 0.19799423217773438 0.18756389617919922
v 0.20019744336605072 0.19799423217773438 0.19438739120960236
v 0.20561259984970093 0.19799423217773438 0.19980254769325256
v 0.21243609488010406 0.19799423217773438 0.2032793015241623
v 0.2199999988079071 0.19799423217773438 0.20447729527950287
v 0.22756390273571014 0.19799423217773438 0.2032793015241623
v 0.23438739776611328 0.19799423217773438 0.19980254769325256
v 0.2398025542497635 0.19799423217773438 0.19438739120960236
v 0.24327929317951202 0.19799423217773438 0.18756389617919922
v 0.2444773018360138 0.19799423217773438 0.18000000715255737
v 0.24327929317951202 0.19799423217773438 0.17243610322475433
v 0.2398025542497635 0.19799423217773438 0.1656126081943512
v 0.23438739776611328 0.19799423217773438 0.160197451710701
v 0.22756390273571014 0.19799423217773438 0.15672069787979126
v 0.2199999988079071 0.19799423217773438 0.15552270412445068
v 0.21243609488010406 0.19799423217773438 0.15672069787979126
v 0.20561259984970093 0.19799423217773438 0.160197451710701
v 0.20019744336605072 0.19799423217773438 0.1656126081943512
v 0.19672070443630219 0.19799423217773438 0.17243610322475433
v 0.19552269577980042 0.19799423217773438 0.18000000715255737
v 0.17227278649806976 0.19207750260829926 0.18000000715255737
v 0.1746087223291397 0.19207750260829926 0.19474852085113525
v 0.18138787150382996 0.19207750260829926 0.2080533504486084
v 0.19194665551185608 0.19207750260829926 0.21861211955547333
v 0.20525148510932922 0.19207750260829926 0.22539126873016357
v 0.2199999988079071 0.19207750260829926 0.22772720456123352
v 0.23474851250648499 0.19207750260829926 0.22539126873016357
v 0.24805335700511932 0.19207750260829926 0.21861211955547333
v 0.25861212611198425 0.19207750260829926 0.2080533504486084
v 0.2653912901878357 0.19207750260829926 0.19474852085113525
v 0.26772719621658325 0.19207750260829926 0.18000000715255737
v 0.2653912901878357 0.19207750260829926 0.1652514785528183
v 0.25861212611198425 0.19207750260829926 0.15194664895534515
v 0.24805335700511932 0.19207750260829926 0.14138787984848022
v 0.23474851250648499 0.19207750260829926 0.13460873067378998
v 0.2199999988079071 0.19207750260829926 0.13227279484272003
v 0.20525148510932922 0.19207750260829926 0.13460873067378998
v 0.19194665551185608 0.19207750260829926 0.14138787984848022
v 0.18138787150382996 0.19207750260829926 0.15194664895534515
v 0.1746087223291397 0.19207750260829926 0.1652514785528183
v 0.17227278649806976 0.19207750260829926 0.18000000715255737
v 0.1514161229133606 0.18254652619361877 0.18000000715255737
v 0.15477284789085388 0.18254652619361877 0.20119358599185944
v 0.1645144820213318 0.18254652619361877 0.22031259536743164
v 0.17968741059303284 0.18254652619361877 0.2354855239391327
v 0.19880641996860504 0.18254652619361877 0.2452271431684494
v 0.2199999988079071 0.18254652619361877 0.24858388304710388
v 0.24119357764720917 0.18254652619361877 0.2452271431684494
v 0.26031258702278137 0.18254652619361877 0.2354855239391327
v 0.2754855155944824 0.18254652619361877 0.22031259536743164
v 0.2852271497249603 0.18254652619361877 0.20119358599185944
v 0.2885838747024536 0.18254652619361877 0.18000000715255737
v 0.2852271497249603 0.18254652619361877 0.15880641341209412
v 0.2754855155944824 0.18254652619361877 0.1396874040365219
v 0.26031258702278137 0.18254652619361877 0.12451447546482086
v 0.24119357764720917 0.18254652619361877 0.11477285623550415
v 0.2199999988079071 0.18254652619361877 0.11141612380743027
v 0.19880641996860504 0.18254652619361877 0.11477285623550415
v 0.17968741059303284 0.18254652619361877 0.12451447546482086
v 0.1645144820213318 0.18254652619361877 0.1396874040365219
v 0.15477284789085388 0.18254652619361877 0.15880641341209412
v 0.1514161229133606 0.18254652619361877 0.18000000715255737
v 0.13399852812290192 0.16987918317317963 0.18000000715255737
v 0.13820774853229523 0.16987918317317963 0.2065759152173996
v 0.1504233479499817 0.16987918317317963 0.2305503934621811
v 0.1694496124982834 0.16987918317317963 0.2495766431093216
v 0.19342409074306488 0.16987918317317963 0.26179224252700806
v 0.2199999988079071 0.16987918317317963 0.26600146293640137
v 0.24657590687274933 0.16987918317317963 0.26179224252700806
v 0.270550400018692 0.16987918317317963 0.2495766431093216
v 0.2895766496658325 0.16987918317317963 0.2305503934621811
v 0.3017922639846802 0.16987918317317963 0.2065759152173996
v 0.3060014545917511 0.16987918317317963 0.18000000715255737
v 0.3017922639846802 0.16987918317317963 0.15342408418655396
v 0.2895766496658325 0.16987918317317963 0.12944960594177246
v 0.270550400018692 0.16987918317317963 0.11042335629463196
v 0.24657590687274933 0.16987918317317963 0.0982077494263649
v 0.2199999988079071 0.16987918317317963 0.09399853646755219
v 0.19342409074306488 0.16987918317317963 0.0982077494263649
v 0.1694496124982834 0.16987918317317963 0.11042335629463196
v 0.1504233479499817 0.16987918317317963 0.12944960594177246
v 0.13820774853229523 0.16987918317317963 0.15342408418655396
v 0.13399852812290192 0.16987918317317963 0.18000000715255737
v 0.12089342623949051 0.15471069514751434 0.18000000715255737
v 0.1257440447807312 0.15471069514751434 0.21062561869621277
v 0.1398210972547531 0.15471069514751434 0.2382533848285675
v 0.16174660623073578 0.15471069514751434 0.26017889380455017
v 0.1893743872642517 0.15471069514751434 0.2742559611797333
v 0.2199999988079071 0.15471069514751434 0.27910658717155457
v 0.2506256103515625 0.15471069514751434 0.2742559611797333
v 0.27825337648391724 0.15471069514751434 0.26017889380455017
v 0.3001789152622223 0.15471069514751434 0.2382533848285675
v 0.314255952835083 0.15471069514751434 0.21062561869621277
v 0.3191065788269043 0.15471069514751434 0.18000000715255737
v 0.314255952835083 0.15471069514751434 0.14937438070774078
v 0.3001789152622223 0.15471069514751434 0.12174661457538605
v 0.27825337648391724 0.15471069514751434 0.09982109814882278
v 0.2506256103515625 0.15471069514751434 0.08574404567480087
v 0.2199999988079071 0.15471069514751434 0.08089342713356018
v 0.1893743872642517 0.15471069514751434 0.08574404567480087
v 0.16174660623073578 0.15471069514751434 0.09982109814882278
v 0.1398210972547531 0.15471069514751434 0.12174661457538605
v 0.1257440447807312 0.15471069514751434 0.14937438070774078
v 0.12089342623949051 0.15471069514751434 0.18000000715255737
v 0.11275792866945267 0.13780167698860168 0.18000000715255737
v 0.11800673604011536 0.13780167698860168 0.2131396234035492
v 0.13323934376239777 0.13780167698860168 0.24303530156612396
v 0.15696468949317932 0.13780167698860168 0.2667606472969055
v 0.18686038255691528 0.13780167698860168 0.2819932699203491
v 0.2199999988079071 0.13780167698860168 0.28724205493927
v 0.2531396150588989 0.13780167698860168 0.2819932699203491
v 0.2830353081226349 0.13780167698860168 0.2667606472969055
v 0.30676066875457764 0.13780167698860168 0.24303530156612396
v 0.32199326157569885 0.13780167698860168 0.2131396234035492
v 0.32724207639694214 0.13780167698860168 0.18000000715255737
v 0.32199326157569885 0.13780167698860168 0.14686037600040436
v 0.30676066875457764 0.13780167698860168 0.11696469783782959
v 0.2830353081226349 0.13780167698860168 0.09323934465646744
v 0.2531396150588989 0.13780167698860168 0.07800672948360443
v 0.2199999988079071 0.13780167698860168 0.07275792956352234
v 0.18686038255691528 0.13780167698860168 0.07800672948360443
v 0.15696468949317932 0.13780167698860168 0.09323934465646744
v 0.13323934376239777 0.13780167698860168 0.11696469783782959
v 0.11800673604011536 0.13780167698860168 0.14686037600040436
v 0.11275792866945267 0.13780167698860168 0.18000000715255737
v 0.10999999940395355 0.11999999731779099 0.18000000715255737
v 0.11538378149271011 0.11999999731779099 0.21399186551570892
v 0.13100813329219818 0.11999999731779099 0.24465638399124146
v 0.15534362196922302 0.11999999731779099 0.2689918577671051
v 0.18600812554359436 0.11999999731779099 0.28461623191833496
v 0.2199999988079071 0.11999999731779099 0.28999999165534973
v 0.25399187207221985 0.11999999731779099 0.28461623191833496
v 0.2846563756465912 0.11999999731779099 0.2689918577671051
v 0.3089918792247772 0.11999999731779099 0.24465638399124146
v 0.3246162235736847 0.11999999731779099 0.21399186551570892
v 0.33000001311302185 0.11999999731779099 0.18000000715255737
v 0.3246162235736847 0.11999999731779099 0.14600813388824463
v 0.3089918792247772 0.11999999731779099 0.1153436228632927
v 0.2846563756465912 0.11999999731779099 0.09100812673568726
v 0.25399187207221985 0.11999999731779099 0.07538378238677979
v 0.2199999988079071 0.11999999731779099 0.07000000029802322
v 0.18600812554359436 0.11999999731779099 0.07538378238677979
v 0.15534362196922302 0.11999999731779099 0.09100812673568726
v 0.13100813329219818 0.11999999731779099 0.1153436228632927
v 0.11538378149271011 0.11999999731779099 0.14600813388824463
v 0.10999999940395355 0.11999999731779099 0.18000000715255737
v 0.11275792866945267 0.10219832509756088 0.18000000715255737
v 0.11800673604011536 0.10219832509756088 0.2131396234035492
v 0.13323934376239777 0.10219832509756088 0.24303530156612396
v 0.15696468949317932 0.10219832509756088 0.2667606472969055
v 0.18686038255691528 0.10219832509756088 0.2819932699203491
v 0.2199999988079071 0.10219832509756088 0.28724205493927
v 0.2531396150588989 0.10219832509756088 0.2819932699203491
v 0.2830353081226349 0.10219832509756088 0.2667606472969055
v 0.30676066875457764 0.10219832509756088 0.24303530156612396
v 0.32199326157569885 0.10219832509756088 0.2131396234035492
v 0.32724207639694214 0.10219832509756088 0.18000000715255737
v 0.32199326157569885 0.10219832509756088 0.14686037600040436
v 0.30676066875457764 0.10219832509756088 0.11696469783782959
v 0.2830353081226349 0.10219832509756088 0.09323934465646744
v 0.2531396150588989 0.10219832509756088 0.07800672948360443
v 0.2199999988079071 0.10219832509756088 0.07275792956352234
v 0.18686038255691528 0.10219832509756088 0.07800672948360443
v 0.15696468949317932 0.10219832509756088 0.09323934465646744
v 0.13323934376239777 0.10219832509756088 0.11696469783782959
v 0.11800673604011536 0.10219832509756088 0.14686037600040436
v 0.11275792866945267 0.10219832509756088 0.18000000715255737
v 0.12089342623949051 0.08528929948806763 0.18000000715255737
v 0.1257440447807312 0.08528929948806763 0.21062561869621277
v 0.1398210972547531 0.08528929948806763 0.2382533848285675
v 0.16174660623073578 0.08528929948806763 0.26017889380455017
v 0.1893743872642517 0.08528929948806763 0.2742559611797333
v 0.2199999988079071 0.08528929948806763 0.27910658717155457
v 0.2506256103515625 0.08528929948806763 0.2742559611797333
v 0.27825337648391724 0.08528929948806763 0.26017889380455017
v 0.3001789152622223 0.08528929948806763 0.2382533848285675
v 0.314255952835083 0.08528929948806763 0.21062561869621277
v 0.3191065788269043 0.08528929948806763 0.18000000715255737
v 0.314255952835083 0.08528929948806763 0.14937438070774078
v 0.3001789152622223 0.08528929948806763 0.12174661457538605
v 0.27825337648391724 0.08528929948806763 0.09982109814882278
v 0.2506256103515625 0.08528929948806763 0.08574404567480087
v 0.2199999988079071 0.08528929948806763 0.08089342713356018
v 0.1893743872642517 0.08528929948806763 0.08574404567480087
v 0.16174660623073578 0.08528929948806763 0.09982109814882278
v 0.1398210972547531 0.08528929948806763 0.12174661457538605
v 0.1257440447807312 0.08528929948806763 0.14937438070774078
v 0.12089342623949051 0.08528929948806763 0.18000000715255737
v 0.13399852812290192 0.07012081891298294 0.18000000715255737
v 0.13820774853229523 0.07012081891298294 0.2065759152173996
v 0.1504233479499817 0.07012081891298294 0.2305503934621811
v 0.1694496124982834 0.07012081891298294 0.2495766431093216
v 0.19342409074306488 0.07012081891298294 0.26179224252700806
v 0.2199999988079071 0.07012081891298294 0.26600146293640137
v 0.24657590687274933 0.07012081891298294 0.26179224252700806
v 0.270550400018692 0.07012081891298294 0.2495766431093216
v 0.2895766496658325 0.07012081891298294 0.2305503934621811
v 0.3017922639846802 0.07012081891298294 0.2065759152173996
v 0.3060014545917511 0.07012081891298294 0.18000000715255737
v 0.3017922639846802 0.07012081891298294 0.15342408418655396
v 0.2895766496658325 0.07012081891298294 0.12944960594177246
v 0.270550400018692 0.07012081891298294 0.11042335629463196
v 0.24657590687274933 0.07012081891298294 0.0982077494263649
v 0.2199999988079071 0.07012081891298294 0.09399853646755219
v 0.19342409074306488 0.07012081891298294 0.0982077494263649
v 0.1694496124982834 0.07012081891298294 0.11042335629463196
v 0.1504233479499817 0.07012081891298294 0.12944960594177246
v 0.13820774853229523 0.07012081891298294 0.15342408418655396
v 0.13399852812290192 0.07012081891298294 0.18000000715255737
v 0.1514161229133606 0.05745347961783409 0.18000000715255737
v 0.15477284789085388 0.05745347961783409 0.20119358599185944
v 0.1645144820213318 0.05745347961783409 0.22031259536743164
v 0.17968741059303284 0.05745347961783409 0.2354855239391327
v 0.19880641996860504 0.05745347961783409 0.2452271431684494
v 0.2199999988079071 0.05745347961783409 0.24858388304710388
v 0.24119357764720917 0.05745347961783409 0.2452271431684494
v 0.26031258702278137 0.05745347961783409 0.2354855239391327
v 0.2754855155944824 0.05745347961783409 0.22031259536743164
v 0.2852271497249603 0.05745347961783409 0.20119358599185944
v 0.2885838747024536 0.05745347961783409 0.18000000715255737
v 0.2852271497249603 0.05745347961783409 0.15880641341209412
v 0.2754855155944824 0.05745347961783409 0.1396874040365219
v 0.26031258702278137 0.05745347961783409 0.12451447546482086
v 0.24119357764720917 0.05745347961783409 0.11477285623550415
v 0.2199999988079071 0.05745347961783409 0.11141612380743027
v 0.19880641996860504 0.05745347961783409 0.11477285623550415
v 0.17968741059303284 0.05745347961783409 0.12451447546482086
v 0.1645144820213318 0.05745347961783409 0.1396874040365219
v 0.15477284789085388 0.05745347961783409 0.15880641341209412
v 0.1514161229133606 0.05745347961783409 0.18000000715255737
v 0.17227278649806976 0.047922492027282715 0.18000000715255737
v 0.1746087223291397 0.047922492027282715 0.19474852085113525
v 0.18138787150382996 0.047922492027282715 0.2080533504486084
v 0.19194665551185608 0.047922492027282715 0.21861211955547333
v 0.20525148510932922 0.047922492027282715 0.22539126873016357
v 0.2199999988079071 0.047922492027282715 0.22772720456123352
v 0.23474851250648499 0.047922492027282715 0.22539126873016357
v 0.24805335700511932 0.047922492027282715 0.21861211955547333
v 0.25861212611198425 0.047922492027282715 0.2080533504486084
v 0.2653912901878357 0.047922492027282715 0.19474852085113525
v 0.26772719621658325 0.047922492027282715 0.18000000715255737
v 0.2653912901878357 0.047922492027282715 0.1652514785528183
v 0.25861212611198425 0.047922492027282715 0.15194664895534515
v 0.24805335700511932 0.047922492027282715 0.14138787984848022
v 0.23474851250648499 0.047922492027282715 0.13460873067378998
v 0.2199999988079071 0.047922492027282715 0.13227279484272003
v 0.20525148510932922 0.047922492027282715 0.13460873067378998
v 0.19194665551185608 0.047922492027282715 0.14138787984848022
v 0.18138787150382996 0.047922492027282715 0.15194664895534515
v 0.1746087223291397 0.047922492027282715 0.1652514785528183
v 0.17227278649806976 0.047922492027282715 0.18000000715255737
v 0.19552269577980042 0.042005766183137894 0.18000000715255737
v 0.19672070443630219 0.042005766183137894 0.18756389617919922
v 0.20019744336605072 0.042005766183137894 0.19438739120960236
v 0.20561259984970093 0.042005766183137894 0.19980254769325256
v 0.21243609488010406 0.042005766183137894 0.2032793015241623
v 0.2199999988079071 0.042005766183137894 0.20447729527950287
v 0.22756390273571014 0.042005766183137894 0.2032793015241623
v 0.23438739776611328 0.042005766183137894 0.19980254769325256
v 0.2398025542497635 0.042005766183137894 0.19438739120960236
v 0.24327929317951202 0.042005766183137894 0.18756389617919922
v 0.2444773018360138 0.042005766183137894 0.18000000715255737
v 0.24327929317951202 0.042005766183137894 0.17243610322475433
v 0.2398025542497635 0.042005766183137894 0.1656126081943512
v 0.23438739776611328 0.042005766183137894 0.160197451710701
v 0.22756390273571014 0.042005766183137894 0.15672069787979126
v 0.2199999988079071 0.042005766183137894 0.15552270412445068
v 0.21243609488010406 0.042005766183137894 0.15672069787979126
v 0.20561259984970093 0.042005766183137894 0.160197451710701
v 0.20019744336605072 0.042005766183137894 0.1656126081943512
v 0.19672070443630219 0.042005766183137894 0.17243610322475433
v 0.19552269577980042 0.042005766183137894 0.18000000715255737
v 0.2199999988079071 0.03999999910593033 0.18000000715255737
v 0.2199999988079071 0.03999999910593033 0.18000000715255737
v 0.2199999988079071 0.03999999910593033 0.18000000715255737
v 0.2199999988079071 0.03999999910593033 0.18000000715255737
v 0.2199999988079071 0.03999999910593033 0.18000000715255737
v 0.2199999988079071 0.03999999910593033 0.18000000715255737
v 0.2199999988079071 0.03999999910593033 0.18000000715255737
v 0.2199999988079071 0.03999999910593033 0.18000000715255737
v 0.2199999988079071 0.03999999910593033 0.18000000715255737
v 0.2199999988079071 0.03999999910593033 0.18000000715255737
v 0.2199999988079071 0.03999999910593033 0.18000000715255737
v 0.2199999988079071 0.03999999910593033 0.18000000715255737
v 0.2199999988079071 0.03999999910593033 0.18000000715255737
v 0.2199999988079071 0.03999999910593033 0.18000000715255737
v 0.2199999988079071 0.03999999910593033 0.18000000715255737
v 0.2199999988079071 0.03999999910593033 0.18000000715255737
v 0.2199999988079071 0.03999999910593033 0.18000000715255737
v 0.2199999988079071 0.03999999910593033 0.18000000715255737
v 0.2199999988079071 0.03999999910593033 0.18000000715255737
v 0.2199999988079071 0.03999999910593033 0.18000000715255737
v 0.2199999988079071 0.03999999910593033 0.18000000715255737
vt 0.02500000037252903 1
vt 0.07500000298023224 1
vt 0.125 1
vt 0.17499999701976776 1
vt 0.22499999403953552 1
vt 0.2750000059604645 1
vt 0.32499998807907104 1
vt 0.375 1
vt 0.42500001192092896 1
vt 0.4749999940395355 1
vt 0.5249999761581421 1
vt 0.574999988079071 1
vt 0.625 1
vt 0.675000011920929 1
vt 0.7250000238418579 1
vt 0.7749999761581421 1
vt 0.824999988079071 1
vt 0.875 1
vt 0.925000011920929 1
vt 0.9750000238418579 1
vt 1.024999976158142 1
vt 0 0.9285714030265808
vt 0.05000000074505806 0.9285714030265808
vt 0.10000000149011612 0.9285714030265808
vt 0.15000000596046448 0.9285714030265808
vt 0.20000000298023224 0.9285714030265808
vt 0.25 0.9285714030265808
vt 0.30000001192092896 0.9285714030265808
vt 0.3499999940395355 0.9285714030265808
vt 0.4000000059604645 0.9285714030265808
vt 0.44999998807907104 0.9285714030265808
vt 0.5 0.9285714030265808
vt 0.550000011920929 0.9285714030265808
vt 0.6000000238418579 0.9285714030265808
vt 0.6499999761581421 0.9285714030265808
vt 0.699999988079071 0.9285714030265808
vt 0.75 0.9285714030265808
vt 0.800000011920929 0.9285714030265808
vt 0.8500000238418579 0.9285714030265808
vt 0.8999999761581421 0.9285714030265808
vt 0.949999988079071 0.9285714030265808
vt 1 0.9285714030265808
vt 0 0.8571428656578064
vt 0.05000000074505806 0.8571428656578064
vt 0.10000000149011612 0.8571428656578064
vt 0.15000000596046448 0.8571428656578064
vt 0.20000000298023224 0.8571428656578064
vt 0.25 0.8571428656578064
vt 0.30000001192092896 0.8571428656578064
vt 0.3499999940395355 0.8571428656578064
vt 0.4000000059604645 0.8571428656578064
vt 0.44999998807907104 0.8571428656578064
vt 0.5 0.8571428656578064
vt 0.550000011920929 0.8571428656578064
vt 0.6000000238418579 0.8571428656578064
vt 0.6499999761581421 0.8571428656578064
vt 0.699999988079071 0.8571428656578064
vt 0.75 0.8571428656578064
vt 0.800000011920929 0.8571428656578064
vt 0.8500000238418579 0.8571428656578064
vt 0.8999999761581421 0.8571428656578064
vt 0.949999988079071 0.8571428656578064
vt 1 0.8571428656578064
vt 0 0.7857142686843872
vt 0.05000000074505806 0.7857142686843872
vt 0.10000000149011612 0.7857142686843872
vt 0.15000000596046448 0.7857142686843872
vt 0.20000000298023224 0.7857142686843872
vt 0.25 0.7857142686843872
vt 0.30000001192092896 0.7857142686843872
vt 0.3499999940395355 0.7857142686843872
vt 0.4000000059604645 0.7857142686843872
vt 0.44999998807907104 0.7857142686843872
vt 0.5 0.7857142686843872
vt 0.550000011920929 0.7857142686843872
vt 0.6000000238418579 0.7857142686843872
vt 0.6499999761581421 0.7857142686843872
vt 0.699999988079071 0.7857142686843872
vt 0.75 0.7857142686843872
vt 0.800000011920929 0.7857142686843872
vt 0.8500000238418579 0.7857142686843872
vt 0.8999999761581421 0.7857142686843872
vt 0.949999988079071 0.7857142686843872
vt 1 0.7857142686843872
vt 0 0.7142857313156128
vt 0.05000000074505806 0.7142857313156128
vt 0.10000000149011612 0.7142857313156128
vt 0.15000000596046448 0.7142857313156128
vt 0.20000000298023224 0.7142857313156128
vt 0.25 0.7142857313156128
vt 0.30000001192092896 0.7142857313156128
vt 0.3499999940395355 0.7142857313156128
vt 0.4000000059604645 0.7142857313156128
vt 0.44999998807907104 0.7142857313156128
vt 0.5 0.7142857313156128
vt 0.550000011920929 0.7142857313156128
vt 0.6000000238418579 0.7142857313156128
vt 0.6499999761581421 0.7142857313156128
vt 0.699999988079071 0.7142857313156128
vt 0.75 0.7142857313156128
vt 0.800000011920929 0.7142857313156128
vt 0.8500000238418579 0.7142857313156128
vt 0.8999999761581421 0.7142857313156128
vt 0.949999988079071 0.7142857313156128
vt 1 0.7142857313156128
vt 0 0.6428571343421936
vt 0.05000000074505806 0.6428571343421936
vt 0.10000000149011612 0.6428571343421936
vt 0.15000000596046448 0.6428571343421936
vt 0.20000000298023224 0.6428571343421936
vt 0.25 0.6428571343421936
vt 0.30000001192092896 0.6428571343421936
vt 0.3499999940395355 0.6428571343421936
vt 0.4000000059604645 0.6428571343421936
vt 0.44999998807907104 0.6428571343421936
vt 0.5 0.6428571343421936
vt 0.550000011920929 0.6428571343421936
vt 0.6000000238418579 0.6428571343421936
vt 0.6499999761581421 0.6428571343421936
vt 0.699999988079071 0.6428571343421936
vt 0.75 0.6428571343421936
vt 0.800000011920929 0.6428571343421936
vt 0.8500000238418579 0.6428571343421936
vt 0.8999999761581421 0.6428571343421936
vt 0.949999988079071 0.6428571343421936
vt 1 0.6428571343421936
vt 0 0.5714285969734192
vt 0.05000000074505806 0.5714285969734192
vt 0.10000000149011612 0.5714285969734192
vt 0.15000000596046448 0.5714285969734192
vt 0.20000000298023224 0.5714285969734192
vt 0.25 0.5714285969734192
vt 0.30000001192092896 0.5714285969734192
vt 0.3499999940395355 0.5714285969734192
vt 0.4000000059604645 0.5714285969734192
vt 0.44999998807907104 0.5714285969734192
vt 0.5 0.5714285969734192
vt 0.550000011920929 0.5714285969734192
vt 0.6000000238418579 0.5714285969734192
vt 0.6499999761581421 0.5714285969734192
vt 0.699999988079071 0.5714285969734192
vt 0.75 0.5714285969734192
vt 0.800000011920929 0.5714285969734192
vt 0.8500000238418579 0.5714285969734192
vt 0.8999999761581421 0.5714285969734192
vt 0.949999988079071 0.5714285969734192
vt 1 0.5714285969734192
vt 0 0.5
vt 0.05000000074505806 0.5
vt 0.10000000149011612 0.5
vt 0.15000000596046448 0.5
vt 0.20000000298023224 0.5
vt 0.25 0.5
vt 0.30000001192092896 0.5
vt 0.3499999940395355 0.5
vt 0.4000000059604645 0.5
vt 0.44999998807907104 0.5
vt 0.5 0.5
vt 0.550000011920929 0.5
vt 0.6000000238418579 0.5
vt 0.6499999761581421 0.5
vt 0.699999988079071 0.5
vt 0.75 0.5
vt 0.800000011920929 0.5
vt 0.8500000238418579 0.5
vt 0.8999999761581421 0.5
vt 0.949999988079071 0.5
vt 1 0.5
vt 0 0.4285714328289032
vt 0.05000000074505806 0.4285714328289032
vt 0.10000000149011612 0.4285714328289032
vt 0.15000000596046448 0.4285714328289032
vt 0.20000000298023224 0.4285714328289032
vt 0.25 0.4285714328289032
vt 0.30000001192092896 0.4285714328289032
vt 0.3499999940395355 0.4285714328289032
vt 0.4000000059604645 0.4285714328289032
vt 0.44999998807907104 0.4285714328289032
vt 0.5 0.4285714328289032
vt 0.550000011920929 0.4285714328289032
vt 0.6000000238418579 0.4285714328289032
vt 0.6499999761581421 0.4285714328289032
vt 0.699999988079071 0.4285714328289032
vt 0.75 0.4285714328289032
vt 0.800000011920929 0.4285714328289032
vt 0.8500000238418579 0.4285714328289032
vt 0.8999999761581421 0.4285714328289032
vt 0.949999988079071 0.4285714328289032
vt 1 0.4285714328289032
vt 0 0.3571428656578064
vt 0.05000000074505806 0.3571428656578064
vt 0.10000000149011612 0.3571428656578064
vt 0.15000000596046448 0.3571428656578064
vt 0.20000000298023224 0.3571428656578064
vt 0.25 0.3571428656578064
vt 0.30000001192092896 0.3571428656578064
vt 0.3499999940395355 0.3571428656578064
vt 0.4000000059604645 0.3571428656578064
vt 0.44999998807907104 0.3571428656578064
vt 0.5 0.3571428656578064
vt 0.550000011920929 0.3571428656578064
vt 0.6000000238418579 0.3571428656578064
vt 0.6499999761581421 0.3571428656578064
vt 0.699999988079071 0.3571428656578064
vt 0.75 0.3571428656578064
vt 0.800000011920929 0.3571428656578064
vt 0.8500000238418579 0.3571428656578064
vt 0.8999999761581421 0.3571428656578064
vt 0.949999988079071 0.3571428656578064
vt 1 0.3571428656578064
vt 0 0.2857142984867096
vt 0.05000000074505806 0.2857142984867096
vt 0.10000000149011612 0.2857142984867096
vt 0.15000000596046448 0.2857142984867096
vt 0.20000000298023224 0.2857142984867096
vt 0.25 0.2857142984867096
vt 0.30000001192092896 0.2857142984867096
vt 0.3499999940395355 0.2857142984867096
vt 0.4000000059604645 0.2857142984867096
vt 0.44999998807907104 0.2857142984867096
vt 0.5 0.2857142984867096
vt 0.550000011920929 0.2857142984867096
vt 0.6000000238418579 0.2857142984867096
vt 0.6499999761581421 0.2857142984867096
vt 0.699999988079071 0.2857142984867096
vt 0.75 0.2857142984867096
vt 0.800000011920929 0.2857142984867096
vt 0.8500000238418579 0.2857142984867096
vt 0.8999999761581421 0.2857142984867096
vt 0.949999988079071 0.2857142984867096
vt 1 0.2857142984867096
vt 0 0.2142857164144516
vt 0.05000000074505806 0.2142857164144516
vt 0.10000000149011612 0.2142857164144516
vt 0.15000000596046448 0.2142857164144516
vt 0.20000000298023224 0.2142857164144516
vt 0.25 0.2142857164144516
vt 0.30000001192092896 0.2142857164144516
vt 0.3499999940395355 0.2142857164144516
vt 0.4000000059604645 0.2142857164144516
vt 0.44999998807907104 0.2142857164144516
vt 0.5 0.2142857164144516
vt 0.550000011920929 0.2142857164144516
vt 0.6000000238418579 0.2142857164144516
vt 0.6499999761581421 0.2142857164144516
vt 0.699999988079071 0.2142857164144516
vt 0.75 0.2142857164144516
vt 0.800000011920929 0.2142857164144516
vt 0.8500000238418579 0.2142857164144516
vt 0.8999999761581421 0.2142857164144516
vt 0.949999988079071 0.2142857164144516
vt 1 0.2142857164144516
vt 0 0.1428571492433548
vt 0.05000000074505806 0.1428571492433548
vt 0.10000000149011612 0.1428571492433548
vt 0.15000000596046448 0.1428571492433548
vt 0.20000000298023224 0.1428571492433548
vt 0.25 0.1428571492433548
vt 0.30000001192092896 0.1428571492433548
vt 0.3499999940395355 0.1428571492433548
vt 0.4000000059604645 0.1428571492433548
vt 0.44999998807907104 0.1428571492433548
vt 0.5 0.1428571492433548
vt 0.550000011920929 0.1428571492433548
vt 0.6000000238418579 0.1428571492433548
vt 0.6499999761581421 0.1428571492433548
vt 0.699999988079071 0.1428571492433548
vt 0.75 0.1428571492433548
vt 0.800000011920929 0.1428571492433548
vt 0.8500000238418579 0.1428571492433548
vt 0.8999999761581421 0.1428571492433548
vt 0.949999988079071 0.1428571492433548
vt 1 0.1428571492433548
vt 0 0.0714285746216774
vt 0.05000000074505806 0.0714285746216774
vt 0.10000000149011612 0.0714285746216774
vt 0.15000000596046448 0.0714285746216774
vt 0.20000000298023224 0.0714285746216774
vt 0.25 0.0714285746216774
vt 0.30000001192092896 0.0714285746216774
vt 0.3499999940395355 0.0714285746216774
vt 0.4000000059604645 0.0714285746216774
vt 0.44999998807907104 0.0714285746216774
vt 0.5 0.0714285746216774
vt 0.550000011920929 0.0714285746216774
vt 0.6000000238418579 0.0714285746216774
vt 0.6499999761581421 0.0714285746216774
vt 0.699999988079071 0.0714285746216774
vt 0.75 0.0714285746216774
vt 0.800000011920929 0.0714285746216774
vt 0.8500000238418579 0.0714285746216774
vt 0.8999999761581421 0.0714285746216774
vt 0.949999988079071 0.0714285746216774
vt 1 0.0714285746216774
vt -0.02500000037252903 0
vt 0.02500000037252903 0
vt 0.07500000298023224 0
vt 0.125 0
vt 0.17499999701976776 0
vt 0.22499999403953552 0
vt 0.2750000059604645 0
vt 0.32499998807907104 0
vt 0.375 0
vt 0.42500001192092896 0
vt 0.4749999940395355 0
vt 0.5249999761581421 0
vt 0.574999988079071 0
vt 0.625 0
vt 0.675000011920929 0
vt 0.7250000238418579 0
vt 0.7749999761581421 0
vt 0.824999988079071 0
vt 0.875 0
vt 0.925000011920929 0
vt 0.9750000238418579 0
vn 0 1 0
vn 0 1 0
vn 0 1 0
vn 0 1 0
vn 0 1 0
vn 0 1 0
vn 0 1 0
vn 0 1 0
vn 0 1 0
vn 0 1 0
vn 0 1 0
vn 0 1 0
vn 0 1 0
vn 0 1 0
vn 0 1 0
vn 0 1 0
vn 0 1 0
vn 0 1 0
vn 0 1 0
vn 0 1 0
vn 0 1 0
vn -0.16375451161819182 0.9865011200828347 0
vn -0.1557398025148799 0.9865011190446743 0.050602925174655686
vn -0.13248019203028125 0.9865011187231636 0.09625248816299005
vn -0.09625248816299005 0.9865011187231636 0.13248019203028125
vn -0.050602925174655686 0.9865011190446743 0.1557398025148799
vn -1.0027072032556634e-17 0.9865011200828347 0.16375451161819182
vn 0.050602925174655686 0.9865011190446743 0.1557398025148799
vn 0.09625248816299005 0.9865011187231636 0.13248019203028125
vn 0.13248019203028125 0.9865011187231636 0.09625248816299005
vn 0.1557398025148799 0.9865011190446743 0.050602925174655686
vn 0.16375451161819182 0.9865011200828347 2.0054144065113268e-17
vn 0.1557398025148799 0.9865011190446743 -0.050602925174655686
vn 0.13248019203028125 0.9865011187231636 -0.09625248816299005
vn 0.09625248816299005 0.9865011187231636 -0.13248019203028125
vn 0.050602925174655686 0.9865011190446743 -0.1557398025148799
vn 3.0081217752031164e-17 0.9865011200828347 -0.16375451161819182
vn -0.050602925174655686 0.9865011190446743 -0.1557398025148799
vn -0.09625248816299005 0.9865011187231636 -0.13248019203028125
vn -0.13248019203028125 0.9865011187231636 -0.09625248816299005
vn -0.1557398025148799 0.9865011190446743 -0.050602925174655686
vn -0.16375451161819182 0.9865011200828347 -4.0108288130226536e-17
vn -0.33054890486863203 0.9437888648898906 0
vn -0.3143707120643147 0.9437888575069209 0.10214522916884937
vn -0.26741968953395506 0.9437888637646219 0.19429176586630442
vn -0.19429176586630442 0.9437888637646219 0.26741968953395506
vn -0.10214522916884937 0.9437888575069209 0.3143707120643147
vn -2.0240283608692007e-17 0.9437888648898906 0.33054890486863203
vn 0.10214522916884937 0.9437888575069209 0.3143707120643147
vn 0.19429176586630442 0.9437888637646219 0.26741968953395506
vn 0.26741968953395506 0.9437888637646219 0.19429176586630442
vn 0.3143707120643147 0.9437888575069209 0.10214522916884937
vn 0.33054890486863203 0.9437888648898906 4.0480567217384014e-17
vn 0.3143707120643147 0.9437888575069209 -0.10214522916884937
vn 0.26741968953395506 0.9437888637646219 -0.19429176586630442
vn 0.19429176586630442 0.9437888637646219 -0.26741968953395506
vn 0.10214522916884937 0.9437888575069209 -0.3143707120643147
vn 6.072084586299246e-17 0.9437888648898906 -0.33054890486863203
vn -0.10214522916884937 0.9437888575069209 -0.3143707120643147
vn -0.19429176586630442 0.9437888637646219 -0.26741968953395506
vn -0.26741968953395506 0.9437888637646219 -0.19429176586630442
vn -0.3143707120643147 0.9437888575069209 -0.10214522916884937
vn -0.33054890486863203 0.9437888648898906 -8.096113443476803e-17
vn -0.5017055363490505 0.8650384701252953 0
vn -0.4771503498777867 0.8650384528442259 0.15503554015893908
vn -0.4058883189555377 0.865038454404824 0.2948951422732509
vn -0.2948951422732509 0.865038454404824 0.4058883189555377
vn -0.15503554015893908 0.8650384528442259 0.4771503498777867
vn -3.0720605075076705e-17 0.8650384701252953 0.5017055363490505
vn 0.15503554015893908 0.8650384528442259 0.4771503498777867
vn 0.2948951422732509 0.865038454404824 0.4058883189555377
vn 0.4058883189555377 0.865038454404824 0.2948951422732509
vn 0.4771503498777867 0.8650384528442259 0.15503554015893908
vn 0.5017055363490505 0.8650384701252953 6.144121015015341e-17
vn 0.4771503498777867 0.8650384528442259 -0.15503554015893908
vn 0.4058883189555377 0.865038454404824 -0.2948951422732509
vn 0.2948951422732509 0.865038454404824 -0.4058883189555377
vn 0.15503554015893908 0.8650384528442259 -0.4771503498777867
vn 9.216181191650761e-17 0.8650384701252953 -0.5017055363490505
vn -0.15503554015893908 0.8650384528442259 -0.4771503498777867
vn -0.2948951422732509 0.865038454404824 -0.4058883189555377
vn -0.4058883189555377 0.865038454404824 -0.2948951422732509
vn -0.4771503498777867 0.8650384528442259 -0.15503554015893908
vn -0.5017055363490505 0.8650384701252953 -1.2288242030030682e-16
vn -0.6738371854251376 0.7388798600167207 0
vn -0.6408572044555382 0.7388799014804965 0.2082271228385104
vn -0.5451456876457447 0.7388799152633106 0.3960715213969958
vn -0.3960715213969958 0.7388799152633106 0.5451456876457447
vn -0.2082271228385104 0.7388799014804965 0.6408572044555382
vn -4.1260625945047275e-17 0.7388798600167207 0.6738371854251376
vn 0.2082271228385104 0.7388799014804965 0.6408572044555382
vn 0.3960715213969958 0.7388799152633106 0.5451456876457447
vn 0.5451456876457447 0.7388799152633106 0.3960715213969958
vn 0.6408572044555382 0.7388799014804965 0.2082271228385104
vn 0.6738371854251376 0.7388798600167207 8.252125189009455e-17
vn 0.6408572044555382 0.7388799014804965 -0.2082271228385104
vn 0.5451456876457447 0.7388799152633106 -0.3960715213969958
vn 0.3960715213969958 0.7388799152633106 -0.5451456876457447
vn 0.2082271228385104 0.7388799014804965 -0.6408572044555382
vn 1.2378187452641938e-16 0.7388798600167207 -0.6738371854251376
vn -0.2082271228385104 0.7388799014804965 -0.6408572044555382
vn -0.3960715213969958 0.7388799152633106 -0.5451456876457447
vn -0.5451456876457447 0.7388799152633106 -0.3960715213969958
vn -0.6408572044555382 0.7388799014804965 -0.2082271228385104
vn -0.6738371854251376 0.7388798600167207 -1.650425037801891e-16
vn -0.8337785404040843 0.5520990360086083 0
vn -0.792970515649864 0.5520990334332289 0.257651738965766
vn -0.6745409935665602 0.5520990466482111 0.4900827386149957
vn -0.4900827386149957 0.5520990466482111 0.6745409935665602
vn -0.257651738965766 0.5520990334332289 0.792970515649864
vn -5.1054208236795234e-17 0.5520990360086083 0.8337785404040843
vn 0.257651738965766 0.5520990334332289 0.792970515649864
vn 0.4900827386149957 0.5520990466482111 0.6745409935665602
vn 0.6745409935665602 0.5520990466482111 0.4900827386149957
vn 0.792970515649864 0.5520990334332289 0.257651738965766
vn 0.8337785404040843 0.5520990360086083 1.0210841647359047e-16
vn 0.792970515649864 0.5520990334332289 -0.257651738965766
vn 0.6745409935665602 0.5520990466482111 -0.4900827386149957
vn 0.4900827386149957 0.5520990466482111 -0.6745409935665602
vn 0.257651738965766 0.5520990334332289 -0.792970515649864
vn 1.5316263794527518e-16 0.5520990360086083 -0.8337785404040843
vn -0.257651738965766 0.5520990334332289 -0.792970515649864
vn -0.4900827386149957 0.5520990466482111 -0.6745409935665602
vn -0.6745409935665602 0.5520990466482111 -0.4900827386149957
vn -0.792970515649864 0.5520990334332289 -0.257651738965766
vn -0.8337785404040843 0.5520990360086083 -2.0421683294718094e-16
vn -0.9541167048282492 0.29943499055334805 0
vn -0.9074189002618858 0.2994350173723512 0.2948382773975072
vn -0.7718966332995069 0.2994350023277921 0.5608157156159603
vn -0.5608157156159603 0.2994350023277921 0.7718966332995069
vn -0.2948382773975072 0.2994350173723512 0.9074189002618858
vn -5.84227940685156e-17 0.29943499055334805 0.9541167048282492
vn 0.2948382773975072 0.2994350173723512 0.9074189002618858
vn 0.5608157156159603 0.2994350023277921 0.7718966332995069
vn 0.7718966332995069 0.2994350023277921 0.5608157156159603
vn 0.9074189002618858 0.2994350173723512 0.2948382773975072
vn 0.9541167048282492 0.29943499055334805 1.168455881370312e-16
vn 0.9074189002618858 0.2994350173723512 -0.2948382773975072
vn 0.7718966332995069 0.2994350023277921 -0.5608157156159603
vn 0.5608157156159603 0.2994350023277921 -0.7718966332995069
vn 0.2948382773975072 0.2994350173723512 -0.9074189002618858
vn 1.7526840205788155e-16 0.29943499055334805 -0.9541167048282492
vn -0.2948382773975072 0.2994350173723512 -0.9074189002618858
vn -0.5608157156159603 0.2994350023277921 -0.7718966332995069
vn -0.7718966332995069 0.2994350023277921 -0.5608157156159603
vn -0.9074189002618858 0.2994350173723512 -0.2948382773975072
vn -0.9541167048282492 0.29943499055334805 -2.336911762740624e-16
vn -1 8.419447276959152e-17 0
vn -0.9510565161477913 8.419446403948086e-17 0.3090169948284817
vn -0.8090170011595983 8.41944726215048e-17 0.5877852429542022
vn -0.5877852429542022 8.41944726215048e-17 0.8090170011595983
vn -0.3090169948284817 8.419446403948086e-17 0.9510565161477913
vn -6.123234262925839e-17 8.419447276959152e-17 1
vn 0.3090169948284817 8.419446403948086e-17 0.9510565161477913
vn 0.5877852429542022 8.41944726215048e-17 0.8090170011595983
vn 0.8090170011595983 8.41944726215048e-17 0.5877852429542022
vn 0.9510565161477913 8.419446403948086e-17 0.3090169948284817
vn 1 8.419447276959152e-17 1.2246468525851679e-16
vn 0.9510565161477913 8.419446403948086e-17 -0.3090169948284817
vn 0.8090170011595983 8.41944726215048e-17 -0.5877852429542022
vn 0.5877852429542022 8.41944726215048e-17 -0.8090170011595983
vn 0.3090169948284817 8.419446403948086e-17 -0.9510565161477913
vn 1.8369701465288538e-16 8.419447276959152e-17 -1
vn -0.3090169948284817 8.419446403948086e-17 -0.9510565161477913
vn -0.5877852429542022 8.41944726215048e-17 -0.8090170011595983
vn -0.8090170011595983 8.41944726215048e-17 -0.5877852429542022
vn -0.9510565161477913 8.419446403948086e-17 -0.3090169948284817
vn -1 8.419447276959152e-17 -2.4492937051703357e-16
vn -0.9541167048282492 -0.29943499055334805 0
vn -0.9074189002618858 -0.2994350173723512 0.2948382773975072
vn -0.7718966332995069 -0.2994350023277921 0.5608157156159603
vn -0.5608157156159603 -0.2994350023277921 0.7718966332995069
vn -0.2948382773975072 -0.2994350173723512 0.9074189002618858
vn -5.84227940685156e-17 -0.29943499055334805 0.9541167048282492
vn 0.2948382773975072 -0.2994350173723512 0.9074189002618858
vn 0.5608157156159603 -0.2994350023277921 0.7718966332995069
vn 0.7718966332995069 -0.2994350023277921 0.5608157156159603
vn 0.9074189002618858 -0.2994350173723512 0.2948382773975072
vn 0.9541167048282492 -0.29943499055334805 1.168455881370312e-16
vn 0.9074189002618858 -0.2994350173723512 -0.2948382773975072
vn 0.7718966332995069 -0.2994350023277921 -0.5608157156159603
vn 0.5608157156159603 -0.2994350023277921 -0.7718966332995069
vn 0.2948382773975072 -0.2994350173723512 -0.9074189002618858
vn 1.7526840205788155e-16 -0.29943499055334805 -0.9541167048282492
vn -0.2948382773975072 -0.2994350173723512 -0.9074189002618858
vn -0.5608157156159603 -0.2994350023277921 -0.7718966332995069
vn -0.7718966332995069 -0.2994350023277921 -0.5608157156159603
vn -0.9074189002618858 -0.2994350173723512 -0.2948382773975072
vn -0.9541167048282492 -0.29943499055334805 -2.336911762740624e-16
vn -0.8337785404040843 -0.5520990360086083 0
vn -0.792970515649864 -0.5520990334332289 0.257651738965766
vn -0.6745409935665602 -0.5520990466482111 0.4900827386149957
vn -0.4900827386149957 -0.5520990466482111 0.6745409935665602
vn -0.257651738965766 -0.5520990334332289 0.792970515649864
vn -5.1054208236795234e-17 -0.5520990360086083 0.8337785404040843
vn 0.257651738965766 -0.5520990334332289 0.792970515649864
vn 0.4900827386149957 -0.5520990466482111 0.6745409935665602
vn 0.6745409935665602 -0.5520990466482111 0.4900827386149957
vn 0.792970515649864 -0.5520990334332289 0.257651738965766
vn 0.8337785404040843 -0.5520990360086083 1.0210841647359047e-16
vn 0.792970515649864 -0.5520990334332289 -0.257651738965766
vn 0.6745409935665602 -0.5520990466482111 -0.4900827386149957
vn 0.4900827386149957 -0.5520990466482111 -0.6745409935665602
vn 0.257651738965766 -0.5520990334332289 -0.792970515649864
vn 1.5316263794527518e-16 -0.5520990360086083 -0.8337785404040843
vn -0.257651738965766 -0.5520990334332289 -0.792970515649864
vn -0.4900827386149957 -0.5520990466482111 -0.6745409935665602
vn -0.6745409935665602 -0.5520990466482111 -0.4900827386149957
vn -0.792970515649864 -0.5520990334332289 -0.257651738965766
vn -0.8337785404040843 -0.5520990360086083 -2.0421683294718094e-16
vn -0.6738371854251376 -0.7388798600167207 0
vn -0.6408572044555382 -0.7388799014804965 0.2082271228385104
vn -0.5451456876457447 -0.7388799152633106 0.3960715213969958
vn -0.3960715213969958 -0.7388799152633106 0.5451456876457447
vn -0.2082271228385104 -0.7388799014804965 0.6408572044555382
vn -4.1260625945047275e-17 -0.7388798600167207 0.6738371854251376
vn 0.2082271228385104 -0.7388799014804965 0.6408572044555382
vn 0.3960715213969958 -0.7388799152633106 0.5451456876457447
vn 0.5451456876457447 -0.7388799152633106 0.3960715213969958
vn 0.6408572044555382 -0.7388799014804965 0.2082271228385104
vn 0.6738371854251376 -0.7388798600167207 8.252125189009455e-17
vn 0.6408572044555382 -0.7388799014804965 -0.2082271228385104
vn 0.5451456876457447 -0.7388799152633106 -0.3960715213969958
vn 0.3960715213969958 -0.7388799152633106 -0.5451456876457447
vn 0.2082271228385104 -0.7388799014804965 -0.6408572044555382
vn 1.2378187452641938e-16 -0.7388798600167207 -0.6738371854251376
vn -0.2082271228385104 -0.7388799014804965 -0.6408572044555382
vn -0.3960715213969958 -0.7388799152633106 -0.5451456876457447
vn -0.5451456876457447 -0.7388799152633106 -0.3960715213969958
vn -0.6408572044555382 -0.7388799014804965 -0.2082271228385104
vn -0.6738371854251376 -0.7388798600167207 -1.650425037801891e-16
vn -0.5017055363490505 -0.8650384701252953 0
vn -0.4771503498777867 -0.8650384528442259 0.15503554015893908
vn -0.4058883189555377 -0.865038454404824 0.2948951422732509
vn -0.2948951422732509 -0.865038454404824 0.4058883189555377
vn -0.15503554015893908 -0.8650384528442259 0.4771503498777867
vn -3.0720605075076705e-17 -0.8650384701252953 0.5017055363490505
vn 0.15503554015893908 -0.8650384528442259 0.4771503498777867
vn 0.2948951422732509 -0.865038454404824 0.4058883189555377
vn 0.4058883189555377 -0.865038454404824 0.2948951422732509
vn 0.4771503498777867 -0.8650384528442259 0.15503554015893908
vn 0.5017055363490505 -0.8650384701252953 6.144121015015341e-17
vn 0.4771503498777867 -0.8650384528442259 -0.15503554015893908
vn 0.4058883189555377 -0.865038454404824 -0.2948951422732509
vn 0.2948951422732509 -0.865038454404824 -0.4058883189555377
vn 0.15503554015893908 -0.8650384528442259 -0.4771503498777867
vn 9.216181191650761e-17 -0.8650384701252953 -0.5017055363490505
vn -0.15503554015893908 -0.8650384528442259 -0.4771503498777867
vn -0.2948951422732509 -0.865038454404824 -0.4058883189555377
vn -0.4058883189555377 -0.865038454404824 -0.2948951422732509
vn -0.4771503498777867 -0.8650384528442259 -0.15503554015893908
vn -0.5017055363490505 -0.8650384701252953 -1.2288242030030682e-16
vn -0.33054890486863203 -0.9437888648898906 0
vn -0.3143707120643147 -0.9437888575069209 0.10214522916884937
vn -0.26741968953395506 -0.9437888637646219 0.19429176586630442
vn -0.19429176586630442 -0.9437888637646219 0.26741968953395506
vn -0.10214522916884937 -0.9437888575069209 0.3143707120643147
vn -2.0240283608692007e-17 -0.9437888648898906 0.33054890486863203
vn 0.10214522916884937 -0.9437888575069209 0.3143707120643147
vn 0.19429176586630442 -0.9437888637646219 0.26741968953395506
vn 0.26741968953395506 -0.9437888637646219 0.19429176586630442
vn 0.3143707120643147 -0.9437888575069209 0.10214522916884937
vn 0.33054890486863203 -0.9437888648898906 4.0480567217384014e-17
vn 0.3143707120643147 -0.9437888575069209 -0.10214522916884937
vn 0.26741968953395506 -0.9437888637646219 -0.19429176586630442
vn 0.19429176586630442 -0.9437888637646219 -0.26741968953395506
vn 0.10214522916884937 -0.9437888575069209 -0.3143707120643147
vn 6.072084586299246e-17 -0.9437888648898906 -0.33054890486863203
vn -0.10214522916884937 -0.9437888575069209 -0.3143707120643147
vn -0.19429176586630442 -0.9437888637646219 -0.26741968953395506
vn -0.26741968953395506 -0.9437888637646219 -0.19429176586630442
vn -0.3143707120643147 -0.9437888575069209 -0.10214522916884937
vn -0.33054890486863203 -0.9437888648898906 -8.096113443476803e-17
vn -0.16375451161819182 -0.9865011200828347 0
vn -0.1557398025148799 -0.9865011190446743 0.050602925174655686
vn -0.13248019203028125 -0.9865011187231636 0.09625248816299005
vn -0.09625248816299005 -0.9865011187231636 0.13248019203028125
vn -0.050602925174655686 -0.9865011190446743 0.1557398025148799
vn -1.0027072032556634e-17 -0.9865011200828347 0.16375451161819182
vn 0.050602925174655686 -0.9865011190446743 0.1557398025148799
vn 0.09625248816299005 -0.9865011187231636 0.13248019203028125
vn 0.13248019203028125 -0.9865011187231636 0.09625248816299005
vn 0.1557398025148799 -0.9865011190446743 0.050602925174655686
vn 0.16375451161819182 -0.9865011200828347 2.0054144065113268e-17
vn 0.1557398025148799 -0.9865011190446743 -0.050602925174655686
vn 0.13248019203028125 -0.9865011187231636 -0.09625248816299005
vn 0.09625248816299005 -0.9865011187231636 -0.13248019203028125
vn 0.050602925174655686 -0.9865011190446743 -0.1557398025148799
vn 3.0081217752031164e-17 -0.9865011200828347 -0.16375451161819182
vn -0.050602925174655686 -0.9865011190446743 -0.1557398025148799
vn -0.09625248816299005 -0.9865011187231636 -0.13248019203028125
vn -0.13248019203028125 -0.9865011187231636 -0.09625248816299005
vn -0.1557398025148799 -0.9865011190446743 -0.050602925174655686
vn -0.16375451161819182 -0.9865011200828347 -4.0108288130226536e-17
vn -8.906522323621406e-17 -1 0
vn -8.470605419995351e-17 -1 2.7522668024913583e-17
vn -7.205527964302061e-17 -1 5.2351222029631755e-17
vn -5.2351222029631755e-17 -1 7.205527964302061e-17
vn -2.7522668024913583e-17 -1 8.470605419995351e-17
vn -5.453671877835432e-33 -1 8.906522323621406e-17
vn 2.7522668024913583e-17 -1 8.470605419995351e-17
vn 5.2351222029631755e-17 -1 7.205527964302061e-17
vn 7.205527964302061e-17 -1 5.2351222029631755e-17
vn 8.470605419995351e-17 -1 2.7522668024913583e-17
vn 8.906522323621406e-17 -1 1.0907343755670864e-32
vn 8.470605419995351e-17 -1 -2.7522668024913583e-17
vn 7.205527964302061e-17 -1 -5.2351222029631755e-17
vn 5.2351222029631755e-17 -1 -7.205527964302061e-17
vn 2.7522668024913583e-17 -1 -8.470605419995351e-17
vn 1.6361015266164312e-32 -1 -8.906522323621406e-17
vn -2.7522668024913583e-17 -1 -8.470605419995351e-17
vn -5.2351222029631755e-17 -1 -7.205527964302061e-17
vn -7.205527964302061e-17 -1 -5.2351222029631755e-17
vn -8.470605419995351e-17 -1 -2.7522668024913583e-17
vn -8.906522323621406e-17 -1 -2.1814687511341728e-32
f 1772/1772/1772 1793/1793/1793 1794/1794/1794
f 1773/1773/1773 1794/1794/1794 1795/1795/1795
f 1774/1774/1774 1795/1795/1795 1796/1796/1796
f 1775/1775/1775 1796/1796/1796 1797/1797/1797
f 1776/1776/1776 1797/1797/1797 1798/1798/1798
f 1777/1777/1777 1798/1798/1798 1799/1799/1799
f 1778/1778/1778 1799/1799/1799 1800/1800/1800
f 1779/1779/1779 1800/1800/1800 1801/1801/1801
f 1780/1780/1780 1801/1801/1801 1802/1802/1802
f 1781/1781/1781 1802/1802/1802 1803/1803/1803
f 1782/1782/1782 1803/1803/1803 1804/1804/1804
f 1783/1783/1783 1804/1804/1804 1805/1805/1805
f 1784/1784/1784 1805/1805/1805 1806/1806/1806
f 1785/1785/1785 1806/1806/1806 1807/1807/1807
f 1786/1786/1786 1807/1807/1807 1808/1808/1808
f 1787/1787/1787 1808/1808/1808 1809/1809/1809
f 1788/1788/1788 1809/1809/1809 1810/1810/1810
f 1789/1789/1789 1810/1810/1810 1811/1811/1811
f 1790/1790/1790 1811/1811/1811 1812/1812/1812
f 1791/1791/1791 1812/1812/1812 1813/1813/1813
f 1794/1794/1794 1793/1793/1793 1815/1815/1815
f 1793/1793/1793 1814/1814/1814 1815/1815/1815
f 1795/1795/1795 1794/1794/1794 1816/1816/1816
f 1794/1794/1794 1815/1815/1815 1816/1816/1816
f 1796/1796/1796 1795/1795/1795 1817/1817/1817
f 1795/1795/1795 1816/1816/1816 1817/1817/1817
f 1797/1797/1797 1796/1796/1796 1818/1818/1818
f 1796/1796/1796 1817/1817/1817 1818/1818/1818
f 1798/1798/1798 1797/1797/1797 1819/1819/1819
f 1797/1797/1797 1818/1818/1818 1819/1819/1819
f 1799/1799/1799 1798/1798/1798 1820/1820/1820
f 1798/1798/1798 1819/1819/1819 1820/1820/1820
f 1800/1800/1800 1799/1799/1799 1821/1821/1821
f 1799/1799/1799 1820/1820/1820 1821/1821/1821
f 1801/1801/1801 1800/1800/1800 1822/1822/1822
f 1800/1800/1800 1821/1821/1821 1822/1822/1822
f 1802/1802/1802 1801/1801/1801 1823/1823/1823
f 1801/1801/1801 1822/1822/1822 1823/1823/1823
f 1803/1803/1803 1802/1802/1802 1824/1824/1824
f 1802/1802/1802 1823/1823/1823 1824/1824/1824
f 1804/1804/1804 1803/1803/1803 1825/1825/1825
f 1803/1803/1803 1824/1824/1824 1825/1825/1825
f 1805/1805/1805 1804/1804/1804 1826/1826/1826
f 1804/1804/1804 1825/1825/1825 1826/1826/1826
f 1806/1806/1806 1805/1805/1805 1827/1827/1827
f 1805/1805/1805 1826/1826/1826 1827/1827/1827
f 1807/1807/1807 1806/1806/1806 1828/1828/1828
f 1806/1806/1806 1827/1827/1827 1828/1828/1828
f 1808/1808/1808 1807/1807/1807 1829/1829/1829
f 1807/1807/1807 1828/1828/1828 1829/1829/1829
f 1809/1809/1809 1808/1808/1808 1830/1830/1830
f 1808/1808/1808 1829/1829/1829 1830/1830/1830
f 1810/1810/1810 1809/1809/1809 1831/1831/1831
f 1809/1809/1809 1830/1830/1830 1831/1831/1831
f 1811/1811/1811 1810/1810/1810 1832/1832/1832
f 1810/1810/1810 1831/1831/1831 1832/1832/1832
f 1812/1812/1812 1811/1811/1811 1833/1833/1833
f 1811/1811/1811 1832/1832/1832 1833/1833/1833
f 1813/1813/1813 1812/1812/1812 1834/1834/1834
f 1812/1812/1812 1833/1833/1833 1834/1834/1834
f 1815/1815/1815 1814/1814/1814 1836/1836/1836
f 1814/1814/1814 1835/1835/1835 1836/1836/1836
f 1816/1816/1816 1815/1815/1815 1837/1837/1837
f 1815/1815/1815 1836/1836/1836 1837/1837/1837
f 1817/1817/1817 1816/1816/1816 1838/1838/1838
f 1816/1816/1816 1837/1837/1837 1838/1838/1838
f 1818/1818/1818 1817/1817/1817 1839/1839/1839
f 1817/1817/1817 1838/1838/1838 1839/1839/1839
f 1819/1819/1819 1818/1818/1818 1840/1840/1840
f 1818/1818/1818 1839/1839/1839 1840/1840/1840
f 1820/1820/1820 1819/1819/1819 1841/1841/1841
f 1819/1819/1819 1840/1840/1840 1841/1841/1841
f 1821/1821/1821 1820/1820/1820 1842/1842/1842
f 1820/1820/1820 1841/1841/1841 1842/1842/1842
f 1822/1822/1822 1821/1821/1821 1843/1843/1843
f 1821/1821/1821 1842/1842/1842 1843/1843/1843
f 1823/1823/1823 1822/1822/1822 1844/1844/1844
f 1822/1822/1822 1843/1843/1843 1844/1844/1844
f 1824/1824/1824 1823/1823/1823 1845/1845/1845
f 1823/1823/1823 1844/1844/1844 1845/1845/1845
f 1825/1825/1825 1824/1824/1824 1846/1846/1846
f 1824/1824/1824 1845/1845/1845 1846/1846/1846
f 1826/1826/1826 1825/1825/1825 1847/1847/1847
f 1825/1825/1825 1846/1846/1846 1847/1847/1847
f 1827/1827/1827 1826/1826/1826 1848/1848/1848
f 1826/1826/1826 1847/1847/1847 1848/1848/1848
f 1828/1828/1828 1827/1827/1827 1849/1849/1849
f 1827/1827/1827 1848/1848/1848 1849/1849/1849
f 1829/1829/1829 1828/1828/1828 1850/1850/1850
f 1828/1828/1828 1849/1849/1849 1850/1850/1850
f 1830/1830/1830 1829/1829/1829 1851/1851/1851
f 1829/1829/1829 1850/1850/1850 1851/1851/1851
f 1831/1831/1831 1830/1830/1830 1852/1852/1852
f 1830/1830/1830 1851/1851/1851 1852/1852/1852
f 1832/1832/1832 1831/1831/1831 1853/1853/1853
f 1831/1831/1831 1852/1852/1852 1853/1853/1853
f 1833/1833/1833 1832/1832/1832 1854/1854/1854
f 1832/1832/1832 1853/1853/1853 1854/1854/1854
f 1834/1834/1834 1833/1833/1833 1855/1855/1855
f 1833/1833/1833 1854/1854/1854 1855/1855/1855
f 1836/1836/1836 1835/1835/1835 1857/1857/1857
f 1835/1835/1835 1856/1856/1856 1857/1857/1857
f 1837/1837/1837 1836/1836/1836 1858/1858/1858
f 1836/1836/1836 1857/1857/1857 1858/1858/1858
f 1838/1838/1838 1837/1837/1837 1859/1859/1859
f 1837/1837/1837 1858/1858/1858 1859/1859/1859
f 1839/1839/1839 1838/1838/1838 1860/1860/1860
f 1838/1838/1838 1859/1859/1859 1860/1860/1860
f 1840/1840/1840 1839/1839/1839 1861/1861/1861
f 1839/1839/1839 1860/1860/1860 1861/1861/1861
f 1841/1841/1841 1840/1840/1840 1862/1862/1862
f 1840/1840/1840 1861/1861/1861 1862/1862/1862
f 1842/1842/1842 1841/1841/1841 1863/1863/1863
f 1841/1841/1841 1862/1862/1862 1863/1863/1863
f 1843/1843/1843 1842/1842/1842 1864/1864/1864
f 1842/1842/1842 1863/1863/1863 1864/1864/1864
f 1844/1844/1844 1843/1843/1843 1865/1865/1865
f 1843/1843/1843 1864/1864/1864 1865/1865/1865
f 1845/1845/1845 1844/1844/1844 1866/1866/1866
f 1844/1844/1844 1865/1865/1865 1866/1866/1866
f 1846/1846/1846 1845/1845/1845 1867/1867/1867
f 1845/1845/1845 1866/1866/1866 1867/1867/1867
f 1847/1847/1847 1846/1846/1846 1868/1868/1868
f 1846/1846/1846 1867/1867/1867 1868/1868/1868
f 1848/1848/1848 1847/1847/1847 1869/1869/1869
f 1847/1847/1847 1868/1868/1868 1869/1869/1869
f 1849/1849/1849 1848/1848/1848 1870/1870/1870
f 1848/1848/1848 1869/1869/1869 1870/1870/1870
f 1850/1850/1850 1849/1849/1849 1871/1871/1871
f 1849/1849/1849 1870/1870/1870 1871/1871/1871
f 1851/1851/1851 1850/1850/1850 1872/1872/1872
f 1850/1850/1850 1871/1871/1871 1872/1872/1872
f 1852/1852/1852 1851/1851/1851 1873/1873/1873
f 1851/1851/1851 1872/1872/1872 1873/1873/1873
f 1853/1853/1853 1852/1852/1852 1874/1874/1874
f 1852/1852/1852 1873/1873/1873 1874/1874/1874
f 1854/1854/1854 1853/1853/1853 1875/1875/1875
f 1853/1853/1853 1874/1874/1874 1875/1875/1875
f 1855/1855/1855 1854/1854/1854 1876/1876/1876
f 1854/1854/1854 1875/1875/1875 1876/1876/1876
f 1857/1857/1857 1856/1856/1856 1878/1878/1878
f 1856/1856/1856 1877/1877/1877 1878/1878/1878
f 1858/1858/1858 1857/1857/1857 1879/1879/1879
f 1857/1857/1857 1878/1878/1878 1879/1879/1879
f 1859/1859/1859 1858/1858/1858 1880/1880/1880
f 1858/1858/1858 1879/1879/1879 1880/1880/1880
f 1860/1860/1860 1859/1859/1859 1881/1881/1881
f 1859/1859/1859 1880/1880/1880 1881/1881/1881
f 1861/1861/1861 1860/1860/1860 1882/1882/1882
f 1860/1860/1860 1881/1881/1881 1882/1882/1882
f 1862/1862/1862 1861/1861/1861 1883/1883/1883
f 1861/1861/1861 1882/1882/1882 1883/1883/1883
f 1863/1863/1863 1862/1862/1862 1884/1884/1884
f 1862/1862/1862 1883/1883/1883 1884/1884/1884
f 1864/1864/1864 1863/1863/1863 1885/1885/1885
f 1863/1863/1863 1884/1884/1884 1885/1885/1885
f 1865/1865/1865 1864/1864/1864 1886/1886/1886
f 1864/1864/1864 1885/1885/1885 1886/1886/1886
f 1866/1866/1866 1865/1865/1865 1887/1887/1887
f 1865/1865/1865 1886/1886/1886 1887/1887/1887
f 1867/1867/1867 1866/1866/1866 1888/1888/1888
f 1866/1866/1866 1887/1887/1887 1888/1888/1888
f 1868/1868/1868 1867/1867/1867 1889/1889/1889
f 1867/1867/1867 1888/1888/1888 1889/1889/1889
f 1869/1869/1869 1868/1868/1868 1890/1890/1890
f 1868/1868/1868 1889/1889/1889 1890/1890/1890
f 1870/1870/1870 1869/1869/1869 1891/1891/1891
f 1869/1869/1869 1890/1890/1890 1891/1891/1891
f 1871/1871/1871 1870/1870/1870 1892/1892/1892
f 1870/1870/1870 1891/1891/1891 1892/1892/1892
f 1872/1872/1872 1871/1871/1871 1893/1893/1893
f 1871/1871/1871 1892/1892/1892 1893/1893/1893
f 1873/1873/1873 1872/1872/1872 1894/1894/1894
f 1872/1872/1872 1893/1893/1893 1894/1894/1894
f 1874/1874/1874 1873/1873/1873 1895/1895/1895
f 1873/1873/1873 1894/1894/1894 1895/1895/1895
f 1875/1875/1875 1874/1874/1874 1896/1896/1896
f 1874/1874/1874 1895/1895/1895 1896/1896/1896
f 1876/1876/1876 1875/1875/1875 1897/1897/1897
f 1875/1875/1875 1896/1896/1896 1897/1897/1897
f 1878/1878/1878 1877/1877/1877 1899/1899/1899
f 1877/1877/1877 1898/1898/1898 1899/1899/1899
f 1879/1879/1879 1878/1878/1878 1900/1900/1900
f 1878/1878/1878 1899/1899/1899 1900/1900/1900
f 1880/1880/1880 1879/1879/1879 1901/1901/1901
f 1879/1879/1879 1900/1900/1900 1901/1901/1901
f 1881/1881/1881 1880/1880/1880 1902/1902/1902
f 1880/1880/1880 1901/1901/1901 1902/1902/1902
f 1882/1882/1882 1881/1881/1881 1903/1903/1903
f 1881/1881/1881 1902/1902/1902 1903/1903/1903
f 1883/1883/1883 1882/1882/1882 1904/1904/1904
f 1882/1882/1882 1903/1903/1903 1904/1904/1904
f 1884/1884/1884 1883/1883/1883 1905/1905/1905
f 1883/1883/1883 1904/1904/1904 1905/1905/1905
f 1885/1885/1885 1884/1884/1884 1906/1906/1906
f 1884/1884/1884 1905/1905/1905 1906/1906/1906
f 1886/1886/1886 1885/1885/1885 1907/1907/1907
f 1885/1885/1885 1906/1906/1906 1907/1907/1907
f 1887/1887/1887 1886/1886/1886 1908/1908/1908
f 1886/1886/1886 1907/1907/1907 1908/1908/1908
f 1888/1888/1888 1887/1887/1887 1909/1909/1909
f 1887/1887/1887 1908/1908/1908 1909/1909/1909
f 1889/1889/1889 1888/1888/1888 1910/1910/1910
f 1888/1888/1888 1909/1909/1909 1910/1910/1910
f 1890/1890/1890 1889/1889/1889 1911/1911/1911
f 1889/1889/1889 1910/1910/1910 1911/1911/1911
f 1891/1891/1891 1890/1890/1890 1912/1912/1912
f 1890/1890/1890 1911/1911/1911 1912/1912/1912
f 1892/1892/1892 1891/1891/1891 1913/1913/1913
f 1891/1891/1891 1912/1912/1912 1913/1913/1913
f 1893/1893/1893 1892/1892/1892 1914/1914/1914
f 1892/1892/1892 1913/1913/1913 1914/1914/1914
f 1894/1894/1894 1893/1893/1893 1915/1915/1915
f 1893/1893/1893 1914/1914/1914 1915/1915/1915
f 1895/1895/1895 1894/1894/1894 1916/1916/1916
f 1894/1894/1894 1915/1915/1915 1916/1916/1916
f 1896/1896/1896 1895/1895/1895 1917/1917/1917
f 1895/1895/1895 1916/1916/1916 1917/1917/1917
f 1897/1897/1897 1896/1896/1896 1918/1918/1918
f 1896/1896/1896 1917/1917/1917 1918/1918/1918
f 1899/1899/1899 1898/1898/1898 1920/1920/1920
f 1898/1898/1898 1919/1919/1919 1920/1920/1920
f 1900/1900/1900 1899/1899/1899 1921/1921/1921
f 1899/1899/1899 1920/1920/1920 1921/1921/1921
f 1901/1901/1901 1900/1900/1900 1922/1922/1922
f 1900/1900/1900 1921/1921/1921 1922/1922/1922
f 1902/1902/1902 1901/1901/1901 1923/1923/1923
f 1901/1901/1901 1922/1922/1922 1923/1923/1923
f 1903/1903/1903 1902/1902/1902 1924/1924/1924
f 1902/1902/1902 1923/1923/1923 1924/1924/1924
f 1904/1904/1904 1903/1903/1903 1925/1925/1925
f 1903/1903/1903 1924/1924/1924 1925/1925/1925
f 1905/1905/1905 1904/1904/1904 1926/1926/1926
f 1904/1904/1904 1925/1925/1925 1926/1926/1926
f 1906/1906/1906 1905/1905/1905 1927/1927/1927
f 1905/1905/1905 1926/1926/1926 1927/1927/1927
f 1907/1907/1907 1906/1906/1906 1928/1928/1928
f 1906/1906/1906 1927/1927/1927 1928/1928/1928
f 1908/1908/1908 1907/1907/1907 1929/1929/1929
f 1907/1907/1907 1928/1928/1928 1929/1929/1929
f 1909/1909/1909 1908/1908/1908 1930/1930/1930
f 1908/1908/1908 1929/1929/1929 1930/1930/1930
f 1910/1910/1910 1909/1909/1909 1931/1931/1931
f 1909/1909/1909 1930/1930/1930 1931/1931/1931
f 1911/1911/1911 1910/1910/1910 1932/1932/1932
f 1910/1910/1910 1931/1931/1931 1932/1932/1932
f 1912/1912/1912 1911/1911/1911 1933/1933/1933
f 1911/1911/1911 1932/1932/1932 1933/1933/1933
f 1913/1913/1913 1912/1912/1912 1934/1934/1934
f 1912/1912/1912 1933/1933/1933 1934/1934/1934
f 1914/1914/1914 1913/1913/1913 1935/1935/1935
f 1913/1913/1913 1934/1934/1934 1935/1935/1935
f 1915/1915/1915 1914/1914/1914 1936/1936/1936
f 1914/1914/1914 1935/1935/1935 1936/1936/1936
f 1916/1916/1916 1915/1915/1915 1937/1937/1937
f 1915/1915/1915 1936/1936/1936 1937/1937/1937
f 1917/1917/1917 1916/1916/1916 1938/1938/1938
f 1916/1916/1916 1937/1937/1937 1938/1938/1938
f 1918/1918/1918 1917/1917/1917 1939/1939/1939
f 1917/1917/1917 1938/1938/1938 1939/1939/1939
f 1920/1920/1920 1919/1919/1919 1941/1941/1941
f 1919/1919/1919 1940/1940/1940 1941/1941/1941
f 1921/1921/1921 1920/1920/1920 1942/1942/1942
f 1920/1920/1920 1941/1941/1941 1942/1942/1942
f 1922/1922/1922 1921/1921/1921 1943/1943/1943
f 1921/1921/1921 1942/1942/1942 1943/1943/1943
f 1923/1923/1923 1922/1922/1922 1944/1944/1944
f 1922/1922/1922 1943/1943/1943 1944/1944/1944
f 1924/1924/1924 1923/1923/1923 1945/1945/1945
f 1923/1923/1923 1944/1944/1944 1945/1945/1945
f 1925/1925/1925 1924/1924/1924 1946/1946/1946
f 1924/1924/1924 1945/1945/1945 1946/1946/1946
f 1926/1926/1926 1925/1925/1925 1947/1947/1947
f 1925/1925/1925 1946/1946/1946 1947/1947/1947
f 1927/1927/1927 1926/1926/1926 1948/1948/1948
f 1926/1926/1926 1947/1947/1947 1948/1948/1948
f 1928/1928/1928 1927/1927/1927 1949/1949/1949
f 1927/1927/1927 1948/1948/1948 1949/1949/1949
f 1929/1929/1929 1928/1928/1928 1950/1950/1950
f 1928/1928/1928 1949/1949/1949 1950/1950/1950
f 1930/1930/1930 1929/1929/1929 1951/1951/1951
f 1929/1929/1929 1950/1950/1950 1951/1951/1951
f 1931/1931/1931 1930/1930/1930 1952/1952/1952
f 1930/1930/1930 1951/1951/1951 1952/1952/1952
f 1932/1932/1932 1931/1931/1931 1953/1953/1953
f 1931/1931/1931 1952/1952/1952 1953/1953/1953
f 1933/1933/1933 1932/1932/1932 1954/1954/1954
f 1932/1932/1932 1953/1953/1953 1954/1954/1954
f 1934/1934/1934 1933/1933/1933 1955/1955/1955
f 1933/1933/1933 1954/1954/1954 1955/1955/1955
f 1935/1935/1935 1934/1934/1934 1956/1956/1956
f 1934/1934/1934 1955/1955/1955 1956/1956/1956
f 1936/1936/1936 1935/1935/1935 1957/1957/1957
f 1935/1935/1935 1956/1956/1956 1957/1957/1957
f 1937/1937/1937 1936/1936/1936 1958/1958/1958
f 1936/1936/1936 1957/1957/1957 1958/1958/1958
f 1938/1938/1938 1937/1937/1937 1959/1959/1959
f 1937/1937/1937 1958/1958/1958 1959/1959/1959
f 1939/1939/1939 1938/1938/1938 1960/1960/1960
f 1938/1938/1938 1959/1959/1959 1960/1960/1960
f 1941/1941/1941 1940/1940/1940 1962/1962/1962
f 1940/1940/1940 1961/1961/1961 1962/1962/1962
f 1942/1942/1942 1941/1941/1941 1963/1963/1963
f 1941/1941/1941 1962/1962/1962 1963/1963/1963
f 1943/1943/1943 1942/1942/1942 1964/1964/1964
f 1942/1942/1942 1963/1963/1963 1964/1964/1964
f 1944/1944/1944 1943/1943/1943 1965/1965/1965
f 1943/1943/1943 1964/1964/1964 1965/1965/1965
f 1945/1945/1945 1944/1944/1944 1966/1966/1966
f 1944/1944/1944 1965/1965/1965 1966/1966/1966
f 1946/1946/1946 1945/1945/1945 1967/1967/1967
f 1945/1945/1945 1966/1966/1966 1967/1967/1967
f 1947/1947/1947 1946/1946/1946 1968/1968/1968
f 1946/1946/1946 1967/1967/1967 1968/1968/1968
f 1948/1948/1948 1947/1947/1947 1969/1969/1969
f 1947/1947/1947 1968/1968/1968 1969/1969/1969
f 1949/1949/1949 1948/1948/1948 1970/1970/1970
f 1948/1948/1948 1969/1969/1969 1970/1970/1970
f 1950/1950/1950 1949/1949/1949 1971/1971/1971
f 1949/1949/1949 1970/1970/1970 1971/1971/1971
f 1951/1951/1951 1950/1950/1950 1972/1972/1972
f 1950/1950/1950 1971/1971/1971 1972/1972/1972
f 1952/1952/1952 1951/1951/1951 1973/1973/1973
f 1951/1951/1951 1972/1972/1972 1973/1973/1973
f 1953/1953/1953 1952/1952/1952 1974/1974/1974
f 1952/1952/1952 1973/1973/1973 1974/1974/1974
f 1954/1954/1954 1953/1953/1953 1975/1975/1975
f 1953/1953/1953 1974/1974/1974 1975/1975/1975
f 1955/1955/1955 1954/1954/1954 1976/1976/1976
f 1954/1954/1954 1975/1975/1975 1976/1976/1976
f 1956/1956/1956 1955/1955/1955 1977/1977/1977
f 1955/1955/1955 1976/1976/1976 1977/1977/1977
f 1957/1957/1957 1956/1956/1956 1978/1978/1978
f 1956/1956/1956 1977/1977/1977 1978/1978/1978
f 1958/1958/1958 1957/1957/1957 1979/1979/1979
f 1957/1957/1957 1978/1978/1978 1979/1979/1979
f 1959/1959/1959 1958/1958/1958 1980/1980/1980
f 1958/1958/1958 1979/1979/1979 1980/1980/1980
f 1960/1960/1960 1959/1959/1959 1981/1981/1981
f 1959/1959/1959 1980/1980/1980 1981/1981/1981
f 1962/1962/1962 1961/1961/1961 1983/1983/1983
f 1961/1961/1961 1982/1982/1982 1983/1983/1983
f 1963/1963/1963 1962/1962/1962 1984/1984/1984
f 1962/1962/1962 1983/1983/1983 1984/1984/1984
f 1964/1964/1964 1963/1963/1963 1985/1985/1985
f 1963/1963/1963 1984/1984/1984 1985/1985/1985
f 1965/1965/1965 1964/1964/1964 1986/1986/1986
f 1964/1964/1964 1985/1985/1985 1986/1986/1986
f 1966/1966/1966 1965/1965/1965 1987/1987/1987
f 1965/1965/1965 1986/1986/1986 1987/1987/1987
f 1967/1967/1967 1966/1966/1966 1988/1988/1988
f 1966/1966/1966 1987/1987/1987 1988/1988/1988
f 1968/1968/1968 1967/1967/1967 1989/1989/1989
f 1967/1967/1967 1988/1988/1988 1989/1989/1989
f 1969/1969/1969 1968/1968/1968 1990/1990/1990
f 1968/1968/1968 1989/1989/1989 1990/1990/1990
f 1970/1970/1970 1969/1969/1969 1991/1991/1991
f 1969/1969/1969 1990/1990/1990 1991/1991/1991
f 1971/1971/1971 1970/1970/1970 1992/1992/1992
f 1970/1970/1970 1991/1991/1991 1992/1992/1992
f 1972/1972/1972 1971/1971/1971 1993/1993/1993
f 1971/1971/1971 1992/1992/1992 1993/1993/1993
f 1973/1973/1973 1972/1972/1972 1994/1994/1994
f 1972/1972/1972 1993/1993/1993 1994/1994/1994
f 1974/1974/1974 1973/1973/1973 1995/1995/1995
f 1973/1973/1973 1994/1994/1994 1995/1995/1995
f 1975/1975/1975 1974/1974/1974 1996/1996/1996
f 1974/1974/1974 1995/1995/1995 1996/1996/1996
f 1976/1976/1976 1975/1975/1975 1997/1997/1997
f 1975/1975/1975 1996/1996/1996 1997/1997/1997
f 1977/1977/1977 1976/1976/1976 1998/1998/1998
f 1976/1976/1976 1997/1997/1997 1998/1998/1998
f 1978/1978/1978 1977/1977/1977 1999/1999/1999
f 1977/1977/1977 1998/1998/1998 1999/1999/1999
f 1979/1979/1979 1978/1978/1978 2000/2000/2000
f 1978/1978/1978 1999/1999/1999 2000/2000/2000
f 1980/1980/1980 1979/1979/1979 2001/2001/2001
f 1979/1979/1979 2000/2000/2000 2001/2001/2001
f 1981/1981/1981 1980/1980/1980 2002/2002/2002
f 1980/1980/1980 2001/2001/2001 2002/2002/2002
f 1983/1983/1983 1982/1982/1982 2004/2004/2004
f 1982/1982/1982 2003/2003/2003 2004/2004/2004
f 1984/1984/1984 1983/1983/1983 2005/2005/2005
f 1983/1983/1983 2004/2004/2004 2005/2005/2005
f 1985/1985/1985 1984/1984/1984 2006/2006/2006
f 1984/1984/1984 2005/2005/2005 2006/2006/2006
f 1986/1986/1986 1985/1985/1985 2007/2007/2007
f 1985/1985/1985 2006/2006/2006 2007/2007/2007
f 1987/1987/1987 1986/1986/1986 2008/2008/2008
f 1986/1986/1986 2007/2007/2007 2008/2008/2008
f 1988/1988/1988 1987/1987/1987 2009/2009/2009
f 1987/1987/1987 2008/2008/2008 2009/2009/2009
f 1989/1989/1989 1988/1988/1988 2010/2010/2010
f 1988/1988/1988 2009/2009/2009 2010/2010/2010
f 1990/1990/1990 1989/1989/1989 2011/2011/2011
f 1989/1989/1989 2010/2010/2010 2011/2011/2011
f 1991/1991/1991 1990/1990/1990 2012/2012/2012
f 1990/1990/1990 2011/2011/2011 2012/2012/2012
f 1992/1992/1992 1991/1991/1991 2013/2013/2013
f 1991/1991/1991 2012/2012/2012 2013/2013/2013
f 1993/1993/1993 1992/1992/1992 2014/2014/2014
f 1992/1992/1992 2013/2013/2013 2014/2014/2014
f 1994/1994/1994 1993/1993/1993 2015/2015/2015
f 1993/1993/1993 2014/2014/2014 2015/2015/2015
f 1995/1995/1995 1994/1994/1994 2016/2016/2016
f 1994/1994/1994 2015/2015/2015 2016/2016/2016
f 1996/1996/1996 1995/1995/1995 2017/2017/2017
f 1995/1995/1995 2016/2016/2016 2017/2017/2017
f 1997/1997/1997 1996/1996/1996 2018/2018/2018
f 1996/1996/1996 2017/2017/2017 2018/2018/2018
f 1998/1998/1998 1997/1997/1997 2019/2019/2019
f 1997/1997/1997 2018/2018/2018 2019/2019/2019
f 1999/1999/1999 1998/1998/1998 2020/2020/2020
f 1998/1998/1998 2019/2019/2019 2020/2020/2020
f 2000/2000/2000 1999/1999/1999 2021/2021/2021
f 1999/1999/1999 2020/2020/2020 2021/2021/2021
f 2001/2001/2001 2000/2000/2000 2022/2022/2022
f 2000/2000/2000 2021/2021/2021 2022/2022/2022
f 2002/2002/2002 2001/2001/2001 2023/2023/2023
f 2001/2001/2001 2022/2022/2022 2023/2023/2023
f 2004/2004/2004 2003/2003/2003 2025/2025/2025
f 2003/2003/2003 2024/2024/2024 2025/2025/2025
f 2005/2005/2005 2004/2004/2004 2026/2026/2026
f 2004/2004/2004 2025/2025/2025 2026/2026/2026
f 2006/2006/2006 2005/2005/2005 2027/2027/2027
f 2005/2005/2005 2026/2026/2026 2027/2027/2027
f 2007/2007/2007 2006/2006/2006 2028/2028/2028
f 2006/2006/2006 2027/2027/2027 2028/2028/2028
f 2008/2008/2008 2007/2007/2007 2029/2029/2029
f 2007/2007/2007 2028/2028/2028 2029/2029/2029
f 2009/2009/2009 2008/2008/2008 2030/2030/2030
f 2008/2008/2008 2029/2029/2029 2030/2030/2030
f 2010/2010/2010 2009/2009/2009 2031/2031/2031
f 2009/2009/2009 2030/2030/2030 2031/2031/2031
f 2011/2011/2011 2010/2010/2010 2032/2032/2032
f 2010/2010/2010 2031/2031/2031 2032/2032/2032
f 2012/2012/2012 2011/2011/2011 2033/2033/2033
f 2011/2011/2011 2032/2032/2032 2033/2033/2033
f 2013/2013/2013 2012/2012/2012 2034/2034/2034
f 2012/2012/2012 2033/2033/2033 2034/2034/2034
f 2014/2014/2014 2013/2013/2013 2035/2035/2035
f 2013/2013/2013 2034/2034/2034 2035/2035/2035
f 2015/2015/2015 2014/2014/2014 2036/2036/2036
f 2014/2014/2014 2035/2035/2035 2036/2036/2036
f 2016/2016/2016 2015/2015/2015 2037/2037/2037
f 2015/2015/2015 2036/2036/2036 2037/2037/2037
f 2017/2017/2017 2016/2016/2016 2038/2038/2038
f 2016/2016/2016 2037/2037/2037 2038/2038/2038
f 2018/2018/2018 2017/2017/2017 2039/2039/2039
f 2017/2017/2017 2038/2038/2038 2039/2039/2039
f 2019/2019/2019 2018/2018/2018 2040/2040/2040
f 2018/2018/2018 2039/2039/2039 2040/2040/2040
f 2020/2020/2020 2019/2019/2019 2041/2041/2041
f 2019/2019/2019 2040/2040/2040 2041/2041/2041
f 2021/2021/2021 2020/2020/2020 2042/2042/2042
f 2020/2020/2020 2041/2041/2041 2042/2042/2042
f 2022/2022/2022 2021/2021/2021 2043/2043/2043
f 2021/2021/2021 2042/2042/2042 2043/2043/2043
f 2023/2023/2023 2022/2022/2022 2044/2044/2044
f 2022/2022/2022 2043/2043/2043 2044/2044/2044
f 2025/2025/2025 2024/2024/2024 2046/2046/2046
f 2024/2024/2024 2045/2045/2045 2046/2046/2046
f 2026/2026/2026 2025/2025/2025 2047/2047/2047
f 2025/2025/2025 2046/2046/2046 2047/2047/2047
f 2027/2027/2027 2026/2026/2026 2048/2048/2048
f 2026/2026/2026 2047/2047/2047 2048/2048/2048
f 2028/2028/2028 2027/2027/2027 2049/2049/2049
f 2027/2027/2027 2048/2048/2048 2049/2049/2049
f 2029/2029/2029 2028/2028/2028 2050/2050/2050
f 2028/2028/2028 2049/2049/2049 2050/2050/2050
f 2030/2030/2030 2029/2029/2029 2051/2051/2051
f 2029/2029/2029 2050/2050/2050 2051/2051/2051
f 2031/2031/2031 2030/2030/2030 2052/2052/2052
f 2030/2030/2030 2051/2051/2051 2052/2052/2052
f 2032/2032/2032 2031/2031/2031 2053/2053/2053
f 2031/2031/2031 2052/2052/2052 2053/2053/2053
f 2033/2033/2033 2032/2032/2032 2054/2054/2054
f 2032/2032/2032 2053/2053/2053 2054/2054/2054
f 2034/2034/2034 2033/2033/2033 2055/2055/2055
f 2033/2033/2033 2054/2054/2054 2055/2055/2055
f 2035/2035/2035 2034/2034/2034 2056/2056/2056
f 2034/2034/2034 2055/2055/2055 2056/2056/2056
f 2036/2036/2036 2035/2035/2035 2057/2057/2057
f 2035/2035/2035 2056/2056/2056 2057/2057/2057
f 2037/2037/2037 2036/2036/2036 2058/2058/2058
f 2036/2036/2036 2057/2057/2057 2058/2058/2058
f 2038/2038/2038 2037/2037/2037 2059/2059/2059
f 2037/2037/2037 2058/2058/2058 2059/2059/2059
f 2039/2039/2039 2038/2038/2038 2060/2060/2060
f 2038/2038/2038 2059/2059/2059 2060/2060/2060
f 2040/2040/2040 2039/2039/2039 2061/2061/2061
f 2039/2039/2039 2060/2060/2060 2061/2061/2061
f 2041/2041/2041 2040/2040/2040 2062/2062/2062
f 2040/2040/2040 2061/2061/2061 2062/2062/2062
f 2042/2042/2042 2041/2041/2041 2063/2063/2063
f 2041/2041/2041 2062/2062/2062 2063/2063/2063
f 2043/2043/2043 2042/2042/2042 2064/2064/2064
f 2042/2042/2042 2063/2063/2063 2064/2064/2064
f 2044/2044/2044 2043/2043/2043 2065/2065/2065
f 2043/2043/2043 2064/2064/2064 2065/2065/2065
f 2046/2046/2046 2045/2045/2045 2067/2067/2067
f 2047/2047/2047 2046/2046/2046 2068/2068/2068
f 2048/2048/2048 2047/2047/2047 2069/2069/2069
f 2049/2049/2049 2048/2048/2048 2070/2070/2070
f 2050/2050/2050 2049/2049/2049 2071/2071/2071
f 2051/2051/2051 2050/2050/2050 2072/2072/2072
f 2052/2052/2052 2051/2051/2051 2073/2073/2073
f 2053/2053/2053 2052/2052/2052 2074/2074/2074
f 2054/2054/2054 2053/2053/2053 2075/2075/2075
f 2055/2055/2055 2054/2054/2054 2076/2076/2076
f 2056/2056/2056 2055/2055/2055 2077/2077/2077
f 2057/2057/2057 2056/2056/2056 2078/2078/2078
f 2058/2058/2058 2057/2057/2057 2079/2079/2079
f 2059/2059/2059 2058/2058/2058 2080/2080/2080
f 2060/2060/2060 2059/2059/2059 2081/2081/2081
f 2061/2061/2061 2060/2060/2060 2082/2082/2082
f 2062/2062/2062 2061/2061/2061 2083/2083/2083
f 2063/2063/2063 2062/2062/2062 2084/2084/2084
f 2064/2064/2064 2063/2063/2063 2085/2085/2085
f 2065/2065/2065 2064/2064/2064 2086/2086/2086
o 
v -0.20000000298023224 0.20000000298023224 -0.15000000596046448
v -0.20000000298023224 0.20000000298023224 -0.15000000596046448
v -0.20000000298023224 0.20000000298023224 -0.15000000596046448
v -0.20000000298023224 0.20000000298023224 -0.15000000596046448
v -0.20000000298023224 0.20000000298023224 -0.15000000596046448
v -0.20000000298023224 0.20000000298023224 -0.15000000596046448
v -0.20000000298023224 0.20000000298023224 -0.15000000596046448
v -0.20000000298023224 0.20000000298023224 -0.15000000596046448
v -0.20000000298023224 0.20000000298023224 -0.15000000596046448
v -0.20000000298023224 0.20000000298023224 -0.15000000596046448
v -0.20000000298023224 0.20000000298023224 -0.15000000596046448
v -0.20000000298023224 0.20000000298023224 -0.15000000596046448
v -0.20000000298023224 0.20000000298023224 -0.15000000596046448
v -0.20000000298023224 0.20000000298023224 -0.15000000596046448
v -0.20000000298023224 0.20000000298023224 -0.15000000596046448
v -0.20000000298023224 0.20000000298023224 -0.15000000596046448
v -0.20000000298023224 0.20000000298023224 -0.15000000596046448
v -0.20000000298023224 0.20000000298023224 -0.15000000596046448
v -0.20000000298023224 0.20000000298023224 -0.15000000596046448
v -0.20000000298023224 0.20000000298023224 -0.15000000596046448
v -0.20000000298023224 0.20000000298023224 -0.15000000596046448
v -0.22892771661281586 0.1974927932024002 -0.15000000596046448
v -0.22751189768314362 0.1974927932024002 -0.14106084406375885
v -0.22340302169322968 0.1974927932024002 -0.13299670815467834
v -0.21700328588485718 0.1974927932024002 -0.12659698724746704
v -0.20893916487693787 0.1974927932024002 -0.1224881038069725
v -0.20000000298023224 0.1974927932024002 -0.12107227742671967
v -0.1910608410835266 0.1974927932024002 -0.1224881038069725
v -0.1829967051744461 0.1974927932024002 -0.12659698724746704
v -0.1765969842672348 0.1974927932024002 -0.13299670815467834
v -0.17248810827732086 0.1974927932024002 -0.14106084406375885
v -0.17107227444648743 0.1974927932024002 -0.15000000596046448
v -0.17248810827732086 0.1974927932024002 -0.1589391529560089
v -0.1765969842672348 0.1974927932024002 -0.16700328886508942
v -0.1829967051744461 0.1974927932024002 -0.17340302467346191
v -0.1910608410835266 0.1974927932024002 -0.17751190066337585
v -0.20000000298023224 0.1974927932024002 -0.1789277195930481
v -0.20893916487693787 0.1974927932024002 -0.17751190066337585
v -0.21700328588485718 0.1974927932024002 -0.17340302467346191
v -0.22340302169322968 0.1974927932024002 -0.16700328886508942
v -0.22751189768314362 0.1974927932024002 -0.1589391529560089
v -0.22892771661281586 0.1974927932024002 -0.15000000596046448
v -0.2564048767089844 0.1900968849658966 -0.15000000596046448
v -0.2536442279815674 0.1900968849658966 -0.13256993889808655
v -0.24563251435756683 0.1900968849658966 -0.11684603989124298
v -0.23315395414829254 0.1900968849658966 -0.10436748713254929
v -0.21743007004261017 0.1900968849658966 -0.09635576605796814
v -0.20000000298023224 0.1900968849658966 -0.09359511733055115
v -0.1825699359178543 0.1900968849658966 -0.09635576605796814
v -0.16684603691101074 0.1900968849658966 -0.10436748713254929
v -0.15436749160289764 0.1900968849658966 -0.11684603989124298
v -0.1463557630777359 0.1900968849658966 -0.13256993889808655
v -0.1435951143503189 0.1900968849658966 -0.15000000596046448
v -0.1463557630777359 0.1900968849658966 -0.1674300730228424
v -0.15436749160289764 0.1900968849658966 -0.18315395712852478
v -0.16684603691101074 0.1900968849658966 -0.19563251733779907
v -0.1825699359178543 0.1900968849658966 -0.20364423096179962
v -0.20000000298023224 0.1900968849658966 -0.2064048796892166
v -0.21743007004261017 0.1900968849658966 -0.20364423096179962
v -0.23315395414829254 0.1900968849658966 -0.19563251733779907
v -0.24563251435756683 0.1900968849658966 -0.18315395712852478
v -0.2536442279815674 0.1900968849658966 -0.1674300730228424
v -0.2564048767089844 0.1900968849658966 -0.15000000596046448
v -0.28105366230010986 0.1781831532716751 -0.15000000596046448
v -0.27708661556243896 0.1781831532716751 -0.12495303899049759
v -0.26557379961013794 0.1781831532716751 -0.10235784202814102
v -0.2476421594619751 0.1781831532716751 -0.08442620187997818
v -0.22504696249961853 0.1781831532716751 -0.07291337102651596
v -0.20000000298023224 0.1781831532716751 -0.06894632428884506
v -0.17495304346084595 0.1781831532716751 -0.07291337102651596
v -0.15235784649848938 0.1781831532716751 -0.08442620187997818
v -0.13442620635032654 0.1781831532716751 -0.10235784202814102
v -0.12291336804628372 0.1781831532716751 -0.12495303899049759
v -0.11894632875919342 0.1781831532716751 -0.15000000596046448
v -0.12291336804628372 0.1781831532716751 -0.17504696547985077
v -0.13442620635032654 0.1781831532716751 -0.19764214754104614
v -0.15235784649848938 0.1781831532716751 -0.21557380259037018
v -0.17495304346084595 0.1781831532716751 -0.2270866334438324
v -0.20000000298023224 0.1781831532716751 -0.2310536801815033
v -0.22504696249961853 0.1781831532716751 -0.2270866334438324
v -0.2476421594619751 0.1781831532716751 -0.21557380259037018
v -0.26557379961013794 0.1781831532716751 -0.19764214754104614
v -0.27708661556243896 0.1781831532716751 -0.17504696547985077
v -0.28105366230010986 0.1781831532716751 -0.15000000596046448
v -0.30163809657096863 0.16234898567199707 -0.15000000596046448
v -0.2966635823249817 0.16234898567199707 -0.11859209835529327
v -0.28222694993019104 0.16234898567199707 -0.0902586281299591
v -0.2597413659095764 0.16234898567199707 -0.06777305901050568
v -0.23140789568424225 0.16234898567199707 -0.053336430341005325
v -0.20000000298023224 0.16234898567199707 -0.04836190491914749
v -0.16859209537506104 0.16234898567199707 -0.053336430341005325
v -0.14025862514972687 0.16234898567199707 -0.06777305901050568
v -0.11777305603027344 0.16234898567199707 -0.0902586281299591
v -0.10333643108606339 0.16234898567199707 -0.11859209835529327
v -0.09836190193891525 0.16234898567199707 -0.15000000596046448
v -0.10333643108606339 0.16234898567199707 -0.1814078986644745
v -0.11777305603027344 0.16234898567199707 -0.20974136888980865
v -0.14025862514972687 0.16234898567199707 -0.23222693800926208
v -0.16859209537506104 0.16234898567199707 -0.24666357040405273
v -0.20000000298023224 0.16234898567199707 -0.2516380846500397
v -0.23140789568424225 0.16234898567199707 -0.24666357040405273
v -0.2597413659095764 0.16234898567199707 -0.23222693800926208
v -0.28222694993019104 0.16234898567199707 -0.20974136888980865
v -0.2966635823249817 0.16234898567199707 -0.1814078986644745
v -0.30163809657096863 0.16234898567199707 -0.15000000596046448
v -0.31712594628334045 0.14338837563991547 -0.15000000596046448
v -0.3113934099674225 0.14338837563991547 -0.1138060912489891
v -0.2947568893432617 0.14338837563991547 -0.08115509152412415
v -0.2688449025154114 0.14338837563991547 -0.0552431158721447
v -0.23619391024112701 0.14338837563991547 -0.03860659897327423
v -0.20000000298023224 0.14338837563991547 -0.03287404775619507
v -0.16380609571933746 0.14338837563991547 -0.03860659897327423
v -0.1311550885438919 0.14338837563991547 -0.0552431158721447
v -0.10524311661720276 0.14338837563991547 -0.08115509152412415
v -0.08860659599304199 0.14338837563991547 -0.1138060912489891
v -0.08287405222654343 0.14338837563991547 -0.15000000596046448
v -0.08860659599304199 0.14338837563991547 -0.18619391322135925
v -0.10524311661720276 0.14338837563991547 -0.21884490549564362
v -0.1311550885438919 0.14338837563991547 -0.24475689232349396
v -0.16380609571933746 0.14338837563991547 -0.26139339804649353
v -0.20000000298023224 0.14338837563991547 -0.2671259641647339
v -0.23619391024112701 0.14338837563991547 -0.26139339804649353
v -0.2688449025154114 0.14338837563991547 -0.24475689232349396
v -0.2947568893432617 0.14338837563991547 -0.21884490549564362
v -0.3113934099674225 0.14338837563991547 -0.18619391322135925
v -0.31712594628334045 0.14338837563991547 -0.15000000596046448
v -0.3267406225204468 0.12225209176540375 -0.15000000596046448
v -0.3205375075340271 0.12225209176540375 -0.1108349934220314
v -0.3025353252887726 0.12225209176540375 -0.07550372928380966
v -0.27449625730514526 0.12225209176540375 -0.047464679926633835
v -0.23916500806808472 0.12225209176540375 -0.029462501406669617
v -0.20000000298023224 0.12225209176540375 -0.023259373381733894
v -0.16083499789237976 0.12225209176540375 -0.029462501406669617
v -0.12550373375415802 0.12225209176540375 -0.047464679926633835
v -0.0974646806716919 0.12225209176540375 -0.07550372928380966
v -0.07946249842643738 0.12225209176540375 -0.1108349934220314
v -0.0732593759894371 0.12225209176540375 -0.15000000596046448
v -0.07946249842643738 0.12225209176540375 -0.18916501104831696
v -0.0974646806716919 0.12225209176540375 -0.2244962751865387
v -0.12550373375415802 0.12225209176540375 -0.25253531336784363
v -0.16083499789237976 0.12225209176540375 -0.27053749561309814
v -0.20000000298023224 0.12225209176540375 -0.2767406404018402
v -0.23916500806808472 0.12225209176540375 -0.27053749561309814
v -0.27449625730514526 0.12225209176540375 -0.25253531336784363
v -0.3025353252887726 0.12225209176540375 -0.2244962751865387
v -0.3205375075340271 0.12225209176540375 -0.18916501104831696
v -0.3267406225204468 0.12225209176540375 -0.15000000596046448
v -0.33000001311302185 0.10000000149011612 -0.15000000596046448
v -0.32363733649253845 0.10000000149011612 -0.10982778668403625
v -0.3051722049713135 0.10000000149011612 -0.07358791679143906
v -0.27641206979751587 0.10000000149011612 -0.044827789068222046
v -0.24017220735549927 0.10000000149011612 -0.026362650096416473
v -0.20000000298023224 0.10000000149011612 -0.019999999552965164
v -0.15982778370380402 0.10000000149011612 -0.026362650096416473
v -0.12358792126178741 0.10000000149011612 -0.044827789068222046
v -0.09482778608798981 0.10000000149011612 -0.07358791679143906
v -0.07636264711618423 0.10000000149011612 -0.10982778668403625
v -0.07000000029802322 0.10000000149011612 -0.15000000596046448
v -0.07636264711618423 0.10000000149011612 -0.1901722103357315
v -0.09482778608798981 0.10000000149011612 -0.2264120876789093
v -0.12358792126178741 0.10000000149011612 -0.2551722228527069
v -0.15982778370380402 0.10000000149011612 -0.2736373543739319
v -0.20000000298023224 0.10000000149011612 -0.2800000011920929
v -0.24017220735549927 0.10000000149011612 -0.2736373543739319
v -0.27641206979751587 0.10000000149011612 -0.2551722228527069
v -0.3051722049713135 0.10000000149011612 -0.2264120876789093
v -0.32363733649253845 0.10000000149011612 -0.1901722103357315
v -0.33000001311302185 0.10000000149011612 -0.15000000596046448
v -0.3267406225204468 0.0777479037642479 -0.15000000596046448
v -0.3205375075340271 0.0777479037642479 -0.1108349934220314
v -0.3025353252887726 0.0777479037642479 -0.07550372928380966
v -0.27449625730514526 0.0777479037642479 -0.047464679926633835
v -0.23916500806808472 0.0777479037642479 -0.029462501406669617
v -0.20000000298023224 0.0777479037642479 -0.023259373381733894
v -0.16083499789237976 0.0777479037642479 -0.029462501406669617
v -0.12550373375415802 0.0777479037642479 -0.047464679926633835
v -0.0974646806716919 0.0777479037642479 -0.07550372928380966
v -0.07946249842643738 0.0777479037642479 -0.1108349934220314
v -0.0732593759894371 0.0777479037642479 -0.15000000596046448
v -0.07946249842643738 0.0777479037642479 -0.18916501104831696
v -0.0974646806716919 0.0777479037642479 -0.2244962751865387
v -0.12550373375415802 0.0777479037642479 -0.25253531336784363
v -0.16083499789237976 0.0777479037642479 -0.27053749561309814
v -0.20000000298023224 0.0777479037642479 -0.2767406404018402
v -0.23916500806808472 0.0777479037642479 -0.27053749561309814
v -0.27449625730514526 0.0777479037642479 -0.25253531336784363
v -0.3025353252887726 0.0777479037642479 -0.2244962751865387
v -0.3205375075340271 0.0777479037642479 -0.18916501104831696
v -0.3267406225204468 0.0777479037642479 -0.15000000596046448
v -0.31712594628334045 0.05661162734031677 -0.15000000596046448
v -0.3113934099674225 0.05661162734031677 -0.1138060912489891
v -0.2947568893432617 0.05661162734031677 -0.08115509152412415
v -0.2688449025154114 0.05661162734031677 -0.0552431158721447
v -0.23619391024112701 0.05661162734031677 -0.03860659897327423
v -0.20000000298023224 0.05661162734031677 -0.03287404775619507
v -0.16380609571933746 0.05661162734031677 -0.03860659897327423
v -0.1311550885438919 0.05661162734031677 -0.0552431158721447
v -0.10524311661720276 0.05661162734031677 -0.08115509152412415
v -0.08860659599304199 0.05661162734031677 -0.1138060912489891
v -0.08287405222654343 0.05661162734031677 -0.15000000596046448
v -0.08860659599304199 0.05661162734031677 -0.18619391322135925
v -0.10524311661720276 0.05661162734031677 -0.21884490549564362
v -0.1311550885438919 0.05661162734031677 -0.24475689232349396
v -0.16380609571933746 0.05661162734031677 -0.26139339804649353
v -0.20000000298023224 0.05661162734031677 -0.2671259641647339
v -0.23619391024112701 0.05661162734031677 -0.26139339804649353
v -0.2688449025154114 0.05661162734031677 -0.24475689232349396
v -0.2947568893432617 0.05661162734031677 -0.21884490549564362
v -0.3113934099674225 0.05661162734031677 -0.18619391322135925
v -0.31712594628334045 0.05661162734031677 -0.15000000596046448
v -0.30163809657096863 0.03765102103352547 -0.15000000596046448
v -0.2966635823249817 0.03765102103352547 -0.11859209835529327
v -0.28222694993019104 0.03765102103352547 -0.0902586281299591
v -0.2597413659095764 0.03765102103352547 -0.06777305901050568
v -0.23140789568424225 0.03765102103352547 -0.053336430341005325
v -0.20000000298023224 0.03765102103352547 -0.04836190491914749
v -0.16859209537506104 0.03765102103352547 -0.053336430341005325
v -0.14025862514972687 0.03765102103352547 -0.06777305901050568
v -0.11777305603027344 0.03765102103352547 -0.0902586281299591
v -0.10333643108606339 0.03765102103352547 -0.11859209835529327
v -0.09836190193891525 0.03765102103352547 -0.15000000596046448
v -0.10333643108606339 0.03765102103352547 -0.1814078986644745
v -0.11777305603027344 0.03765102103352547 -0.20974136888980865
v -0.14025862514972687 0.03765102103352547 -0.23222693800926208
v -0.16859209537506104 0.03765102103352547 -0.24666357040405273
v -0.20000000298023224 0.03765102103352547 -0.2516380846500397
v -0.23140789568424225 0.03765102103352547 -0.24666357040405273
v -0.2597413659095764 0.03765102103352547 -0.23222693800926208
v -0.28222694993019104 0.03765102103352547 -0.20974136888980865
v -0.2966635823249817 0.03765102103352547 -0.1814078986644745
v -0.30163809657096863 0.03765102103352547 -0.15000000596046448
v -0.28105366230010986 0.02181684970855713 -0.15000000596046448
v -0.27708661556243896 0.02181684970855713 -0.12495303899049759
v -0.26557379961013794 0.02181684970855713 -0.10235784202814102
v -0.2476421594619751 0.02181684970855713 -0.08442620187997818
v -0.22504696249961853 0.02181684970855713 -0.07291337102651596
v -0.20000000298023224 0.02181684970855713 -0.06894632428884506
v -0.17495304346084595 0.02181684970855713 -0.07291337102651596
v -0.15235784649848938 0.02181684970855713 -0.08442620187997818
v -0.13442620635032654 0.02181684970855713 -0.10235784202814102
v -0.12291336804628372 0.02181684970855713 -0.12495303899049759
v -0.11894632875919342 0.02181684970855713 -0.15000000596046448
v -0.12291336804628372 0.02181684970855713 -0.17504696547985077
v -0.13442620635032654 0.02181684970855713 -0.19764214754104614
v -0.15235784649848938 0.02181684970855713 -0.21557380259037018
v -0.17495304346084595 0.02181684970855713 -0.2270866334438324
v -0.20000000298023224 0.02181684970855713 -0.2310536801815033
v -0.22504696249961853 0.02181684970855713 -0.2270866334438324
v -0.2476421594619751 0.02181684970855713 -0.21557380259037018
v -0.26557379961013794 0.02181684970855713 -0.19764214754104614
v -0.27708661556243896 0.02181684970855713 -0.17504696547985077
v -0.28105366230010986 0.02181684970855713 -0.15000000596046448
v -0.2564048767089844 0.009903115220367908 -0.15000000596046448
v -0.2536442279815674 0.009903115220367908 -0.13256993889808655
v -0.24563251435756683 0.009903115220367908 -0.11684603989124298
v -0.23315395414829254 0.009903115220367908 -0.10436748713254929
v -0.21743007004261017 0.009903115220367908 -0.09635576605796814
v -0.20000000298023224 0.009903115220367908 -0.09359511733055115
v -0.1825699359178543 0.009903115220367908 -0.09635576605796814
v -0.16684603691101074 0.009903115220367908 -0.10436748713254929
v -0.15436749160289764 0.009903115220367908 -0.11684603989124298
v -0.1463557630777359 0.009903115220367908 -0.13256993889808655
v -0.1435951143503189 0.009903115220367908 -0.15000000596046448
v -0.1463557630777359 0.009903115220367908 -0.1674300730228424
v -0.15436749160289764 0.009903115220367908 -0.18315395712852478
v -0.16684603691101074 0.009903115220367908 -0.19563251733779907
v -0.1825699359178543 0.009903115220367908 -0.20364423096179962
v -0.20000000298023224 0.009903115220367908 -0.2064048796892166
v -0.21743007004261017 0.009903115220367908 -0.20364423096179962
v -0.23315395414829254 0.009903115220367908 -0.19563251733779907
v -0.24563251435756683 0.009903115220367908 -0.18315395712852478
v -0.2536442279815674 0.009903115220367908 -0.1674300730228424
v -0.2564048767089844 0.009903115220367908 -0.15000000596046448
v -0.22892771661281586 0.0025072097778320312 -0.15000000596046448
v -0.22751189768314362 0.0025072097778320312 -0.14106084406375885
v -0.22340302169322968 0.0025072097778320312 -0.13299670815467834
v -0.21700328588485718 0.0025072097778320312 -0.12659698724746704
v -0.20893916487693787 0.0025072097778320312 -0.1224881038069725
v -0.20000000298023224 0.0025072097778320312 -0.12107227742671967
v -0.1910608410835266 0.0025072097778320312 -0.1224881038069725
v -0.1829967051744461 0.0025072097778320312 -0.12659698724746704
v -0.1765969842672348 0.0025072097778320312 -0.13299670815467834
v -0.17248810827732086 0.0025072097778320312 -0.14106084406375885
v -0.17107227444648743 0.0025072097778320312 -0.15000000596046448
v -0.17248810827732086 0.0025072097778320312 -0.1589391529560089
v -0.1765969842672348 0.0025072097778320312 -0.16700328886508942
v -0.1829967051744461 0.0025072097778320312 -0.17340302467346191
v -0.1910608410835266 0.0025072097778320312 -0.17751190066337585
v -0.20000000298023224 0.0025072097778320312 -0.1789277195930481
v -0.20893916487693787 0.0025072097778320312 -0.17751190066337585
v -0.21700328588485718 0.0025072097778320312 -0.17340302467346191
v -0.22340302169322968 0.0025072097778320312 -0.16700328886508942
v -0.22751189768314362 0.0025072097778320312 -0.1589391529560089
v -0.22892771661281586 0.0025072097778320312 -0.15000000596046448
v -0.20000000298023224 0 -0.15000000596046448
v -0.20000000298023224 0 -0.15000000596046448
v -0.20000000298023224 0 -0.15000000596046448
v -0.20000000298023224 0 -0.15000000596046448
v -0.20000000298023224 0 -0.15000000596046448
v -0.20000000298023224 0 -0.15000000596046448
v -0.20000000298023224 0 -0.15000000596046448
v -0.20000000298023224 0 -0.15000000596046448
v -0.20000000298023224 0 -0.15000000596046448
v -0.20000000298023224 0 -0.15000000596046448
v -0.20000000298023224 0 -0.15000000596046448
v -0.20000000298023224 0 -0.15000000596046448
v -0.20000000298023224 0 -0.15000000596046448
v -0.20000000298023224 0 -0.15000000596046448
v -0.20000000298023224 0 -0.15000000596046448
v -0.20000000298023224 0 -0.15000000596046448
v -0.20000000298023224 0 -0.15000000596046448
v -0.20000000298023224 0 -0.15000000596046448
v -0.20000000298023224 0 -0.15000000596046448
v -0.20000000298023224 0 -0.15000000596046448
v -0.20000000298023224 0 -0.15000000596046448
vt 0.02500000037252903 1
vt 0.07500000298023224 1
vt 0.125 1
vt 0.17499999701976776 1
vt 0.22499999403953552 1
vt 0.2750000059604645 1
vt 0.32499998807907104 1
vt 0.375 1
vt 0.42500001192092896 1
vt 0.4749999940395355 1
vt 0.5249999761581421 1
vt 0.574999988079071 1
vt 0.625 1
vt 0.675000011920929 1
vt 0.7250000238418579 1
vt 0.7749999761581421 1
vt 0.824999988079071 1
vt 0.875 1
vt 0.925000011920929 1
vt 0.9750000238418579 1
vt 1.024999976158142 1
vt 0 0.9285714030265808
vt 0.05000000074505806 0.9285714030265808
vt 0.10000000149011612 0.9285714030265808
vt 0.15000000596046448 0.9285714030265808
vt 0.20000000298023224 0.9285714030265808
vt 0.25 0.9285714030265808
vt 0.30000001192092896 0.9285714030265808
vt 0.3499999940395355 0.9285714030265808
vt 0.4000000059604645 0.9285714030265808
vt 0.44999998807907104 0.9285714030265808
vt 0.5 0.9285714030265808
vt 0.550000011920929 0.9285714030265808
vt 0.6000000238418579 0.9285714030265808
vt 0.6499999761581421 0.9285714030265808
vt 0.699999988079071 0.9285714030265808
vt 0.75 0.9285714030265808
vt 0.800000011920929 0.9285714030265808
vt 0.8500000238418579 0.9285714030265808
vt 0.8999999761581421 0.9285714030265808
vt 0.949999988079071 0.9285714030265808
vt 1 0.9285714030265808
vt 0 0.8571428656578064
vt 0.05000000074505806 0.8571428656578064
vt 0.10000000149011612 0.8571428656578064
vt 0.15000000596046448 0.8571428656578064
vt 0.20000000298023224 0.8571428656578064
vt 0.25 0.8571428656578064
vt 0.30000001192092896 0.8571428656578064
vt 0.3499999940395355 0.8571428656578064
vt 0.4000000059604645 0.8571428656578064
vt 0.44999998807907104 0.8571428656578064
vt 0.5 0.8571428656578064
vt 0.550000011920929 0.8571428656578064
vt 0.6000000238418579 0.8571428656578064
vt 0.6499999761581421 0.8571428656578064
vt 0.699999988079071 0.8571428656578064
vt 0.75 0.8571428656578064
vt 0.800000011920929 0.8571428656578064
vt 0.8500000238418579 0.8571428656578064
vt 0.8999999761581421 0.8571428656578064
vt 0.949999988079071 0.8571428656578064
vt 1 0.8571428656578064
vt 0 0.7857142686843872
vt 0.05000000074505806 0.7857142686843872
vt 0.10000000149011612 0.7857142686843872
vt 0.15000000596046448 0.7857142686843872
vt 0.20000000298023224 0.7857142686843872
vt 0.25 0.7857142686843872
vt 0.30000001192092896 0.7857142686843872
vt 0.3499999940395355 0.7857142686843872
vt 0.4000000059604645 0.7857142686843872
vt 0.44999998807907104 0.7857142686843872
vt 0.5 0.7857142686843872
vt 0.550000011920929 0.7857142686843872
vt 0.6000000238418579 0.7857142686843872
vt 0.6499999761581421 0.7857142686843872
vt 0.699999988079071 0.7857142686843872
vt 0.75 0.7857142686843872
vt 0.800000011920929 0.7857142686843872
vt 0.8500000238418579 0.7857142686843872
vt 0.8999999761581421 0.7857142686843872
vt 0.949999988079071 0.7857142686843872
vt 1 0.7857142686843872
vt 0 0.7142857313156128
vt 0.05000000074505806 0.7142857313156128
vt 0.10000000149011612 0.7142857313156128
vt 0.15000000596046448 0.7142857313156128
vt 0.20000000298023224 0.7142857313156128
vt 0.25 0.7142857313156128
vt 0.30000001192092896 0.7142857313156128
vt 0.3499999940395355 0.7142857313156128
vt 0.4000000059604645 0.7142857313156128
vt 0.44999998807907104 0.7142857313156128
vt 0.5 0.7142857313156128
vt 0.550000011920929 0.7142857313156128
vt 0.6000000238418579 0.7142857313156128
vt 0.6499999761581421 0.7142857313156128
vt 0.699999988079071 0.7142857313156128
vt 0.75 0.7142857313156128
vt 0.800000011920929 0.7142857313156128
vt 0.8500000238418579 0.7142857313156128
vt 0.8999999761581421 0.7142857313156128
vt 0.949999988079071 0.7142857313156128
vt 1 0.7142857313156128
vt 0 0.6428571343421936
vt 0.05000000074505806 0.6428571343421936
vt 0.10000000149011612 0.6428571343421936
vt 0.15000000596046448 0.6428571343421936
vt 0.20000000298023224 0.6428571343421936
vt 0.25 0.6428571343421936
vt 0.30000001192092896 0.6428571343421936
vt 0.3499999940395355 0.6428571343421936
vt 0.4000000059604645 0.6428571343421936
vt 0.44999998807907104 0.6428571343421936
vt 0.5 0.6428571343421936
vt 0.550000011920929 0.6428571343421936
vt 0.6000000238418579 0.6428571343421936
vt 0.6499999761581421 0.6428571343421936
vt 0.699999988079071 0.6428571343421936
vt 0.75 0.6428571343421936
vt 0.800000011920929 0.6428571343421936
vt 0.8500000238418579 0.6428571343421936
vt 0.8999999761581421 0.6428571343421936
vt 0.949999988079071 0.6428571343421936
vt 1 0.6428571343421936
vt 0 0.5714285969734192
vt 0.05000000074505806 0.5714285969734192
vt 0.10000000149011612 0.5714285969734192
vt 0.15000000596046448 0.5714285969734192
vt 0.20000000298023224 0.5714285969734192
vt 0.25 0.5714285969734192
vt 0.30000001192092896 0.5714285969734192
vt 0.3499999940395355 0.5714285969734192
vt 0.4000000059604645 0.5714285969734192
vt 0.44999998807907104 0.5714285969734192
vt 0.5 0.5714285969734192
vt 0.550000011920929 0.5714285969734192
vt 0.6000000238418579 0.5714285969734192
vt 0.6499999761581421 0.5714285969734192
vt 0.699999988079071 0.5714285969734192
vt 0.75 0.5714285969734192
vt 0.800000011920929 0.5714285969734192
vt 0.8500000238418579 0.5714285969734192
vt 0.8999999761581421 0.5714285969734192
vt 0.949999988079071 0.5714285969734192
vt 1 0.5714285969734192
vt 0 0.5
vt 0.05000000074505806 0.5
vt 0.10000000149011612 0.5
vt 0.15000000596046448 0.5
vt 0.20000000298023224 0.5
vt 0.25 0.5
vt 0.30000001192092896 0.5
vt 0.3499999940395355 0.5
vt 0.4000000059604645 0.5
vt 0.44999998807907104 0.5
vt 0.5 0.5
vt 0.550000011920929 0.5
vt 0.6000000238418579 0.5
vt 0.6499999761581421 0.5
vt 0.699999988079071 0.5
vt 0.75 0.5
vt 0.800000011920929 0.5
vt 0.8500000238418579 0.5
vt 0.8999999761581421 0.5
vt 0.949999988079071 0.5
vt 1 0.5
vt 0 0.4285714328289032
vt 0.05000000074505806 0.4285714328289032
vt 0.10000000149011612 0.4285714328289032
vt 0.15000000596046448 0.4285714328289032
vt 0.20000000298023224 0.4285714328289032
vt 0.25 0.4285714328289032
vt 0.30000001192092896 0.4285714328289032
vt 0.3499999940395355 0.4285714328289032
vt 0.4000000059604645 0.4285714328289032
vt 0.44999998807907104 0.4285714328289032
vt 0.5 0.4285714328289032
vt 0.550000011920929 0.4285714328289032
vt 0.6000000238418579 0.4285714328289032
vt 0.6499999761581421 0.4285714328289032
vt 0.699999988079071 0.4285714328289032
vt 0.75 0.4285714328289032
vt 0.800000011920929 0.4285714328289032
vt 0.8500000238418579 0.4285714328289032
vt 0.8999999761581421 0.4285714328289032
vt 0.949999988079071 0.4285714328289032
vt 1 0.4285714328289032
vt 0 0.3571428656578064
vt 0.05000000074505806 0.3571428656578064
vt 0.10000000149011612 0.3571428656578064
vt 0.15000000596046448 0.3571428656578064
vt 0.20000000298023224 0.3571428656578064
vt 0.25 0.3571428656578064
vt 0.30000001192092896 0.3571428656578064
vt 0.3499999940395355 0.3571428656578064
vt 0.4000000059604645 0.3571428656578064
vt 0.44999998807907104 0.3571428656578064
vt 0.5 0.3571428656578064
vt 0.550000011920929 0.3571428656578064
vt 0.6000000238418579 0.3571428656578064
vt 0.6499999761581421 0.3571428656578064
vt 0.699999988079071 0.3571428656578064
vt 0.75 0.3571428656578064
vt 0.800000011920929 0.3571428656578064
vt 0.8500000238418579 0.3571428656578064
vt 0.8999999761581421 0.3571428656578064
vt 0.949999988079071 0.3571428656578064
vt 1 0.3571428656578064
vt 0 0.2857142984867096
vt 0.05000000074505806 0.2857142984867096
vt 0.10000000149011612 0.2857142984867096
vt 0.15000000596046448 0.2857142984867096
vt 0.20000000298023224 0.2857142984867096
vt 0.25 0.2857142984867096
vt 0.30000001192092896 0.2857142984867096
vt 0.3499999940395355 0.2857142984867096
vt 0.4000000059604645 0.2857142984867096
vt 0.44999998807907104 0.2857142984867096
vt 0.5 0.2857142984867096
vt 0.550000011920929 0.2857142984867096
vt 0.6000000238418579 0.2857142984867096
vt 0.6499999761581421 0.2857142984867096
vt 0.699999988079071 0.2857142984867096
vt 0.75 0.2857142984867096
vt 0.800000011920929 0.2857142984867096
vt 0.8500000238418579 0.2857142984867096
vt 0.8999999761581421 0.2857142984867096
vt 0.949999988079071 0.2857142984867096
vt 1 0.2857142984867096
vt 0 0.2142857164144516
vt 0.05000000074505806 0.2142857164144516
vt 0.10000000149011612 0.2142857164144516
vt 0.15000000596046448 0.2142857164144516
vt 0.20000000298023224 0.2142857164144516
vt 0.25 0.2142857164144516
vt 0.30000001192092896 0.2142857164144516
vt 0.3499999940395355 0.2142857164144516
vt 0.4000000059604645 0.2142857164144516
vt 0.44999998807907104 0.2142857164144516
vt 0.5 0.2142857164144516
vt 0.550000011920929 0.2142857164144516
vt 0.6000000238418579 0.2142857164144516
vt 0.6499999761581421 0.2142857164144516
vt 0.699999988079071 0.2142857164144516
vt 0.75 0.2142857164144516
vt 0.800000011920929 0.2142857164144516
vt 0.8500000238418579 0.2142857164144516
vt 0.8999999761581421 0.2142857164144516
vt 0.949999988079071 0.2142857164144516
vt 1 0.2142857164144516
vt 0 0.1428571492433548
vt 0.05000000074505806 0.1428571492433548
vt 0.10000000149011612 0.1428571492433548
vt 0.15000000596046448 0.1428571492433548
vt 0.20000000298023224 0.1428571492433548
vt 0.25 0.1428571492433548
vt 0.30000001192092896 0.1428571492433548
vt 0.3499999940395355 0.1428571492433548
vt 0.4000000059604645 0.1428571492433548
vt 0.44999998807907104 0.1428571492433548
vt 0.5 0.1428571492433548
vt 0.550000011920929 0.1428571492433548
vt 0.6000000238418579 0.1428571492433548
vt 0.6499999761581421 0.1428571492433548
vt 0.699999988079071 0.1428571492433548
vt 0.75 0.1428571492433548
vt 0.800000011920929 0.1428571492433548
vt 0.8500000238418579 0.1428571492433548
vt 0.8999999761581421 0.1428571492433548
vt 0.949999988079071 0.1428571492433548
vt 1 0.1428571492433548
vt 0 0.0714285746216774
vt 0.05000000074505806 0.0714285746216774
vt 0.10000000149011612 0.0714285746216774
vt 0.15000000596046448 0.0714285746216774
vt 0.20000000298023224 0.0714285746216774
vt 0.25 0.0714285746216774
vt 0.30000001192092896 0.0714285746216774
vt 0.3499999940395355 0.0714285746216774
vt 0.4000000059604645 0.0714285746216774
vt 0.44999998807907104 0.0714285746216774
vt 0.5 0.0714285746216774
vt 0.550000011920929 0.0714285746216774
vt 0.6000000238418579 0.0714285746216774
vt 0.6499999761581421 0.0714285746216774
vt 0.699999988079071 0.0714285746216774
vt 0.75 0.0714285746216774
vt 0.800000011920929 0.0714285746216774
vt 0.8500000238418579 0.0714285746216774
vt 0.8999999761581421 0.0714285746216774
vt 0.949999988079071 0.0714285746216774
vt 1 0.0714285746216774
vt -0.02500000037252903 0
vt 0.02500000037252903 0
vt 0.07500000298023224 0
vt 0.125 0
vt 0.17499999701976776 0
vt 0.22499999403953552 0
vt 0.2750000059604645 0
vt 0.32499998807907104 0
vt 0.375 0
vt 0.42500001192092896 0
vt 0.4749999940395355 0
vt 0.5249999761581421 0
vt 0.574999988079071 0
vt 0.625 0
vt 0.675000011920929 0
vt 0.7250000238418579 0
vt 0.7749999761581421 0
vt 0.824999988079071 0
vt 0.875 0
vt 0.925000011920929 0
vt 0.9750000238418579 0
vn 0 1 0
vn 0 1 0
vn 0 1 0
vn 0 1 0
vn 0 1 0
vn 0 1 0
vn 0 1 0
vn 0 1 0
vn 0 1 0
vn 0 1 0
vn 0 1 0
vn 0 1 0
vn 0 1 0
vn 0 1 0
vn 0 1 0
vn 0 1 0
vn 0 1 0
vn 0 1 0
vn 0 1 0
vn 0 1 0
vn 0 1 0
vn -0.17292685485909182 0.9849346693403286 0
vn -0.1644632187966765 0.98493466826978 0.05343733622978097
vn -0.13990077098588014 0.9849346680582346 0.1016438583219457
vn -0.1016438583219457 0.9849346680582346 0.13990077098588014
vn -0.05343733622978097 0.98493466826978 0.1644632187966765
vn -1.0588716490955653e-17 0.9849346693403286 0.17292685485909182
vn 0.05343733622978097 0.98493466826978 0.1644632187966765
vn 0.1016438583219457 0.9849346680582346 0.13990077098588014
vn 0.13990077098588014 0.9849346680582346 0.1016438583219457
vn 0.1644632187966765 0.98493466826978 0.05343733622978097
vn 0.17292685485909182 0.9849346693403286 2.1177432981911306e-17
vn 0.1644632187966765 0.98493466826978 -0.05343733622978097
vn 0.13990077098588014 0.9849346680582346 -0.1016438583219457
vn 0.1016438583219457 0.9849346680582346 -0.13990077098588014
vn 0.05343733622978097 0.98493466826978 -0.1644632187966765
vn 3.1766146991325164e-17 0.9849346693403286 -0.17292685485909182
vn -0.05343733622978097 0.98493466826978 -0.1644632187966765
vn -0.1016438583219457 0.9849346680582346 -0.13990077098588014
vn -0.13990077098588014 0.9849346680582346 -0.1016438583219457
vn -0.1644632187966765 0.98493466826978 -0.05343733622978097
vn -0.17292685485909182 0.9849346693403286 -4.235486596382261e-17
vn -0.3473734342674279 0.9377268777022727 0
vn -0.33037177442276 0.937726875544961 0.10734429442425986
vn -0.2810310190061117 0.9377268768701016 0.20418097548947042
vn -0.20418097548947042 0.9377268768701016 0.2810310190061117
vn -0.10734429442425986 0.937726875544961 0.33037177442276
vn -2.1270488393669443e-17 0.9377268777022727 0.3473734342674279
vn 0.10734429442425986 0.937726875544961 0.33037177442276
vn 0.20418097548947042 0.9377268768701016 0.2810310190061117
vn 0.2810310190061117 0.9377268768701016 0.20418097548947042
vn 0.33037177442276 0.937726875544961 0.10734429442425986
vn 0.3473734342674279 0.9377268777022727 4.2540976787338886e-17
vn 0.33037177442276 0.937726875544961 -0.10734429442425986
vn 0.2810310190061117 0.9377268768701016 -0.20418097548947042
vn 0.20418097548947042 0.9377268768701016 -0.2810310190061117
vn 0.10734429442425986 0.937726875544961 -0.33037177442276
vn 6.381146683536959e-17 0.9377268777022727 -0.3473734342674279
vn -0.10734429442425986 0.937726875544961 -0.33037177442276
vn -0.20418097548947042 0.9377268768701016 -0.2810310190061117
vn -0.2810310190061117 0.9377268768701016 -0.20418097548947042
vn -0.33037177442276 0.937726875544961 -0.10734429442425986
vn -0.3473734342674279 0.9377268777022727 -8.508195357467777e-17
vn -0.5228952618474711 0.8523969410652907 0
vn -0.4973029856905496 0.8523969164943377 0.16158353002150388
vn -0.42303116375990885 0.8523969305392698 0.3073501379455824
vn -0.3073501379455824 0.8523969305392698 0.42303116375990885
vn -0.16158353002150388 0.8523969164943377 0.4973029856905496
vn -3.201809927778665e-17 0.8523969410652907 0.5228952618474711
vn 0.16158353002150388 0.8523969164943377 0.4973029856905496
vn 0.3073501379455824 0.8523969305392698 0.42303116375990885
vn 0.42303116375990885 0.8523969305392698 0.3073501379455824
vn 0.4973029856905496 0.8523969164943377 0.16158353002150388
vn 0.5228952618474711 0.8523969410652907 6.40361985555733e-17
vn 0.4973029856905496 0.8523969164943377 -0.16158353002150388
vn 0.42303116375990885 0.8523969305392698 -0.3073501379455824
vn 0.3073501379455824 0.8523969305392698 -0.42303116375990885
vn 0.16158353002150388 0.8523969164943377 -0.4973029856905496
vn 9.60542945246376e-17 0.8523969410652907 -0.5228952618474711
vn -0.16158353002150388 0.8523969164943377 -0.4973029856905496
vn -0.3073501379455824 0.8523969305392698 -0.42303116375990885
vn -0.42303116375990885 0.8523969305392698 -0.3073501379455824
vn -0.4973029856905496 0.8523969164943377 -0.16158353002150388
vn -0.5228952618474711 0.8523969410652907 -1.280723971111466e-16
vn -0.6942471323727752 0.7197367012958128 0
vn -0.6602682550477115 0.7197367039231378 0.21453416604845868
vn -0.5616577265333731 0.7197366949932048 0.4080682395208198
vn -0.4080682395208198 0.7197366949932048 0.5616577265333731
vn -0.21453416604845868 0.7197367039231378 0.6602682550477115
vn -4.2510377059568035e-17 0.7197367012958128 0.6942471323727752
vn 0.21453416604845868 0.7197367039231378 0.6602682550477115
vn 0.4080682395208198 0.7197366949932048 0.5616577265333731
vn 0.5616577265333731 0.7197366949932048 0.4080682395208198
vn 0.6602682550477115 0.7197367039231378 0.21453416604845868
vn 0.6942471323727752 0.7197367012958128 8.502075411913607e-17
vn 0.6602682550477115 0.7197367039231378 -0.21453416604845868
vn 0.5616577265333731 0.7197366949932048 -0.4080682395208198
vn 0.4080682395208198 0.7197366949932048 -0.5616577265333731
vn 0.21453416604845868 0.7197367039231378 -0.6602682550477115
vn 1.2753113448742657e-16 0.7197367012958128 -0.6942471323727752
vn -0.21453416604845868 0.7197367039231378 -0.6602682550477115
vn -0.4080682395208198 0.7197366949932048 -0.5616577265333731
vn -0.5616577265333731 0.7197366949932048 -0.4080682395208198
vn -0.6602682550477115 0.7197367039231378 -0.21453416604845868
vn -0.6942471323727752 0.7197367012958128 -1.7004150823827214e-16
vn -0.8475992049933256 0.5306369641239501 0
vn -0.8061147857494263 0.5306369019670355 0.2619225657842089
vn -0.6857221761627129 0.5306369096436823 0.498206350062377
vn -0.498206350062377 0.5306369096436823 0.6857221761627129
vn -0.2619225657842089 0.5306369019670355 0.8061147857494263
vn -5.190048118184414e-17 0.5306369641239501 0.8475992049933256
vn 0.2619225657842089 0.5306369019670355 0.8061147857494263
vn 0.498206350062377 0.5306369096436823 0.6857221761627129
vn 0.6857221761627129 0.5306369096436823 0.498206350062377
vn 0.8061147857494263 0.5306369019670355 0.2619225657842089
vn 0.8475992049933256 0.5306369641239501 1.0380096236368828e-16
vn 0.8061147857494263 0.5306369019670355 -0.2619225657842089
vn 0.6857221761627129 0.5306369096436823 -0.498206350062377
vn 0.498206350062377 0.5306369096436823 -0.6857221761627129
vn 0.2619225657842089 0.5306369019670355 -0.8061147857494263
vn 1.5570146339786704e-16 0.5306369641239501 -0.8475992049933256
vn -0.2619225657842089 0.5306369019670355 -0.8061147857494263
vn -0.498206350062377 0.5306369096436823 -0.6857221761627129
vn -0.6857221761627129 0.5306369096436823 -0.498206350062377
vn -0.8061147857494263 0.5306369019670355 -0.2619225657842089
vn -0.8475992049933256 0.5306369641239501 -2.0760192472737656e-16
vn -0.958688306399564 0.2844586633814049 0
vn -0.9117667556635244 0.2844586633464827 0.2962509951273472
vn -0.7755951298801289 0.28445866753276405 0.5635028491247497
vn -0.5635028491247497 0.28445866753276405 0.7755951298801289
vn -0.2962509951273472 0.2844586633464827 0.9117667556635244
vn -5.870272429941302e-17 0.2844586633814049 0.958688306399564
vn 0.2962509951273472 0.2844586633464827 0.9117667556635244
vn 0.5635028491247497 0.28445866753276405 0.7755951298801289
vn 0.7755951298801289 0.28445866753276405 0.5635028491247497
vn 0.9117667556635244 0.2844586633464827 0.2962509951273472
vn 0.958688306399564 0.2844586633814049 1.1740544859882605e-16
vn 0.9117667556635244 0.2844586633464827 -0.2962509951273472
vn 0.7755951298801289 0.28445866753276405 -0.5635028491247497
vn 0.5635028491247497 0.28445866753276405 -0.7755951298801289
vn 0.2962509951273472 0.2844586633464827 -0.9117667556635244
vn 1.761081795156839e-16 0.2844586633814049 -0.958688306399564
vn -0.2962509951273472 0.2844586633464827 -0.9117667556635244
vn -0.5635028491247497 0.28445866753276405 -0.7755951298801289
vn -0.7755951298801289 0.28445866753276405 -0.5635028491247497
vn -0.9117667556635244 0.2844586633464827 -0.2962509951273472
vn -0.958688306399564 0.2844586633814049 -2.348108971976521e-16
vn -1 7.960204541803591e-17 0
vn -0.9510565161477913 7.960204342060634e-17 0.3090169948284817
vn -0.8090170011595983 7.960204527802666e-17 0.5877852429542022
vn -0.5877852429542022 7.960204527802666e-17 0.8090170011595983
vn -0.3090169948284817 7.960204342060634e-17 0.9510565161477913
vn -6.123234262925839e-17 7.960204541803591e-17 1
vn 0.3090169948284817 7.960204342060634e-17 0.9510565161477913
vn 0.5877852429542022 7.960204527802666e-17 0.8090170011595983
vn 0.8090170011595983 7.960204527802666e-17 0.5877852429542022
vn 0.9510565161477913 7.960204342060634e-17 0.3090169948284817
vn 1 7.960204541803591e-17 1.2246468525851679e-16
vn 0.9510565161477913 7.960204342060634e-17 -0.3090169948284817
vn 0.8090170011595983 7.960204527802666e-17 -0.5877852429542022
vn 0.5877852429542022 7.960204527802666e-17 -0.8090170011595983
vn 0.3090169948284817 7.960204342060634e-17 -0.9510565161477913
vn 1.8369701465288538e-16 7.960204541803591e-17 -1
vn -0.3090169948284817 7.960204342060634e-17 -0.9510565161477913
vn -0.5877852429542022 7.960204527802666e-17 -0.8090170011595983
vn -0.8090170011595983 7.960204527802666e-17 -0.5877852429542022
vn -0.9510565161477913 7.960204342060634e-17 -0.3090169948284817
vn -1 7.960204541803591e-17 -2.4492937051703357e-16
vn -0.958688306399564 -0.2844586633814049 0
vn -0.9117667556635244 -0.2844586633464827 0.2962509951273472
vn -0.7755951298801289 -0.28445866753276405 0.5635028491247497
vn -0.5635028491247497 -0.28445866753276405 0.7755951298801289
vn -0.2962509951273472 -0.2844586633464827 0.9117667556635244
vn -5.870272429941302e-17 -0.2844586633814049 0.958688306399564
vn 0.2962509951273472 -0.2844586633464827 0.9117667556635244
vn 0.5635028491247497 -0.28445866753276405 0.7755951298801289
vn 0.7755951298801289 -0.28445866753276405 0.5635028491247497
vn 0.9117667556635244 -0.2844586633464827 0.2962509951273472
vn 0.958688306399564 -0.2844586633814049 1.1740544859882605e-16
vn 0.9117667556635244 -0.2844586633464827 -0.2962509951273472
vn 0.7755951298801289 -0.28445866753276405 -0.5635028491247497
vn 0.5635028491247497 -0.28445866753276405 -0.7755951298801289
vn 0.2962509951273472 -0.2844586633464827 -0.9117667556635244
vn 1.761081795156839e-16 -0.2844586633814049 -0.958688306399564
vn -0.2962509951273472 -0.2844586633464827 -0.9117667556635244
vn -0.5635028491247497 -0.28445866753276405 -0.7755951298801289
vn -0.7755951298801289 -0.28445866753276405 -0.5635028491247497
vn -0.9117667556635244 -0.2844586633464827 -0.2962509951273472
vn -0.958688306399564 -0.2844586633814049 -2.348108971976521e-16
vn -0.8475992049933256 -0.5306369641239501 0
vn -0.8061147857494263 -0.5306369019670355 0.2619225657842089
vn -0.6857221761627129 -0.5306369096436823 0.498206350062377
vn -0.498206350062377 -0.5306369096436823 0.6857221761627129
vn -0.2619225657842089 -0.5306369019670355 0.8061147857494263
vn -5.190048118184414e-17 -0.5306369641239501 0.8475992049933256
vn 0.2619225657842089 -0.5306369019670355 0.8061147857494263
vn 0.498206350062377 -0.5306369096436823 0.6857221761627129
vn 0.6857221761627129 -0.5306369096436823 0.498206350062377
vn 0.8061147857494263 -0.5306369019670355 0.2619225657842089
vn 0.8475992049933256 -0.5306369641239501 1.0380096236368828e-16
vn 0.8061147857494263 -0.5306369019670355 -0.2619225657842089
vn 0.6857221761627129 -0.5306369096436823 -0.498206350062377
vn 0.498206350062377 -0.5306369096436823 -0.6857221761627129
vn 0.2619225657842089 -0.5306369019670355 -0.8061147857494263
vn 1.5570146339786704e-16 -0.5306369641239501 -0.8475992049933256
vn -0.2619225657842089 -0.5306369019670355 -0.8061147857494263
vn -0.498206350062377 -0.5306369096436823 -0.6857221761627129
vn -0.6857221761627129 -0.5306369096436823 -0.498206350062377
vn -0.8061147857494263 -0.5306369019670355 -0.2619225657842089
vn -0.8475992049933256 -0.5306369641239501 -2.0760192472737656e-16
vn -0.6942471323727752 -0.7197367012958128 0
vn -0.6602682550477115 -0.7197367039231378 0.21453416604845868
vn -0.5616577265333731 -0.7197366949932048 0.4080682395208198
vn -0.4080682395208198 -0.7197366949932048 0.5616577265333731
vn -0.21453416604845868 -0.7197367039231378 0.6602682550477115
vn -4.2510377059568035e-17 -0.7197367012958128 0.6942471323727752
vn 0.21453416604845868 -0.7197367039231378 0.6602682550477115
vn 0.4080682395208198 -0.7197366949932048 0.5616577265333731
vn 0.5616577265333731 -0.7197366949932048 0.4080682395208198
vn 0.6602682550477115 -0.7197367039231378 0.21453416604845868
vn 0.6942471323727752 -0.7197367012958128 8.502075411913607e-17
vn 0.6602682550477115 -0.7197367039231378 -0.21453416604845868
vn 0.5616577265333731 -0.7197366949932048 -0.4080682395208198
vn 0.4080682395208198 -0.7197366949932048 -0.5616577265333731
vn 0.21453416604845868 -0.7197367039231378 -0.6602682550477115
vn 1.2753113448742657e-16 -0.7197367012958128 -0.6942471323727752
vn -0.21453416604845868 -0.7197367039231378 -0.6602682550477115
vn -0.4080682395208198 -0.7197366949932048 -0.5616577265333731
vn -0.5616577265333731 -0.7197366949932048 -0.4080682395208198
vn -0.6602682550477115 -0.7197367039231378 -0.21453416604845868
vn -0.6942471323727752 -0.7197367012958128 -1.7004150823827214e-16
vn -0.5228952618474711 -0.8523969410652907 0
vn -0.4973029856905496 -0.8523969164943377 0.16158353002150388
vn -0.42303116375990885 -0.8523969305392698 0.3073501379455824
vn -0.3073501379455824 -0.8523969305392698 0.42303116375990885
vn -0.16158353002150388 -0.8523969164943377 0.4973029856905496
vn -3.201809927778665e-17 -0.8523969410652907 0.5228952618474711
vn 0.16158353002150388 -0.8523969164943377 0.4973029856905496
vn 0.3073501379455824 -0.8523969305392698 0.42303116375990885
vn 0.42303116375990885 -0.8523969305392698 0.3073501379455824
vn 0.4973029856905496 -0.8523969164943377 0.16158353002150388
vn 0.5228952618474711 -0.8523969410652907 6.40361985555733e-17
vn 0.4973029856905496 -0.8523969164943377 -0.16158353002150388
vn 0.42303116375990885 -0.8523969305392698 -0.3073501379455824
vn 0.3073501379455824 -0.8523969305392698 -0.42303116375990885
vn 0.16158353002150388 -0.8523969164943377 -0.4973029856905496
vn 9.60542945246376e-17 -0.8523969410652907 -0.5228952618474711
vn -0.16158353002150388 -0.8523969164943377 -0.4973029856905496
vn -0.3073501379455824 -0.8523969305392698 -0.42303116375990885
vn -0.42303116375990885 -0.8523969305392698 -0.3073501379455824
vn -0.4973029856905496 -0.8523969164943377 -0.16158353002150388
vn -0.5228952618474711 -0.8523969410652907 -1.280723971111466e-16
vn -0.3473734342674279 -0.9377268777022727 0
vn -0.33037177442276 -0.937726875544961 0.10734429442425986
vn -0.2810310190061117 -0.9377268768701016 0.20418097548947042
vn -0.20418097548947042 -0.9377268768701016 0.2810310190061117
vn -0.10734429442425986 -0.937726875544961 0.33037177442276
vn -2.1270488393669443e-17 -0.9377268777022727 0.3473734342674279
vn 0.10734429442425986 -0.937726875544961 0.33037177442276
vn 0.20418097548947042 -0.9377268768701016 0.2810310190061117
vn 0.2810310190061117 -0.9377268768701016 0.20418097548947042
vn 0.33037177442276 -0.937726875544961 0.10734429442425986
vn 0.3473734342674279 -0.9377268777022727 4.2540976787338886e-17
vn 0.33037177442276 -0.937726875544961 -0.10734429442425986
vn 0.2810310190061117 -0.9377268768701016 -0.20418097548947042
vn 0.20418097548947042 -0.9377268768701016 -0.2810310190061117
vn 0.10734429442425986 -0.937726875544961 -0.33037177442276
vn 6.381146683536959e-17 -0.9377268777022727 -0.3473734342674279
vn -0.10734429442425986 -0.937726875544961 -0.33037177442276
vn -0.20418097548947042 -0.9377268768701016 -0.2810310190061117
vn -0.2810310190061117 -0.9377268768701016 -0.20418097548947042
vn -0.33037177442276 -0.937726875544961 -0.10734429442425986
vn -0.3473734342674279 -0.9377268777022727 -8.508195357467777e-17
vn -0.17292685485909182 -0.9849346693403286 0
vn -0.1644632187966765 -0.98493466826978 0.05343733622978097
vn -0.13990077098588014 -0.9849346680582346 0.1016438583219457
vn -0.1016438583219457 -0.9849346680582346 0.13990077098588014
vn -0.05343733622978097 -0.98493466826978 0.1644632187966765
vn -1.0588716490955653e-17 -0.9849346693403286 0.17292685485909182
vn 0.05343733622978097 -0.98493466826978 0.1644632187966765
vn 0.1016438583219457 -0.9849346680582346 0.13990077098588014
vn 0.13990077098588014 -0.9849346680582346 0.1016438583219457
vn 0.1644632187966765 -0.98493466826978 0.05343733622978097
vn 0.17292685485909182 -0.9849346693403286 2.1177432981911306e-17
vn 0.1644632187966765 -0.98493466826978 -0.05343733622978097
vn 0.13990077098588014 -0.9849346680582346 -0.1016438583219457
vn 0.1016438583219457 -0.9849346680582346 -0.13990077098588014
vn 0.05343733622978097 -0.98493466826978 -0.1644632187966765
vn 3.1766146991325164e-17 -0.9849346693403286 -0.17292685485909182
vn -0.05343733622978097 -0.98493466826978 -0.1644632187966765
vn -0.1016438583219457 -0.9849346680582346 -0.13990077098588014
vn -0.13990077098588014 -0.9849346680582346 -0.1016438583219457
vn -0.1644632187966765 -0.98493466826978 -0.05343733622978097
vn -0.17292685485909182 -0.9849346693403286 -4.235486596382261e-17
vn -9.420360302694447e-17 -1 0
vn -8.959294461468819e-17 -1 2.9110514002603024e-17
vn -7.621231220735281e-17 -1 5.5371486747911924e-17
vn -5.5371486747911924e-17 -1 7.621231220735281e-17
vn -2.9110514002603024e-17 -1 8.959294461468819e-17
vn -5.7683068998284334e-33 -1 9.420360302694447e-17
vn 2.9110514002603024e-17 -1 8.959294461468819e-17
vn 5.5371486747911924e-17 -1 7.621231220735281e-17
vn 7.621231220735281e-17 -1 5.5371486747911924e-17
vn 8.959294461468819e-17 -1 2.9110514002603024e-17
vn 9.420360302694447e-17 -1 1.1536613799656867e-32
vn 8.959294461468819e-17 -1 -2.9110514002603024e-17
vn 7.621231220735281e-17 -1 -5.5371486747911924e-17
vn 5.5371486747911924e-17 -1 -7.621231220735281e-17
vn 2.9110514002603024e-17 -1 -8.959294461468819e-17
vn 1.7304919597459346e-32 -1 -9.420360302694447e-17
vn -2.9110514002603024e-17 -1 -8.959294461468819e-17
vn -5.5371486747911924e-17 -1 -7.621231220735281e-17
vn -7.621231220735281e-17 -1 -5.5371486747911924e-17
vn -8.959294461468819e-17 -1 -2.9110514002603024e-17
vn -9.420360302694447e-17 -1 -2.3073227599313734e-32
f 2087/2087/2087 2108/2108/2108 2109/2109/2109
f 2088/2088/2088 2109/2109/2109 2110/2110/2110
f 2089/2089/2089 2110/2110/2110 2111/2111/2111
f 2090/2090/2090 2111/2111/2111 2112/2112/2112
f 2091/2091/2091 2112/2112/2112 2113/2113/2113
f 2092/2092/2092 2113/2113/2113 2114/2114/2114
f 2093/2093/2093 2114/2114/2114 2115/2115/2115
f 2094/2094/2094 2115/2115/2115 2116/2116/2116
f 2095/2095/2095 2116/2116/2116 2117/2117/2117
f 2096/2096/2096 2117/2117/2117 2118/2118/2118
f 2097/2097/2097 2118/2118/2118 2119/2119/2119
f 2098/2098/2098 2119/2119/2119 2120/2120/2120
f 2099/2099/2099 2120/2120/2120 2121/2121/2121
f 2100/2100/2100 2121/2121/2121 2122/2122/2122
f 2101/2101/2101 2122/2122/2122 2123/2123/2123
f 2102/2102/2102 2123/2123/2123 2124/2124/2124
f 2103/2103/2103 2124/2124/2124 2125/2125/2125
f 2104/2104/2104 2125/2125/2125 2126/2126/2126
f 2105/2105/2105 2126/2126/2126 2127/2127/2127
f 2106/2106/2106 2127/2127/2127 2128/2128/2128
f 2109/2109/2109 2108/2108/2108 2130/2130/2130
f 2108/2108/2108 2129/2129/2129 2130/2130/2130
f 2110/2110/2110 2109/2109/2109 2131/2131/2131
f 2109/2109/2109 2130/2130/2130 2131/2131/2131
f 2111/2111/2111 2110/2110/2110 2132/2132/2132
f 2110/2110/2110 2131/2131/2131 2132/2132/2132
f 2112/2112/2112 2111/2111/2111 2133/2133/2133
f 2111/2111/2111 2132/2132/2132 2133/2133/2133
f 2113/2113/2113 2112/2112/2112 2134/2134/2134
f 2112/2112/2112 2133/2133/2133 2134/2134/2134
f 2114/2114/2114 2113/2113/2113 2135/2135/2135
f 2113/2113/2113 2134/2134/2134 2135/2135/2135
f 2115/2115/2115 2114/2114/2114 2136/2136/2136
f 2114/2114/2114 2135/2135/2135 2136/2136/2136
f 2116/2116/2116 2115/2115/2115 2137/2137/2137
f 2115/2115/2115 2136/2136/2136 2137/2137/2137
f 2117/2117/2117 2116/2116/2116 2138/2138/2138
f 2116/2116/2116 2137/2137/2137 2138/2138/2138
f 2118/2118/2118 2117/2117/2117 2139/2139/2139
f 2117/2117/2117 2138/2138/2138 2139/2139/2139
f 2119/2119/2119 2118/2118/2118 2140/2140/2140
f 2118/2118/2118 2139/2139/2139 2140/2140/2140
f 2120/2120/2120 2119/2119/2119 2141/2141/2141
f 2119/2119/2119 2140/2140/2140 2141/2141/2141
f 2121/2121/2121 2120/2120/2120 2142/2142/2142
f 2120/2120/2120 2141/2141/2141 2142/2142/2142
f 2122/2122/2122 2121/2121/2121 2143/2143/2143
f 2121/2121/2121 2142/2142/2142 2143/2143/2143
f 2123/2123/2123 2122/2122/2122 2144/2144/2144
f 2122/2122/2122 2143/2143/2143 2144/2144/2144
f 2124/2124/2124 2123/2123/2123 2145/2145/2145
f 2123/2123/2123 2144/2144/2144 2145/2145/2145
f 2125/2125/2125 2124/2124/2124 2146/2146/2146
f 2124/2124/2124 2145/2145/2145 2146/2146/2146
f 2126/2126/2126 2125/2125/2125 2147/2147/2147
f 2125/2125/2125 2146/2146/2146 2147/2147/2147
f 2127/2127/2127 2126/2126/2126 2148/2148/2148
f 2126/2126/2126 2147/2147/2147 2148/2148/2148
f 2128/2128/2128 2127/2127/2127 2149/2149/2149
f 2127/2127/2127 2148/2148/2148 2149/2149/2149
f 2130/2130/2130 2129/2129/2129 2151/2151/2151
f 2129/2129/2129 2150/2150/2150 2151/2151/2151
f 2131/2131/2131 2130/2130/2130 2152/2152/2152
f 2130/2130/2130 2151/2151/2151 2152/2152/2152
f 2132/2132/2132 2131/2131/2131 2153/2153/2153
f 2131/2131/2131 2152/2152/2152 2153/2153/2153
f 2133/2133/2133 2132/2132/2132 2154/2154/2154
f 2132/2132/2132 2153/2153/2153 2154/2154/2154
f 2134/2134/2134 2133/2133/2133 2155/2155/2155
f 2133/2133/2133 2154/2154/2154 2155/2155/2155
f 2135/2135/2135 2134/2134/2134 2156/2156/2156
f 2134/2134/2134 2155/2155/2155 2156/2156/2156
f 2136/2136/2136 2135/2135/2135 2157/2157/2157
f 2135/2135/2135 2156/2156/2156 2157/2157/2157
f 2137/2137/2137 2136/2136/2136 2158/2158/2158
f 2136/2136/2136 2157/2157/2157 2158/2158/2158
f 2138/2138/2138 2137/2137/2137 2159/2159/2159
f 2137/2137/2137 2158/2158/2158 2159/2159/2159
f 2139/2139/2139 2138/2138/2138 2160/2160/2160
f 2138/2138/2138 2159/2159/2159 2160/2160/2160
f 2140/2140/2140 2139/2139/2139 2161/2161/2161
f 2139/2139/2139 2160/2160/2160 2161/2161/2161
f 2141/2141/2141 2140/2140/2140 2162/2162/2162
f 2140/2140/2140 2161/2161/2161 2162/2162/2162
f 2142/2142/2142 2141/2141/2141 2163/2163/2163
f 2141/2141/2141 2162/2162/2162 2163/2163/2163
f 2143/2143/2143 2142/2142/2142 2164/2164/2164
f 2142/2142/2142 2163/2163/2163 2164/2164/2164
f 2144/2144/2144 2143/2143/2143 2165/2165/2165
f 2143/2143/2143 2164/2164/2164 2165/2165/2165
f 2145/2145/2145 2144/2144/2144 2166/2166/2166
f 2144/2144/2144 2165/2165/2165 2166/2166/2166
f 2146/2146/2146 2145/2145/2145 2167/2167/2167
f 2145/2145/2145 2166/2166/2166 2167/2167/2167
f 2147/2147/2147 2146/2146/2146 2168/2168/2168
f 2146/2146/2146 2167/2167/2167 2168/2168/2168
f 2148/2148/2148 2147/2147/2147 2169/2169/2169
f 2147/2147/2147 2168/2168/2168 2169/2169/2169
f 2149/2149/2149 2148/2148/2148 2170/2170/2170
f 2148/2148/2148 2169/2169/2169 2170/2170/2170
f 2151/2151/2151 2150/2150/2150 2172/2172/2172
f 2150/2150/2150 2171/2171/2171 2172/2172/2172
f 2152/2152/2152 2151/2151/2151 2173/2173/2173
f 2151/2151/2151 2172/2172/2172 2173/2173/2173
f 2153/2153/2153 2152/2152/2152 2174/2174/2174
f 2152/2152/2152 2173/2173/2173 2174/2174/2174
f 2154/2154/2154 2153/2153/2153 2175/2175/2175
f 2153/2153/2153 2174/2174/2174 2175/2175/2175
f 2155/2155/2155 2154/2154/2154 2176/2176/2176
f 2154/2154/2154 2175/2175/2175 2176/2176/2176
f 2156/2156/2156 2155/2155/2155 2177/2177/2177
f 2155/2155/2155 2176/2176/2176 2177/2177/2177
f 2157/2157/2157 2156/2156/2156 2178/2178/2178
f 2156/2156/2156 2177/2177/2177 2178/2178/2178
f 2158/2158/2158 2157/2157/2157 2179/2179/2179
f 2157/2157/2157 2178/2178/2178 2179/2179/2179
f 2159/2159/2159 2158/2158/2158 2180/2180/2180
f 2158/2158/2158 2179/2179/2179 2180/2180/2180
f 2160/2160/2160 2159/2159/2159 2181/2181/2181
f 2159/2159/2159 2180/2180/2180 2181/2181/2181
f 2161/2161/2161 2160/2160/2160 2182/2182/2182
f 2160/2160/2160 2181/2181/2181 2182/2182/2182
f 2162/2162/2162 2161/2161/2161 2183/2183/2183
f 2161/2161/2161 2182/2182/2182 2183/2183/2183
f 2163/2163/2163 2162/2162/2162 2184/2184/2184
f 2162/2162/2162 2183/2183/2183 2184/2184/2184
f 2164/2164/2164 2163/2163/2163 2185/2185/2185
f 2163/2163/2163 2184/2184/2184 2185/2185/2185
f 2165/2165/2165 2164/2164/2164 2186/2186/2186
f 2164/2164/2164 2185/2185/2185 2186/2186/2186
f 2166/2166/2166 2165/2165/2165 2187/2187/2187
f 2165/2165/2165 2186/2186/2186 2187/2187/2187
f 2167/2167/2167 2166/2166/2166 2188/2188/2188
f 2166/2166/2166 2187/2187/2187 2188/2188/2188
f 2168/2168/2168 2167/2167/2167 2189/2189/2189
f 2167/2167/2167 2188/2188/2188 2189/2189/2189
f 2169/2169/2169 2168/2168/2168 2190/2190/2190
f 2168/2168/2168 2189/2189/2189 2190/2190/2190
f 2170/2170/2170 2169/2169/2169 2191/2191/2191
f 2169/2169/2169 2190/2190/2190 2191/2191/2191
f 2172/2172/2172 2171/2171/2171 2193/2193/2193
f 2171/2171/2171 2192/2192/2192 2193/2193/2193
f 2173/2173/2173 2172/2172/2172 2194/2194/2194
f 2172/2172/2172 2193/2193/2193 2194/2194/2194
f 2174/2174/2174 2173/2173/2173 2195/2195/2195
f 2173/2173/2173 2194/2194/2194 2195/2195/2195
f 2175/2175/2175 2174/2174/2174 2196/2196/2196
f 2174/2174/2174 2195/2195/2195 2196/2196/2196
f 2176/2176/2176 2175/2175/2175 2197/2197/2197
f 2175/2175/2175 2196/2196/2196 2197/2197/2197
f 2177/2177/2177 2176/2176/2176 2198/2198/2198
f 2176/2176/2176 2197/2197/2197 2198/2198/2198
f 2178/2178/2178 2177/2177/2177 2199/2199/2199
f 2177/2177/2177 2198/2198/2198 2199/2199/2199
f 2179/2179/2179 2178/2178/2178 2200/2200/2200
f 2178/2178/2178 2199/2199/2199 2200/2200/2200
f 2180/2180/2180 2179/2179/2179 2201/2201/2201
f 2179/2179/2179 2200/2200/2200 2201/2201/2201
f 2181/2181/2181 2180/2180/2180 2202/2202/2202
f 2180/2180/2180 2201/2201/2201 2202/2202/2202
f 2182/2182/2182 2181/2181/2181 2203/2203/2203
f 2181/2181/2181 2202/2202/2202 2203/2203/2203
f 2183/2183/2183 2182/2182/2182 2204/2204/2204
f 2182/2182/2182 2203/2203/2203 2204/2204/2204
f 2184/2184/2184 2183/2183/2183 2205/2205/2205
f 2183/2183/2183 2204/2204/2204 2205/2205/2205
f 2185/2185/2185 2184/2184/2184 2206/2206/2206
f 2184/2184/2184 2205/2205/2205 2206/2206/2206
f 2186/2186/2186 2185/2185/2185 2207/2207/2207
f 2185/2185/2185 2206/2206/2206 2207/2207/2207
f 2187/2187/2187 2186/2186/2186 2208/2208/2208
f 2186/2186/2186 2207/2207/2207 2208/2208/2208
f 2188/2188/2188 2187/2187/2187 2209/2209/2209
f 2187/2187/2187 2208/2208/2208 2209/2209/2209
f 2189/2189/2189 2188/2188/2188 2210/2210/2210
f 2188/2188/2188 2209/2209/2209 2210/2210/2210
f 2190/2190/2190 2189/2189/2189 2211/2211/2211
f 2189/2189/2189 2210/2210/2210 2211/2211/2211
f 2191/2191/2191 2190/2190/2190 2212/2212/2212
f 2190/2190/2190 2211/2211/2211 2212/2212/2212
f 2193/2193/2193 2192/2192/2192 2214/2214/2214
f 2192/2192/2192 2213/2213/2213 2214/2214/2214
f 2194/2194/2194 2193/2193/2193 2215/2215/2215
f 2193/2193/2193 2214/2214/2214 2215/2215/2215
f 2195/2195/2195 2194/2194/2194 2216/2216/2216
f 2194/2194/2194 2215/2215/2215 2216/2216/2216
f 2196/2196/2196 2195/2195/2195 2217/2217/2217
f 2195/2195/2195 2216/2216/2216 2217/2217/2217
f 2197/2197/2197 2196/2196/2196 2218/2218/2218
f 2196/2196/2196 2217/2217/2217 2218/2218/2218
f 2198/2198/2198 2197/2197/2197 2219/2219/2219
f 2197/2197/2197 2218/2218/2218 2219/2219/2219
f 2199/2199/2199 2198/2198/2198 2220/2220/2220
f 2198/2198/2198 2219/2219/2219 2220/2220/2220
f 2200/2200/2200 2199/2199/2199 2221/2221/2221
f 2199/2199/2199 2220/2220/2220 2221/2221/2221
f 2201/2201/2201 2200/2200/2200 2222/2222/2222
f 2200/2200/2200 2221/2221/2221 2222/2222/2222
f 2202/2202/2202 2201/2201/2201 2223/2223/2223
f 2201/2201/2201 2222/2222/2222 2223/2223/2223
f 2203/2203/2203 2202/2202/2202 2224/2224/2224
f 2202/2202/2202 2223/2223/2223 2224/2224/2224
f 2204/2204/2204 2203/2203/2203 2225/2225/2225
f 2203/2203/2203 2224/2224/2224 2225/2225/2225
f 2205/2205/2205 2204/2204/2204 2226/2226/2226
f 2204/2204/2204 2225/2225/2225 2226/2226/2226
f 2206/2206/2206 2205/2205/2205 2227/2227/2227
f 2205/2205/2205 2226/2226/2226 2227/2227/2227
f 2207/2207/2207 2206/2206/2206 2228/2228/2228
f 2206/2206/2206 2227/2227/2227 2228/2228/2228
f 2208/2208/2208 2207/2207/2207 2229/2229/2229
f 2207/2207/2207 2228/2228/2228 2229/2229/2229
f 2209/2209/2209 2208/2208/2208 2230/2230/2230
f 2208/2208/2208 2229/2229/2229 2230/2230/2230
f 2210/2210/2210 2209/2209/2209 2231/2231/2231
f 2209/2209/2209 2230/2230/2230 2231/2231/2231
f 2211/2211/2211 2210/2210/2210 2232/2232/2232
f 2210/2210/2210 2231/2231/2231 2232/2232/2232
f 2212/2212/2212 2211/2211/2211 2233/2233/2233
f 2211/2211/2211 2232/2232/2232 2233/2233/2233
f 2214/2214/2214 2213/2213/2213 2235/2235/2235
f 2213/2213/2213 2234/2234/2234 2235/2235/2235
f 2215/2215/2215 2214/2214/2214 2236/2236/2236
f 2214/2214/2214 2235/2235/2235 2236/2236/2236
f 2216/2216/2216 2215/2215/2215 2237/2237/2237
f 2215/2215/2215 2236/2236/2236 2237/2237/2237
f 2217/2217/2217 2216/2216/2216 2238/2238/2238
f 2216/2216/2216 2237/2237/2237 2238/2238/2238
f 2218/2218/2218 2217/2217/2217 2239/2239/2239
f 2217/2217/2217 2238/2238/2238 2239/2239/2239
f 2219/2219/2219 2218/2218/2218 2240/2240/2240
f 2218/2218/2218 2239/2239/2239 2240/2240/2240
f 2220/2220/2220 2219/2219/2219 2241/2241/2241
f 2219/2219/2219 2240/2240/2240 2241/2241/2241
f 2221/2221/2221 2220/2220/2220 2242/2242/2242
f 2220/2220/2220 2241/2241/2241 2242/2242/2242
f 2222/2222/2222 2221/2221/2221 2243/2243/2243
f 2221/2221/2221 2242/2242/2242 2243/2243/2243
f 2223/2223/2223 2222/2222/2222 2244/2244/2244
f 2222/2222/2222 2243/2243/2243 2244/2244/2244
f 2224/2224/2224 2223/2223/2223 2245/2245/2245
f 2223/2223/2223 2244/2244/2244 2245/2245/2245
f 2225/2225/2225 2224/2224/2224 2246/2246/2246
f 2224/2224/2224 2245/2245/2245 2246/2246/2246
f 2226/2226/2226 2225/2225/2225 2247/2247/2247
f 2225/2225/2225 2246/2246/2246 2247/2247/2247
f 2227/2227/2227 2226/2226/2226 2248/2248/2248
f 2226/2226/2226 2247/2247/2247 2248/2248/2248
f 2228/2228/2228 2227/2227/2227 2249/2249/2249
f 2227/2227/2227 2248/2248/2248 2249/2249/2249
f 2229/2229/2229 2228/2228/2228 2250/2250/2250
f 2228/2228/2228 2249/2249/2249 2250/2250/2250
f 2230/2230/2230 2229/2229/2229 2251/2251/2251
f 2229/2229/2229 2250/2250/2250 2251/2251/2251
f 2231/2231/2231 2230/2230/2230 2252/2252/2252
f 2230/2230/2230 2251/2251/2251 2252/2252/2252
f 2232/2232/2232 2231/2231/2231 2253/2253/2253
f 2231/2231/2231 2252/2252/2252 2253/2253/2253
f 2233/2233/2233 2232/2232/2232 2254/2254/2254
f 2232/2232/2232 2253/2253/2253 2254/2254/2254
f 2235/2235/2235 2234/2234/2234 2256/2256/2256
f 2234/2234/2234 2255/2255/2255 2256/2256/2256
f 2236/2236/2236 2235/2235/2235 2257/2257/2257
f 2235/2235/2235 2256/2256/2256 2257/2257/2257
f 2237/2237/2237 2236/2236/2236 2258/2258/2258
f 2236/2236/2236 2257/2257/2257 2258/2258/2258
f 2238/2238/2238 2237/2237/2237 2259/2259/2259
f 2237/2237/2237 2258/2258/2258 2259/2259/2259
f 2239/2239/2239 2238/2238/2238 2260/2260/2260
f 2238/2238/2238 2259/2259/2259 2260/2260/2260
f 2240/2240/2240 2239/2239/2239 2261/2261/2261
f 2239/2239/2239 2260/2260/2260 2261/2261/2261
f 2241/2241/2241 2240/2240/2240 2262/2262/2262
f 2240/2240/2240 2261/2261/2261 2262/2262/2262
f 2242/2242/2242 2241/2241/2241 2263/2263/2263
f 2241/2241/2241 2262/2262/2262 2263/2263/2263
f 2243/2243/2243 2242/2242/2242 2264/2264/2264
f 2242/2242/2242 2263/2263/2263 2264/2264/2264
f 2244/2244/2244 2243/2243/2243 2265/2265/2265
f 2243/2243/2243 2264/2264/2264 2265/2265/2265
f 2245/2245/2245 2244/2244/2244 2266/2266/2266
f 2244/2244/2244 2265/2265/2265 2266/2266/2266
f 2246/2246/2246 2245/2245/2245 2267/2267/2267
f 2245/2245/2245 2266/2266/2266 2267/2267/2267
f 2247/2247/2247 2246/2246/2246 2268/2268/2268
f 2246/2246/2246 2267/2267/2267 2268/2268/2268
f 2248/2248/2248 2247/2247/2247 2269/2269/2269
f 2247/2247/2247 2268/2268/2268 2269/2269/2269
f 2249/2249/2249 2248/2248/2248 2270/2270/2270
f 2248/2248/2248 2269/2269/2269 2270/2270/2270
f 2250/2250/2250 2249/2249/2249 2271/2271/2271
f 2249/2249/2249 2270/2270/2270 2271/2271/2271
f 2251/2251/2251 2250/2250/2250 2272/2272/2272
f 2250/2250/2250 2271/2271/2271 2272/2272/2272
f 2252/2252/2252 2251/2251/2251 2273/2273/2273
f 2251/2251/2251 2272/2272/2272 2273/2273/2273
f 2253/2253/2253 2252/2252/2252 2274/2274/2274
f 2252/2252/2252 2273/2273/2273 2274/2274/2274
f 2254/2254/2254 2253/2253/2253 2275/2275/2275
f 2253/2253/2253 2274/2274/2274 2275/2275/2275
f 2256/2256/2256 2255/2255/2255 2277/2277/2277
f 2255/2255/2255 2276/2276/2276 2277/2277/2277
f 2257/2257/2257 2256/2256/2256 2278/2278/2278
f 2256/2256/2256 2277/2277/2277 2278/2278/2278
f 2258/2258/2258 2257/2257/2257 2279/2279/2279
f 2257/2257/2257 2278/2278/2278 2279/2279/2279
f 2259/2259/2259 2258/2258/2258 2280/2280/2280
f 2258/2258/2258 2279/2279/2279 2280/2280/2280
f 2260/2260/2260 2259/2259/2259 2281/2281/2281
f 2259/2259/2259 2280/2280/2280 2281/2281/2281
f 2261/2261/2261 2260/2260/2260 2282/2282/2282
f 2260/2260/2260 2281/2281/2281 2282/2282/2282
f 2262/2262/2262 2261/2261/2261 2283/2283/2283
f 2261/2261/2261 2282/2282/2282 2283/2283/2283
f 2263/2263/2263 2262/2262/2262 2284/2284/2284
f 2262/2262/2262 2283/2283/2283 2284/2284/2284
f 2264/2264/2264 2263/2263/2263 2285/2285/2285
f 2263/2263/2263 2284/2284/2284 2285/2285/2285
f 2265/2265/2265 2264/2264/2264 2286/2286/2286
f 2264/2264/2264 2285/2285/2285 2286/2286/2286
f 2266/2266/2266 2265/2265/2265 2287/2287/2287
f 2265/2265/2265 2286/2286/2286 2287/2287/2287
f 2267/2267/2267 2266/2266/2266 2288/2288/2288
f 2266/2266/2266 2287/2287/2287 2288/2288/2288
f 2268/2268/2268 2267/2267/2267 2289/2289/2289
f 2267/2267/2267 2288/2288/2288 2289/2289/2289
f 2269/2269/2269 2268/2268/2268 2290/2290/2290
f 2268/2268/2268 2289/2289/2289 2290/2290/2290
f 2270/2270/2270 2269/2269/2269 2291/2291/2291
f 2269/2269/2269 2290/2290/2290 2291/2291/2291
f 2271/2271/2271 2270/2270/2270 2292/2292/2292
f 2270/2270/2270 2291/2291/2291 2292/2292/2292
f 2272/2272/2272 2271/2271/2271 2293/2293/2293
f 2271/2271/2271 2292/2292/2292 2293/2293/2293
f 2273/2273/2273 2272/2272/2272 2294/2294/2294
f 2272/2272/2272 2293/2293/2293 2294/2294/2294
f 2274/2274/2274 2273/2273/2273 2295/2295/2295
f 2273/2273/2273 2294/2294/2294 2295/2295/2295
f 2275/2275/2275 2274/2274/2274 2296/2296/2296
f 2274/2274/2274 2295/2295/2295 2296/2296/2296
f 2277/2277/2277 2276/2276/2276 2298/2298/2298
f 2276/2276/2276 2297/2297/2297 2298/2298/2298
f 2278/2278/2278 2277/2277/2277 2299/2299/2299
f 2277/2277/2277 2298/2298/2298 2299/2299/2299
f 2279/2279/2279 2278/2278/2278 2300/2300/2300
f 2278/2278/2278 2299/2299/2299 2300/2300/2300
f 2280/2280/2280 2279/2279/2279 2301/2301/2301
f 2279/2279/2279 2300/2300/2300 2301/2301/2301
f 2281/2281/2281 2280/2280/2280 2302/2302/2302
f 2280/2280/2280 2301/2301/2301 2302/2302/2302
f 2282/2282/2282 2281/2281/2281 2303/2303/2303
f 2281/2281/2281 2302/2302/2302 2303/2303/2303
f 2283/2283/2283 2282/2282/2282 2304/2304/2304
f 2282/2282/2282 2303/2303/2303 2304/2304/2304
f 2284/2284/2284 2283/2283/2283 2305/2305/2305
f 2283/2283/2283 2304/2304/2304 2305/2305/2305
f 2285/2285/2285 2284/2284/2284 2306/2306/2306
f 2284/2284/2284 2305/2305/2305 2306/2306/2306
f 2286/2286/2286 2285/2285/2285 2307/2307/2307
f 2285/2285/2285 2306/2306/2306 2307/2307/2307
f 2287/2287/2287 2286/2286/2286 2308/2308/2308
f 2286/2286/2286 2307/2307/2307 2308/2308/2308
f 2288/2288/2288 2287/2287/2287 2309/2309/2309
f 2287/2287/2287 2308/2308/2308 2309/2309/2309
f 2289/2289/2289 2288/2288/2288 2310/2310/2310
f 2288/2288/2288 2309/2309/2309 2310/2310/2310
f 2290/2290/2290 2289/2289/2289 2311/2311/2311
f 2289/2289/2289 2310/2310/2310 2311/2311/2311
f 2291/2291/2291 2290/2290/2290 2312/2312/2312
f 2290/2290/2290 2311/2311/2311 2312/2312/2312
f 2292/2292/2292 2291/2291/2291 2313/2313/2313
f 2291/2291/2291 2312/2312/2312 2313/2313/2313
f 2293/2293/2293 2292/2292/2292 2314/2314/2314
f 2292/2292/2292 2313/2313/2313 2314/2314/2314
f 2294/2294/2294 2293/2293/2293 2315/2315/2315
f 2293/2293/2293 2314/2314/2314 2315/2315/2315
f 2295/2295/2295 2294/2294/2294 2316/2316/2316
f 2294/2294/2294 2315/2315/2315 2316/2316/2316
f 2296/2296/2296 2295/2295/2295 2317/2317/2317
f 2295/2295/2295 2316/2316/2316 2317/2317/2317
f 2298/2298/2298 2297/2297/2297 2319/2319/2319
f 2297/2297/2297 2318/2318/2318 2319/2319/2319
f 2299/2299/2299 2298/2298/2298 2320/2320/2320
f 2298/2298/2298 2319/2319/2319 2320/2320/2320
f 2300/2300/2300 2299/2299/2299 2321/2321/2321
f 2299/2299/2299 2320/2320/2320 2321/2321/2321
f 2301/2301/2301 2300/2300/2300 2322/2322/2322
f 2300/2300/2300 2321/2321/2321 2322/2322/2322
f 2302/2302/2302 2301/2301/2301 2323/2323/2323
f 2301/2301/2301 2322/2322/2322 2323/2323/2323
f 2303/2303/2303 2302/2302/2302 2324/2324/2324
f 2302/2302/2302 2323/2323/2323 2324/2324/2324
f 2304/2304/2304 2303/2303/2303 2325/2325/2325
f 2303/2303/2303 2324/2324/2324 2325/2325/2325
f 2305/2305/2305 2304/2304/2304 2326/2326/2326
f 2304/2304/2304 2325/2325/2325 2326/2326/2326
f 2306/2306/2306 2305/2305/2305 2327/2327/2327
f 2305/2305/2305 2326/2326/2326 2327/2327/2327
f 2307/2307/2307 2306/2306/2306 2328/2328/2328
f 2306/2306/2306 2327/2327/2327 2328/2328/2328
f 2308/2308/2308 2307/2307/2307 2329/2329/2329
f 2307/2307/2307 2328/2328/2328 2329/2329/2329
f 2309/2309/2309 2308/2308/2308 2330/2330/2330
f 2308/2308/2308 2329/2329/2329 2330/2330/2330
f 2310/2310/2310 2309/2309/2309 2331/2331/2331
f 2309/2309/2309 2330/2330/2330 2331/2331/2331
f 2311/2311/2311 2310/2310/2310 2332/2332/2332
f 2310/2310/2310 2331/2331/2331 2332/2332/2332
f 2312/2312/2312 2311/2311/2311 2333/2333/2333
f 2311/2311/2311 2332/2332/2332 2333/2333/2333
f 2313/2313/2313 2312/2312/2312 2334/2334/2334
f 2312/2312/2312 2333/2333/2333 2334/2334/2334
f 2314/2314/2314 2313/2313/2313 2335/2335/2335
f 2313/2313/2313 2334/2334/2334 2335/2335/2335
f 2315/2315/2315 2314/2314/2314 2336/2336/2336
f 2314/2314/2314 2335/2335/2335 2336/2336/2336
f 2316/2316/2316 2315/2315/2315 2337/2337/2337
f 2315/2315/2315 2336/2336/2336 2337/2337/2337
f 2317/2317/2317 2316/2316/2316 2338/2338/2338
f 2316/2316/2316 2337/2337/2337 2338/2338/2338
f 2319/2319/2319 2318/2318/2318 2340/2340/2340
f 2318/2318/2318 2339/2339/2339 2340/2340/2340
f 2320/2320/2320 2319/2319/2319 2341/2341/2341
f 2319/2319/2319 2340/2340/2340 2341/2341/2341
f 2321/2321/2321 2320/2320/2320 2342/2342/2342
f 2320/2320/2320 2341/2341/2341 2342/2342/2342
f 2322/2322/2322 2321/2321/2321 2343/2343/2343
f 2321/2321/2321 2342/2342/2342 2343/2343/2343
f 2323/2323/2323 2322/2322/2322 2344/2344/2344
f 2322/2322/2322 2343/2343/2343 2344/2344/2344
f 2324/2324/2324 2323/2323/2323 2345/2345/2345
f 2323/2323/2323 2344/2344/2344 2345/2345/2345
f 2325/2325/2325 2324/2324/2324 2346/2346/2346
f 2324/2324/2324 2345/2345/2345 2346/2346/2346
f 2326/2326/2326 2325/2325/2325 2347/2347/2347
f 2325/2325/2325 2346/2346/2346 2347/2347/2347
f 2327/2327/2327 2326/2326/2326 2348/2348/2348
f 2326/2326/2326 2347/2347/2347 2348/2348/2348
f 2328/2328/2328 2327/2327/2327 2349/2349/2349
f 2327/2327/2327 2348/2348/2348 2349/2349/2349
f 2329/2329/2329 2328/2328/2328 2350/2350/2350
f 2328/2328/2328 2349/2349/2349 2350/2350/2350
f 2330/2330/2330 2329/2329/2329 2351/2351/2351
f 2329/2329/2329 2350/2350/2350 2351/2351/2351
f 2331/2331/2331 2330/2330/2330 2352/2352/2352
f 2330/2330/2330 2351/2351/2351 2352/2352/2352
f 2332/2332/2332 2331/2331/2331 2353/2353/2353
f 2331/2331/2331 2352/2352/2352 2353/2353/2353
f 2333/2333/2333 2332/2332/2332 2354/2354/2354
f 2332/2332/2332 2353/2353/2353 2354/2354/2354
f 2334/2334/2334 2333/2333/2333 2355/2355/2355
f 2333/2333/2333 2354/2354/2354 2355/2355/2355
f 2335/2335/2335 2334/2334/2334 2356/2356/2356
f 2334/2334/2334 2355/2355/2355 2356/2356/2356
f 2336/2336/2336 2335/2335/2335 2357/2357/2357
f 2335/2335/2335 2356/2356/2356 2357/2357/2357
f 2337/2337/2337 2336/2336/2336 2358/2358/2358
f 2336/2336/2336 2357/2357/2357 2358/2358/2358
f 2338/2338/2338 2337/2337/2337 2359/2359/2359
f 2337/2337/2337 2358/2358/2358 2359/2359/2359
f 2340/2340/2340 2339/2339/2339 2361/2361/2361
f 2339/2339/2339 2360/2360/2360 2361/2361/2361
f 2341/2341/2341 2340/2340/2340 2362/2362/2362
f 2340/2340/2340 2361/2361/2361 2362/2362/2362
f 2342/2342/2342 2341/2341/2341 2363/2363/2363
f 2341/2341/2341 2362/2362/2362 2363/2363/2363
f 2343/2343/2343 2342/2342/2342 2364/2364/2364
f 2342/2342/2342 2363/2363/2363 2364/2364/2364
f 2344/2344/2344 2343/2343/2343 2365/2365/2365
f 2343/2343/2343 2364/2364/2364 2365/2365/2365
f 2345/2345/2345 2344/2344/2344 2366/2366/2366
f 2344/2344/2344 2365/2365/2365 2366/2366/2366
f 2346/2346/2346 2345/2345/2345 2367/2367/2367
f 2345/2345/2345 2366/2366/2366 2367/2367/2367
f 2347/2347/2347 2346/2346/2346 2368/2368/2368
f 2346/2346/2346 2367/2367/2367 2368/2368/2368
f 2348/2348/2348 2347/2347/2347 2369/2369/2369
f 2347/2347/2347 2368/2368/2368 2369/2369/2369
f 2349/2349/2349 2348/2348/2348 2370/2370/2370
f 2348/2348/2348 2369/2369/2369 2370/2370/2370
f 2350/2350/2350 2349/2349/2349 2371/2371/2371
f 2349/2349/2349 2370/2370/2370 2371/2371/2371
f 2351/2351/2351 2350/2350/2350 2372/2372/2372
f 2350/2350/2350 2371/2371/2371 2372/2372/2372
f 2352/2352/2352 2351/2351/2351 2373/2373/2373
f 2351/2351/2351 2372/2372/2372 2373/2373/2373
f 2353/2353/2353 2352/2352/2352 2374/2374/2374
f 2352/2352/2352 2373/2373/2373 2374/2374/2374
f 2354/2354/2354 2353/2353/2353 2375/2375/2375
f 2353/2353/2353 2374/2374/2374 2375/2375/2375
f 2355/2355/2355 2354/2354/2354 2376/2376/2376
f 2354/2354/2354 2375/2375/2375 2376/2376/2376
f 2356/2356/2356 2355/2355/2355 2377/2377/2377
f 2355/2355/2355 2376/2376/2376 2377/2377/2377
f 2357/2357/2357 2356/2356/2356 2378/2378/2378
f 2356/2356/2356 2377/2377/2377 2378/2378/2378
f 2358/2358/2358 2357/2357/2357 2379/2379/2379
f 2357/2357/2357 2378/2378/2378 2379/2379/2379
f 2359/2359/2359 2358/2358/2358 2380/2380/2380
f 2358/2358/2358 2379/2379/2379 2380/2380/2380
f 2361/2361/2361 2360/2360/2360 2382/2382/2382
f 2362/2362/2362 2361/2361/2361 2383/2383/2383
f 2363/2363/2363 2362/2362/2362 2384/2384/2384
f 2364/2364/2364 2363/2363/2363 2385/2385/2385
f 2365/2365/2365 2364/2364/2364 2386/2386/2386
f 2366/2366/2366 2365/2365/2365 2387/2387/2387
f 2367/2367/2367 2366/2366/2366 2388/2388/2388
f 2368/2368/2368 2367/2367/2367 2389/2389/2389
f 2369/2369/2369 2368/2368/2368 2390/2390/2390
f 2370/2370/2370 2369/2369/2369 2391/2391/2391
f 2371/2371/2371 2370/2370/2370 2392/2392/2392
f 2372/2372/2372 2371/2371/2371 2393/2393/2393
f 2373/2373/2373 2372/2372/2372 2394/2394/2394
f 2374/2374/2374 2373/2373/2373 2395/2395/2395
f 2375/2375/2375 2374/2374/2374 2396/2396/2396
f 2376/2376/2376 2375/2375/2375 2397/2397/2397
f 2377/2377/2377 2376/2376/2376 2398/2398/2398
f 2378/2378/2378 2377/2377/2377 2399/2399/2399
f 2379/2379/2379 2378/2378/2378 2400/2400/2400
f 2380/2380/2380 2379/2379/2379 2401/2401/2401
