o 
v 0 0.4699999988079071 0
v 0 0.4699999988079071 0
v 0 0.4699999988079071 0
v 0 0.4699999988079071 0
v 0 0.4699999988079071 0
v 0 0.4699999988079071 0
v 0 0.4699999988079071 0
v 0 0.4699999988079071 0
v 0 0.4699999988079071 0
v 0 0.4699999988079071 0
v 0 0.4699999988079071 0
v 0 0.4699999988079071 0
v 0 0.4699999988079071 0
v 0 0.4699999988079071 0
v 0 0.4699999988079071 0
v 0 0.4699999988079071 0
v 0 0.4699999988079071 0
v 0 0.4699999988079071 0
v 0 0.4699999988079071 0
v 0 0.4699999988079071 0
v 0 0.4699999988079071 0
v -0.09345879405736923 0.4594697058200836 0
v -0.08888459205627441 0.4594697058200836 0.024754589423537254
v -0.07560975104570389 0.4594697058200836 0.04708603024482727
v -0.05493370071053505 0.4594697058200836 0.06480836123228073
v -0.028880354017019272 0.4594697058200836 0.07618679851293564
v -5.722700589028169e-18 0.4594697058200836 0.08010753244161606
v 0.028880354017019272 0.4594697058200836 0.07618679851293564
v 0.05493370071053505 0.4594697058200836 0.06480836123228073
v 0.07560975104570389 0.4594697058200836 0.04708603024482727
v 0.08888459205627441 0.4594697058200836 0.024754589423537254
v 0.09345879405736923 0.4594697058200836 9.810343866905432e-18
v 0.08888459205627441 0.4594697058200836 -0.024754589423537254
v 0.07560975104570389 0.4594697058200836 -0.04708603024482727
v 0.05493370071053505 0.4594697058200836 -0.06480836123228073
v 0.028880354017019272 0.4594697058200836 -0.07618679851293564
v 1.7168102180674812e-17 0.4594697058200836 -0.08010753244161606
v -0.028880354017019272 0.4594697058200836 -0.07618679851293564
v -0.05493370071053505 0.4594697058200836 -0.06480836123228073
v -0.07560975104570389 0.4594697058200836 -0.04708603024482727
v -0.08888459205627441 0.4594697058200836 -0.024754589423537254
v -0.09345879405736923 0.4594697058200836 -1.9620687733810864e-17
v -0.18223115801811218 0.4284069240093231 0
v -0.17331214249134064 0.4284069240093231 0.04826787859201431
v -0.14742811024188995 0.4284069240093231 0.09181096404790878
v -0.10711278766393661 0.4284069240093231 0.12636695802211761
v -0.056312527507543564 0.4284069240093231 0.148553267121315
v -1.1158440643033116e-17 0.4284069240093231 0.1561981439590454
v 0.056312527507543564 0.4284069240093231 0.148553267121315
v 0.10711278766393661 0.4284069240093231 0.12636695802211761
v 0.14742811024188995 0.4284069240093231 0.09181096404790878
v 0.17331214249134064 0.4284069240093231 0.04826787859201431
v 0.18223115801811218 0.4284069240093231 1.9128755151719453e-17
v 0.17331214249134064 0.4284069240093231 -0.04826787859201431
v 0.14742811024188995 0.4284069240093231 -0.09181096404790878
v 0.10711278766393661 0.4284069240093231 -0.12636695802211761
v 0.056312527507543564 0.4284069240093231 -0.148553267121315
v 3.3475321101918737e-17 0.4284069240093231 -0.1561981439590454
v -0.056312527507543564 0.4284069240093231 -0.148553267121315
v -0.10711278766393661 0.4284069240093231 -0.12636695802211761
v -0.14742811024188995 0.4284069240093231 -0.09181096404790878
v -0.17331214249134064 0.4284069240093231 -0.04826787859201431
v -0.18223115801811218 0.4284069240093231 -3.8257510303438906e-17
v -0.2618657052516937 0.3783692419528961 0
v -0.249049112200737 0.3783692419528961 0.06936082243919373
v -0.21185381710529327 0.3783692419528961 0.1319321244955063
v -0.15392081439495087 0.3783692419528961 0.18158897757530212
v -0.08092095702886581 0.3783692419528961 0.2134706676006317
v -1.6034651328879126e-17 0.3783692419528961 0.224456325173378
v 0.08092095702886581 0.3783692419528961 0.2134706676006317
v 0.15392081439495087 0.3783692419528961 0.18158897757530212
v 0.21185381710529327 0.3783692419528961 0.1319321244955063
v 0.249049112200737 0.3783692419528961 0.06936082243919373
v 0.2618657052516937 0.3783692419528961 2.7487972761300658e-17
v 0.249049112200737 0.3783692419528961 -0.06936082243919373
v 0.21185381710529327 0.3783692419528961 -0.1319321244955063
v 0.15392081439495087 0.3783692419528961 -0.18158897757530212
v 0.08092095702886581 0.3783692419528961 -0.2134706676006317
v 4.810395067791493e-17 0.3783692419528961 -0.224456325173378
v -0.08092095702886581 0.3783692419528961 -0.2134706676006317
v -0.15392081439495087 0.3783692419528961 -0.18158897757530212
v -0.21185381710529327 0.3783692419528961 -0.1319321244955063
v -0.249049112200737 0.3783692419528961 -0.06936082243919373
v -0.2618657052516937 0.3783692419528961 -5.4975945522601317e-17
v -0.32836923003196716 0.3118657171726227 0
v -0.31229767203330994 0.3118657171726227 0.08697571605443954
v -0.2656562924385071 0.3118657171726227 0.16543763875961304
v -0.1930105835199356 0.3118657171726227 0.22770538926124573
v -0.1014716699719429 0.3118657171726227 0.267683744430542
v -2.0106816816724603e-17 0.3118657171726227 0.28145933151245117
v 0.1014716699719429 0.3118657171726227 0.267683744430542
v 0.1930105835199356 0.3118657171726227 0.22770538926124573
v 0.2656562924385071 0.3118657171726227 0.16543763875961304
v 0.31229767203330994 0.3118657171726227 0.08697571605443954
v 0.32836923003196716 0.3118657171726227 3.4468827883321477e-17
v 0.31229767203330994 0.3118657171726227 -0.08697571605443954
v 0.2656562924385071 0.3118657171726227 -0.16543763875961304
v 0.1930105835199356 0.3118657171726227 -0.22770538926124573
v 0.1014716699719429 0.3118657171726227 -0.267683744430542
v 6.032044548709013e-17 0.3118657171726227 -0.28145933151245117
v -0.1014716699719429 0.3118657171726227 -0.267683744430542
v -0.1930105835199356 0.3118657171726227 -0.22770538926124573
v -0.2656562924385071 0.3118657171726227 -0.16543763875961304
v -0.31229767203330994 0.3118657171726227 -0.08697571605443954
v -0.32836923003196716 0.3118657171726227 -6.893765576664295e-17
v -0.37840691208839417 0.23223116993904114 0
v -0.35988637804985046 0.23223116993904114 0.10022929310798645
v -0.3061376214027405 0.23223116993904114 0.1906474530696869
v -0.2224220186471939 0.23223116993904114 0.2624036967754364
v -0.11693417280912399 0.23223116993904114 0.30847403407096863
v -2.317074012773532e-17 0.23223116993904114 0.3243487775325775
v 0.11693417280912399 0.23223116993904114 0.30847403407096863
v 0.2224220186471939 0.23223116993904114 0.2624036967754364
v 0.3061376214027405 0.23223116993904114 0.1906474530696869
v 0.35988637804985046 0.23223116993904114 0.10022929310798645
v 0.37840691208839417 0.23223116993904114 3.972126926307804e-17
v 0.35988637804985046 0.23223116993904114 -0.10022929310798645
v 0.3061376214027405 0.23223116993904114 -0.1906474530696869
v 0.2224220186471939 0.23223116993904114 -0.2624036967754364
v 0.11693417280912399 0.23223116993904114 -0.30847403407096863
v 6.951222865501209e-17 0.23223116993904114 -0.3243487775325775
v -0.11693417280912399 0.23223116993904114 -0.30847403407096863
v -0.2224220186471939 0.23223116993904114 -0.2624036967754364
v -0.3061376214027405 0.23223116993904114 -0.1906474530696869
v -0.35988637804985046 0.23223116993904114 -0.10022929310798645
v -0.37840691208839417 0.23223116993904114 -7.944253852615609e-17
v -0.40946972370147705 0.1434587985277176 0
v -0.38942885398864746 0.1434587985277176 0.10845694690942764
v -0.33126795291900635 0.1434587985277176 0.206297367811203
v -0.2406802624464035 0.1434587985277176 0.2839439809322357
v -0.12653310596942902 0.1434587985277176 0.3337961435317993
v -2.5072789006741804e-17 0.1434587985277176 0.35097405314445496
v 0.12653310596942902 0.1434587985277176 0.3337961435317993
v 0.2406802624464035 0.1434587985277176 0.2839439809322357
v 0.33126795291900635 0.1434587985277176 0.206297367811203
v 0.38942885398864746 0.1434587985277176 0.10845694690942764
v 0.40946972370147705 0.1434587985277176 4.298192259353347e-17
v 0.38942885398864746 0.1434587985277176 -0.10845694690942764
v 0.33126795291900635 0.1434587985277176 -0.206297367811203
v 0.2406802624464035 0.1434587985277176 -0.2839439809322357
v 0.12653310596942902 0.1434587985277176 -0.3337961435317993
v 7.521836536586419e-17 0.1434587985277176 -0.35097405314445496
v -0.12653310596942902 0.1434587985277176 -0.3337961435317993
v -0.2406802624464035 0.1434587985277176 -0.2839439809322357
v -0.33126795291900635 0.1434587985277176 -0.206297367811203
v -0.38942885398864746 0.1434587985277176 -0.10845694690942764
v -0.40946972370147705 0.1434587985277176 -8.596384518706694e-17
v -0.41999998688697815 0.05000000074505806 0
v -0.39944374561309814 0.05000000074505806 0.11124612390995026
v -0.33978715538978577 0.05000000074505806 0.21160268783569336
v -0.24686980247497559 0.05000000074505806 0.29124611616134644
v -0.1297871470451355 0.05000000074505806 0.3423803448677063
v -2.5717584566033015e-17 0.05000000074505806 0.36000001430511475
v 0.1297871470451355 0.05000000074505806 0.3423803448677063
v 0.24686980247497559 0.05000000074505806 0.29124611616134644
v 0.33978715538978577 0.05000000074505806 0.21160268783569336
v 0.39944374561309814 0.05000000074505806 0.11124612390995026
v 0.41999998688697815 0.05000000074505806 4.408728735481053e-17
v 0.39944374561309814 0.05000000074505806 -0.11124612390995026
v 0.33978715538978577 0.05000000074505806 -0.21160268783569336
v 0.24686980247497559 0.05000000074505806 -0.29124611616134644
v 0.1297871470451355 0.05000000074505806 -0.3423803448677063
v 7.71527437719317e-17 0.05000000074505806 -0.36000001430511475
v -0.1297871470451355 0.05000000074505806 -0.3423803448677063
v -0.24686980247497559 0.05000000074505806 -0.29124611616134644
v -0.33978715538978577 0.05000000074505806 -0.21160268783569336
v -0.39944374561309814 0.05000000074505806 -0.11124612390995026
v -0.41999998688697815 0.05000000074505806 -8.817457470962107e-17
v -0.40946972370147705 -0.04345879331231117 0
v -0.38942885398864746 -0.04345879331231117 0.10845694690942764
v -0.33126795291900635 -0.04345879331231117 0.206297367811203
v -0.2406802624464035 -0.04345879331231117 0.2839439809322357
v -0.12653310596942902 -0.04345879331231117 0.3337961435317993
v -2.5072789006741804e-17 -0.04345879331231117 0.35097405314445496
v 0.12653310596942902 -0.04345879331231117 0.3337961435317993
v 0.2406802624464035 -0.04345879331231117 0.2839439809322357
v 0.33126795291900635 -0.04345879331231117 0.206297367811203
v 0.38942885398864746 -0.04345879331231117 0.10845694690942764
v 0.40946972370147705 -0.04345879331231117 4.298192259353347e-17
v 0.38942885398864746 -0.04345879331231117 -0.10845694690942764
v 0.33126795291900635 -0.04345879331231117 -0.206297367811203
v 0.2406802624464035 -0.04345879331231117 -0.2839439809322357
v 0.12653310596942902 -0.04345879331231117 -0.3337961435317993
v 7.521836536586419e-17 -0.04345879331231117 -0.35097405314445496
v -0.12653310596942902 -0.04345879331231117 -0.3337961435317993
v -0.2406802624464035 -0.04345879331231117 -0.2839439809322357
v -0.33126795291900635 -0.04345879331231117 -0.206297367811203
v -0.38942885398864746 -0.04345879331231117 -0.10845694690942764
v -0.40946972370147705 -0.04345879331231117 -8.596384518706694e-17
v -0.37840691208839417 -0.13223116099834442 0
v -0.35988637804985046 -0.13223116099834442 0.10022929310798645
v -0.3061376214027405 -0.13223116099834442 0.1906474530696869
v -0.2224220186471939 -0.13223116099834442 0.2624036967754364
v -0.11693417280912399 -0.13223116099834442 0.30847403407096863
v -2.317074012773532e-17 -0.13223116099834442 0.3243487775325775
v 0.11693417280912399 -0.13223116099834442 0.30847403407096863
v 0.2224220186471939 -0.13223116099834442 0.2624036967754364
v 0.3061376214027405 -0.13223116099834442 0.1906474530696869
v 0.35988637804985046 -0.13223116099834442 0.10022929310798645
v 0.37840691208839417 -0.13223116099834442 3.972126926307804e-17
v 0.35988637804985046 -0.13223116099834442 -0.10022929310798645
v 0.3061376214027405 -0.13223116099834442 -0.1906474530696869
v 0.2224220186471939 -0.13223116099834442 -0.2624036967754364
v 0.11693417280912399 -0.13223116099834442 -0.30847403407096863
v 6.951222865501209e-17 -0.13223116099834442 -0.3243487775325775
v -0.11693417280912399 -0.13223116099834442 -0.30847403407096863
v -0.2224220186471939 -0.13223116099834442 -0.2624036967754364
v -0.3061376214027405 -0.13223116099834442 -0.1906474530696869
v -0.35988637804985046 -0.13223116099834442 -0.10022929310798645
v -0.37840691208839417 -0.13223116099834442 -7.944253852615609e-17
v -0.32836923003196716 -0.21186570823192596 0
v -0.31229767203330994 -0.21186570823192596 0.08697571605443954
v -0.2656562924385071 -0.21186570823192596 0.16543763875961304
v -0.1930105835199356 -0.21186570823192596 0.22770538926124573
v -0.1014716699719429 -0.21186570823192596 0.267683744430542
v -2.0106816816724603e-17 -0.21186570823192596 0.28145933151245117
v 0.1014716699719429 -0.21186570823192596 0.267683744430542
v 0.1930105835199356 -0.21186570823192596 0.22770538926124573
v 0.2656562924385071 -0.21186570823192596 0.16543763875961304
v 0.31229767203330994 -0.21186570823192596 0.08697571605443954
v 0.32836923003196716 -0.21186570823192596 3.4468827883321477e-17
v 0.31229767203330994 -0.21186570823192596 -0.08697571605443954
v 0.2656562924385071 -0.21186570823192596 -0.16543763875961304
v 0.1930105835199356 -0.21186570823192596 -0.22770538926124573
v 0.1014716699719429 -0.21186570823192596 -0.267683744430542
v 6.032044548709013e-17 -0.21186570823192596 -0.28145933151245117
v -0.1014716699719429 -0.21186570823192596 -0.267683744430542
v -0.1930105835199356 -0.21186570823192596 -0.22770538926124573
v -0.2656562924385071 -0.21186570823192596 -0.16543763875961304
v -0.31229767203330994 -0.21186570823192596 -0.08697571605443954
v -0.32836923003196716 -0.21186570823192596 -6.893765576664295e-17
v -0.2618657052516937 -0.2783692181110382 0
v -0.249049112200737 -0.2783692181110382 0.06936082243919373
v -0.21185381710529327 -0.2783692181110382 0.1319321244955063
v -0.15392081439495087 -0.2783692181110382 0.18158897757530212
v -0.08092095702886581 -0.2783692181110382 0.2134706676006317
v -1.6034651328879126e-17 -0.2783692181110382 0.224456325173378
v 0.08092095702886581 -0.2783692181110382 0.2134706676006317
v 0.15392081439495087 -0.2783692181110382 0.18158897757530212
v 0.21185381710529327 -0.2783692181110382 0.1319321244955063
v 0.249049112200737 -0.2783692181110382 0.06936082243919373
v 0.2618657052516937 -0.2783692181110382 2.7487972761300658e-17
v 0.249049112200737 -0.2783692181110382 -0.06936082243919373
v 0.21185381710529327 -0.2783692181110382 -0.1319321244955063
v 0.15392081439495087 -0.2783692181110382 -0.18158897757530212
v 0.08092095702886581 -0.2783692181110382 -0.2134706676006317
v 4.810395067791493e-17 -0.2783692181110382 -0.224456325173378
v -0.08092095702886581 -0.2783692181110382 -0.2134706676006317
v -0.15392081439495087 -0.2783692181110382 -0.18158897757530212
v -0.21185381710529327 -0.2783692181110382 -0.1319321244955063
v -0.249049112200737 -0.2783692181110382 -0.06936082243919373
v -0.2618657052516937 -0.2783692181110382 -5.4975945522601317e-17
v -0.18223115801811218 -0.3284069299697876 0
v -0.17331214249134064 -0.3284069299697876 0.04826787859201431
v -0.14742811024188995 -0.3284069299697876 0.09181096404790878
v -0.10711278766393661 -0.3284069299697876 0.12636695802211761
v -0.056312527507543564 -0.3284069299697876 0.148553267121315
v -1.1158440643033116e-17 -0.3284069299697876 0.1561981439590454
v 0.056312527507543564 -0.3284069299697876 0.148553267121315
v 0.10711278766393661 -0.3284069299697876 0.12636695802211761
v 0.14742811024188995 -0.3284069299697876 0.09181096404790878
v 0.17331214249134064 -0.3284069299697876 0.04826787859201431
v 0.18223115801811218 -0.3284069299697876 1.9128755151719453e-17
v 0.17331214249134064 -0.3284069299697876 -0.04826787859201431
v 0.14742811024188995 -0.3284069299697876 -0.09181096404790878
v 0.10711278766393661 -0.3284069299697876 -0.12636695802211761
v 0.056312527507543564 -0.3284069299697876 -0.148553267121315
v 3.3475321101918737e-17 -0.3284069299697876 -0.1561981439590454
v -0.056312527507543564 -0.3284069299697876 -0.148553267121315
v -0.10711278766393661 -0.3284069299697876 -0.12636695802211761
v -0.14742811024188995 -0.3284069299697876 -0.09181096404790878
v -0.17331214249134064 -0.3284069299697876 -0.04826787859201431
v -0.18223115801811218 -0.3284069299697876 -3.8257510303438906e-17
v -0.09345879405736923 -0.3594697117805481 0
v -0.08888459205627441 -0.3594697117805481 0.024754589423537254
v -0.07560975104570389 -0.3594697117805481 0.04708603024482727
v -0.05493370071053505 -0.3594697117805481 0.06480836123228073
v -0.028880354017019272 -0.3594697117805481 0.07618679851293564
v -5.722700589028169e-18 -0.3594697117805481 0.08010753244161606
v 0.028880354017019272 -0.3594697117805481 0.07618679851293564
v 0.05493370071053505 -0.3594697117805481 0.06480836123228073
v 0.07560975104570389 -0.3594697117805481 0.04708603024482727
v 0.08888459205627441 -0.3594697117805481 0.024754589423537254
v 0.09345879405736923 -0.3594697117805481 9.810343866905432e-18
v 0.08888459205627441 -0.3594697117805481 -0.024754589423537254
v 0.07560975104570389 -0.3594697117805481 -0.04708603024482727
v 0.05493370071053505 -0.3594697117805481 -0.06480836123228073
v 0.028880354017019272 -0.3594697117805481 -0.07618679851293564
v 1.7168102180674812e-17 -0.3594697117805481 -0.08010753244161606
v -0.028880354017019272 -0.3594697117805481 -0.07618679851293564
v -0.05493370071053505 -0.3594697117805481 -0.06480836123228073
v -0.07560975104570389 -0.3594697117805481 -0.04708603024482727
v -0.08888459205627441 -0.3594697117805481 -0.024754589423537254
v -0.09345879405736923 -0.3594697117805481 -1.9620687733810864e-17
v -5.143516913206603e-17 -0.3700000047683716 0
v -4.8917747508156847e-17 -0.3700000047683716 1.362372093703002e-17
v -4.1611922901965996e-17 -0.3700000047683716 2.5913854673057147e-17
v -3.023283265771497e-17 -0.3700000047683716 3.566736296007406e-17
v -1.5894339990294206e-17 -0.3700000047683716 4.1929497391459804e-17
v -3.1494954020024315e-33 -0.3700000047683716 4.408728735481053e-17
v 1.5894339990294206e-17 -0.3700000047683716 4.1929497391459804e-17
v 3.023283265771497e-17 -0.3700000047683716 3.566736296007406e-17
v 4.1611922901965996e-17 -0.3700000047683716 2.5913854673057147e-17
v 4.8917747508156847e-17 -0.3700000047683716 1.362372093703002e-17
v 5.143516913206603e-17 -0.3700000047683716 5.399135184771017e-33
v 4.8917747508156847e-17 -0.3700000047683716 -1.362372093703002e-17
v 4.1611922901965996e-17 -0.3700000047683716 -2.5913854673057147e-17
v 3.023283265771497e-17 -0.3700000047683716 -3.566736296007406e-17
v 1.5894339990294206e-17 -0.3700000047683716 -4.1929497391459804e-17
v 9.448486206007295e-33 -0.3700000047683716 -4.408728735481053e-17
v -1.5894339990294206e-17 -0.3700000047683716 -4.1929497391459804e-17
v -3.023283265771497e-17 -0.3700000047683716 -3.566736296007406e-17
v -4.1611922901965996e-17 -0.3700000047683716 -2.5913854673057147e-17
v -4.8917747508156847e-17 -0.3700000047683716 -1.362372093703002e-17
v -5.143516913206603e-17 -0.3700000047683716 -1.0798270369542033e-32
v -0.17000000178813934 0.47999998927116394 0
v -0.17000000178813934 0.47999998927116394 0
v -0.17000000178813934 0.47999998927116394 0
v -0.17000000178813934 0.47999998927116394 0
v -0.17000000178813934 0.47999998927116394 0
v -0.17000000178813934 0.47999998927116394 0
v -0.17000000178813934 0.47999998927116394 0
v -0.17000000178813934 0.47999998927116394 0
v -0.17000000178813934 0.47999998927116394 0
v -0.17000000178813934 0.47999998927116394 0
v -0.17000000178813934 0.47999998927116394 0
v -0.17000000178813934 0.47999998927116394 0
v -0.17000000178813934 0.47999998927116394 0
v -0.17000000178813934 0.47999998927116394 0
v -0.17000000178813934 0.47999998927116394 0
v -0.17000000178813934 0.47999998927116394 0
v -0.17000000178813934 0.47999998927116394 0
v -0.17000000178813934 0.47999998927116394 0
v -0.17000000178813934 0.47999998927116394 0
v -0.17000000178813934 0.47999998927116394 0
v -0.17000000178813934 0.47999998927116394 0
v -0.23675628006458282 0.47247835993766785 0
v -0.233488991856575 0.47247835993766785 0.019253570586442947
v -0.22400696575641632 0.47247835993766785 0.03662246838212013
v -0.20923835039138794 0.47247835993766785 0.050406500697135925
v -0.19062882661819458 0.47247835993766785 0.05925639718770981
v -0.17000000178813934 0.47247835993766785 0.062305860221385956
v -0.1493711769580841 0.47247835993766785 0.05925639718770981
v -0.13076163828372955 0.47247835993766785 0.050406500697135925
v -0.11599303036928177 0.47247835993766785 0.03662246838212013
v -0.10651100426912308 0.47247835993766785 0.019253570586442947
v -0.10324372351169586 0.47247835993766785 7.6302680034913e-18
v -0.10651100426912308 0.47247835993766785 -0.019253570586442947
v -0.11599303036928177 0.47247835993766785 -0.03662246838212013
v -0.13076163828372955 0.47247835993766785 -0.050406500697135925
v -0.1493711769580841 0.47247835993766785 -0.05925639718770981
v -0.17000000178813934 0.47247835993766785 -0.062305860221385956
v -0.19062882661819458 0.47247835993766785 -0.05925639718770981
v -0.20923835039138794 0.47247835993766785 -0.050406500697135925
v -0.22400696575641632 0.47247835993766785 -0.03662246838212013
v -0.233488991856575 0.47247835993766785 -0.019253570586442947
v -0.23675628006458282 0.47247835993766785 -1.52605360069826e-17
v -0.3001651167869568 0.45029065012931824 0
v -0.2937943935394287 0.45029065012931824 0.03754168376326561
v -0.2753058075904846 0.45029065012931824 0.07140852510929108
v -0.2465091347694397 0.45029065012931824 0.09828540682792664
v -0.2102232277393341 0.45029065012931824 0.11554142832756042
v -0.17000000178813934 0.45029065012931824 0.12148744612932205
v -0.1297767609357834 0.45029065012931824 0.11554142832756042
v -0.09349086135625839 0.45029065012931824 0.09828540682792664
v -0.06469420343637466 0.45029065012931824 0.07140852510929108
v -0.046205610036849976 0.45029065012931824 0.03754168376326561
v -0.0398348830640316 0.45029065012931824 1.4877920305923747e-17
v -0.046205610036849976 0.45029065012931824 -0.03754168376326561
v -0.06469420343637466 0.45029065012931824 -0.07140852510929108
v -0.09349086135625839 0.45029065012931824 -0.09828540682792664
v -0.1297767609357834 0.45029065012931824 -0.11554142832756042
v -0.17000000178813934 0.45029065012931824 -0.12148744612932205
v -0.2102232277393341 0.45029065012931824 -0.11554142832756042
v -0.2465091347694397 0.45029065012931824 -0.09828540682792664
v -0.2753058075904846 0.45029065012931824 -0.07140852510929108
v -0.2937943935394287 0.45029065012931824 -0.03754168376326561
v -0.3001651167869568 0.45029065012931824 -2.9755840611847494e-17
v -0.3570469319820404 0.41454944014549255 0
v -0.34789222478866577 0.41454944014549255 0.05394730344414711
v -0.3213241398334503 0.41454944014549255 0.10261387377977371
v -0.27994343638420105 0.41454944014549255 0.14123587310314178
v -0.22780068218708038 0.41454944014549255 0.16603273153305054
v -0.17000000178813934 0.41454944014549255 0.17457714676856995
v -0.1121993139386177 0.41454944014549255 0.16603273153305054
v -0.06005656719207764 0.41454944014549255 0.14123587310314178
v -0.018675846979022026 0.41454944014549255 0.10261387377977371
v 0.00789222028106451 0.41454944014549255 0.05394730344414711
v 0.017046939581632614 0.41454944014549255 2.1379535105172168e-17
v 0.00789222028106451 0.41454944014549255 -0.05394730344414711
v -0.018675846979022026 0.41454944014549255 -0.10261387377977371
v -0.06005656719207764 0.41454944014549255 -0.14123587310314178
v -0.1121993139386177 0.41454944014549255 -0.16603273153305054
v -0.17000000178813934 0.41454944014549255 -0.17457714676856995
v -0.22780068218708038 0.41454944014549255 -0.16603273153305054
v -0.27994343638420105 0.41454944014549255 -0.14123587310314178
v -0.3213241398334503 0.41454944014549255 -0.10261387377977371
v -0.34789222478866577 0.41454944014549255 -0.05394730344414711
v -0.3570469319820404 0.41454944014549255 -4.2759070210344335e-17
v -0.4045494496822357 0.36704695224761963 0
v -0.3930697739124298 0.36704695224761963 0.0676477774977684
v -0.3597544729709625 0.36704695224761963 0.12867371737957
v -0.3078646957874298 0.36704695224761963 0.177104189991951
v -0.24247977137565613 0.36704695224761963 0.2081984579563141
v -0.17000000178813934 0.36704695224761963 0.21891282498836517
v -0.09752023220062256 0.36704695224761963 0.2081984579563141
v -0.03213529661297798 0.36704695224761963 0.177104189991951
v 0.01975448615849018 0.36704695224761963 0.12867371737957
v 0.05306977406144142 0.36704695224761963 0.0676477774977684
v 0.06454945355653763 0.36704695224761963 2.6809089088966138e-17
v 0.05306977406144142 0.36704695224761963 -0.0676477774977684
v 0.01975448615849018 0.36704695224761963 -0.12867371737957
v -0.03213529661297798 0.36704695224761963 -0.177104189991951
v -0.09752023220062256 0.36704695224761963 -0.2081984579563141
v -0.17000000178813934 0.36704695224761963 -0.21891282498836517
v -0.24247977137565613 0.36704695224761963 -0.2081984579563141
v -0.3078646957874298 0.36704695224761963 -0.177104189991951
v -0.3597544729709625 0.36704695224761963 -0.12867371737957
v -0.3930697739124298 0.36704695224761963 -0.0676477774977684
v -0.4045494496822357 0.36704695224761963 -5.3618178177932275e-17
v -0.4402906596660614 0.3101651072502136 0
v -0.42706170678138733 0.3101651072502136 0.07795611768960953
v -0.3886697292327881 0.3101651072502136 0.14828135073184967
v -0.3288728594779968 0.3101651072502136 0.20409175753593445
v -0.25352442264556885 0.3101651072502136 0.23992425203323364
v -0.17000000178813934 0.3101651072502136 0.25227126479148865
v -0.08647558838129044 0.3101651072502136 0.23992425203323364
v -0.011127127334475517 0.3101651072502136 0.20409175753593445
v 0.048669736832380295 0.3101651072502136 0.14828135073184967
v 0.08706169575452805 0.3101651072502136 0.07795611768960953
v 0.10029065608978271 0.3101651072502136 3.089432237612873e-17
v 0.08706169575452805 0.3101651072502136 -0.07795611768960953
v 0.048669736832380295 0.3101651072502136 -0.14828135073184967
v -0.011127127334475517 0.3101651072502136 -0.20409175753593445
v -0.08647558838129044 0.3101651072502136 -0.23992425203323364
v -0.17000000178813934 0.3101651072502136 -0.25227126479148865
v -0.25352442264556885 0.3101651072502136 -0.23992425203323364
v -0.3288728594779968 0.3101651072502136 -0.20409175753593445
v -0.3886697292327881 0.3101651072502136 -0.14828135073184967
v -0.42706170678138733 0.3101651072502136 -0.07795611768960953
v -0.4402906596660614 0.3101651072502136 -6.178864475225746e-17
v -0.462478369474411 0.24675628542900085 0
v -0.4481634497642517 0.24675628542900085 0.08435539901256561
v -0.40661996603012085 0.24675628542900085 0.16045349836349487
v -0.34191447496414185 0.24675628542900085 0.2208453118801117
v -0.2603807747364044 0.24675628542900085 0.25961923599243164
v -0.17000000178813934 0.24675628542900085 0.27297982573509216
v -0.07961921393871307 0.24675628542900085 0.25961923599243164
v 0.001914470223709941 0.24675628542900085 0.2208453118801117
v 0.06661996990442276 0.24675628542900085 0.16045349836349487
v 0.10816345363855362 0.24675628542900085 0.08435539901256561
v 0.12247837334871292 0.24675628542900085 3.3430385342322406e-17
v 0.10816345363855362 0.24675628542900085 -0.08435539901256561
v 0.06661996990442276 0.24675628542900085 -0.16045349836349487
v 0.001914470223709941 0.24675628542900085 -0.2208453118801117
v -0.07961921393871307 0.24675628542900085 -0.25961923599243164
v -0.17000000178813934 0.24675628542900085 -0.27297982573509216
v -0.2603807747364044 0.24675628542900085 -0.25961923599243164
v -0.34191447496414185 0.24675628542900085 -0.2208453118801117
v -0.40661996603012085 0.24675628542900085 -0.16045349836349487
v -0.4481634497642517 0.24675628542900085 -0.08435539901256561
v -0.462478369474411 0.24675628542900085 -6.686077068464481e-17
v -0.4699999988079071 0.18000000715255737 0
v -0.455316960811615 0.18000000715255737 0.08652476221323013
v -0.41270509362220764 0.18000000715255737 0.1645798683166504
v -0.3463355600833893 0.18000000715255737 0.22652475535869598
v -0.26270508766174316 0.18000000715255737 0.26629582047462463
v -0.17000000178813934 0.18000000715255737 0.2800000011920929
v -0.07729490101337433 0.18000000715255737 0.26629582047462463
v 0.006335573270916939 0.18000000715255737 0.22652475535869598
v 0.07270509749650955 0.18000000715255737 0.1645798683166504
v 0.1153169646859169 0.18000000715255737 0.08652476221323013
v 0.12999999523162842 0.18000000715255737 3.429011054889572e-17
v 0.1153169646859169 0.18000000715255737 -0.08652476221323013
v 0.07270509749650955 0.18000000715255737 -0.1645798683166504
v 0.006335573270916939 0.18000000715255737 -0.22652475535869598
v -0.07729490101337433 0.18000000715255737 -0.26629582047462463
v -0.17000000178813934 0.18000000715255737 -0.2800000011920929
v -0.26270508766174316 0.18000000715255737 -0.26629582047462463
v -0.3463355600833893 0.18000000715255737 -0.22652475535869598
v -0.41270509362220764 0.18000000715255737 -0.1645798683166504
v -0.455316960811615 0.18000000715255737 -0.08652476221323013
v -0.4699999988079071 0.18000000715255737 -6.858022109779144e-17
v -0.462478369474411 0.1132437214255333 0
v -0.4481634497642517 0.1132437214255333 0.08435539901256561
v -0.40661996603012085 0.1132437214255333 0.16045349836349487
v -0.34191447496414185 0.1132437214255333 0.2208453118801117
v -0.2603807747364044 0.1132437214255333 0.25961923599243164
v -0.17000000178813934 0.1132437214255333 0.27297982573509216
v -0.07961921393871307 0.1132437214255333 0.25961923599243164
v 0.001914470223709941 0.1132437214255333 0.2208453118801117
v 0.06661996990442276 0.1132437214255333 0.16045349836349487
v 0.10816345363855362 0.1132437214255333 0.08435539901256561
v 0.12247837334871292 0.1132437214255333 3.3430385342322406e-17
v 0.10816345363855362 0.1132437214255333 -0.08435539901256561
v 0.06661996990442276 0.1132437214255333 -0.16045349836349487
v 0.001914470223709941 0.1132437214255333 -0.2208453118801117
v -0.07961921393871307 0.1132437214255333 -0.25961923599243164
v -0.17000000178813934 0.1132437214255333 -0.27297982573509216
v -0.2603807747364044 0.1132437214255333 -0.25961923599243164
v -0.34191447496414185 0.1132437214255333 -0.2208453118801117
v -0.40661996603012085 0.1132437214255333 -0.16045349836349487
v -0.4481634497642517 0.1132437214255333 -0.08435539901256561
v -0.462478369474411 0.1132437214255333 -6.686077068464481e-17
v -0.4402906596660614 0.049834880977869034 0
v -0.42706170678138733 0.049834880977869034 0.07795611768960953
v -0.3886697292327881 0.049834880977869034 0.14828135073184967
v -0.3288728594779968 0.049834880977869034 0.20409175753593445
v -0.25352442264556885 0.049834880977869034 0.23992425203323364
v -0.17000000178813934 0.049834880977869034 0.25227126479148865
v -0.08647558838129044 0.049834880977869034 0.23992425203323364
v -0.011127127334475517 0.049834880977869034 0.20409175753593445
v 0.048669736832380295 0.049834880977869034 0.14828135073184967
v 0.08706169575452805 0.049834880977869034 0.07795611768960953
v 0.10029065608978271 0.049834880977869034 3.089432237612873e-17
v 0.08706169575452805 0.049834880977869034 -0.07795611768960953
v 0.048669736832380295 0.049834880977869034 -0.14828135073184967
v -0.011127127334475517 0.049834880977869034 -0.20409175753593445
v -0.08647558838129044 0.049834880977869034 -0.23992425203323364
v -0.17000000178813934 0.049834880977869034 -0.25227126479148865
v -0.25352442264556885 0.049834880977869034 -0.23992425203323364
v -0.3288728594779968 0.049834880977869034 -0.20409175753593445
v -0.3886697292327881 0.049834880977869034 -0.14828135073184967
v -0.42706170678138733 0.049834880977869034 -0.07795611768960953
v -0.4402906596660614 0.049834880977869034 -6.178864475225746e-17
v -0.4045494496822357 -0.007046939339488745 0
v -0.3930697739124298 -0.007046939339488745 0.0676477774977684
v -0.3597544729709625 -0.007046939339488745 0.12867371737957
v -0.3078646957874298 -0.007046939339488745 0.177104189991951
v -0.24247977137565613 -0.007046939339488745 0.2081984579563141
v -0.17000000178813934 -0.007046939339488745 0.21891282498836517
v -0.09752023220062256 -0.007046939339488745 0.2081984579563141
v -0.03213529661297798 -0.007046939339488745 0.177104189991951
v 0.01975448615849018 -0.007046939339488745 0.12867371737957
v 0.05306977406144142 -0.007046939339488745 0.0676477774977684
v 0.06454945355653763 -0.007046939339488745 2.6809089088966138e-17
v 0.05306977406144142 -0.007046939339488745 -0.0676477774977684
v 0.01975448615849018 -0.007046939339488745 -0.12867371737957
v -0.03213529661297798 -0.007046939339488745 -0.177104189991951
v -0.09752023220062256 -0.007046939339488745 -0.2081984579563141
v -0.17000000178813934 -0.007046939339488745 -0.21891282498836517
v -0.24247977137565613 -0.007046939339488745 -0.2081984579563141
v -0.3078646957874298 -0.007046939339488745 -0.177104189991951
v -0.3597544729709625 -0.007046939339488745 -0.12867371737957
v -0.3930697739124298 -0.007046939339488745 -0.0676477774977684
v -0.4045494496822357 -0.007046939339488745 -5.3618178177932275e-17
v -0.3570469319820404 -0.0545494519174099 0
v -0.34789222478866577 -0.0545494519174099 0.05394730344414711
v -0.3213241398334503 -0.0545494519174099 0.10261387377977371
v -0.27994343638420105 -0.0545494519174099 0.14123587310314178
v -0.22780068218708038 -0.0545494519174099 0.16603273153305054
v -0.17000000178813934 -0.0545494519174099 0.17457714676856995
v -0.1121993139386177 -0.0545494519174099 0.16603273153305054
v -0.06005656719207764 -0.0545494519174099 0.14123587310314178
v -0.018675846979022026 -0.0545494519174099 0.10261387377977371
v 0.00789222028106451 -0.0545494519174099 0.05394730344414711
v 0.017046939581632614 -0.0545494519174099 2.1379535105172168e-17
v 0.00789222028106451 -0.0545494519174099 -0.05394730344414711
v -0.018675846979022026 -0.0545494519174099 -0.10261387377977371
v -0.06005656719207764 -0.0545494519174099 -0.14123587310314178
v -0.1121993139386177 -0.0545494519174099 -0.16603273153305054
v -0.17000000178813934 -0.0545494519174099 -0.17457714676856995
v -0.22780068218708038 -0.0545494519174099 -0.16603273153305054
v -0.27994343638420105 -0.0545494519174099 -0.14123587310314178
v -0.3213241398334503 -0.0545494519174099 -0.10261387377977371
v -0.34789222478866577 -0.0545494519174099 -0.05394730344414711
v -0.3570469319820404 -0.0545494519174099 -4.2759070210344335e-17
v -0.3001651167869568 -0.09029065817594528 0
v -0.2937943935394287 -0.09029065817594528 0.03754168376326561
v -0.2753058075904846 -0.09029065817594528 0.07140852510929108
v -0.2465091347694397 -0.09029065817594528 0.09828540682792664
v -0.2102232277393341 -0.09029065817594528 0.11554142832756042
v -0.17000000178813934 -0.09029065817594528 0.12148744612932205
v -0.1297767609357834 -0.09029065817594528 0.11554142832756042
v -0.09349086135625839 -0.09029065817594528 0.09828540682792664
v -0.06469420343637466 -0.09029065817594528 0.07140852510929108
v -0.046205610036849976 -0.09029065817594528 0.03754168376326561
v -0.0398348830640316 -0.09029065817594528 1.4877920305923747e-17
v -0.046205610036849976 -0.09029065817594528 -0.03754168376326561
v -0.06469420343637466 -0.09029065817594528 -0.07140852510929108
v -0.09349086135625839 -0.09029065817594528 -0.09828540682792664
v -0.1297767609357834 -0.09029065817594528 -0.11554142832756042
v -0.17000000178813934 -0.09029065817594528 -0.12148744612932205
v -0.2102232277393341 -0.09029065817594528 -0.11554142832756042
v -0.2465091347694397 -0.09029065817594528 -0.09828540682792664
v -0.2753058075904846 -0.09029065817594528 -0.07140852510929108
v -0.2937943935394287 -0.09029065817594528 -0.03754168376326561
v -0.3001651167869568 -0.09029065817594528 -2.9755840611847494e-17
v -0.23675628006458282 -0.11247836798429489 0
v -0.233488991856575 -0.11247836798429489 0.019253570586442947
v -0.22400696575641632 -0.11247836798429489 0.03662246838212013
v -0.20923835039138794 -0.11247836798429489 0.050406500697135925
v -0.19062882661819458 -0.11247836798429489 0.05925639718770981
v -0.17000000178813934 -0.11247836798429489 0.062305860221385956
v -0.1493711769580841 -0.11247836798429489 0.05925639718770981
v -0.13076163828372955 -0.11247836798429489 0.050406500697135925
v -0.11599303036928177 -0.11247836798429489 0.03662246838212013
v -0.10651100426912308 -0.11247836798429489 0.019253570586442947
v -0.10324372351169586 -0.11247836798429489 7.6302680034913e-18
v -0.10651100426912308 -0.11247836798429489 -0.019253570586442947
v -0.11599303036928177 -0.11247836798429489 -0.03662246838212013
v -0.13076163828372955 -0.11247836798429489 -0.050406500697135925
v -0.1493711769580841 -0.11247836798429489 -0.05925639718770981
v -0.17000000178813934 -0.11247836798429489 -0.062305860221385956
v -0.19062882661819458 -0.11247836798429489 -0.05925639718770981
v -0.20923835039138794 -0.11247836798429489 -0.050406500697135925
v -0.22400696575641632 -0.11247836798429489 -0.03662246838212013
v -0.233488991856575 -0.11247836798429489 -0.019253570586442947
v -0.23675628006458282 -0.11247836798429489 -1.52605360069826e-17
v -0.17000000178813934 -0.11999999731779099 0
v -0.17000000178813934 -0.11999999731779099 1.059622748737675e-17
v -0.17000000178813934 -0.11999999731779099 2.0155220117448756e-17
v -0.17000000178813934 -0.11999999731779099 2.7741281934643997e-17
v -0.17000000178813934 -0.11999999731779099 3.261183056919708e-17
v -0.17000000178813934 -0.11999999731779099 3.429011054889572e-17
v -0.17000000178813934 -0.11999999731779099 3.261183056919708e-17
v -0.17000000178813934 -0.11999999731779099 2.7741281934643997e-17
v -0.17000000178813934 -0.11999999731779099 2.0155220117448756e-17
v -0.17000000178813934 -0.11999999731779099 1.059622748737675e-17
v -0.17000000178813934 -0.11999999731779099 4.199327202669909e-33
v -0.17000000178813934 -0.11999999731779099 -1.059622748737675e-17
v -0.17000000178813934 -0.11999999731779099 -2.0155220117448756e-17
v -0.17000000178813934 -0.11999999731779099 -2.7741281934643997e-17
v -0.17000000178813934 -0.11999999731779099 -3.261183056919708e-17
v -0.17000000178813934 -0.11999999731779099 -3.429011054889572e-17
v -0.17000000178813934 -0.11999999731779099 -3.261183056919708e-17
v -0.17000000178813934 -0.11999999731779099 -2.7741281934643997e-17
v -0.17000000178813934 -0.11999999731779099 -2.0155220117448756e-17
v -0.17000000178813934 -0.11999999731779099 -1.059622748737675e-17
v -0.17000000178813934 -0.11999999731779099 -8.398654405339817e-33
v 0.17000000178813934 0.47999998927116394 0
v 0.17000000178813934 0.47999998927116394 0
v 0.17000000178813934 0.47999998927116394 0
v 0.17000000178813934 0.47999998927116394 0
v 0.17000000178813934 0.47999998927116394 0
v 0.17000000178813934 0.47999998927116394 0
v 0.17000000178813934 0.47999998927116394 0
v 0.17000000178813934 0.47999998927116394 0
v 0.17000000178813934 0.47999998927116394 0
v 0.17000000178813934 0.47999998927116394 0
v 0.17000000178813934 0.47999998927116394 0
v 0.17000000178813934 0.47999998927116394 0
v 0.17000000178813934 0.47999998927116394 0
v 0.17000000178813934 0.47999998927116394 0
v 0.17000000178813934 0.47999998927116394 0
v 0.17000000178813934 0.47999998927116394 0
v 0.17000000178813934 0.47999998927116394 0
v 0.17000000178813934 0.47999998927116394 0
v 0.17000000178813934 0.47999998927116394 0
v 0.17000000178813934 0.47999998927116394 0
v 0.17000000178813934 0.47999998927116394 0
v 0.10769414156675339 0.4729798138141632 0
v 0.11074360460042953 0.4729798138141632 0.01787831448018551
v 0.11959350109100342 0.4729798138141632 0.03400657698512077
v 0.1333775371313095 0.4729798138141632 0.04680603742599487
v 0.1507464349269867 0.4729798138141632 0.05502379685640335
v 0.17000000178813934 0.4729798138141632 0.05785544216632843
v 0.189253568649292 0.4729798138141632 0.05502379685640335
v 0.20662246644496918 0.4729798138141632 0.04680603742599487
v 0.22040650248527527 0.4729798138141632 0.03400657698512077
v 0.22925639152526855 0.4729798138141632 0.01787831448018551
v 0.2323058545589447 0.4729798138141632 7.08524862404746e-18
v 0.22925639152526855 0.4729798138141632 -0.01787831448018551
v 0.22040650248527527 0.4729798138141632 -0.03400657698512077
v 0.20662246644496918 0.4729798138141632 -0.04680603742599487
v 0.189253568649292 0.4729798138141632 -0.05502379685640335
v 0.17000000178813934 0.4729798138141632 -0.05785544216632843
v 0.1507464349269867 0.4729798138141632 -0.05502379685640335
v 0.1333775371313095 0.4729798138141632 -0.04680603742599487
v 0.11959350109100342 0.4729798138141632 -0.03400657698512077
v 0.11074360460042953 0.4729798138141632 -0.01787831448018551
v 0.10769414156675339 0.4729798138141632 -1.417049724809492e-17
v 0.04851255565881729 0.4522712826728821 0
v 0.05445856973528862 0.4522712826728821 0.03486013412475586
v 0.07171458750963211 0.4522712826728821 0.0663079172372818
v 0.09859147667884827 0.4522712826728821 0.09126502275466919
v 0.13245831429958344 0.4522712826728821 0.10728847235441208
v 0.17000000178813934 0.4522712826728821 0.11280976980924606
v 0.20754168927669525 0.4522712826728821 0.10728847235441208
v 0.24140852689743042 0.4522712826728821 0.09126502275466919
v 0.2682854235172272 0.4522712826728821 0.0663079172372818
v 0.2855414152145386 0.4522712826728821 0.03486013412475586
v 0.291487455368042 0.4522712826728821 1.3815212421655433e-17
v 0.2855414152145386 0.4522712826728821 -0.03486013412475586
v 0.2682854235172272 0.4522712826728821 -0.0663079172372818
v 0.24140852689743042 0.4522712826728821 -0.09126502275466919
v 0.20754168927669525 0.4522712826728821 -0.10728847235441208
v 0.17000000178813934 0.4522712826728821 -0.11280976980924606
v 0.13245831429958344 0.4522712826728821 -0.10728847235441208
v 0.09859147667884827 0.4522712826728821 -0.09126502275466919
v 0.07171458750963211 0.4522712826728821 -0.0663079172372818
v 0.05445856973528862 0.4522712826728821 -0.03486013412475586
v 0.04851255565881729 0.4522712826728821 -2.7630424843310866e-17
v -0.004577143117785454 0.4189128279685974 0
v 0.003967261407524347 0.4189128279685974 0.05009392648935318
v 0.02876412309706211 0.4189128279685974 0.09528431296348572
v 0.06738612800836563 0.4189128279685974 0.1311475932598114
v 0.11605269461870193 0.4189128279685974 0.15417325496673584
v 0.17000000178813934 0.4189128279685974 0.16210734844207764
v 0.22394730150699615 0.4189128279685974 0.15417325496673584
v 0.27261388301849365 0.4189128279685974 0.1311475932598114
v 0.31123587489128113 0.4189128279685974 0.09528431296348572
v 0.3360327482223511 0.4189128279685974 0.05009392648935318
v 0.3445771336555481 0.4189128279685974 1.9852425691140045e-17
v 0.3360327482223511 0.4189128279685974 -0.05009392648935318
v 0.31123587489128113 0.4189128279685974 -0.09528431296348572
v 0.27261388301849365 0.4189128279685974 -0.1311475932598114
v 0.22394730150699615 0.4189128279685974 -0.15417325496673584
v 0.17000000178813934 0.4189128279685974 -0.16210734844207764
v 0.11605269461870193 0.4189128279685974 -0.15417325496673584
v 0.06738612800836563 0.4189128279685974 -0.1311475932598114
v 0.02876412309706211 0.4189128279685974 -0.09528431296348572
v 0.003967261407524347 0.4189128279685974 -0.05009392648935318
v -0.004577143117785454 0.4189128279685974 -3.970485138228009e-17
v -0.04891281947493553 0.374577134847641 0
v -0.038198456168174744 0.374577134847641 0.06281579285860062
v -0.007104186806827784 0.374577134847641 0.11948274075984955
v 0.04132627695798874 0.374577134847641 0.1644538938999176
v 0.10235221683979034 0.374577134847641 0.1933271437883377
v 0.17000000178813934 0.374577134847641 0.20327618718147278
v 0.23764778673648834 0.374577134847641 0.1933271437883377
v 0.29867371916770935 0.374577134847641 0.1644538938999176
v 0.34710419178009033 0.374577134847641 0.11948274075984955
v 0.37819844484329224 0.374577134847641 0.06281579285860062
v 0.3889128267765045 0.374577134847641 2.4894154390377303e-17
v 0.37819844484329224 0.374577134847641 -0.06281579285860062
v 0.34710419178009033 0.374577134847641 -0.11948274075984955
v 0.29867371916770935 0.374577134847641 -0.1644538938999176
v 0.23764778673648834 0.374577134847641 -0.1933271437883377
v 0.17000000178813934 0.374577134847641 -0.20327618718147278
v 0.10235221683979034 0.374577134847641 -0.1933271437883377
v 0.04132627695798874 0.374577134847641 -0.1644538938999176
v -0.007104186806827784 0.374577134847641 -0.11948274075984955
v -0.038198456168174744 0.374577134847641 -0.06281579285860062
v -0.04891281947493553 0.374577134847641 -4.9788308780754605e-17
v -0.0822712779045105 0.3214874565601349 0
v -0.0699242502450943 0.3214874565601349 0.07238782197237015
v -0.034091755747795105 0.3214874565601349 0.13768982887268066
v 0.021718652918934822 0.3214874565601349 0.18951377272605896
v 0.09204388409852982 0.3214874565601349 0.2227867990732193
v 0.17000000178813934 0.3214874565601349 0.23425190150737762
v 0.24795611202716827 0.3214874565601349 0.2227867990732193
v 0.318281352519989 0.3214874565601349 0.18951377272605896
v 0.3740917444229126 0.3214874565601349 0.13768982887268066
v 0.4099242389202118 0.3214874565601349 0.07238782197237015
v 0.4222712814807892 0.3214874565601349 2.868758317284956e-17
v 0.4099242389202118 0.3214874565601349 -0.07238782197237015
v 0.3740917444229126 0.3214874565601349 -0.13768982887268066
v 0.318281352519989 0.3214874565601349 -0.18951377272605896
v 0.24795611202716827 0.3214874565601349 -0.2227867990732193
v 0.17000000178813934 0.3214874565601349 -0.23425190150737762
v 0.09204388409852982 0.3214874565601349 -0.2227867990732193
v 0.021718652918934822 0.3214874565601349 -0.18951377272605896
v -0.034091755747795105 0.3214874565601349 -0.13768982887268066
v -0.0699242502450943 0.3214874565601349 -0.07238782197237015
v -0.0822712779045105 0.3214874565601349 -5.737516634569912e-17
v -0.10297980904579163 0.2623058557510376 0
v -0.0896192267537117 0.2623058557510376 0.07833001762628555
v -0.05084531009197235 0.2623058557510376 0.14899253845214844
v 0.009546494111418724 0.2623058557510376 0.2050706446170807
v 0.08564459532499313 0.2623058557510376 0.24107499420642853
v 0.17000000178813934 0.2623058557510376 0.25348126888275146
v 0.25435540080070496 0.2623058557510376 0.24107499420642853
v 0.3304535150527954 0.2623058557510376 0.2050706446170807
v 0.39084529876708984 0.2623058557510376 0.14899253845214844
v 0.4296192228794098 0.2623058557510376 0.07833001762628555
v 0.4429798126220703 0.2623058557510376 3.1042500202339027e-17
v 0.4296192228794098 0.2623058557510376 -0.07833001762628555
v 0.39084529876708984 0.2623058557510376 -0.14899253845214844
v 0.3304535150527954 0.2623058557510376 -0.2050706446170807
v 0.25435540080070496 0.2623058557510376 -0.24107499420642853
v 0.17000000178813934 0.2623058557510376 -0.25348126888275146
v 0.08564459532499313 0.2623058557510376 -0.24107499420642853
v 0.009546494111418724 0.2623058557510376 -0.2050706446170807
v -0.05084531009197235 0.2623058557510376 -0.14899253845214844
v -0.0896192267537117 0.2623058557510376 -0.07833001762628555
v -0.10297980904579163 0.2623058557510376 -6.208500040467805e-17
v -0.10999999940395355 0.20000000298023224 0
v -0.09629583358764648 0.20000000298023224 0.08034442365169525
v -0.05652476102113724 0.20000000298023224 0.15282416343688965
v 0.005420131608843803 0.20000000298023224 0.21034441888332367
v 0.08347523957490921 0.20000000298023224 0.24727469682693481
v 0.17000000178813934 0.20000000298023224 0.25999999046325684
v 0.2565247714519501 0.20000000298023224 0.24727469682693481
v 0.33457985520362854 0.20000000298023224 0.21034441888332367
v 0.3965247571468353 0.20000000298023224 0.15282416343688965
v 0.43629583716392517 0.20000000298023224 0.08034442365169525
v 0.44999998807907104 0.20000000298023224 3.1840818828958854e-17
v 0.43629583716392517 0.20000000298023224 -0.08034442365169525
v 0.3965247571468353 0.20000000298023224 -0.15282416343688965
v 0.33457985520362854 0.20000000298023224 -0.21034441888332367
v 0.2565247714519501 0.20000000298023224 -0.24727469682693481
v 0.17000000178813934 0.20000000298023224 -0.25999999046325684
v 0.08347523957490921 0.20000000298023224 -0.24727469682693481
v 0.005420131608843803 0.20000000298023224 -0.21034441888332367
v -0.05652476102113724 0.20000000298023224 -0.15282416343688965
v -0.09629583358764648 0.20000000298023224 -0.08034442365169525
v -0.10999999940395355 0.20000000298023224 -6.368163765791771e-17
v -0.10297980904579163 0.13769413530826569 0
v -0.0896192267537117 0.13769413530826569 0.07833001762628555
v -0.05084531009197235 0.13769413530826569 0.14899253845214844
v 0.009546494111418724 0.13769413530826569 0.2050706446170807
v 0.08564459532499313 0.13769413530826569 0.24107499420642853
v 0.17000000178813934 0.13769413530826569 0.25348126888275146
v 0.25435540080070496 0.13769413530826569 0.24107499420642853
v 0.3304535150527954 0.13769413530826569 0.2050706446170807
v 0.39084529876708984 0.13769413530826569 0.14899253845214844
v 0.4296192228794098 0.13769413530826569 0.07833001762628555
v 0.4429798126220703 0.13769413530826569 3.1042500202339027e-17
v 0.4296192228794098 0.13769413530826569 -0.07833001762628555
v 0.39084529876708984 0.13769413530826569 -0.14899253845214844
v 0.3304535150527954 0.13769413530826569 -0.2050706446170807
v 0.25435540080070496 0.13769413530826569 -0.24107499420642853
v 0.17000000178813934 0.13769413530826569 -0.25348126888275146
v 0.08564459532499313 0.13769413530826569 -0.24107499420642853
v 0.009546494111418724 0.13769413530826569 -0.2050706446170807
v -0.05084531009197235 0.13769413530826569 -0.14899253845214844
v -0.0896192267537117 0.13769413530826569 -0.07833001762628555
v -0.10297980904579163 0.13769413530826569 -6.208500040467805e-17
v -0.0822712779045105 0.07851255685091019 0
v -0.0699242502450943 0.07851255685091019 0.07238782197237015
v -0.034091755747795105 0.07851255685091019 0.13768982887268066
v 0.021718652918934822 0.07851255685091019 0.18951377272605896
v 0.09204388409852982 0.07851255685091019 0.2227867990732193
v 0.17000000178813934 0.07851255685091019 0.23425190150737762
v 0.24795611202716827 0.07851255685091019 0.2227867990732193
v 0.318281352519989 0.07851255685091019 0.18951377272605896
v 0.3740917444229126 0.07851255685091019 0.13768982887268066
v 0.4099242389202118 0.07851255685091019 0.07238782197237015
v 0.4222712814807892 0.07851255685091019 2.868758317284956e-17
v 0.4099242389202118 0.07851255685091019 -0.07238782197237015
v 0.3740917444229126 0.07851255685091019 -0.13768982887268066
v 0.318281352519989 0.07851255685091019 -0.18951377272605896
v 0.24795611202716827 0.07851255685091019 -0.2227867990732193
v 0.17000000178813934 0.07851255685091019 -0.23425190150737762
v 0.09204388409852982 0.07851255685091019 -0.2227867990732193
v 0.021718652918934822 0.07851255685091019 -0.18951377272605896
v -0.034091755747795105 0.07851255685091019 -0.13768982887268066
v -0.0699242502450943 0.07851255685091019 -0.07238782197237015
v -0.0822712779045105 0.07851255685091019 -5.737516634569912e-17
v -0.04891281947493553 0.025422856211662292 0
v -0.038198456168174744 0.025422856211662292 0.06281579285860062
v -0.007104186806827784 0.025422856211662292 0.11948274075984955
v 0.04132627695798874 0.025422856211662292 0.1644538938999176
v 0.10235221683979034 0.025422856211662292 0.1933271437883377
v 0.17000000178813934 0.025422856211662292 0.20327618718147278
v 0.23764778673648834 0.025422856211662292 0.1933271437883377
v 0.29867371916770935 0.025422856211662292 0.1644538938999176
v 0.34710419178009033 0.025422856211662292 0.11948274075984955
v 0.37819844484329224 0.025422856211662292 0.06281579285860062
v 0.3889128267765045 0.025422856211662292 2.4894154390377303e-17
v 0.37819844484329224 0.025422856211662292 -0.06281579285860062
v 0.34710419178009033 0.025422856211662292 -0.11948274075984955
v 0.29867371916770935 0.025422856211662292 -0.1644538938999176
v 0.23764778673648834 0.025422856211662292 -0.1933271437883377
v 0.17000000178813934 0.025422856211662292 -0.20327618718147278
v 0.10235221683979034 0.025422856211662292 -0.1933271437883377
v 0.04132627695798874 0.025422856211662292 -0.1644538938999176
v -0.007104186806827784 0.025422856211662292 -0.11948274075984955
v -0.038198456168174744 0.025422856211662292 -0.06281579285860062
v -0.04891281947493553 0.025422856211662292 -4.9788308780754605e-17
v -0.004577143117785454 -0.018912820145487785 0
v 0.003967261407524347 -0.018912820145487785 0.05009392648935318
v 0.02876412309706211 -0.018912820145487785 0.09528431296348572
v 0.06738612800836563 -0.018912820145487785 0.1311475932598114
v 0.11605269461870193 -0.018912820145487785 0.15417325496673584
v 0.17000000178813934 -0.018912820145487785 0.16210734844207764
v 0.22394730150699615 -0.018912820145487785 0.15417325496673584
v 0.27261388301849365 -0.018912820145487785 0.1311475932598114
v 0.31123587489128113 -0.018912820145487785 0.09528431296348572
v 0.3360327482223511 -0.018912820145487785 0.05009392648935318
v 0.3445771336555481 -0.018912820145487785 1.9852425691140045e-17
v 0.3360327482223511 -0.018912820145487785 -0.05009392648935318
v 0.31123587489128113 -0.018912820145487785 -0.09528431296348572
v 0.27261388301849365 -0.018912820145487785 -0.1311475932598114
v 0.22394730150699615 -0.018912820145487785 -0.15417325496673584
v 0.17000000178813934 -0.018912820145487785 -0.16210734844207764
v 0.11605269461870193 -0.018912820145487785 -0.15417325496673584
v 0.06738612800836563 -0.018912820145487785 -0.1311475932598114
v 0.02876412309706211 -0.018912820145487785 -0.09528431296348572
v 0.003967261407524347 -0.018912820145487785 -0.05009392648935318
v -0.004577143117785454 -0.018912820145487785 -3.970485138228009e-17
v 0.04851255565881729 -0.0522712767124176 0
v 0.05445856973528862 -0.0522712767124176 0.03486013412475586
v 0.07171458750963211 -0.0522712767124176 0.0663079172372818
v 0.09859147667884827 -0.0522712767124176 0.09126502275466919
v 0.13245831429958344 -0.0522712767124176 0.10728847235441208
v 0.17000000178813934 -0.0522712767124176 0.11280976980924606
v 0.20754168927669525 -0.0522712767124176 0.10728847235441208
v 0.24140852689743042 -0.0522712767124176 0.09126502275466919
v 0.2682854235172272 -0.0522712767124176 0.0663079172372818
v 0.2855414152145386 -0.0522712767124176 0.03486013412475586
v 0.291487455368042 -0.0522712767124176 1.3815212421655433e-17
v 0.2855414152145386 -0.0522712767124176 -0.03486013412475586
v 0.2682854235172272 -0.0522712767124176 -0.0663079172372818
v 0.24140852689743042 -0.0522712767124176 -0.09126502275466919
v 0.20754168927669525 -0.0522712767124176 -0.10728847235441208
v 0.17000000178813934 -0.0522712767124176 -0.11280976980924606
v 0.13245831429958344 -0.0522712767124176 -0.10728847235441208
v 0.09859147667884827 -0.0522712767124176 -0.09126502275466919
v 0.07171458750963211 -0.0522712767124176 -0.0663079172372818
v 0.05445856973528862 -0.0522712767124176 -0.03486013412475586
v 0.04851255565881729 -0.0522712767124176 -2.7630424843310866e-17
v 0.10769414156675339 -0.07297981530427933 0
v 0.11074360460042953 -0.07297981530427933 0.01787831448018551
v 0.11959350109100342 -0.07297981530427933 0.03400657698512077
v 0.1333775371313095 -0.07297981530427933 0.04680603742599487
v 0.1507464349269867 -0.07297981530427933 0.05502379685640335
v 0.17000000178813934 -0.07297981530427933 0.05785544216632843
v 0.189253568649292 -0.07297981530427933 0.05502379685640335
v 0.20662246644496918 -0.07297981530427933 0.04680603742599487
v 0.22040650248527527 -0.07297981530427933 0.03400657698512077
v 0.22925639152526855 -0.07297981530427933 0.01787831448018551
v 0.2323058545589447 -0.07297981530427933 7.08524862404746e-18
v 0.22925639152526855 -0.07297981530427933 -0.01787831448018551
v 0.22040650248527527 -0.07297981530427933 -0.03400657698512077
v 0.20662246644496918 -0.07297981530427933 -0.04680603742599487
v 0.189253568649292 -0.07297981530427933 -0.05502379685640335
v 0.17000000178813934 -0.07297981530427933 -0.05785544216632843
v 0.1507464349269867 -0.07297981530427933 -0.05502379685640335
v 0.1333775371313095 -0.07297981530427933 -0.04680603742599487
v 0.11959350109100342 -0.07297981530427933 -0.03400657698512077
v 0.11074360460042953 -0.07297981530427933 -0.01787831448018551
v 0.10769414156675339 -0.07297981530427933 -1.417049724809492e-17
v 0.17000000178813934 -0.07999999821186066 0
v 0.17000000178813934 -0.07999999821186066 9.83935391816828e-18
v 0.17000000178813934 -0.07999999821186066 1.8715561892136965e-17
v 0.17000000178813934 -0.07999999821186066 2.5759762505467094e-17
v 0.17000000178813934 -0.07999999821186066 3.02824138636314e-17
v 0.17000000178813934 -0.07999999821186066 3.1840818828958854e-17
v 0.17000000178813934 -0.07999999821186066 3.02824138636314e-17
v 0.17000000178813934 -0.07999999821186066 2.5759762505467094e-17
v 0.17000000178813934 -0.07999999821186066 1.8715561892136965e-17
v 0.17000000178813934 -0.07999999821186066 9.83935391816828e-18
v 0.17000000178813934 -0.07999999821186066 3.899375207144632e-33
v 0.17000000178813934 -0.07999999821186066 -9.83935391816828e-18
v 0.17000000178813934 -0.07999999821186066 -1.8715561892136965e-17
v 0.17000000178813934 -0.07999999821186066 -2.5759762505467094e-17
v 0.17000000178813934 -0.07999999821186066 -3.02824138636314e-17
v 0.17000000178813934 -0.07999999821186066 -3.1840818828958854e-17
v 0.17000000178813934 -0.07999999821186066 -3.02824138636314e-17
v 0.17000000178813934 -0.07999999821186066 -2.5759762505467094e-17
v 0.17000000178813934 -0.07999999821186066 -1.8715561892136965e-17
v 0.17000000178813934 -0.07999999821186066 -9.83935391816828e-18
v 0.17000000178813934 -0.07999999821186066 -7.798750414289263e-33
v -0.017359532415866852 -0.5771927833557129 3.027238181716236e-17
v -0.017359532415866852 -0.5771927833557129 3.027238181716236e-17
v -0.017359532415866852 -0.5771927833557129 3.027238181716236e-17
v -0.017359532415866852 -0.5771927833557129 3.027238181716236e-17
v -0.017359532415866852 -0.5771927833557129 3.027238181716236e-17
v -0.017359532415866852 -0.5771927833557129 3.027238181716236e-17
v -0.017359532415866852 -0.5771927833557129 3.027238181716236e-17
v -0.017359532415866852 -0.5771927833557129 3.027238181716236e-17
v -0.017359532415866852 -0.5771927833557129 3.027238181716236e-17
v -0.017359532415866852 -0.5771927833557129 3.027238181716236e-17
v -0.017359532415866852 -0.5771927833557129 3.027238181716236e-17
v -0.017359532415866852 -0.5771927833557129 3.027238181716236e-17
v -0.017359532415866852 -0.5771927833557129 3.027238181716236e-17
v -0.017359532415866852 -0.5771927833557129 3.027238181716236e-17
v -0.017359532415866852 -0.5771927833557129 3.027238181716236e-17
v -0.017359532415866852 -0.5771927833557129 3.027238181716236e-17
v -0.017359532415866852 -0.5771927833557129 3.027238181716236e-17
v -0.017359532415866852 -0.5771927833557129 3.027238181716236e-17
v -0.017359532415866852 -0.5771927833557129 3.027238181716236e-17
v -0.017359532415866852 -0.5771927833557129 3.027238181716236e-17
v -0.017359532415866852 -0.5771927833557129 3.027238181716236e-17
v -0.017359532415866852 -0.5771927833557129 3.027238181716236e-17
v -0.017359532415866852 -0.5771927833557129 3.027238181716236e-17
v -0.017359532415866852 -0.5771927833557129 3.027238181716236e-17
v -0.017359532415866852 -0.5771927833557129 3.027238181716236e-17
v 0.05735953152179718 -0.08280722796916962 -0.30000001192092896
v 0.14436988532543182 -0.09595755487680435 -0.2897777557373047
v 0.22545062005519867 -0.1082117110490799 -0.25980761647224426
v 0.2950762212276459 -0.11873459070920944 -0.2121320366859436
v 0.3485018312931061 -0.12680909037590027 -0.15000000596046448
v 0.3820865750312805 -0.13188491761684418 -0.07764571160078049
v 0.39354169368743896 -0.13361619412899017 -4.2419783884132235e-17
v 0.3820865750312805 -0.13188491761684418 0.07764571160078049
v 0.3485018312931061 -0.12680909037590027 0.15000000596046448
v 0.2950762212276459 -0.11873459070920944 0.2121320366859436
v 0.22545062005519867 -0.1082117110490799 0.25980761647224426
v 0.14436988532543182 -0.09595755487680435 0.2897777557373047
v 0.05735953152179718 -0.08280722796916962 0.30000001192092896
v -0.029650812968611717 -0.06965690106153488 0.2897777557373047
v -0.11073154956102371 -0.05740274861454964 0.25980761647224426
v -0.1803571581840515 -0.04687986895442009 0.2121320366859436
v -0.23378275334835052 -0.03880537673830986 0.15000000596046448
v -0.26736751198768616 -0.033729538321495056 0.07764571160078049
v -0.2788226306438446 -0.03199826553463936 1.861441755555643e-17
v -0.26736751198768616 -0.033729538321495056 -0.07764571160078049
v -0.23378275334835052 -0.03880537673830986 -0.15000000596046448
v -0.1803571581840515 -0.04687986895442009 -0.2121320366859436
v -0.11073154956102371 -0.05740274861454964 -0.25980761647224426
v -0.029650812968611717 -0.06965690106153488 -0.2897777557373047
v 0.05735953152179718 -0.08280722796916962 -0.30000001192092896
v 0.05735953152179718 -0.08280722796916962 -3.027238181716236e-17
v 0.05735953152179718 -0.08280722796916962 -3.027238181716236e-17
v 0.05735953152179718 -0.08280722796916962 -3.027238181716236e-17
v 0.05735953152179718 -0.08280722796916962 -3.027238181716236e-17
v 0.05735953152179718 -0.08280722796916962 -3.027238181716236e-17
v 0.05735953152179718 -0.08280722796916962 -3.027238181716236e-17
v 0.05735953152179718 -0.08280722796916962 -3.027238181716236e-17
v 0.05735953152179718 -0.08280722796916962 -3.027238181716236e-17
v 0.05735953152179718 -0.08280722796916962 -3.027238181716236e-17
v 0.05735953152179718 -0.08280722796916962 -3.027238181716236e-17
v 0.05735953152179718 -0.08280722796916962 -3.027238181716236e-17
v 0.05735953152179718 -0.08280722796916962 -3.027238181716236e-17
v 0.05735953152179718 -0.08280722796916962 -3.027238181716236e-17
v 0.05735953152179718 -0.08280722796916962 -3.027238181716236e-17
v 0.05735953152179718 -0.08280722796916962 -3.027238181716236e-17
v 0.05735953152179718 -0.08280722796916962 -3.027238181716236e-17
v 0.05735953152179718 -0.08280722796916962 -3.027238181716236e-17
v 0.05735953152179718 -0.08280722796916962 -3.027238181716236e-17
v 0.05735953152179718 -0.08280722796916962 -3.027238181716236e-17
v 0.05735953152179718 -0.08280722796916962 -3.027238181716236e-17
v 0.05735953152179718 -0.08280722796916962 -3.027238181716236e-17
v 0.05735953152179718 -0.08280722796916962 -3.027238181716236e-17
v 0.05735953152179718 -0.08280722796916962 -3.027238181716236e-17
v 0.05735953152179718 -0.08280722796916962 -3.027238181716236e-17
v 0.05735953152179718 -0.08280722796916962 -0.30000001192092896
v 0.14436988532543182 -0.09595755487680435 -0.2897777557373047
v 0.22545062005519867 -0.1082117110490799 -0.25980761647224426
v 0.2950762212276459 -0.11873459070920944 -0.2121320366859436
v 0.3485018312931061 -0.12680909037590027 -0.15000000596046448
v 0.3820865750312805 -0.13188491761684418 -0.07764571160078049
v 0.39354169368743896 -0.13361619412899017 -4.2419783884132235e-17
v 0.3820865750312805 -0.13188491761684418 0.07764571160078049
v 0.3485018312931061 -0.12680909037590027 0.15000000596046448
v 0.2950762212276459 -0.11873459070920944 0.2121320366859436
v 0.22545062005519867 -0.1082117110490799 0.25980761647224426
v 0.14436988532543182 -0.09595755487680435 0.2897777557373047
v 0.05735953152179718 -0.08280722796916962 0.30000001192092896
v -0.029650812968611717 -0.06965690106153488 0.2897777557373047
v -0.11073154956102371 -0.05740274861454964 0.25980761647224426
v -0.1803571581840515 -0.04687986895442009 0.2121320366859436
v -0.23378275334835052 -0.03880537673830986 0.15000000596046448
v -0.26736751198768616 -0.033729538321495056 0.07764571160078049
v -0.2788226306438446 -0.03199826553463936 1.861441755555643e-17
v -0.26736751198768616 -0.033729538321495056 -0.07764571160078049
v -0.23378275334835052 -0.03880537673830986 -0.15000000596046448
v -0.1803571581840515 -0.04687986895442009 -0.2121320366859436
v -0.11073154956102371 -0.05740274861454964 -0.25980761647224426
v -0.029650812968611717 -0.06965690106153488 -0.2897777557373047
v 0.05735953152179718 -0.08280722796916962 -0.30000001192092896
vt 0.02500000037252903 1
vt 0.07500000298023224 1
vt 0.125 1
vt 0.17499999701976776 1
vt 0.22499999403953552 1
vt 0.2750000059604645 1
vt 0.32499998807907104 1
vt 0.375 1
vt 0.42500001192092896 1
vt 0.4749999940395355 1
vt 0.5249999761581421 1
vt 0.574999988079071 1
vt 0.625 1
vt 0.675000011920929 1
vt 0.7250000238418579 1
vt 0.7749999761581421 1
vt 0.824999988079071 1
vt 0.875 1
vt 0.925000011920929 1
vt 0.9750000238418579 1
vt 1.024999976158142 1
vt 0 0.9285714030265808
vt 0.05000000074505806 0.9285714030265808
vt 0.10000000149011612 0.9285714030265808
vt 0.15000000596046448 0.9285714030265808
vt 0.20000000298023224 0.9285714030265808
vt 0.25 0.9285714030265808
vt 0.30000001192092896 0.9285714030265808
vt 0.3499999940395355 0.9285714030265808
vt 0.4000000059604645 0.9285714030265808
vt 0.44999998807907104 0.9285714030265808
vt 0.5 0.9285714030265808
vt 0.550000011920929 0.9285714030265808
vt 0.6000000238418579 0.9285714030265808
vt 0.6499999761581421 0.9285714030265808
vt 0.699999988079071 0.9285714030265808
vt 0.75 0.9285714030265808
vt 0.800000011920929 0.9285714030265808
vt 0.8500000238418579 0.9285714030265808
vt 0.8999999761581421 0.9285714030265808
vt 0.949999988079071 0.9285714030265808
vt 1 0.9285714030265808
vt 0 0.8571428656578064
vt 0.05000000074505806 0.8571428656578064
vt 0.10000000149011612 0.8571428656578064
vt 0.15000000596046448 0.8571428656578064
vt 0.20000000298023224 0.8571428656578064
vt 0.25 0.8571428656578064
vt 0.30000001192092896 0.8571428656578064
vt 0.3499999940395355 0.8571428656578064
vt 0.4000000059604645 0.8571428656578064
vt 0.44999998807907104 0.8571428656578064
vt 0.5 0.8571428656578064
vt 0.550000011920929 0.8571428656578064
vt 0.6000000238418579 0.8571428656578064
vt 0.6499999761581421 0.8571428656578064
vt 0.699999988079071 0.8571428656578064
vt 0.75 0.8571428656578064
vt 0.800000011920929 0.8571428656578064
vt 0.8500000238418579 0.8571428656578064
vt 0.8999999761581421 0.8571428656578064
vt 0.949999988079071 0.8571428656578064
vt 1 0.8571428656578064
vt 0 0.7857142686843872
vt 0.05000000074505806 0.7857142686843872
vt 0.10000000149011612 0.7857142686843872
vt 0.15000000596046448 0.7857142686843872
vt 0.20000000298023224 0.7857142686843872
vt 0.25 0.7857142686843872
vt 0.30000001192092896 0.7857142686843872
vt 0.3499999940395355 0.7857142686843872
vt 0.4000000059604645 0.7857142686843872
vt 0.44999998807907104 0.7857142686843872
vt 0.5 0.7857142686843872
vt 0.550000011920929 0.7857142686843872
vt 0.6000000238418579 0.7857142686843872
vt 0.6499999761581421 0.7857142686843872
vt 0.699999988079071 0.7857142686843872
vt 0.75 0.7857142686843872
vt 0.800000011920929 0.7857142686843872
vt 0.8500000238418579 0.7857142686843872
vt 0.8999999761581421 0.7857142686843872
vt 0.949999988079071 0.7857142686843872
vt 1 0.7857142686843872
vt 0 0.7142857313156128
vt 0.05000000074505806 0.7142857313156128
vt 0.10000000149011612 0.7142857313156128
vt 0.15000000596046448 0.7142857313156128
vt 0.20000000298023224 0.7142857313156128
vt 0.25 0.7142857313156128
vt 0.30000001192092896 0.7142857313156128
vt 0.3499999940395355 0.7142857313156128
vt 0.4000000059604645 0.7142857313156128
vt 0.44999998807907104 0.7142857313156128
vt 0.5 0.7142857313156128
vt 0.550000011920929 0.7142857313156128
vt 0.6000000238418579 0.7142857313156128
vt 0.6499999761581421 0.7142857313156128
vt 0.699999988079071 0.7142857313156128
vt 0.75 0.7142857313156128
vt 0.800000011920929 0.7142857313156128
vt 0.8500000238418579 0.7142857313156128
vt 0.8999999761581421 0.7142857313156128
vt 0.949999988079071 0.7142857313156128
vt 1 0.7142857313156128
vt 0 0.6428571343421936
vt 0.05000000074505806 0.6428571343421936
vt 0.10000000149011612 0.6428571343421936
vt 0.15000000596046448 0.6428571343421936
vt 0.20000000298023224 0.6428571343421936
vt 0.25 0.6428571343421936
vt 0.30000001192092896 0.6428571343421936
vt 0.3499999940395355 0.6428571343421936
vt 0.4000000059604645 0.6428571343421936
vt 0.44999998807907104 0.6428571343421936
vt 0.5 0.6428571343421936
vt 0.550000011920929 0.6428571343421936
vt 0.6000000238418579 0.6428571343421936
vt 0.6499999761581421 0.6428571343421936
vt 0.699999988079071 0.6428571343421936
vt 0.75 0.6428571343421936
vt 0.800000011920929 0.6428571343421936
vt 0.8500000238418579 0.6428571343421936
vt 0.8999999761581421 0.6428571343421936
vt 0.949999988079071 0.6428571343421936
vt 1 0.6428571343421936
vt 0 0.5714285969734192
vt 0.05000000074505806 0.5714285969734192
vt 0.10000000149011612 0.5714285969734192
vt 0.15000000596046448 0.5714285969734192
vt 0.20000000298023224 0.5714285969734192
vt 0.25 0.5714285969734192
vt 0.30000001192092896 0.5714285969734192
vt 0.3499999940395355 0.5714285969734192
vt 0.4000000059604645 0.5714285969734192
vt 0.44999998807907104 0.5714285969734192
vt 0.5 0.5714285969734192
vt 0.550000011920929 0.5714285969734192
vt 0.6000000238418579 0.5714285969734192
vt 0.6499999761581421 0.5714285969734192
vt 0.699999988079071 0.5714285969734192
vt 0.75 0.5714285969734192
vt 0.800000011920929 0.5714285969734192
vt 0.8500000238418579 0.5714285969734192
vt 0.8999999761581421 0.5714285969734192
vt 0.949999988079071 0.5714285969734192
vt 1 0.5714285969734192
vt 0 0.5
vt 0.05000000074505806 0.5
vt 0.10000000149011612 0.5
vt 0.15000000596046448 0.5
vt 0.20000000298023224 0.5
vt 0.25 0.5
vt 0.30000001192092896 0.5
vt 0.3499999940395355 0.5
vt 0.4000000059604645 0.5
vt 0.44999998807907104 0.5
vt 0.5 0.5
vt 0.550000011920929 0.5
vt 0.6000000238418579 0.5
vt 0.6499999761581421 0.5
vt 0.699999988079071 0.5
vt 0.75 0.5
vt 0.800000011920929 0.5
vt 0.8500000238418579 0.5
vt 0.8999999761581421 0.5
vt 0.949999988079071 0.5
vt 1 0.5
vt 0 0.4285714328289032
vt 0.05000000074505806 0.4285714328289032
vt 0.10000000149011612 0.4285714328289032
vt 0.15000000596046448 0.4285714328289032
vt 0.20000000298023224 0.4285714328289032
vt 0.25 0.4285714328289032
vt 0.30000001192092896 0.4285714328289032
vt 0.3499999940395355 0.4285714328289032
vt 0.4000000059604645 0.4285714328289032
vt 0.44999998807907104 0.4285714328289032
vt 0.5 0.4285714328289032
vt 0.550000011920929 0.4285714328289032
vt 0.6000000238418579 0.4285714328289032
vt 0.6499999761581421 0.4285714328289032
vt 0.699999988079071 0.4285714328289032
vt 0.75 0.4285714328289032
vt 0.800000011920929 0.4285714328289032
vt 0.8500000238418579 0.4285714328289032
vt 0.8999999761581421 0.4285714328289032
vt 0.949999988079071 0.4285714328289032
vt 1 0.4285714328289032
vt 0 0.3571428656578064
vt 0.05000000074505806 0.3571428656578064
vt 0.10000000149011612 0.3571428656578064
vt 0.15000000596046448 0.3571428656578064
vt 0.20000000298023224 0.3571428656578064
vt 0.25 0.3571428656578064
vt 0.30000001192092896 0.3571428656578064
vt 0.3499999940395355 0.3571428656578064
vt 0.4000000059604645 0.3571428656578064
vt 0.44999998807907104 0.3571428656578064
vt 0.5 0.3571428656578064
vt 0.550000011920929 0.3571428656578064
vt 0.6000000238418579 0.3571428656578064
vt 0.6499999761581421 0.3571428656578064
vt 0.699999988079071 0.3571428656578064
vt 0.75 0.3571428656578064
vt 0.800000011920929 0.3571428656578064
vt 0.8500000238418579 0.3571428656578064
vt 0.8999999761581421 0.3571428656578064
vt 0.949999988079071 0.3571428656578064
vt 1 0.3571428656578064
vt 0 0.2857142984867096
vt 0.05000000074505806 0.2857142984867096
vt 0.10000000149011612 0.2857142984867096
vt 0.15000000596046448 0.2857142984867096
vt 0.20000000298023224 0.2857142984867096
vt 0.25 0.2857142984867096
vt 0.30000001192092896 0.2857142984867096
vt 0.3499999940395355 0.2857142984867096
vt 0.4000000059604645 0.2857142984867096
vt 0.44999998807907104 0.2857142984867096
vt 0.5 0.2857142984867096
vt 0.550000011920929 0.2857142984867096
vt 0.6000000238418579 0.2857142984867096
vt 0.6499999761581421 0.2857142984867096
vt 0.699999988079071 0.2857142984867096
vt 0.75 0.2857142984867096
vt 0.800000011920929 0.2857142984867096
vt 0.8500000238418579 0.2857142984867096
vt 0.8999999761581421 0.2857142984867096
vt 0.949999988079071 0.2857142984867096
vt 1 0.2857142984867096
vt 0 0.2142857164144516
vt 0.05000000074505806 0.2142857164144516
vt 0.10000000149011612 0.2142857164144516
vt 0.15000000596046448 0.2142857164144516
vt 0.20000000298023224 0.2142857164144516
vt 0.25 0.2142857164144516
vt 0.30000001192092896 0.2142857164144516
vt 0.3499999940395355 0.2142857164144516
vt 0.4000000059604645 0.2142857164144516
vt 0.44999998807907104 0.2142857164144516
vt 0.5 0.2142857164144516
vt 0.550000011920929 0.2142857164144516
vt 0.6000000238418579 0.2142857164144516
vt 0.6499999761581421 0.2142857164144516
vt 0.699999988079071 0.2142857164144516
vt 0.75 0.2142857164144516
vt 0.800000011920929 0.2142857164144516
vt 0.8500000238418579 0.2142857164144516
vt 0.8999999761581421 0.2142857164144516
vt 0.949999988079071 0.2142857164144516
vt 1 0.2142857164144516
vt 0 0.1428571492433548
vt 0.05000000074505806 0.1428571492433548
vt 0.10000000149011612 0.1428571492433548
vt 0.15000000596046448 0.1428571492433548
vt 0.20000000298023224 0.1428571492433548
vt 0.25 0.1428571492433548
vt 0.30000001192092896 0.1428571492433548
vt 0.3499999940395355 0.1428571492433548
vt 0.4000000059604645 0.1428571492433548
vt 0.44999998807907104 0.1428571492433548
vt 0.5 0.1428571492433548
vt 0.550000011920929 0.1428571492433548
vt 0.6000000238418579 0.1428571492433548
vt 0.6499999761581421 0.1428571492433548
vt 0.699999988079071 0.1428571492433548
vt 0.75 0.1428571492433548
vt 0.800000011920929 0.1428571492433548
vt 0.8500000238418579 0.1428571492433548
vt 0.8999999761581421 0.1428571492433548
vt 0.949999988079071 0.1428571492433548
vt 1 0.1428571492433548
vt 0 0.0714285746216774
vt 0.05000000074505806 0.0714285746216774
vt 0.10000000149011612 0.0714285746216774
vt 0.15000000596046448 0.0714285746216774
vt 0.20000000298023224 0.0714285746216774
vt 0.25 0.0714285746216774
vt 0.30000001192092896 0.0714285746216774
vt 0.3499999940395355 0.0714285746216774
vt 0.4000000059604645 0.0714285746216774
vt 0.44999998807907104 0.0714285746216774
vt 0.5 0.0714285746216774
vt 0.550000011920929 0.0714285746216774
vt 0.6000000238418579 0.0714285746216774
vt 0.6499999761581421 0.0714285746216774
vt 0.699999988079071 0.0714285746216774
vt 0.75 0.0714285746216774
vt 0.800000011920929 0.0714285746216774
vt 0.8500000238418579 0.0714285746216774
vt 0.8999999761581421 0.0714285746216774
vt 0.949999988079071 0.0714285746216774
vt 1 0.0714285746216774
vt -0.02500000037252903 0
vt 0.02500000037252903 0
vt 0.07500000298023224 0
vt 0.125 0
vt 0.17499999701976776 0
vt 0.22499999403953552 0
vt 0.2750000059604645 0
vt 0.32499998807907104 0
vt 0.375 0
vt 0.42500001192092896 0
vt 0.4749999940395355 0
vt 0.5249999761581421 0
vt 0.574999988079071 0
vt 0.625 0
vt 0.675000011920929 0
vt 0.7250000238418579 0
vt 0.7749999761581421 0
vt 0.824999988079071 0
vt 0.875 0
vt 0.925000011920929 0
vt 0.9750000238418579 0
vt 0.02500000037252903 1
vt 0.07500000298023224 1
vt 0.125 1
vt 0.17499999701976776 1
vt 0.22499999403953552 1
vt 0.2750000059604645 1
vt 0.32499998807907104 1
vt 0.375 1
vt 0.42500001192092896 1
vt 0.4749999940395355 1
vt 0.5249999761581421 1
vt 0.574999988079071 1
vt 0.625 1
vt 0.675000011920929 1
vt 0.7250000238418579 1
vt 0.7749999761581421 1
vt 0.824999988079071 1
vt 0.875 1
vt 0.925000011920929 1
vt 0.9750000238418579 1
vt 1.024999976158142 1
vt 0 0.9285714030265808
vt 0.05000000074505806 0.9285714030265808
vt 0.10000000149011612 0.9285714030265808
vt 0.15000000596046448 0.9285714030265808
vt 0.20000000298023224 0.9285714030265808
vt 0.25 0.9285714030265808
vt 0.30000001192092896 0.9285714030265808
vt 0.3499999940395355 0.9285714030265808
vt 0.4000000059604645 0.9285714030265808
vt 0.44999998807907104 0.9285714030265808
vt 0.5 0.9285714030265808
vt 0.550000011920929 0.9285714030265808
vt 0.6000000238418579 0.9285714030265808
vt 0.6499999761581421 0.9285714030265808
vt 0.699999988079071 0.9285714030265808
vt 0.75 0.9285714030265808
vt 0.800000011920929 0.9285714030265808
vt 0.8500000238418579 0.9285714030265808
vt 0.8999999761581421 0.9285714030265808
vt 0.949999988079071 0.9285714030265808
vt 1 0.9285714030265808
vt 0 0.8571428656578064
vt 0.05000000074505806 0.8571428656578064
vt 0.10000000149011612 0.8571428656578064
vt 0.15000000596046448 0.8571428656578064
vt 0.20000000298023224 0.8571428656578064
vt 0.25 0.8571428656578064
vt 0.30000001192092896 0.8571428656578064
vt 0.3499999940395355 0.8571428656578064
vt 0.4000000059604645 0.8571428656578064
vt 0.44999998807907104 0.8571428656578064
vt 0.5 0.8571428656578064
vt 0.550000011920929 0.8571428656578064
vt 0.6000000238418579 0.8571428656578064
vt 0.6499999761581421 0.8571428656578064
vt 0.699999988079071 0.8571428656578064
vt 0.75 0.8571428656578064
vt 0.800000011920929 0.8571428656578064
vt 0.8500000238418579 0.8571428656578064
vt 0.8999999761581421 0.8571428656578064
vt 0.949999988079071 0.8571428656578064
vt 1 0.8571428656578064
vt 0 0.7857142686843872
vt 0.05000000074505806 0.7857142686843872
vt 0.10000000149011612 0.7857142686843872
vt 0.15000000596046448 0.7857142686843872
vt 0.20000000298023224 0.7857142686843872
vt 0.25 0.7857142686843872
vt 0.30000001192092896 0.7857142686843872
vt 0.3499999940395355 0.7857142686843872
vt 0.4000000059604645 0.7857142686843872
vt 0.44999998807907104 0.7857142686843872
vt 0.5 0.7857142686843872
vt 0.550000011920929 0.7857142686843872
vt 0.6000000238418579 0.7857142686843872
vt 0.6499999761581421 0.7857142686843872
vt 0.699999988079071 0.7857142686843872
vt 0.75 0.7857142686843872
vt 0.800000011920929 0.7857142686843872
vt 0.8500000238418579 0.7857142686843872
vt 0.8999999761581421 0.7857142686843872
vt 0.949999988079071 0.7857142686843872
vt 1 0.7857142686843872
vt 0 0.7142857313156128
vt 0.05000000074505806 0.7142857313156128
vt 0.10000000149011612 0.7142857313156128
vt 0.15000000596046448 0.7142857313156128
vt 0.20000000298023224 0.7142857313156128
vt 0.25 0.7142857313156128
vt 0.30000001192092896 0.7142857313156128
vt 0.3499999940395355 0.7142857313156128
vt 0.4000000059604645 0.7142857313156128
vt 0.44999998807907104 0.7142857313156128
vt 0.5 0.7142857313156128
vt 0.550000011920929 0.7142857313156128
vt 0.6000000238418579 0.7142857313156128
vt 0.6499999761581421 0.7142857313156128
vt 0.699999988079071 0.7142857313156128
vt 0.75 0.7142857313156128
vt 0.800000011920929 0.7142857313156128
vt 0.8500000238418579 0.7142857313156128
vt 0.8999999761581421 0.7142857313156128
vt 0.949999988079071 0.7142857313156128
vt 1 0.7142857313156128
vt 0 0.6428571343421936
vt 0.05000000074505806 0.6428571343421936
vt 0.10000000149011612 0.6428571343421936
vt 0.15000000596046448 0.6428571343421936
vt 0.20000000298023224 0.6428571343421936
vt 0.25 0.6428571343421936
vt 0.30000001192092896 0.6428571343421936
vt 0.3499999940395355 0.6428571343421936
vt 0.4000000059604645 0.6428571343421936
vt 0.44999998807907104 0.6428571343421936
vt 0.5 0.6428571343421936
vt 0.550000011920929 0.6428571343421936
vt 0.6000000238418579 0.6428571343421936
vt 0.6499999761581421 0.6428571343421936
vt 0.699999988079071 0.6428571343421936
vt 0.75 0.6428571343421936
vt 0.800000011920929 0.6428571343421936
vt 0.8500000238418579 0.6428571343421936
vt 0.8999999761581421 0.6428571343421936
vt 0.949999988079071 0.6428571343421936
vt 1 0.6428571343421936
vt 0 0.5714285969734192
vt 0.05000000074505806 0.5714285969734192
vt 0.10000000149011612 0.5714285969734192
vt 0.15000000596046448 0.5714285969734192
vt 0.20000000298023224 0.5714285969734192
vt 0.25 0.5714285969734192
vt 0.30000001192092896 0.5714285969734192
vt 0.3499999940395355 0.5714285969734192
vt 0.4000000059604645 0.5714285969734192
vt 0.44999998807907104 0.5714285969734192
vt 0.5 0.5714285969734192
vt 0.550000011920929 0.5714285969734192
vt 0.6000000238418579 0.5714285969734192
vt 0.6499999761581421 0.5714285969734192
vt 0.699999988079071 0.5714285969734192
vt 0.75 0.5714285969734192
vt 0.800000011920929 0.5714285969734192
vt 0.8500000238418579 0.5714285969734192
vt 0.8999999761581421 0.5714285969734192
vt 0.949999988079071 0.5714285969734192
vt 1 0.5714285969734192
vt 0 0.5
vt 0.05000000074505806 0.5
vt 0.10000000149011612 0.5
vt 0.15000000596046448 0.5
vt 0.20000000298023224 0.5
vt 0.25 0.5
vt 0.30000001192092896 0.5
vt 0.3499999940395355 0.5
vt 0.4000000059604645 0.5
vt 0.44999998807907104 0.5
vt 0.5 0.5
vt 0.550000011920929 0.5
vt 0.6000000238418579 0.5
vt 0.6499999761581421 0.5
vt 0.699999988079071 0.5
vt 0.75 0.5
vt 0.800000011920929 0.5
vt 0.8500000238418579 0.5
vt 0.8999999761581421 0.5
vt 0.949999988079071 0.5
vt 1 0.5
vt 0 0.4285714328289032
vt 0.05000000074505806 0.4285714328289032
vt 0.10000000149011612 0.4285714328289032
vt 0.15000000596046448 0.4285714328289032
vt 0.20000000298023224 0.4285714328289032
vt 0.25 0.4285714328289032
vt 0.30000001192092896 0.4285714328289032
vt 0.3499999940395355 0.4285714328289032
vt 0.4000000059604645 0.4285714328289032
vt 0.44999998807907104 0.4285714328289032
vt 0.5 0.4285714328289032
vt 0.550000011920929 0.4285714328289032
vt 0.6000000238418579 0.4285714328289032
vt 0.6499999761581421 0.4285714328289032
vt 0.699999988079071 0.4285714328289032
vt 0.75 0.4285714328289032
vt 0.800000011920929 0.4285714328289032
vt 0.8500000238418579 0.4285714328289032
vt 0.8999999761581421 0.4285714328289032
vt 0.949999988079071 0.4285714328289032
vt 1 0.4285714328289032
vt 0 0.3571428656578064
vt 0.05000000074505806 0.3571428656578064
vt 0.10000000149011612 0.3571428656578064
vt 0.15000000596046448 0.3571428656578064
vt 0.20000000298023224 0.3571428656578064
vt 0.25 0.3571428656578064
vt 0.30000001192092896 0.3571428656578064
vt 0.3499999940395355 0.3571428656578064
vt 0.4000000059604645 0.3571428656578064
vt 0.44999998807907104 0.3571428656578064
vt 0.5 0.3571428656578064
vt 0.550000011920929 0.3571428656578064
vt 0.6000000238418579 0.3571428656578064
vt 0.6499999761581421 0.3571428656578064
vt 0.699999988079071 0.3571428656578064
vt 0.75 0.3571428656578064
vt 0.800000011920929 0.3571428656578064
vt 0.8500000238418579 0.3571428656578064
vt 0.8999999761581421 0.3571428656578064
vt 0.949999988079071 0.3571428656578064
vt 1 0.3571428656578064
vt 0 0.2857142984867096
vt 0.05000000074505806 0.2857142984867096
vt 0.10000000149011612 0.2857142984867096
vt 0.15000000596046448 0.2857142984867096
vt 0.20000000298023224 0.2857142984867096
vt 0.25 0.2857142984867096
vt 0.30000001192092896 0.2857142984867096
vt 0.3499999940395355 0.2857142984867096
vt 0.4000000059604645 0.2857142984867096
vt 0.44999998807907104 0.2857142984867096
vt 0.5 0.2857142984867096
vt 0.550000011920929 0.2857142984867096
vt 0.6000000238418579 0.2857142984867096
vt 0.6499999761581421 0.2857142984867096
vt 0.699999988079071 0.2857142984867096
vt 0.75 0.2857142984867096
vt 0.800000011920929 0.2857142984867096
vt 0.8500000238418579 0.2857142984867096
vt 0.8999999761581421 0.2857142984867096
vt 0.949999988079071 0.2857142984867096
vt 1 0.2857142984867096
vt 0 0.2142857164144516
vt 0.05000000074505806 0.2142857164144516
vt 0.10000000149011612 0.2142857164144516
vt 0.15000000596046448 0.2142857164144516
vt 0.20000000298023224 0.2142857164144516
vt 0.25 0.2142857164144516
vt 0.30000001192092896 0.2142857164144516
vt 0.3499999940395355 0.2142857164144516
vt 0.4000000059604645 0.2142857164144516
vt 0.44999998807907104 0.2142857164144516
vt 0.5 0.2142857164144516
vt 0.550000011920929 0.2142857164144516
vt 0.6000000238418579 0.2142857164144516
vt 0.6499999761581421 0.2142857164144516
vt 0.699999988079071 0.2142857164144516
vt 0.75 0.2142857164144516
vt 0.800000011920929 0.2142857164144516
vt 0.8500000238418579 0.2142857164144516
vt 0.8999999761581421 0.2142857164144516
vt 0.949999988079071 0.2142857164144516
vt 1 0.2142857164144516
vt 0 0.1428571492433548
vt 0.05000000074505806 0.1428571492433548
vt 0.10000000149011612 0.1428571492433548
vt 0.15000000596046448 0.1428571492433548
vt 0.20000000298023224 0.1428571492433548
vt 0.25 0.1428571492433548
vt 0.30000001192092896 0.1428571492433548
vt 0.3499999940395355 0.1428571492433548
vt 0.4000000059604645 0.1428571492433548
vt 0.44999998807907104 0.1428571492433548
vt 0.5 0.1428571492433548
vt 0.550000011920929 0.1428571492433548
vt 0.6000000238418579 0.1428571492433548
vt 0.6499999761581421 0.1428571492433548
vt 0.699999988079071 0.1428571492433548
vt 0.75 0.1428571492433548
vt 0.800000011920929 0.1428571492433548
vt 0.8500000238418579 0.1428571492433548
vt 0.8999999761581421 0.1428571492433548
vt 0.949999988079071 0.1428571492433548
vt 1 0.1428571492433548
vt 0 0.0714285746216774
vt 0.05000000074505806 0.0714285746216774
vt 0.10000000149011612 0.0714285746216774
vt 0.15000000596046448 0.0714285746216774
vt 0.20000000298023224 0.0714285746216774
vt 0.25 0.0714285746216774
vt 0.30000001192092896 0.0714285746216774
vt 0.3499999940395355 0.0714285746216774
vt 0.4000000059604645 0.0714285746216774
vt 0.44999998807907104 0.0714285746216774
vt 0.5 0.0714285746216774
vt 0.550000011920929 0.0714285746216774
vt 0.6000000238418579 0.0714285746216774
vt 0.6499999761581421 0.0714285746216774
vt 0.699999988079071 0.0714285746216774
vt 0.75 0.0714285746216774
vt 0.800000011920929 0.0714285746216774
vt 0.8500000238418579 0.0714285746216774
vt 0.8999999761581421 0.0714285746216774
vt 0.949999988079071 0.0714285746216774
vt 1 0.0714285746216774
vt -0.02500000037252903 0
vt 0.02500000037252903 0
vt 0.07500000298023224 0
vt 0.125 0
vt 0.17499999701976776 0
vt 0.22499999403953552 0
vt 0.2750000059604645 0
vt 0.32499998807907104 0
vt 0.375 0
vt 0.42500001192092896 0
vt 0.4749999940395355 0
vt 0.5249999761581421 0
vt 0.574999988079071 0
vt 0.625 0
vt 0.675000011920929 0
vt 0.7250000238418579 0
vt 0.7749999761581421 0
vt 0.824999988079071 0
vt 0.875 0
vt 0.925000011920929 0
vt 0.9750000238418579 0
vt 0.02500000037252903 1
vt 0.07500000298023224 1
vt 0.125 1
vt 0.17499999701976776 1
vt 0.22499999403953552 1
vt 0.2750000059604645 1
vt 0.32499998807907104 1
vt 0.375 1
vt 0.42500001192092896 1
vt 0.4749999940395355 1
vt 0.5249999761581421 1
vt 0.574999988079071 1
vt 0.625 1
vt 0.675000011920929 1
vt 0.7250000238418579 1
vt 0.7749999761581421 1
vt 0.824999988079071 1
vt 0.875 1
vt 0.925000011920929 1
vt 0.9750000238418579 1
vt 1.024999976158142 1
vt 0 0.9285714030265808
vt 0.05000000074505806 0.9285714030265808
vt 0.10000000149011612 0.9285714030265808
vt 0.15000000596046448 0.9285714030265808
vt 0.20000000298023224 0.9285714030265808
vt 0.25 0.9285714030265808
vt 0.30000001192092896 0.9285714030265808
vt 0.3499999940395355 0.9285714030265808
vt 0.4000000059604645 0.9285714030265808
vt 0.44999998807907104 0.9285714030265808
vt 0.5 0.9285714030265808
vt 0.550000011920929 0.9285714030265808
vt 0.6000000238418579 0.9285714030265808
vt 0.6499999761581421 0.9285714030265808
vt 0.699999988079071 0.9285714030265808
vt 0.75 0.9285714030265808
vt 0.800000011920929 0.9285714030265808
vt 0.8500000238418579 0.9285714030265808
vt 0.8999999761581421 0.9285714030265808
vt 0.949999988079071 0.9285714030265808
vt 1 0.9285714030265808
vt 0 0.8571428656578064
vt 0.05000000074505806 0.8571428656578064
vt 0.10000000149011612 0.8571428656578064
vt 0.15000000596046448 0.8571428656578064
vt 0.20000000298023224 0.8571428656578064
vt 0.25 0.8571428656578064
vt 0.30000001192092896 0.8571428656578064
vt 0.3499999940395355 0.8571428656578064
vt 0.4000000059604645 0.8571428656578064
vt 0.44999998807907104 0.8571428656578064
vt 0.5 0.8571428656578064
vt 0.550000011920929 0.8571428656578064
vt 0.6000000238418579 0.8571428656578064
vt 0.6499999761581421 0.8571428656578064
vt 0.699999988079071 0.8571428656578064
vt 0.75 0.8571428656578064
vt 0.800000011920929 0.8571428656578064
vt 0.8500000238418579 0.8571428656578064
vt 0.8999999761581421 0.8571428656578064
vt 0.949999988079071 0.8571428656578064
vt 1 0.8571428656578064
vt 0 0.7857142686843872
vt 0.05000000074505806 0.7857142686843872
vt 0.10000000149011612 0.7857142686843872
vt 0.15000000596046448 0.7857142686843872
vt 0.20000000298023224 0.7857142686843872
vt 0.25 0.7857142686843872
vt 0.30000001192092896 0.7857142686843872
vt 0.3499999940395355 0.7857142686843872
vt 0.4000000059604645 0.7857142686843872
vt 0.44999998807907104 0.7857142686843872
vt 0.5 0.7857142686843872
vt 0.550000011920929 0.7857142686843872
vt 0.6000000238418579 0.7857142686843872
vt 0.6499999761581421 0.7857142686843872
vt 0.699999988079071 0.7857142686843872
vt 0.75 0.7857142686843872
vt 0.800000011920929 0.7857142686843872
vt 0.8500000238418579 0.7857142686843872
vt 0.8999999761581421 0.7857142686843872
vt 0.949999988079071 0.7857142686843872
vt 1 0.7857142686843872
vt 0 0.7142857313156128
vt 0.05000000074505806 0.7142857313156128
vt 0.10000000149011612 0.7142857313156128
vt 0.15000000596046448 0.7142857313156128
vt 0.20000000298023224 0.7142857313156128
vt 0.25 0.7142857313156128
vt 0.30000001192092896 0.7142857313156128
vt 0.3499999940395355 0.7142857313156128
vt 0.4000000059604645 0.7142857313156128
vt 0.44999998807907104 0.7142857313156128
vt 0.5 0.7142857313156128
vt 0.550000011920929 0.7142857313156128
vt 0.6000000238418579 0.7142857313156128
vt 0.6499999761581421 0.7142857313156128
vt 0.699999988079071 0.7142857313156128
vt 0.75 0.7142857313156128
vt 0.800000011920929 0.7142857313156128
vt 0.8500000238418579 0.7142857313156128
vt 0.8999999761581421 0.7142857313156128
vt 0.949999988079071 0.7142857313156128
vt 1 0.7142857313156128
vt 0 0.6428571343421936
vt 0.05000000074505806 0.6428571343421936
vt 0.10000000149011612 0.6428571343421936
vt 0.15000000596046448 0.6428571343421936
vt 0.20000000298023224 0.6428571343421936
vt 0.25 0.6428571343421936
vt 0.30000001192092896 0.6428571343421936
vt 0.3499999940395355 0.6428571343421936
vt 0.4000000059604645 0.6428571343421936
vt 0.44999998807907104 0.6428571343421936
vt 0.5 0.6428571343421936
vt 0.550000011920929 0.6428571343421936
vt 0.6000000238418579 0.6428571343421936
vt 0.6499999761581421 0.6428571343421936
vt 0.699999988079071 0.6428571343421936
vt 0.75 0.6428571343421936
vt 0.800000011920929 0.6428571343421936
vt 0.8500000238418579 0.6428571343421936
vt 0.8999999761581421 0.6428571343421936
vt 0.949999988079071 0.6428571343421936
vt 1 0.6428571343421936
vt 0 0.5714285969734192
vt 0.05000000074505806 0.5714285969734192
vt 0.10000000149011612 0.5714285969734192
vt 0.15000000596046448 0.5714285969734192
vt 0.20000000298023224 0.5714285969734192
vt 0.25 0.5714285969734192
vt 0.30000001192092896 0.5714285969734192
vt 0.3499999940395355 0.5714285969734192
vt 0.4000000059604645 0.5714285969734192
vt 0.44999998807907104 0.5714285969734192
vt 0.5 0.5714285969734192
vt 0.550000011920929 0.5714285969734192
vt 0.6000000238418579 0.5714285969734192
vt 0.6499999761581421 0.5714285969734192
vt 0.699999988079071 0.5714285969734192
vt 0.75 0.5714285969734192
vt 0.800000011920929 0.5714285969734192
vt 0.8500000238418579 0.5714285969734192
vt 0.8999999761581421 0.5714285969734192
vt 0.949999988079071 0.5714285969734192
vt 1 0.5714285969734192
vt 0 0.5
vt 0.05000000074505806 0.5
vt 0.10000000149011612 0.5
vt 0.15000000596046448 0.5
vt 0.20000000298023224 0.5
vt 0.25 0.5
vt 0.30000001192092896 0.5
vt 0.3499999940395355 0.5
vt 0.4000000059604645 0.5
vt 0.44999998807907104 0.5
vt 0.5 0.5
vt 0.550000011920929 0.5
vt 0.6000000238418579 0.5
vt 0.6499999761581421 0.5
vt 0.699999988079071 0.5
vt 0.75 0.5
vt 0.800000011920929 0.5
vt 0.8500000238418579 0.5
vt 0.8999999761581421 0.5
vt 0.949999988079071 0.5
vt 1 0.5
vt 0 0.4285714328289032
vt 0.05000000074505806 0.4285714328289032
vt 0.10000000149011612 0.4285714328289032
vt 0.15000000596046448 0.4285714328289032
vt 0.20000000298023224 0.4285714328289032
vt 0.25 0.4285714328289032
vt 0.30000001192092896 0.4285714328289032
vt 0.3499999940395355 0.4285714328289032
vt 0.4000000059604645 0.4285714328289032
vt 0.44999998807907104 0.4285714328289032
vt 0.5 0.4285714328289032
vt 0.550000011920929 0.4285714328289032
vt 0.6000000238418579 0.4285714328289032
vt 0.6499999761581421 0.4285714328289032
vt 0.699999988079071 0.4285714328289032
vt 0.75 0.4285714328289032
vt 0.800000011920929 0.4285714328289032
vt 0.8500000238418579 0.4285714328289032
vt 0.8999999761581421 0.4285714328289032
vt 0.949999988079071 0.4285714328289032
vt 1 0.4285714328289032
vt 0 0.3571428656578064
vt 0.05000000074505806 0.3571428656578064
vt 0.10000000149011612 0.3571428656578064
vt 0.15000000596046448 0.3571428656578064
vt 0.20000000298023224 0.3571428656578064
vt 0.25 0.3571428656578064
vt 0.30000001192092896 0.3571428656578064
vt 0.3499999940395355 0.3571428656578064
vt 0.4000000059604645 0.3571428656578064
vt 0.44999998807907104 0.3571428656578064
vt 0.5 0.3571428656578064
vt 0.550000011920929 0.3571428656578064
vt 0.6000000238418579 0.3571428656578064
vt 0.6499999761581421 0.3571428656578064
vt 0.699999988079071 0.3571428656578064
vt 0.75 0.3571428656578064
vt 0.800000011920929 0.3571428656578064
vt 0.8500000238418579 0.3571428656578064
vt 0.8999999761581421 0.3571428656578064
vt 0.949999988079071 0.3571428656578064
vt 1 0.3571428656578064
vt 0 0.2857142984867096
vt 0.05000000074505806 0.2857142984867096
vt 0.10000000149011612 0.2857142984867096
vt 0.15000000596046448 0.2857142984867096
vt 0.20000000298023224 0.2857142984867096
vt 0.25 0.2857142984867096
vt 0.30000001192092896 0.2857142984867096
vt 0.3499999940395355 0.2857142984867096
vt 0.4000000059604645 0.2857142984867096
vt 0.44999998807907104 0.2857142984867096
vt 0.5 0.2857142984867096
vt 0.550000011920929 0.2857142984867096
vt 0.6000000238418579 0.2857142984867096
vt 0.6499999761581421 0.2857142984867096
vt 0.699999988079071 0.2857142984867096
vt 0.75 0.2857142984867096
vt 0.800000011920929 0.2857142984867096
vt 0.8500000238418579 0.2857142984867096
vt 0.8999999761581421 0.2857142984867096
vt 0.949999988079071 0.2857142984867096
vt 1 0.2857142984867096
vt 0 0.2142857164144516
vt 0.05000000074505806 0.2142857164144516
vt 0.10000000149011612 0.2142857164144516
vt 0.15000000596046448 0.2142857164144516
vt 0.20000000298023224 0.2142857164144516
vt 0.25 0.2142857164144516
vt 0.30000001192092896 0.2142857164144516
vt 0.3499999940395355 0.2142857164144516
vt 0.4000000059604645 0.2142857164144516
vt 0.44999998807907104 0.2142857164144516
vt 0.5 0.2142857164144516
vt 0.550000011920929 0.2142857164144516
vt 0.6000000238418579 0.2142857164144516
vt 0.6499999761581421 0.2142857164144516
vt 0.699999988079071 0.2142857164144516
vt 0.75 0.2142857164144516
vt 0.800000011920929 0.2142857164144516
vt 0.8500000238418579 0.2142857164144516
vt 0.8999999761581421 0.2142857164144516
vt 0.949999988079071 0.2142857164144516
vt 1 0.2142857164144516
vt 0 0.1428571492433548
vt 0.05000000074505806 0.1428571492433548
vt 0.10000000149011612 0.1428571492433548
vt 0.15000000596046448 0.1428571492433548
vt 0.20000000298023224 0.1428571492433548
vt 0.25 0.1428571492433548
vt 0.30000001192092896 0.1428571492433548
vt 0.3499999940395355 0.1428571492433548
vt 0.4000000059604645 0.1428571492433548
vt 0.44999998807907104 0.1428571492433548
vt 0.5 0.1428571492433548
vt 0.550000011920929 0.1428571492433548
vt 0.6000000238418579 0.1428571492433548
vt 0.6499999761581421 0.1428571492433548
vt 0.699999988079071 0.1428571492433548
vt 0.75 0.1428571492433548
vt 0.800000011920929 0.1428571492433548
vt 0.8500000238418579 0.1428571492433548
vt 0.8999999761581421 0.1428571492433548
vt 0.949999988079071 0.1428571492433548
vt 1 0.1428571492433548
vt 0 0.0714285746216774
vt 0.05000000074505806 0.0714285746216774
vt 0.10000000149011612 0.0714285746216774
vt 0.15000000596046448 0.0714285746216774
vt 0.20000000298023224 0.0714285746216774
vt 0.25 0.0714285746216774
vt 0.30000001192092896 0.0714285746216774
vt 0.3499999940395355 0.0714285746216774
vt 0.4000000059604645 0.0714285746216774
vt 0.44999998807907104 0.0714285746216774
vt 0.5 0.0714285746216774
vt 0.550000011920929 0.0714285746216774
vt 0.6000000238418579 0.0714285746216774
vt 0.6499999761581421 0.0714285746216774
vt 0.699999988079071 0.0714285746216774
vt 0.75 0.0714285746216774
vt 0.800000011920929 0.0714285746216774
vt 0.8500000238418579 0.0714285746216774
vt 0.8999999761581421 0.0714285746216774
vt 0.949999988079071 0.0714285746216774
vt 1 0.0714285746216774
vt -0.02500000037252903 0
vt 0.02500000037252903 0
vt 0.07500000298023224 0
vt 0.125 0
vt 0.17499999701976776 0
vt 0.22499999403953552 0
vt 0.2750000059604645 0
vt 0.32499998807907104 0
vt 0.375 0
vt 0.42500001192092896 0
vt 0.4749999940395355 0
vt 0.5249999761581421 0
vt 0.574999988079071 0
vt 0.625 0
vt 0.675000011920929 0
vt 0.7250000238418579 0
vt 0.7749999761581421 0
vt 0.824999988079071 0
vt 0.875 0
vt 0.925000011920929 0
vt 0.9750000238418579 0
vt 0 1
vt 0.0416666679084301 1
vt 0.0833333358168602 1
vt 0.125 1
vt 0.1666666716337204 1
vt 0.2083333283662796 1
vt 0.25 1
vt 0.2916666567325592 1
vt 0.3333333432674408 1
vt 0.375 1
vt 0.4166666567325592 1
vt 0.4583333432674408 1
vt 0.5 1
vt 0.5416666865348816 1
vt 0.5833333134651184 1
vt 0.625 1
vt 0.6666666865348816 1
vt 0.7083333134651184 1
vt 0.75 1
vt 0.7916666865348816 1
vt 0.8333333134651184 1
vt 0.875 1
vt 0.9166666865348816 1
vt 0.9583333134651184 1
vt 1 1
vt 0 0
vt 0.0416666679084301 0
vt 0.0833333358168602 0
vt 0.125 0
vt 0.1666666716337204 0
vt 0.2083333283662796 0
vt 0.25 0
vt 0.2916666567325592 0
vt 0.3333333432674408 0
vt 0.375 0
vt 0.4166666567325592 0
vt 0.4583333432674408 0
vt 0.5 0
vt 0.5416666865348816 0
vt 0.5833333134651184 0
vt 0.625 0
vt 0.6666666865348816 0
vt 0.7083333134651184 0
vt 0.75 0
vt 0.7916666865348816 0
vt 0.8333333134651184 0
vt 0.875 0
vt 0.9166666865348816 0
vt 0.9583333134651184 0
vt 1 0
vt 0.5 0.5
vt 0.5 0.5
vt 0.5 0.5
vt 0.5 0.5
vt 0.5 0.5
vt 0.5 0.5
vt 0.5 0.5
vt 0.5 0.5
vt 0.5 0.5
vt 0.5 0.5
vt 0.5 0.5
vt 0.5 0.5
vt 0.5 0.5
vt 0.5 0.5
vt 0.5 0.5
vt 0.5 0.5
vt 0.5 0.5
vt 0.5 0.5
vt 0.5 0.5
vt 0.5 0.5
vt 0.5 0.5
vt 0.5 0.5
vt 0.5 0.5
vt 0.5 0.5
vt 1 0.5
vt 0.9829629063606262 0.370590478181839
vt 0.9330127239227295 0.25
vt 0.8535534143447876 0.1464466154575348
vt 0.75 0.0669872984290123
vt 0.6294095516204834 0.017037086188793182
vt 0.5 0
vt 0.370590478181839 0.017037086188793182
vt 0.25 0.0669872984290123
vt 0.1464466154575348 0.1464466154575348
vt 0.0669872984290123 0.25
vt 0.017037086188793182 0.370590478181839
vt 0 0.5
vt 0.017037086188793182 0.6294095516204834
vt 0.0669872984290123 0.75
vt 0.1464466154575348 0.8535534143447876
vt 0.25 0.9330127239227295
vt 0.370590478181839 0.9829629063606262
vt 0.5 1
vt 0.6294095516204834 0.9829629063606262
vt 0.75 0.9330127239227295
vt 0.8535534143447876 0.8535534143447876
vt 0.9330127239227295 0.75
vt 0.9829629063606262 0.6294095516204834
vt 1 0.5
vn 0 1 0
vn 0 1 0
vn 0 1 0
vn 0 1 0
vn 0 1 0
vn 0 1 0
vn 0 1 0
vn 0 1 0
vn 0 1 0
vn 0 1 0
vn 0 1 0
vn 0 1 0
vn 0 1 0
vn 0 1 0
vn 0 1 0
vn 0 1 0
vn 0 1 0
vn 0 1 0
vn 0 1 0
vn 0 1 0
vn 0 1 0
vn -0.22252093478534796 0.9749279119926021 0
vn -0.21144954865297988 0.9740966560800141 0.08015480639478914
vn -0.17946973243931894 0.971930433458207 0.152124447923078
vn -0.13003583567444402 0.9692726966108625 0.20880881457724984
vn -0.06821335249930492 0.9671384298669582 0.24492896116074256
vn -1.3505271643977468e-17 0.966326927791964 0.2573174471817725
vn 0.06821335249930492 0.9671384298669582 0.24492896116074256
vn 0.13003583567444402 0.9692726966108625 0.20880881457724984
vn 0.17946973243931894 0.971930433458207 0.152124447923078
vn 0.21144954865297988 0.9740966560800141 0.08015480639478914
vn 0.22252093478534796 0.9749279119926021 3.17927831150603e-17
vn 0.21144954865297988 0.9740966560800141 -0.08015480639478914
vn 0.17946973243931894 0.971930433458207 -0.152124447923078
vn 0.13003583567444402 0.9692726966108625 -0.20880881457724984
vn 0.06821335249930492 0.9671384298669582 -0.24492896116074256
vn 4.051581493193241e-17 0.966326927791964 -0.2573174471817725
vn -0.06821335249930492 0.9671384298669582 -0.24492896116074256
vn -0.13003583567444402 0.9692726966108625 -0.20880881457724984
vn -0.17946973243931894 0.971930433458207 -0.152124447923078
vn -0.21144954865297988 0.9740966560800141 -0.08015480639478914
vn -0.22252093478534796 0.9749279119926021 -6.35855662301206e-17
vn -0.4338837360855756 0.9009688693625448 0
vn -0.4113150844451317 0.8980586549332638 0.155918419717977
vn -0.34696839105562066 0.8905711987167686 0.2941018116646884
vn -0.24953935286944454 0.8815699479949816 0.40070505133030754
vn -0.1301361311400179 0.8744841740105079 0.46727081738224113
vn -2.570824689970452e-17 0.8718224014685257 0.489822110870521
vn 0.1301361311400179 0.8744841740105079 0.46727081738224113
vn 0.24953935286944454 0.8815699479949816 0.40070505133030754
vn 0.34696839105562066 0.8905711987167686 0.2941018116646884
vn 0.4113150844451317 0.8980586549332638 0.155918419717977
vn 0.4338837360855756 0.9009688693625448 6.199133844526603e-17
vn 0.4113150844451317 0.8980586549332638 -0.155918419717977
vn 0.34696839105562066 0.8905711987167686 -0.2941018116646884
vn 0.24953935286944454 0.8815699479949816 -0.40070505133030754
vn 0.1301361311400179 0.8744841740105079 -0.46727081738224113
vn 7.712473739039117e-17 0.8718224014685257 -0.489822110870521
vn -0.1301361311400179 0.8744841740105079 -0.46727081738224113
vn -0.24953935286944454 0.8815699479949816 -0.40070505133030754
vn -0.34696839105562066 0.8905711987167686 -0.2941018116646884
vn -0.4113150844451317 0.8980586549332638 -0.155918419717977
vn -0.4338837360855756 0.9009688693625448 -1.2398267689053206e-16
vn -0.6234897889923936 0.7818314927285933 0
vn -0.5890391925939673 0.7766433770825408 0.22328881392061162
vn -0.49260961166607664 0.763535188485951 0.4175521361913032
vn -0.35072024601899077 0.748214222339775 0.5631791779894426
vn -0.18149090967273515 0.7364721757888297 0.6516669271913607
vn -3.575079787679669e-17 0.7321308618336598 0.6811640045911869
vn 0.18149090967273515 0.7364721757888297 0.6516669271913607
vn 0.35072024601899077 0.748214222339775 0.5631791779894426
vn 0.49260961166607664 0.763535188485951 0.4175521361913032
vn 0.5890391925939673 0.7766433770825408 0.22328881392061162
vn 0.6234897889923936 0.7818314927285933 8.908138849353812e-17
vn 0.5890391925939673 0.7766433770825408 -0.22328881392061162
vn 0.49260961166607664 0.763535188485951 -0.4175521361913032
vn 0.35072024601899077 0.748214222339775 -0.5631791779894426
vn 0.18149090967273515 0.7364721757888297 -0.6516669271913607
vn 1.0725239363039007e-16 0.7321308618336598 -0.6811640045911869
vn -0.18149090967273515 0.7364721757888297 -0.6516669271913607
vn -0.35072024601899077 0.748214222339775 -0.5631791779894426
vn -0.49260961166607664 0.763535188485951 -0.4175521361913032
vn -0.5890391925939673 0.7766433770825408 -0.22328881392061162
vn -0.6234897889923936 0.7818314927285933 -1.7816277698707624e-16
vn -0.7818314927285933 0.6234897889923936 0
vn -0.7358511721644216 0.6170209079794096 0.2789413048304457
vn -0.6096940143187842 0.6009944778488409 0.5167967168036629
vn -0.42956542115660407 0.5828097942958245 0.6897871357305877
vn -0.22058063379087298 0.5692475939605455 0.7920235859913181
vn -4.332950210441203e-17 0.5643116434501978 0.8255618505397019
vn 0.22058063379087298 0.5692475939605455 0.7920235859913181
vn 0.42956542115660407 0.5828097942958245 0.6897871357305877
vn 0.6096940143187842 0.6009944778488409 0.5167967168036629
vn 0.7358511721644216 0.6170209079794096 0.2789413048304457
vn 0.7818314927285933 0.6234897889923936 1.1170453310666388e-16
vn 0.7358511721644216 0.6170209079794096 -0.2789413048304457
vn 0.6096940143187842 0.6009944778488409 -0.5167967168036629
vn 0.42956542115660407 0.5828097942958245 -0.6897871357305877
vn 0.22058063379087298 0.5692475939605455 -0.7920235859913181
vn 1.2998849969579097e-16 0.5643116434501978 -0.8255618505397019
vn -0.22058063379087298 0.5692475939605455 -0.7920235859913181
vn -0.42956542115660407 0.5828097942958245 -0.6897871357305877
vn -0.6096940143187842 0.6009944778488409 -0.5167967168036629
vn -0.7358511721644216 0.6170209079794096 -0.2789413048304457
vn -0.7818314927285933 0.6234897889923936 -2.2340906621332777e-16
vn -0.9009688693625448 0.4338837360855756 0
vn -0.8451258113008636 0.4279357876471542 0.3203643624435572
vn -0.6945759635817327 0.4134525347826663 0.5887454732703221
vn -0.48508358378120947 0.39743072102905563 0.7789369285945449
vn -0.24752728822346595 0.3857485382202717 0.8887791102662466
vn -4.851427087236473e-17 0.3815506908680732 0.9243479162621053
vn 0.24752728822346595 0.3857485382202717 0.8887791102662466
vn 0.48508358378120947 0.39743072102905563 0.7789369285945449
vn 0.6945759635817327 0.4134525347826663 0.5887454732703221
vn 0.8451258113008636 0.4279357876471542 0.3203643624435572
vn 0.9009688693625448 0.4338837360855756 1.2872633943158264e-16
vn 0.8451258113008636 0.4279357876471542 -0.3203643624435572
vn 0.6945759635817327 0.4134525347826663 -0.5887454732703221
vn 0.48508358378120947 0.39743072102905563 -0.7789369285945449
vn 0.24752728822346595 0.3857485382202717 -0.8887791102662466
vn 1.4554282254326133e-16 0.3815506908680732 -0.9243479162621053
vn -0.24752728822346595 0.3857485382202717 -0.8887791102662466
vn -0.48508358378120947 0.39743072102905563 -0.7789369285945449
vn -0.6945759635817327 0.4134525347826663 -0.5887454732703221
vn -0.8451258113008636 0.4279357876471542 -0.3203643624435572
vn -0.9009688693625448 0.4338837360855756 -2.574526788631653e-16
vn -0.9749279119926021 0.22252093478534796 0
vn -0.9123801782203521 0.21896157132301847 0.34585870044622735
vn -0.7457547013046494 0.21039562924397737 0.6321262569115792
vn -0.517828165936547 0.20107837000060322 0.8315175762909
vn -0.2631745357235277 0.1943836971098711 0.9449625082745895
vn -5.1508400515342445e-17 0.19199751104767432 0.9813954125384418
vn 0.2631745357235277 0.1943836971098711 0.9449625082745895
vn 0.517828165936547 0.20107837000060322 0.8315175762909
vn 0.7457547013046494 0.21039562924397737 0.6321262569115792
vn 0.9123801782203521 0.21896157132301847 0.34585870044622735
vn 0.9749279119926021 0.22252093478534796 1.3929327255279421e-16
vn 0.9123801782203521 0.21896157132301847 -0.34585870044622735
vn 0.7457547013046494 0.21039562924397737 -0.6321262569115792
vn 0.517828165936547 0.20107837000060322 -0.8315175762909
vn 0.2631745357235277 0.1943836971098711 -0.9449625082745895
vn 1.5452521147219457e-16 0.19199751104767432 -0.9813954125384418
vn -0.2631745357235277 0.1943836971098711 -0.9449625082745895
vn -0.517828165936547 0.20107837000060322 -0.8315175762909
vn -0.7457547013046494 0.21039562924397737 -0.6321262569115792
vn -0.9123801782203521 0.21896157132301847 -0.34585870044622735
vn -0.9749279119926021 0.22252093478534796 -2.7858654510558843e-16
vn -1 6.123234262925839e-17 0
vn -0.9350711101731651 6.020314462323023e-17 0.35446017959641724
vn -0.7628296438322925 5.77365436843801e-17 0.646599516308741
vn -0.5286252489696702 5.506937051667744e-17 0.8488553152049848
vn -0.2682920462663883 5.3162608115666866e-17 0.9633376240499455
vn -5.248486463811827e-17 5.248486463811827e-17 1
vn 0.2682920462663883 5.3162608115666866e-17 0.9633376240499455
vn 0.5286252489696702 5.506937051667744e-17 0.8488553152049848
vn 0.7628296438322925 5.77365436843801e-17 0.646599516308741
vn 0.9350711101731651 6.020314462323023e-17 0.35446017959641724
vn 1 6.123234262925839e-17 1.4287546613493625e-16
vn 0.9350711101731651 6.020314462323023e-17 -0.35446017959641724
vn 0.7628296438322925 5.77365436843801e-17 -0.646599516308741
vn 0.5286252489696702 5.506937051667744e-17 -0.8488553152049848
vn 0.2682920462663883 5.3162608115666866e-17 -0.9633376240499455
vn 1.5745458398818747e-16 5.248486463811827e-17 -1
vn -0.2682920462663883 5.3162608115666866e-17 -0.9633376240499455
vn -0.5286252489696702 5.506937051667744e-17 -0.8488553152049848
vn -0.7628296438322925 5.77365436843801e-17 -0.646599516308741
vn -0.9350711101731651 6.020314462323023e-17 -0.35446017959641724
vn -1 6.123234262925839e-17 -2.857509322698725e-16
vn -0.9749279119926021 -0.22252093478534796 0
vn -0.9123801782203521 -0.21896157132301847 0.34585870044622735
vn -0.7457547013046494 -0.21039562924397737 0.6321262569115792
vn -0.517828165936547 -0.20107837000060322 0.8315175762909
vn -0.2631745357235277 -0.1943836971098711 0.9449625082745895
vn -5.1508400515342445e-17 -0.19199751104767432 0.9813954125384418
vn 0.2631745357235277 -0.1943836971098711 0.9449625082745895
vn 0.517828165936547 -0.20107837000060322 0.8315175762909
vn 0.7457547013046494 -0.21039562924397737 0.6321262569115792
vn 0.9123801782203521 -0.21896157132301847 0.34585870044622735
vn 0.9749279119926021 -0.22252093478534796 1.3929327255279421e-16
vn 0.9123801782203521 -0.21896157132301847 -0.34585870044622735
vn 0.7457547013046494 -0.21039562924397737 -0.6321262569115792
vn 0.517828165936547 -0.20107837000060322 -0.8315175762909
vn 0.2631745357235277 -0.1943836971098711 -0.9449625082745895
vn 1.5452521147219457e-16 -0.19199751104767432 -0.9813954125384418
vn -0.2631745357235277 -0.1943836971098711 -0.9449625082745895
vn -0.517828165936547 -0.20107837000060322 -0.8315175762909
vn -0.7457547013046494 -0.21039562924397737 -0.6321262569115792
vn -0.9123801782203521 -0.21896157132301847 -0.34585870044622735
vn -0.9749279119926021 -0.22252093478534796 -2.7858654510558843e-16
vn -0.9009688693625448 -0.4338837360855756 0
vn -0.8451258113008636 -0.4279357876471542 0.3203643624435572
vn -0.6945759635817327 -0.4134525347826663 0.5887454732703221
vn -0.48508358378120947 -0.39743072102905563 0.7789369285945449
vn -0.24752728822346595 -0.3857485382202717 0.8887791102662466
vn -4.851427087236473e-17 -0.3815506908680732 0.9243479162621053
vn 0.24752728822346595 -0.3857485382202717 0.8887791102662466
vn 0.48508358378120947 -0.39743072102905563 0.7789369285945449
vn 0.6945759635817327 -0.4134525347826663 0.5887454732703221
vn 0.8451258113008636 -0.4279357876471542 0.3203643624435572
vn 0.9009688693625448 -0.4338837360855756 1.2872633943158264e-16
vn 0.8451258113008636 -0.4279357876471542 -0.3203643624435572
vn 0.6945759635817327 -0.4134525347826663 -0.5887454732703221
vn 0.48508358378120947 -0.39743072102905563 -0.7789369285945449
vn 0.24752728822346595 -0.3857485382202717 -0.8887791102662466
vn 1.4554282254326133e-16 -0.3815506908680732 -0.9243479162621053
vn -0.24752728822346595 -0.3857485382202717 -0.8887791102662466
vn -0.48508358378120947 -0.39743072102905563 -0.7789369285945449
vn -0.6945759635817327 -0.4134525347826663 -0.5887454732703221
vn -0.8451258113008636 -0.4279357876471542 -0.3203643624435572
vn -0.9009688693625448 -0.4338837360855756 -2.574526788631653e-16
vn -0.7818314927285933 -0.6234897889923936 0
vn -0.7358511721644216 -0.6170209079794096 0.2789413048304457
vn -0.6096940143187842 -0.6009944778488409 0.5167967168036629
vn -0.42956542115660407 -0.5828097942958245 0.6897871357305877
vn -0.22058063379087298 -0.5692475939605455 0.7920235859913181
vn -4.332950210441203e-17 -0.5643116434501978 0.8255618505397019
vn 0.22058063379087298 -0.5692475939605455 0.7920235859913181
vn 0.42956542115660407 -0.5828097942958245 0.6897871357305877
vn 0.6096940143187842 -0.6009944778488409 0.5167967168036629
vn 0.7358511721644216 -0.6170209079794096 0.2789413048304457
vn 0.7818314927285933 -0.6234897889923936 1.1170453310666388e-16
vn 0.7358511721644216 -0.6170209079794096 -0.2789413048304457
vn 0.6096940143187842 -0.6009944778488409 -0.5167967168036629
vn 0.42956542115660407 -0.5828097942958245 -0.6897871357305877
vn 0.22058063379087298 -0.5692475939605455 -0.7920235859913181
vn 1.2998849969579097e-16 -0.5643116434501978 -0.8255618505397019
vn -0.22058063379087298 -0.5692475939605455 -0.7920235859913181
vn -0.42956542115660407 -0.5828097942958245 -0.6897871357305877
vn -0.6096940143187842 -0.6009944778488409 -0.5167967168036629
vn -0.7358511721644216 -0.6170209079794096 -0.2789413048304457
vn -0.7818314927285933 -0.6234897889923936 -2.2340906621332777e-16
vn -0.6234897889923936 -0.7818314927285933 0
vn -0.5890391925939673 -0.7766433770825408 0.22328881392061162
vn -0.49260961166607664 -0.763535188485951 0.4175521361913032
vn -0.35072024601899077 -0.748214222339775 0.5631791779894426
vn -0.18149090967273515 -0.7364721757888297 0.6516669271913607
vn -3.575079787679669e-17 -0.7321308618336598 0.6811640045911869
vn 0.18149090967273515 -0.7364721757888297 0.6516669271913607
vn 0.35072024601899077 -0.748214222339775 0.5631791779894426
vn 0.49260961166607664 -0.763535188485951 0.4175521361913032
vn 0.5890391925939673 -0.7766433770825408 0.22328881392061162
vn 0.6234897889923936 -0.7818314927285933 8.908138849353812e-17
vn 0.5890391925939673 -0.7766433770825408 -0.22328881392061162
vn 0.49260961166607664 -0.763535188485951 -0.4175521361913032
vn 0.35072024601899077 -0.748214222339775 -0.5631791779894426
vn 0.18149090967273515 -0.7364721757888297 -0.6516669271913607
vn 1.0725239363039007e-16 -0.7321308618336598 -0.6811640045911869
vn -0.18149090967273515 -0.7364721757888297 -0.6516669271913607
vn -0.35072024601899077 -0.748214222339775 -0.5631791779894426
vn -0.49260961166607664 -0.763535188485951 -0.4175521361913032
vn -0.5890391925939673 -0.7766433770825408 -0.22328881392061162
vn -0.6234897889923936 -0.7818314927285933 -1.7816277698707624e-16
vn -0.4338837360855756 -0.9009688693625448 0
vn -0.4113150844451317 -0.8980586549332638 0.155918419717977
vn -0.34696839105562066 -0.8905711987167686 0.2941018116646884
vn -0.24953935286944454 -0.8815699479949816 0.40070505133030754
vn -0.1301361311400179 -0.8744841740105079 0.46727081738224113
vn -2.570824689970452e-17 -0.8718224014685257 0.489822110870521
vn 0.1301361311400179 -0.8744841740105079 0.46727081738224113
vn 0.24953935286944454 -0.8815699479949816 0.40070505133030754
vn 0.34696839105562066 -0.8905711987167686 0.2941018116646884
vn 0.4113150844451317 -0.8980586549332638 0.155918419717977
vn 0.4338837360855756 -0.9009688693625448 6.199133844526603e-17
vn 0.4113150844451317 -0.8980586549332638 -0.155918419717977
vn 0.34696839105562066 -0.8905711987167686 -0.2941018116646884
vn 0.24953935286944454 -0.8815699479949816 -0.40070505133030754
vn 0.1301361311400179 -0.8744841740105079 -0.46727081738224113
vn 7.712473739039117e-17 -0.8718224014685257 -0.489822110870521
vn -0.1301361311400179 -0.8744841740105079 -0.46727081738224113
vn -0.24953935286944454 -0.8815699479949816 -0.40070505133030754
vn -0.34696839105562066 -0.8905711987167686 -0.2941018116646884
vn -0.4113150844451317 -0.8980586549332638 -0.155918419717977
vn -0.4338837360855756 -0.9009688693625448 -1.2398267689053206e-16
vn -0.22252093478534796 -0.9749279119926021 0
vn -0.21144954865297988 -0.9740966560800141 0.08015480639478914
vn -0.17946973243931894 -0.971930433458207 0.152124447923078
vn -0.13003583567444402 -0.9692726966108625 0.20880881457724984
vn -0.06821335249930492 -0.9671384298669582 0.24492896116074256
vn -1.3505271643977468e-17 -0.966326927791964 0.2573174471817725
vn 0.06821335249930492 -0.9671384298669582 0.24492896116074256
vn 0.13003583567444402 -0.9692726966108625 0.20880881457724984
vn 0.17946973243931894 -0.971930433458207 0.152124447923078
vn 0.21144954865297988 -0.9740966560800141 0.08015480639478914
vn 0.22252093478534796 -0.9749279119926021 3.17927831150603e-17
vn 0.21144954865297988 -0.9740966560800141 -0.08015480639478914
vn 0.17946973243931894 -0.971930433458207 -0.152124447923078
vn 0.13003583567444402 -0.9692726966108625 -0.20880881457724984
vn 0.06821335249930492 -0.9671384298669582 -0.24492896116074256
vn 4.051581493193241e-17 -0.966326927791964 -0.2573174471817725
vn -0.06821335249930492 -0.9671384298669582 -0.24492896116074256
vn -0.13003583567444402 -0.9692726966108625 -0.20880881457724984
vn -0.17946973243931894 -0.971930433458207 -0.152124447923078
vn -0.21144954865297988 -0.9740966560800141 -0.08015480639478914
vn -0.22252093478534796 -0.9749279119926021 -6.35855662301206e-17
vn -1.2246468525851679e-16 -1 0
vn -1.1647082866083914e-16 -1 4.4150947174752614e-17
vn -9.907600785479212e-17 -1 8.398008740715247e-17
vn -7.198293111792428e-17 -1 1.155886703160534e-16
vn -3.7843668534256176e-17 -1 1.3588262682020076e-16
vn -7.498798786105971e-33 -1 1.4287546613493625e-16
vn 3.7843668534256176e-17 -1 1.3588262682020076e-16
vn 7.198293111792428e-17 -1 1.155886703160534e-16
vn 9.907600785479212e-17 -1 8.398008740715247e-17
vn 1.1647082866083914e-16 -1 4.4150947174752614e-17
vn 1.2246468525851679e-16 -1 1.7497196677791286e-32
vn 1.1647082866083914e-16 -1 -4.4150947174752614e-17
vn 9.907600785479212e-17 -1 -8.398008740715247e-17
vn 7.198293111792428e-17 -1 -1.155886703160534e-16
vn 3.7843668534256176e-17 -1 -1.3588262682020076e-16
vn 2.2496396358317913e-32 -1 -1.4287546613493625e-16
vn -3.7843668534256176e-17 -1 -1.3588262682020076e-16
vn -7.198293111792428e-17 -1 -1.155886703160534e-16
vn -9.907600785479212e-17 -1 -8.398008740715247e-17
vn -1.1647082866083914e-16 -1 -4.4150947174752614e-17
vn -1.2246468525851679e-16 -1 -3.499439335558257e-32
vn 0 1 0
vn 0 1 0
vn 0 1 0
vn 0 1 0
vn 0 1 0
vn 0 1 0
vn 0 1 0
vn 0 1 0
vn 0 1 0
vn 0 1 0
vn 0 1 0
vn 0 1 0
vn 0 1 0
vn 0 1 0
vn 0 1 0
vn 0 1 0
vn 0 1 0
vn 0 1 0
vn 0 1 0
vn 0 1 0
vn 0 1 0
vn -0.22252093478534796 0.9749279119926021 0
vn -0.211555997947785 0.9745870619026258 0.07364861508761773
vn -0.17979581378324636 0.9736963957227006 0.13995997393055776
vn -0.13048206088872658 0.972598837245351 0.1924212399274617
vn -0.06853604336644974 0.9717136053690835 0.22599884933399386
vn -1.3575838699048864e-17 0.971376116676427 0.23754671109199654
vn 0.06853604336644974 0.9717136053690835 0.22599884933399386
vn 0.13048206088872658 0.972598837245351 0.1924212399274617
vn 0.17979581378324636 0.9736963957227006 0.13995997393055776
vn 0.211555997947785 0.9745870619026258 0.07364861508761773
vn 0.22252093478534796 0.9749279119926021 2.919745428632752e-17
vn 0.211555997947785 0.9745870619026258 -0.07364861508761773
vn 0.17979581378324636 0.9736963957227006 -0.13995997393055776
vn 0.13048206088872658 0.972598837245351 -0.1924212399274617
vn 0.06853604336644974 0.9717136053690835 -0.22599884933399386
vn 4.072751444278538e-17 0.971376116676427 -0.23754671109199654
vn -0.06853604336644974 0.9717136053690835 -0.22599884933399386
vn -0.13048206088872658 0.972598837245351 -0.1924212399274617
vn -0.17979581378324636 0.9736963957227006 -0.13995997393055776
vn -0.211555997947785 0.9745870619026258 -0.07364861508761773
vn -0.22252093478534796 0.9749279119926021 -5.839490857265504e-17
vn -0.4338837360855756 0.9009688693625448 0
vn -0.41210027431566926 0.8997730373106568 0.14346374189217756
vn -0.34934243390900893 0.8966647343189622 0.2719415711126834
vn -0.2527370802075774 0.8928668083725265 0.3727101163032829
vn -0.13241972350598458 0.8898292995888526 0.4366564260603647
vn -2.6205261984421837e-17 0.8886772344454339 0.4585332844826156
vn 0.13241972350598458 0.8898292995888526 0.4366564260603647
vn 0.2527370802075774 0.8928668083725265 0.3727101163032829
vn 0.34934243390900893 0.8966647343189622 0.2719415711126834
vn 0.41210027431566926 0.8997730373106568 0.14346374189217756
vn 0.4338837360855756 0.9009688693625448 5.693082601800893e-17
vn 0.41210027431566926 0.8997730373106568 -0.14346374189217756
vn 0.34934243390900893 0.8966647343189622 -0.2719415711126834
vn 0.2527370802075774 0.8928668083725265 -0.3727101163032829
vn 0.13241972350598458 0.8898292995888526 -0.4366564260603647
vn 7.861578099018186e-17 0.8886772344454339 -0.4585332844826156
vn -0.13241972350598458 0.8898292995888526 -0.4366564260603647
vn -0.2527370802075774 0.8928668083725265 -0.3727101163032829
vn -0.34934243390900893 0.8966647343189622 -0.2719415711126834
vn -0.41210027431566926 0.8997730373106568 -0.14346374189217756
vn -0.4338837360855756 0.9009688693625448 -1.1386165203601786e-16
vn -0.6234897889923936 0.7818314927285933 0
vn -0.5913522916649219 0.7796931964490815 0.20586642891365056
vn -0.49947549581418477 0.7741771733150441 0.38881092242773047
vn -0.35976878868105144 0.7675180661217977 0.5305491842116287
vn -0.18784457653343334 0.7622546638096714 0.619420892905123
vn -3.7124997458544194e-17 0.7602726217825679 0.6496041414337353
vn 0.18784457653343334 0.7622546638096714 0.619420892905123
vn 0.35976878868105144 0.7675180661217977 0.5305491842116287
vn 0.49947549581418477 0.7741771733150441 0.38881092242773047
vn 0.5913522916649219 0.7796931964490815 0.20586642891365056
vn 0.6234897889923936 0.7818314927285933 8.180943868253276e-17
vn 0.5913522916649219 0.7796931964490815 -0.20586642891365056
vn 0.49947549581418477 0.7741771733150441 -0.38881092242773047
vn 0.35976878868105144 0.7675180661217977 -0.5305491842116287
vn 0.18784457653343334 0.7622546638096714 -0.619420892905123
vn 1.1137498575818766e-16 0.7602726217825679 -0.6496041414337353
vn -0.18784457653343334 0.7622546638096714 -0.619420892905123
vn -0.35976878868105144 0.7675180661217977 -0.5305491842116287
vn -0.49947549581418477 0.7741771733150441 -0.38881092242773047
vn -0.5913522916649219 0.7796931964490815 -0.20586642891365056
vn -0.6234897889923936 0.7818314927285933 -1.6361887736506553e-16
vn -0.7818314927285933 0.6234897889923936 0
vn -0.7403757093102628 0.620814750466314 0.2577457170677598
vn -0.6228586345819247 0.6139712841503927 0.4848570754000173
vn -0.44652309377649957 0.6058169517042512 0.6584853436121658
vn -0.23228490450427994 0.5994525577034314 0.7659636768165
vn -4.584508886107848e-17 0.5970739682034738 0.8021861856787095
vn 0.23228490450427994 0.5994525577034314 0.7659636768165
vn 0.44652309377649957 0.6058169517042512 0.6584853436121658
vn 0.6228586345819247 0.6139712841503927 0.4848570754000173
vn 0.7403757093102628 0.620814750466314 0.2577457170677598
vn 0.7818314927285933 0.6234897889923936 1.0258579341435333e-16
vn 0.7403757093102628 0.620814750466314 -0.2577457170677598
vn 0.6228586345819247 0.6139712841503927 -0.4848570754000173
vn 0.44652309377649957 0.6058169517042512 -0.6584853436121658
vn 0.23228490450427994 0.5994525577034314 -0.7659636768165
vn 1.3753525334834573e-16 0.5970739682034738 -0.8021861856787095
vn -0.23228490450427994 0.5994525577034314 -0.7659636768165
vn -0.44652309377649957 0.6058169517042512 -0.6584853436121658
vn -0.6228586345819247 0.6139712841503927 -0.4848570754000173
vn -0.7403757093102628 0.620814750466314 -0.2577457170677598
vn -0.7818314927285933 0.6234897889923936 -2.0517158682870666e-16
vn -0.9009688693625448 0.4338837360855756 0
vn -0.8520004411183028 0.43141682261941755 0.29660541717100075
vn -0.7142311300194506 0.4251524487513299 0.5559849712284375
vn -0.509913251894791 0.41777377189209647 0.751966456074425
vn -0.26442202977206836 0.412077457515689 0.8719364421668732
vn -5.2126820316743944e-17 0.4099623494244802 0.9121024460302475
vn 0.26442202977206836 0.412077457515689 0.8719364421668732
vn 0.509913251894791 0.41777377189209647 0.751966456074425
vn 0.7142311300194506 0.4251524487513299 0.5559849712284375
vn 0.8520004411183028 0.43141682261941755 0.29660541717100075
vn 0.9009688693625448 0.4338837360855756 1.1821807492791675e-16
vn 0.8520004411183028 0.43141682261941755 -0.29660541717100075
vn 0.7142311300194506 0.4251524487513299 -0.5559849712284375
vn 0.509913251894791 0.41777377189209647 -0.751966456074425
vn 0.26442202977206836 0.412077457515689 -0.8719364421668732
vn 1.563804774938438e-16 0.4099623494244802 -0.9121024460302475
vn -0.26442202977206836 0.412077457515689 -0.8719364421668732
vn -0.509913251894791 0.41777377189209647 -0.751966456074425
vn -0.7142311300194506 0.4251524487513299 -0.5559849712284375
vn -0.8520004411183028 0.43141682261941755 -0.29660541717100075
vn -0.9009688693625448 0.4338837360855756 -2.364361498558335e-16
vn -0.9749279119926021 0.22252093478534796 0
vn -0.9210476810676238 0.22104167783129824 0.32064270748213985
vn -0.770243094466952 0.21730440465536513 0.5995868336974649
vn -0.5483663776504604 0.21293670320888142 0.8086731578883062
vn -0.2837616469614998 0.20958958317840484 0.93570910775561
vn -5.589595638637863e-17 0.20835212146712992 0.9780538806630984
vn 0.2837616469614998 0.20958958317840484 0.93570910775561
vn 0.5483663776504604 0.21293670320888142 0.8086731578883062
vn 0.770243094466952 0.21730440465536513 0.5995868336974649
vn 0.9210476810676238 0.22104167783129824 0.32064270748213985
vn 0.9749279119926021 0.22252093478534796 1.279223977524259e-16
vn 0.9210476810676238 0.22104167783129824 -0.32064270748213985
vn 0.770243094466952 0.21730440465536513 -0.5995868336974649
vn 0.5483663776504604 0.21293670320888142 -0.8086731578883062
vn 0.2837616469614998 0.20958958317840484 -0.93570910775561
vn 1.6768788239402586e-16 0.20835212146712992 -0.9780538806630984
vn -0.2837616469614998 0.20958958317840484 -0.93570910775561
vn -0.5483663776504604 0.21293670320888142 -0.8086731578883062
vn -0.770243094466952 0.21730440465536513 -0.5995868336974649
vn -0.9210476810676238 0.22104167783129824 -0.32064270748213985
vn -0.9749279119926021 0.22252093478534796 -2.558447955048518e-16
vn -1 6.123234262925839e-17 0
vn -0.9444082234754154 6.080429889241795e-17 0.32877516243172933
vn -0.7890995130485344 5.972484225015019e-17 0.6142653811721492
vn -0.5612378067653264 5.846677288930777e-17 0.8276545923615999
vn -0.29020730436809394 5.750516097062904e-17 0.9569638031249691
vn -5.71501864539745e-17 5.71501864539745e-17 1
vn 0.29020730436809394 5.750516097062904e-17 0.9569638031249691
vn 0.5612378067653264 5.846677288930777e-17 0.8276545923615999
vn 0.7890995130485344 5.972484225015019e-17 0.6142653811721492
vn 0.9444082234754154 6.080429889241795e-17 0.32877516243172933
vn 1 6.123234262925839e-17 1.3121216655837936e-16
vn 0.9444082234754154 6.080429889241795e-17 -0.32877516243172933
vn 0.7890995130485344 5.972484225015019e-17 -0.6142653811721492
vn 0.5612378067653264 5.846677288930777e-17 -0.8276545923615999
vn 0.29020730436809394 5.750516097062904e-17 -0.9569638031249691
vn 1.714505461270337e-16 5.71501864539745e-17 -1
vn -0.29020730436809394 5.750516097062904e-17 -0.9569638031249691
vn -0.5612378067653264 5.846677288930777e-17 -0.8276545923615999
vn -0.7890995130485344 5.972484225015019e-17 -0.6142653811721492
vn -0.9444082234754154 6.080429889241795e-17 -0.32877516243172933
vn -1 6.123234262925839e-17 -2.624243331167587e-16
vn -0.9749279119926021 -0.22252093478534796 0
vn -0.9210476810676238 -0.22104167783129824 0.32064270748213985
vn -0.770243094466952 -0.21730440465536513 0.5995868336974649
vn -0.5483663776504604 -0.21293670320888142 0.8086731578883062
vn -0.2837616469614998 -0.20958958317840484 0.93570910775561
vn -5.589595638637863e-17 -0.20835212146712992 0.9780538806630984
vn 0.2837616469614998 -0.20958958317840484 0.93570910775561
vn 0.5483663776504604 -0.21293670320888142 0.8086731578883062
vn 0.770243094466952 -0.21730440465536513 0.5995868336974649
vn 0.9210476810676238 -0.22104167783129824 0.32064270748213985
vn 0.9749279119926021 -0.22252093478534796 1.279223977524259e-16
vn 0.9210476810676238 -0.22104167783129824 -0.32064270748213985
vn 0.770243094466952 -0.21730440465536513 -0.5995868336974649
vn 0.5483663776504604 -0.21293670320888142 -0.8086731578883062
vn 0.2837616469614998 -0.20958958317840484 -0.93570910775561
vn 1.6768788239402586e-16 -0.20835212146712992 -0.9780538806630984
vn -0.2837616469614998 -0.20958958317840484 -0.93570910775561
vn -0.5483663776504604 -0.21293670320888142 -0.8086731578883062
vn -0.770243094466952 -0.21730440465536513 -0.5995868336974649
vn -0.9210476810676238 -0.22104167783129824 -0.32064270748213985
vn -0.9749279119926021 -0.22252093478534796 -2.558447955048518e-16
vn -0.9009688693625448 -0.4338837360855756 0
vn -0.8520004411183028 -0.43141682261941755 0.29660541717100075
vn -0.7142311300194506 -0.4251524487513299 0.5559849712284375
vn -0.509913251894791 -0.41777377189209647 0.751966456074425
vn -0.26442202977206836 -0.412077457515689 0.8719364421668732
vn -5.2126820316743944e-17 -0.4099623494244802 0.9121024460302475
vn 0.26442202977206836 -0.412077457515689 0.8719364421668732
vn 0.509913251894791 -0.41777377189209647 0.751966456074425
vn 0.7142311300194506 -0.4251524487513299 0.5559849712284375
vn 0.8520004411183028 -0.43141682261941755 0.29660541717100075
vn 0.9009688693625448 -0.4338837360855756 1.1821807492791675e-16
vn 0.8520004411183028 -0.43141682261941755 -0.29660541717100075
vn 0.7142311300194506 -0.4251524487513299 -0.5559849712284375
vn 0.509913251894791 -0.41777377189209647 -0.751966456074425
vn 0.26442202977206836 -0.412077457515689 -0.8719364421668732
vn 1.563804774938438e-16 -0.4099623494244802 -0.9121024460302475
vn -0.26442202977206836 -0.412077457515689 -0.8719364421668732
vn -0.509913251894791 -0.41777377189209647 -0.751966456074425
vn -0.7142311300194506 -0.4251524487513299 -0.5559849712284375
vn -0.8520004411183028 -0.43141682261941755 -0.29660541717100075
vn -0.9009688693625448 -0.4338837360855756 -2.364361498558335e-16
vn -0.7818314927285933 -0.6234897889923936 0
vn -0.7403757093102628 -0.620814750466314 0.2577457170677598
vn -0.6228586345819247 -0.6139712841503927 0.4848570754000173
vn -0.44652309377649957 -0.6058169517042512 0.6584853436121658
vn -0.23228490450427994 -0.5994525577034314 0.7659636768165
vn -4.584508886107848e-17 -0.5970739682034738 0.8021861856787095
vn 0.23228490450427994 -0.5994525577034314 0.7659636768165
vn 0.44652309377649957 -0.6058169517042512 0.6584853436121658
vn 0.6228586345819247 -0.6139712841503927 0.4848570754000173
vn 0.7403757093102628 -0.620814750466314 0.2577457170677598
vn 0.7818314927285933 -0.6234897889923936 1.0258579341435333e-16
vn 0.7403757093102628 -0.620814750466314 -0.2577457170677598
vn 0.6228586345819247 -0.6139712841503927 -0.4848570754000173
vn 0.44652309377649957 -0.6058169517042512 -0.6584853436121658
vn 0.23228490450427994 -0.5994525577034314 -0.7659636768165
vn 1.3753525334834573e-16 -0.5970739682034738 -0.8021861856787095
vn -0.23228490450427994 -0.5994525577034314 -0.7659636768165
vn -0.44652309377649957 -0.6058169517042512 -0.6584853436121658
vn -0.6228586345819247 -0.6139712841503927 -0.4848570754000173
vn -0.7403757093102628 -0.620814750466314 -0.2577457170677598
vn -0.7818314927285933 -0.6234897889923936 -2.0517158682870666e-16
vn -0.6234897889923936 -0.7818314927285933 0
vn -0.5913522916649219 -0.7796931964490815 0.20586642891365056
vn -0.49947549581418477 -0.7741771733150441 0.38881092242773047
vn -0.35976878868105144 -0.7675180661217977 0.5305491842116287
vn -0.18784457653343334 -0.7622546638096714 0.619420892905123
vn -3.7124997458544194e-17 -0.7602726217825679 0.6496041414337353
vn 0.18784457653343334 -0.7622546638096714 0.619420892905123
vn 0.35976878868105144 -0.7675180661217977 0.5305491842116287
vn 0.49947549581418477 -0.7741771733150441 0.38881092242773047
vn 0.5913522916649219 -0.7796931964490815 0.20586642891365056
vn 0.6234897889923936 -0.7818314927285933 8.180943868253276e-17
vn 0.5913522916649219 -0.7796931964490815 -0.20586642891365056
vn 0.49947549581418477 -0.7741771733150441 -0.38881092242773047
vn 0.35976878868105144 -0.7675180661217977 -0.5305491842116287
vn 0.18784457653343334 -0.7622546638096714 -0.619420892905123
vn 1.1137498575818766e-16 -0.7602726217825679 -0.6496041414337353
vn -0.18784457653343334 -0.7622546638096714 -0.619420892905123
vn -0.35976878868105144 -0.7675180661217977 -0.5305491842116287
vn -0.49947549581418477 -0.7741771733150441 -0.38881092242773047
vn -0.5913522916649219 -0.7796931964490815 -0.20586642891365056
vn -0.6234897889923936 -0.7818314927285933 -1.6361887736506553e-16
vn -0.4338837360855756 -0.9009688693625448 0
vn -0.41210027431566926 -0.8997730373106568 0.14346374189217756
vn -0.34934243390900893 -0.8966647343189622 0.2719415711126834
vn -0.2527370802075774 -0.8928668083725265 0.3727101163032829
vn -0.13241972350598458 -0.8898292995888526 0.4366564260603647
vn -2.6205261984421837e-17 -0.8886772344454339 0.4585332844826156
vn 0.13241972350598458 -0.8898292995888526 0.4366564260603647
vn 0.2527370802075774 -0.8928668083725265 0.3727101163032829
vn 0.34934243390900893 -0.8966647343189622 0.2719415711126834
vn 0.41210027431566926 -0.8997730373106568 0.14346374189217756
vn 0.4338837360855756 -0.9009688693625448 5.693082601800893e-17
vn 0.41210027431566926 -0.8997730373106568 -0.14346374189217756
vn 0.34934243390900893 -0.8966647343189622 -0.2719415711126834
vn 0.2527370802075774 -0.8928668083725265 -0.3727101163032829
vn 0.13241972350598458 -0.8898292995888526 -0.4366564260603647
vn 7.861578099018186e-17 -0.8886772344454339 -0.4585332844826156
vn -0.13241972350598458 -0.8898292995888526 -0.4366564260603647
vn -0.2527370802075774 -0.8928668083725265 -0.3727101163032829
vn -0.34934243390900893 -0.8966647343189622 -0.2719415711126834
vn -0.41210027431566926 -0.8997730373106568 -0.14346374189217756
vn -0.4338837360855756 -0.9009688693625448 -1.1386165203601786e-16
vn -0.22252093478534796 -0.9749279119926021 0
vn -0.211555997947785 -0.9745870619026258 0.07364861508761773
vn -0.17979581378324636 -0.9736963957227006 0.13995997393055776
vn -0.13048206088872658 -0.972598837245351 0.1924212399274617
vn -0.06853604336644974 -0.9717136053690835 0.22599884933399386
vn -1.3575838699048864e-17 -0.971376116676427 0.23754671109199654
vn 0.06853604336644974 -0.9717136053690835 0.22599884933399386
vn 0.13048206088872658 -0.972598837245351 0.1924212399274617
vn 0.17979581378324636 -0.9736963957227006 0.13995997393055776
vn 0.211555997947785 -0.9745870619026258 0.07364861508761773
vn 0.22252093478534796 -0.9749279119926021 2.919745428632752e-17
vn 0.211555997947785 -0.9745870619026258 -0.07364861508761773
vn 0.17979581378324636 -0.9736963957227006 -0.13995997393055776
vn 0.13048206088872658 -0.972598837245351 -0.1924212399274617
vn 0.06853604336644974 -0.9717136053690835 -0.22599884933399386
vn 4.072751444278538e-17 -0.971376116676427 -0.23754671109199654
vn -0.06853604336644974 -0.9717136053690835 -0.22599884933399386
vn -0.13048206088872658 -0.972598837245351 -0.1924212399274617
vn -0.17979581378324636 -0.9736963957227006 -0.13995997393055776
vn -0.211555997947785 -0.9745870619026258 -0.07364861508761773
vn -0.22252093478534796 -0.9749279119926021 -5.839490857265504e-17
vn -1.2246468525851679e-16 -1 0
vn -1.1647082866083914e-16 -1 4.0546788896961064e-17
vn -9.907600785479212e-17 -1 7.712456669154569e-17
vn -7.198293111792428e-17 -1 1.0615286886742829e-16
vn -3.7843668534256176e-17 -1 1.2479017451053406e-16
vn -7.498798786105971e-33 -1 1.3121216655837936e-16
vn 3.7843668534256176e-17 -1 1.2479017451053406e-16
vn 7.198293111792428e-17 -1 1.0615286886742829e-16
vn 9.907600785479212e-17 -1 7.712456669154569e-17
vn 1.1647082866083914e-16 -1 4.0546788896961064e-17
vn 1.2246468525851679e-16 -1 1.6068854961475063e-32
vn 1.1647082866083914e-16 -1 -4.0546788896961064e-17
vn 9.907600785479212e-17 -1 -7.712456669154569e-17
vn 7.198293111792428e-17 -1 -1.0615286886742829e-16
vn 3.7843668534256176e-17 -1 -1.2479017451053406e-16
vn 2.2496396358317913e-32 -1 -1.3121216655837936e-16
vn -3.7843668534256176e-17 -1 -1.2479017451053406e-16
vn -7.198293111792428e-17 -1 -1.0615286886742829e-16
vn -9.907600785479212e-17 -1 -7.712456669154569e-17
vn -1.1647082866083914e-16 -1 -4.0546788896961064e-17
vn -1.2246468525851679e-16 -1 -3.2137709922950127e-32
vn 0 1 0
vn 0 1 0
vn 0 1 0
vn 0 1 0
vn 0 1 0
vn 0 1 0
vn 0 1 0
vn 0 1 0
vn 0 1 0
vn 0 1 0
vn 0 1 0
vn 0 1 0
vn 0 1 0
vn 0 1 0
vn 0 1 0
vn 0 1 0
vn 0 1 0
vn 0 1 0
vn 0 1 0
vn 0 1 0
vn 0 1 0
vn -0.22252093478534796 0.9749279119926021 0
vn -0.2115500976092296 0.9745598845860062 0.07402423628269082
vn -0.17977770908840493 0.973598347251857 0.14066354731549083
vn -0.13045724032366196 0.9724137407698848 0.19337121091065615
vn -0.06851804898600836 0.9714585396790822 0.22709817843332886
vn -1.3571901346864737e-17 0.9710944270951565 0.23869565070342155
vn 0.06851804898600836 0.9714585396790822 0.22709817843332886
vn 0.13045724032366196 0.9724137407698848 0.19337121091065615
vn 0.17977770908840493 0.973598347251857 0.14066354731549083
vn 0.2115500976092296 0.9745598845860062 0.07402423628269082
vn 0.22252093478534796 0.9749279119926021 2.934718390486759e-17
vn 0.2115500976092296 0.9745598845860062 -0.07402423628269082
vn 0.17977770908840493 0.973598347251857 -0.14066354731549083
vn 0.13045724032366196 0.9724137407698848 -0.19337121091065615
vn 0.06851804898600836 0.9714585396790822 -0.22709817843332886
vn 4.071570569495543e-17 0.9710944270951565 -0.23869565070342155
vn -0.06851804898600836 0.9714585396790822 -0.22709817843332886
vn -0.13045724032366196 0.9724137407698848 -0.19337121091065615
vn -0.17977770908840493 0.973598347251857 -0.14066354731549083
vn -0.2115500976092296 0.9745598845860062 -0.07402423628269082
vn -0.22252093478534796 0.9749279119926021 -5.869436780973518e-17
vn -0.4338837360855756 0.9009688693625448 0
vn -0.41205669307862774 0.8996778317966262 0.14418419005850455
vn -0.34920970475336993 0.8963240012285908 0.27323225821200786
vn -0.25255677570994706 0.8922298119540021 0.37435416079365524
vn -0.13229009635534536 0.8889582838151486 0.4384660762735458
vn -2.6176981064157253e-17 0.8877181491584206 0.4603873235165667
vn 0.13229009635534536 0.8889582838151486 0.4384660762735458
vn 0.25255677570994706 0.8922298119540021 0.37435416079365524
vn 0.34920970475336993 0.8963240012285908 0.27323225821200786
vn 0.41205669307862774 0.8996778317966262 0.14418419005850455
vn 0.4338837360855756 0.9009688693625448 5.722277445851057e-17
vn 0.41205669307862774 0.8996778317966262 -0.14418419005850455
vn 0.34920970475336993 0.8963240012285908 -0.27323225821200786
vn 0.25255677570994706 0.8922298119540021 -0.37435416079365524
vn 0.13229009635534536 0.8889582838151486 -0.4384660762735458
vn 7.853093988374929e-17 0.8877181491584206 -0.4603873235165667
vn -0.13229009635534536 0.8889582838151486 -0.4384660762735458
vn -0.25255677570994706 0.8922298119540021 -0.37435416079365524
vn -0.34920970475336993 0.8963240012285908 -0.27323225821200786
vn -0.41205669307862774 0.8996778317966262 -0.14418419005850455
vn -0.4338837360855756 0.9009688693625448 -1.1444554891702114e-16
vn -0.6234897889923936 0.7818314927285933 0
vn -0.5912234732561414 0.7795233659771016 0.20687708081533443
vn -0.4990877503079685 0.773576139467956 0.3905014390989928
vn -0.3592492625620749 0.7664096920769106 0.532499907266828
vn -0.18747511678400985 0.7607554267237293 0.6213728842629184
vn -3.704471080461211e-17 0.7586285365510503 0.6515234021356497
vn 0.18747511678400985 0.7607554267237293 0.6213728842629184
vn 0.3592492625620749 0.7664096920769106 0.532499907266828
vn 0.4990877503079685 0.773576139467956 0.3905014390989928
vn 0.5912234732561414 0.7795233659771016 0.20687708081533443
vn 0.6234897889923936 0.7818314927285933 8.222897806630893e-17
vn 0.5912234732561414 0.7795233659771016 -0.20687708081533443
vn 0.4990877503079685 0.773576139467956 -0.3905014390989928
vn 0.3592492625620749 0.7664096920769106 -0.532499907266828
vn 0.18747511678400985 0.7607554267237293 -0.6213728842629184
vn 1.111341224876691e-16 0.7586285365510503 -0.6515234021356497
vn -0.18747511678400985 0.7607554267237293 -0.6213728842629184
vn -0.3592492625620749 0.7664096920769106 -0.532499907266828
vn -0.4990877503079685 0.773576139467956 -0.3905014390989928
vn -0.5912234732561414 0.7795233659771016 -0.20687708081533443
vn -0.6234897889923936 0.7818314927285933 -1.6445795613261785e-16
vn -0.7818314927285933 0.6234897889923936 0
vn -0.7401229579088741 0.6206028327210003 0.25897901690076974
vn -0.6221071554023272 0.6132305335759634 0.4867555853684311
vn -0.44553097245337925 0.6044708972831042 0.6603916163326917
vn -0.23158739897713218 0.5976525049853109 0.7675798068733891
vn -4.5694158465986266e-17 0.5951083299814659 0.8036454912376916
vn 0.23158739897713218 0.5976525049853109 0.7675798068733891
vn 0.44553097245337925 0.6044708972831042 0.6603916163326917
vn 0.6221071554023272 0.6132305335759634 0.4867555853684311
vn 0.7401229579088741 0.6206028327210003 0.25897901690076974
vn 0.7818314927285933 0.6234897889923936 1.031118736596383e-16
vn 0.7401229579088741 0.6206028327210003 -0.25897901690076974
vn 0.6221071554023272 0.6132305335759634 -0.4867555853684311
vn 0.44553097245337925 0.6044708972831042 -0.6603916163326917
vn 0.23158739897713218 0.5976525049853109 -0.7675798068733891
vn 1.3708247539795878e-16 0.5951083299814659 -0.8036454912376916
vn -0.23158739897713218 0.5976525049853109 -0.7675798068733891
vn -0.44553097245337925 0.6044708972831042 -0.6603916163326917
vn -0.6221071554023272 0.6132305335759634 -0.4867555853684311
vn -0.7401229579088741 0.6206028327210003 -0.25897901690076974
vn -0.7818314927285933 0.6234897889923936 -2.062237473192766e-16
vn -0.9009688693625448 0.4338837360855756 0
vn -0.8516153290522664 0.43122182275491866 0.29799172958846576
vn -0.7130986987012811 0.4244783782329843 0.5579501342622252
vn -0.5084372863500132 0.41656450294417907 0.7536348855619037
vn -0.26339448076420374 0.410476097533004 0.8730021310724454
vn -5.190528189620769e-17 0.4082200193953553 0.9128835718561572
vn 0.26339448076420374 0.410476097533004 0.8730021310724454
vn 0.5084372863500132 0.41656450294417907 0.7536348855619037
vn 0.7130986987012811 0.4244783782329843 0.5579501342622252
vn 0.8516153290522664 0.43122182275491866 0.29799172958846576
vn 0.9009688693625448 0.4338837360855756 1.1882431230339243e-16
vn 0.8516153290522664 0.43122182275491866 -0.29799172958846576
vn 0.7130986987012811 0.4244783782329843 -0.5579501342622252
vn 0.5084372863500132 0.41656450294417907 -0.7536348855619037
vn 0.26339448076420374 0.410476097533004 -0.8730021310724454
vn 1.5571586223223517e-16 0.4082200193953553 -0.9128835718561572
vn -0.26339448076420374 0.410476097533004 -0.8730021310724454
vn -0.5084372863500132 0.41656450294417907 -0.7536348855619037
vn -0.7130986987012811 0.4244783782329843 -0.5579501342622252
vn -0.8516153290522664 0.43122182275491866 -0.29799172958846576
vn -0.9009688693625448 0.4338837360855756 -2.3764862460678486e-16
vn -0.9749279119926021 0.22252093478534796 0
vn -0.9205612018541928 0.22092493056853127 0.3221168246056916
vn -0.7688233856999033 0.21690386546750337 0.6015507582458798
vn -0.5465319161843069 0.21222436448248028 0.8101010330273114
vn -0.28249283883300713 0.20865243125457592 0.9363022796830216
vn -5.562306699304163e-17 0.20733491157940398 0.9782700212315415
vn 0.28249283883300713 0.20865243125457592 0.9363022796830216
vn 0.5465319161843069 0.21222436448248028 0.8101010330273114
vn 0.7688233856999033 0.21690386546750337 0.6015507582458798
vn 0.9205612018541928 0.22092493056853127 0.3221168246056916
vn 0.9749279119926021 0.22252093478534796 1.2857839830686932e-16
vn 0.9205612018541928 0.22092493056853127 -0.3221168246056916
vn 0.7688233856999033 0.21690386546750337 -0.6015507582458798
vn 0.5465319161843069 0.21222436448248028 -0.8101010330273114
vn 0.28249283883300713 0.20865243125457592 -0.9363022796830216
vn 1.6686920097912487e-16 0.20733491157940398 -0.9782700212315415
vn -0.28249283883300713 0.20865243125457592 -0.9363022796830216
vn -0.5465319161843069 0.21222436448248028 -0.8101010330273114
vn -0.7688233856999033 0.21690386546750337 -0.6015507582458798
vn -0.9205612018541928 0.22092493056853127 -0.3221168246056916
vn -0.9749279119926021 0.22252093478534796 -2.5715679661373864e-16
vn -1 6.123234262925839e-17 0
vn -0.943883800103556 6.07705391285107e-17 0.33027771935459155
vn -0.7875731450542706 5.960931396984394e-17 0.6162211787899902
vn -0.5592715759631599 5.826194386941327e-17 0.8289845018573528
vn -0.2888504875478091 5.723630613341805e-17 0.9573742193329591
vn -5.685860197932711e-17 5.685860197932711e-17 1
vn 0.2888504875478091 5.723630613341805e-17 0.9573742193329591
vn 0.5592715759631599 5.826194386941327e-17 0.8289845018573528
vn 0.7875731450542706 5.960931396984394e-17 0.6162211787899902
vn 0.943883800103556 6.07705391285107e-17 0.33027771935459155
vn 1 6.123234262925839e-17 1.318850415907443e-16
vn 0.943883800103556 6.07705391285107e-17 -0.33027771935459155
vn 0.7875731450542706 5.960931396984394e-17 -0.6162211787899902
vn 0.5592715759631599 5.826194386941327e-17 -0.8289845018573528
vn 0.2888504875478091 5.723630613341805e-17 -0.9573742193329591
vn 1.7057579932053642e-16 5.685860197932711e-17 -1
vn -0.2888504875478091 5.723630613341805e-17 -0.9573742193329591
vn -0.5592715759631599 5.826194386941327e-17 -0.8289845018573528
vn -0.7875731450542706 5.960931396984394e-17 -0.6162211787899902
vn -0.943883800103556 6.07705391285107e-17 -0.33027771935459155
vn -1 6.123234262925839e-17 -2.637700831814886e-16
vn -0.9749279119926021 -0.22252093478534796 0
vn -0.9205612018541928 -0.22092493056853127 0.3221168246056916
vn -0.7688233856999033 -0.21690386546750337 0.6015507582458798
vn -0.5465319161843069 -0.21222436448248028 0.8101010330273114
vn -0.28249283883300713 -0.20865243125457592 0.9363022796830216
vn -5.562306699304163e-17 -0.20733491157940398 0.9782700212315415
vn 0.28249283883300713 -0.20865243125457592 0.9363022796830216
vn 0.5465319161843069 -0.21222436448248028 0.8101010330273114
vn 0.7688233856999033 -0.21690386546750337 0.6015507582458798
vn 0.9205612018541928 -0.22092493056853127 0.3221168246056916
vn 0.9749279119926021 -0.22252093478534796 1.2857839830686932e-16
vn 0.9205612018541928 -0.22092493056853127 -0.3221168246056916
vn 0.7688233856999033 -0.21690386546750337 -0.6015507582458798
vn 0.5465319161843069 -0.21222436448248028 -0.8101010330273114
vn 0.28249283883300713 -0.20865243125457592 -0.9363022796830216
vn 1.6686920097912487e-16 -0.20733491157940398 -0.9782700212315415
vn -0.28249283883300713 -0.20865243125457592 -0.9363022796830216
vn -0.5465319161843069 -0.21222436448248028 -0.8101010330273114
vn -0.7688233856999033 -0.21690386546750337 -0.6015507582458798
vn -0.9205612018541928 -0.22092493056853127 -0.3221168246056916
vn -0.9749279119926021 -0.22252093478534796 -2.5715679661373864e-16
vn -0.9009688693625448 -0.4338837360855756 0
vn -0.8516153290522664 -0.43122182275491866 0.29799172958846576
vn -0.7130986987012811 -0.4244783782329843 0.5579501342622252
vn -0.5084372863500132 -0.41656450294417907 0.7536348855619037
vn -0.26339448076420374 -0.410476097533004 0.8730021310724454
vn -5.190528189620769e-17 -0.4082200193953553 0.9128835718561572
vn 0.26339448076420374 -0.410476097533004 0.8730021310724454
vn 0.5084372863500132 -0.41656450294417907 0.7536348855619037
vn 0.7130986987012811 -0.4244783782329843 0.5579501342622252
vn 0.8516153290522664 -0.43122182275491866 0.29799172958846576
vn 0.9009688693625448 -0.4338837360855756 1.1882431230339243e-16
vn 0.8516153290522664 -0.43122182275491866 -0.29799172958846576
vn 0.7130986987012811 -0.4244783782329843 -0.5579501342622252
vn 0.5084372863500132 -0.41656450294417907 -0.7536348855619037
vn 0.26339448076420374 -0.410476097533004 -0.8730021310724454
vn 1.5571586223223517e-16 -0.4082200193953553 -0.9128835718561572
vn -0.26339448076420374 -0.410476097533004 -0.8730021310724454
vn -0.5084372863500132 -0.41656450294417907 -0.7536348855619037
vn -0.7130986987012811 -0.4244783782329843 -0.5579501342622252
vn -0.8516153290522664 -0.43122182275491866 -0.29799172958846576
vn -0.9009688693625448 -0.4338837360855756 -2.3764862460678486e-16
vn -0.7818314927285933 -0.6234897889923936 0
vn -0.7401229579088741 -0.6206028327210003 0.25897901690076974
vn -0.6221071554023272 -0.6132305335759634 0.4867555853684311
vn -0.44553097245337925 -0.6044708972831042 0.6603916163326917
vn -0.23158739897713218 -0.5976525049853109 0.7675798068733891
vn -4.5694158465986266e-17 -0.5951083299814659 0.8036454912376916
vn 0.23158739897713218 -0.5976525049853109 0.7675798068733891
vn 0.44553097245337925 -0.6044708972831042 0.6603916163326917
vn 0.6221071554023272 -0.6132305335759634 0.4867555853684311
vn 0.7401229579088741 -0.6206028327210003 0.25897901690076974
vn 0.7818314927285933 -0.6234897889923936 1.031118736596383e-16
vn 0.7401229579088741 -0.6206028327210003 -0.25897901690076974
vn 0.6221071554023272 -0.6132305335759634 -0.4867555853684311
vn 0.44553097245337925 -0.6044708972831042 -0.6603916163326917
vn 0.23158739897713218 -0.5976525049853109 -0.7675798068733891
vn 1.3708247539795878e-16 -0.5951083299814659 -0.8036454912376916
vn -0.23158739897713218 -0.5976525049853109 -0.7675798068733891
vn -0.44553097245337925 -0.6044708972831042 -0.6603916163326917
vn -0.6221071554023272 -0.6132305335759634 -0.4867555853684311
vn -0.7401229579088741 -0.6206028327210003 -0.25897901690076974
vn -0.7818314927285933 -0.6234897889923936 -2.062237473192766e-16
vn -0.6234897889923936 -0.7818314927285933 0
vn -0.5912234732561414 -0.7795233659771016 0.20687708081533443
vn -0.4990877503079685 -0.773576139467956 0.3905014390989928
vn -0.3592492625620749 -0.7664096920769106 0.532499907266828
vn -0.18747511678400985 -0.7607554267237293 0.6213728842629184
vn -3.704471080461211e-17 -0.7586285365510503 0.6515234021356497
vn 0.18747511678400985 -0.7607554267237293 0.6213728842629184
vn 0.3592492625620749 -0.7664096920769106 0.532499907266828
vn 0.4990877503079685 -0.773576139467956 0.3905014390989928
vn 0.5912234732561414 -0.7795233659771016 0.20687708081533443
vn 0.6234897889923936 -0.7818314927285933 8.222897806630893e-17
vn 0.5912234732561414 -0.7795233659771016 -0.20687708081533443
vn 0.4990877503079685 -0.773576139467956 -0.3905014390989928
vn 0.3592492625620749 -0.7664096920769106 -0.532499907266828
vn 0.18747511678400985 -0.7607554267237293 -0.6213728842629184
vn 1.111341224876691e-16 -0.7586285365510503 -0.6515234021356497
vn -0.18747511678400985 -0.7607554267237293 -0.6213728842629184
vn -0.3592492625620749 -0.7664096920769106 -0.532499907266828
vn -0.4990877503079685 -0.773576139467956 -0.3905014390989928
vn -0.5912234732561414 -0.7795233659771016 -0.20687708081533443
vn -0.6234897889923936 -0.7818314927285933 -1.6445795613261785e-16
vn -0.4338837360855756 -0.9009688693625448 0
vn -0.41205669307862774 -0.8996778317966262 0.14418419005850455
vn -0.34920970475336993 -0.8963240012285908 0.27323225821200786
vn -0.25255677570994706 -0.8922298119540021 0.37435416079365524
vn -0.13229009635534536 -0.8889582838151486 0.4384660762735458
vn -2.6176981064157253e-17 -0.8877181491584206 0.4603873235165667
vn 0.13229009635534536 -0.8889582838151486 0.4384660762735458
vn 0.25255677570994706 -0.8922298119540021 0.37435416079365524
vn 0.34920970475336993 -0.8963240012285908 0.27323225821200786
vn 0.41205669307862774 -0.8996778317966262 0.14418419005850455
vn 0.4338837360855756 -0.9009688693625448 5.722277445851057e-17
vn 0.41205669307862774 -0.8996778317966262 -0.14418419005850455
vn 0.34920970475336993 -0.8963240012285908 -0.27323225821200786
vn 0.25255677570994706 -0.8922298119540021 -0.37435416079365524
vn 0.13229009635534536 -0.8889582838151486 -0.4384660762735458
vn 7.853093988374929e-17 -0.8877181491584206 -0.4603873235165667
vn -0.13229009635534536 -0.8889582838151486 -0.4384660762735458
vn -0.25255677570994706 -0.8922298119540021 -0.37435416079365524
vn -0.34920970475336993 -0.8963240012285908 -0.27323225821200786
vn -0.41205669307862774 -0.8996778317966262 -0.14418419005850455
vn -0.4338837360855756 -0.9009688693625448 -1.1444554891702114e-16
vn -0.22252093478534796 -0.9749279119926021 0
vn -0.2115500976092296 -0.9745598845860062 0.07402423628269082
vn -0.17977770908840493 -0.973598347251857 0.14066354731549083
vn -0.13045724032366196 -0.9724137407698848 0.19337121091065615
vn -0.06851804898600836 -0.9714585396790822 0.22709817843332886
vn -1.3571901346864737e-17 -0.9710944270951565 0.23869565070342155
vn 0.06851804898600836 -0.9714585396790822 0.22709817843332886
vn 0.13045724032366196 -0.9724137407698848 0.19337121091065615
vn 0.17977770908840493 -0.973598347251857 0.14066354731549083
vn 0.2115500976092296 -0.9745598845860062 0.07402423628269082
vn 0.22252093478534796 -0.9749279119926021 2.934718390486759e-17
vn 0.2115500976092296 -0.9745598845860062 -0.07402423628269082
vn 0.17977770908840493 -0.973598347251857 -0.14066354731549083
vn 0.13045724032366196 -0.9724137407698848 -0.19337121091065615
vn 0.06851804898600836 -0.9714585396790822 -0.22709817843332886
vn 4.071570569495543e-17 -0.9710944270951565 -0.23869565070342155
vn -0.06851804898600836 -0.9714585396790822 -0.22709817843332886
vn -0.13045724032366196 -0.9724137407698848 -0.19337121091065615
vn -0.17977770908840493 -0.973598347251857 -0.14066354731549083
vn -0.2115500976092296 -0.9745598845860062 -0.07402423628269082
vn -0.22252093478534796 -0.9749279119926021 -5.869436780973518e-17
vn -1.2246468525851679e-16 -1 0
vn -1.1647082866083914e-16 -1 4.0754718941899743e-17
vn -9.907600785479212e-17 -1 7.752007813835424e-17
vn -7.198293111792428e-17 -1 1.0669723973727189e-16
vn -3.7843668534256176e-17 -1 1.254301211370745e-16
vn -7.498798786105971e-33 -1 1.318850415907443e-16
vn 3.7843668534256176e-17 -1 1.254301211370745e-16
vn 7.198293111792428e-17 -1 1.0669723973727189e-16
vn 9.907600785479212e-17 -1 7.752007813835424e-17
vn 1.1647082866083914e-16 -1 4.0754718941899743e-17
vn 1.2246468525851679e-16 -1 1.6151258584835644e-32
vn 1.1647082866083914e-16 -1 -4.0754718941899743e-17
vn 9.907600785479212e-17 -1 -7.752007813835424e-17
vn 7.198293111792428e-17 -1 -1.0669723973727189e-16
vn 3.7843668534256176e-17 -1 -1.254301211370745e-16
vn 2.2496396358317913e-32 -1 -1.318850415907443e-16
vn -3.7843668534256176e-17 -1 -1.254301211370745e-16
vn -7.198293111792428e-17 -1 -1.0669723973727189e-16
vn -9.907600785479212e-17 -1 -7.752007813835424e-17
vn -1.1647082866083914e-16 -1 -4.0754718941899743e-17
vn -1.2246468525851679e-16 -1 -3.230251716967129e-32
vn -0.07688528205830823 -0.5087185440186615 -0.8574929133085284
vn 0.11738320619424558 -0.5409405910182185 -0.8328291901058824
vn 0.30341231351944603 -0.5771206527762062 -0.7582036139085221
vn 0.47172292998411475 -0.614202558101523 -0.6326394667966481
vn 0.6094261501679744 -0.6474594573522005 -0.4575980972170184
vn 0.7011967167308557 -0.6710023155671075 -0.24099596874107215
vn 0.7336104404951618 -0.6795702477275579 2.5837419497959337e-17
vn 0.7011967167308557 -0.6710023155671075 0.24099596874107215
vn 0.6094261501679744 -0.6474594573522005 0.4575980972170184
vn 0.47172292998411475 -0.614202558101523 0.6326394667966481
vn 0.30341231351944603 -0.5771206527762062 0.7582036139085221
vn 0.11738320619424558 -0.5409405910182185 0.8328291901058824
vn -0.07688528205830823 -0.5087185440186615 0.8574929133085284
vn -0.2719993309860225 -0.48209119136851086 0.8328291824546291
vn -0.4604116604154478 -0.46167995782889315 0.7582036134789928
vn -0.6321633955680723 -0.44736646908812844 0.6326394578584754
vn -0.7735443769017903 -0.4384439322295156 0.4575980935873101
vn -0.8681735545770397 -0.43381518871992764 0.24099597749539595
vn -0.9016715715071205 -0.43242152714206966 2.2511414222402344e-16
vn -0.8681735545770397 -0.43381518871992764 -0.24099597749539595
vn -0.7735443769017903 -0.4384439322295156 -0.4575980935873101
vn -0.6321633955680723 -0.44736646908812844 -0.6326394578584754
vn -0.4604116604154478 -0.46167995782889315 -0.7582036134789928
vn -0.2719993309860225 -0.48209119136851086 -0.8328291824546291
vn -0.07688528205830823 -0.5087185440186615 -0.8574929133085284
vn -0.07688528205830823 -0.5087185440186615 -0.8574929133085284
vn 0.11738320619424558 -0.5409405910182185 -0.8328291901058824
vn 0.30341231351944603 -0.5771206527762062 -0.7582036139085221
vn 0.47172292998411475 -0.614202558101523 -0.6326394667966481
vn 0.6094261501679744 -0.6474594573522005 -0.4575980972170184
vn 0.7011967167308557 -0.6710023155671075 -0.24099596874107215
vn 0.7336104404951618 -0.6795702477275579 2.5837419497959337e-17
vn 0.7011967167308557 -0.6710023155671075 0.24099596874107215
vn 0.6094261501679744 -0.6474594573522005 0.4575980972170184
vn 0.47172292998411475 -0.614202558101523 0.6326394667966481
vn 0.30341231351944603 -0.5771206527762062 0.7582036139085221
vn 0.11738320619424558 -0.5409405910182185 0.8328291901058824
vn -0.07688528205830823 -0.5087185440186615 0.8574929133085284
vn -0.2719993309860225 -0.48209119136851086 0.8328291824546291
vn -0.4604116604154478 -0.46167995782889315 0.7582036134789928
vn -0.6321633955680723 -0.44736646908812844 0.6326394578584754
vn -0.7735443769017903 -0.4384439322295156 0.4575980935873101
vn -0.8681735545770397 -0.43381518871992764 0.24099597749539595
vn -0.9016715715071205 -0.43242152714206966 2.2511414222402344e-16
vn -0.8681735545770397 -0.43381518871992764 -0.24099597749539595
vn -0.7735443769017903 -0.4384439322295156 -0.4575980935873101
vn -0.6321633955680723 -0.44736646908812844 -0.6326394578584754
vn -0.4604116604154478 -0.46167995782889315 -0.7582036134789928
vn -0.2719993309860225 -0.48209119136851086 -0.8328291824546291
vn -0.07688528205830823 -0.5087185440186615 -0.8574929133085284
vn 0.14943812752960473 0.9887710786832541 -1.2108952698851025e-16
vn 0.14943812752960473 0.9887710786832541 -1.2108952698851025e-16
vn 0.14943812752960473 0.9887710786832541 -1.2108952698851025e-16
vn 0.14943812752960473 0.9887710786832541 -1.2108952698851025e-16
vn 0.14943812752960473 0.9887710786832541 -1.2108952698851025e-16
vn 0.14943812752960473 0.9887710786832541 -1.2108952698851025e-16
vn 0.14943812752960473 0.9887710786832541 -1.2108952698851025e-16
vn 0.14943812752960473 0.9887710786832541 -1.2108952698851025e-16
vn 0.14943812752960473 0.9887710786832541 -1.2108952698851025e-16
vn 0.14943812752960473 0.9887710786832541 -1.2108952698851025e-16
vn 0.14943812752960473 0.9887710786832541 -1.2108952698851025e-16
vn 0.14943812752960473 0.9887710786832541 -1.2108952698851025e-16
vn 0.14943812752960473 0.9887710786832541 -1.2108952698851025e-16
vn 0.14943812752960473 0.9887710786832541 -1.2108952698851025e-16
vn 0.14943812752960473 0.9887710786832541 -1.2108952698851025e-16
vn 0.14943812752960473 0.9887710786832541 -1.2108952698851025e-16
vn 0.14943812752960473 0.9887710786832541 -1.2108952698851025e-16
vn 0.14943812752960473 0.9887710786832541 -1.2108952698851025e-16
vn 0.14943812752960473 0.9887710786832541 -1.2108952698851025e-16
vn 0.14943812752960473 0.9887710786832541 -1.2108952698851025e-16
vn 0.14943812752960473 0.9887710786832541 -1.2108952698851025e-16
vn 0.14943812752960473 0.9887710786832541 -1.2108952698851025e-16
vn 0.14943812752960473 0.9887710786832541 -1.2108952698851025e-16
vn 0.14943812752960473 0.9887710786832541 -1.2108952698851025e-16
vn 0.14943812752960473 0.9887710786832541 -1.2108952698851025e-16
vn 0.14943812752960473 0.9887710786832541 -1.2108952698851025e-16
vn 0.14943812752960473 0.9887710786832541 -1.2108952698851025e-16
vn 0.14943812752960473 0.9887710786832541 -1.2108952698851025e-16
vn 0.14943812752960473 0.9887710786832541 -1.2108952698851025e-16
vn 0.14943812752960473 0.9887710786832541 -1.2108952698851025e-16
vn 0.14943812752960473 0.9887710786832541 -1.2108952698851025e-16
vn 0.14943812752960473 0.9887710786832541 -1.2108952698851025e-16
vn 0.14943812752960473 0.9887710786832541 -1.2108952698851025e-16
vn 0.14943812752960473 0.9887710786832541 -1.2108952698851025e-16
vn 0.14943812752960473 0.9887710786832541 -1.2108952698851025e-16
vn 0.14943812752960473 0.9887710786832541 -1.2108952698851025e-16
vn 0.14943812752960473 0.9887710786832541 -1.2108952698851025e-16
vn 0.14943812752960473 0.9887710786832541 -1.2108952698851025e-16
vn 0.14943812752960473 0.9887710786832541 -1.2108952698851025e-16
vn 0.14943812752960473 0.9887710786832541 -1.2108952698851025e-16
vn 0.14943812752960473 0.9887710786832541 -1.2108952698851025e-16
vn 0.14943812752960473 0.9887710786832541 -1.2108952698851025e-16
vn 0.14943812752960473 0.9887710786832541 -1.2108952698851025e-16
vn 0.14943812752960473 0.9887710786832541 -1.2108952698851025e-16
vn 0.14943812752960473 0.9887710786832541 -1.2108952698851025e-16
vn 0.14943812752960473 0.9887710786832541 -1.2108952698851025e-16
vn 0.14943812752960473 0.9887710786832541 -1.2108952698851025e-16
vn 0.14943812752960473 0.9887710786832541 -1.2108952698851025e-16
vn 0.14943812752960473 0.9887710786832541 -1.2108952698851025e-16
f 1/1/1 22/22/22 23/23/23
f 2/2/2 23/23/23 24/24/24
f 3/3/3 24/24/24 25/25/25
f 4/4/4 25/25/25 26/26/26
f 5/5/5 26/26/26 27/27/27
f 6/6/6 27/27/27 28/28/28
f 7/7/7 28/28/28 29/29/29
f 8/8/8 29/29/29 30/30/30
f 9/9/9 30/30/30 31/31/31
f 10/10/10 31/31/31 32/32/32
f 11/11/11 32/32/32 33/33/33
f 12/12/12 33/33/33 34/34/34
f 13/13/13 34/34/34 35/35/35
f 14/14/14 35/35/35 36/36/36
f 15/15/15 36/36/36 37/37/37
f 16/16/16 37/37/37 38/38/38
f 17/17/17 38/38/38 39/39/39
f 18/18/18 39/39/39 40/40/40
f 19/19/19 40/40/40 41/41/41
f 20/20/20 41/41/41 42/42/42
f 23/23/23 22/22/22 44/44/44
f 22/22/22 43/43/43 44/44/44
f 24/24/24 23/23/23 45/45/45
f 23/23/23 44/44/44 45/45/45
f 25/25/25 24/24/24 46/46/46
f 24/24/24 45/45/45 46/46/46
f 26/26/26 25/25/25 47/47/47
f 25/25/25 46/46/46 47/47/47
f 27/27/27 26/26/26 48/48/48
f 26/26/26 47/47/47 48/48/48
f 28/28/28 27/27/27 49/49/49
f 27/27/27 48/48/48 49/49/49
f 29/29/29 28/28/28 50/50/50
f 28/28/28 49/49/49 50/50/50
f 30/30/30 29/29/29 51/51/51
f 29/29/29 50/50/50 51/51/51
f 31/31/31 30/30/30 52/52/52
f 30/30/30 51/51/51 52/52/52
f 32/32/32 31/31/31 53/53/53
f 31/31/31 52/52/52 53/53/53
f 33/33/33 32/32/32 54/54/54
f 32/32/32 53/53/53 54/54/54
f 34/34/34 33/33/33 55/55/55
f 33/33/33 54/54/54 55/55/55
f 35/35/35 34/34/34 56/56/56
f 34/34/34 55/55/55 56/56/56
f 36/36/36 35/35/35 57/57/57
f 35/35/35 56/56/56 57/57/57
f 37/37/37 36/36/36 58/58/58
f 36/36/36 57/57/57 58/58/58
f 38/38/38 37/37/37 59/59/59
f 37/37/37 58/58/58 59/59/59
f 39/39/39 38/38/38 60/60/60
f 38/38/38 59/59/59 60/60/60
f 40/40/40 39/39/39 61/61/61
f 39/39/39 60/60/60 61/61/61
f 41/41/41 40/40/40 62/62/62
f 40/40/40 61/61/61 62/62/62
f 42/42/42 41/41/41 63/63/63
f 41/41/41 62/62/62 63/63/63
f 44/44/44 43/43/43 65/65/65
f 43/43/43 64/64/64 65/65/65
f 45/45/45 44/44/44 66/66/66
f 44/44/44 65/65/65 66/66/66
f 46/46/46 45/45/45 67/67/67
f 45/45/45 66/66/66 67/67/67
f 47/47/47 46/46/46 68/68/68
f 46/46/46 67/67/67 68/68/68
f 48/48/48 47/47/47 69/69/69
f 47/47/47 68/68/68 69/69/69
f 49/49/49 48/48/48 70/70/70
f 48/48/48 69/69/69 70/70/70
f 50/50/50 49/49/49 71/71/71
f 49/49/49 70/70/70 71/71/71
f 51/51/51 50/50/50 72/72/72
f 50/50/50 71/71/71 72/72/72
f 52/52/52 51/51/51 73/73/73
f 51/51/51 72/72/72 73/73/73
f 53/53/53 52/52/52 74/74/74
f 52/52/52 73/73/73 74/74/74
f 54/54/54 53/53/53 75/75/75
f 53/53/53 74/74/74 75/75/75
f 55/55/55 54/54/54 76/76/76
f 54/54/54 75/75/75 76/76/76
f 56/56/56 55/55/55 77/77/77
f 55/55/55 76/76/76 77/77/77
f 57/57/57 56/56/56 78/78/78
f 56/56/56 77/77/77 78/78/78
f 58/58/58 57/57/57 79/79/79
f 57/57/57 78/78/78 79/79/79
f 59/59/59 58/58/58 80/80/80
f 58/58/58 79/79/79 80/80/80
f 60/60/60 59/59/59 81/81/81
f 59/59/59 80/80/80 81/81/81
f 61/61/61 60/60/60 82/82/82
f 60/60/60 81/81/81 82/82/82
f 62/62/62 61/61/61 83/83/83
f 61/61/61 82/82/82 83/83/83
f 63/63/63 62/62/62 84/84/84
f 62/62/62 83/83/83 84/84/84
f 65/65/65 64/64/64 86/86/86
f 64/64/64 85/85/85 86/86/86
f 66/66/66 65/65/65 87/87/87
f 65/65/65 86/86/86 87/87/87
f 67/67/67 66/66/66 88/88/88
f 66/66/66 87/87/87 88/88/88
f 68/68/68 67/67/67 89/89/89
f 67/67/67 88/88/88 89/89/89
f 69/69/69 68/68/68 90/90/90
f 68/68/68 89/89/89 90/90/90
f 70/70/70 69/69/69 91/91/91
f 69/69/69 90/90/90 91/91/91
f 71/71/71 70/70/70 92/92/92
f 70/70/70 91/91/91 92/92/92
f 72/72/72 71/71/71 93/93/93
f 71/71/71 92/92/92 93/93/93
f 73/73/73 72/72/72 94/94/94
f 72/72/72 93/93/93 94/94/94
f 74/74/74 73/73/73 95/95/95
f 73/73/73 94/94/94 95/95/95
f 75/75/75 74/74/74 96/96/96
f 74/74/74 95/95/95 96/96/96
f 76/76/76 75/75/75 97/97/97
f 75/75/75 96/96/96 97/97/97
f 77/77/77 76/76/76 98/98/98
f 76/76/76 97/97/97 98/98/98
f 78/78/78 77/77/77 99/99/99
f 77/77/77 98/98/98 99/99/99
f 79/79/79 78/78/78 100/100/100
f 78/78/78 99/99/99 100/100/100
f 80/80/80 79/79/79 101/101/101
f 79/79/79 100/100/100 101/101/101
f 81/81/81 80/80/80 102/102/102
f 80/80/80 101/101/101 102/102/102
f 82/82/82 81/81/81 103/103/103
f 81/81/81 102/102/102 103/103/103
f 83/83/83 82/82/82 104/104/104
f 82/82/82 103/103/103 104/104/104
f 84/84/84 83/83/83 105/105/105
f 83/83/83 104/104/104 105/105/105
f 86/86/86 85/85/85 107/107/107
f 85/85/85 106/106/106 107/107/107
f 87/87/87 86/86/86 108/108/108
f 86/86/86 107/107/107 108/108/108
f 88/88/88 87/87/87 109/109/109
f 87/87/87 108/108/108 109/109/109
f 89/89/89 88/88/88 110/110/110
f 88/88/88 109/109/109 110/110/110
f 90/90/90 89/89/89 111/111/111
f 89/89/89 110/110/110 111/111/111
f 91/91/91 90/90/90 112/112/112
f 90/90/90 111/111/111 112/112/112
f 92/92/92 91/91/91 113/113/113
f 91/91/91 112/112/112 113/113/113
f 93/93/93 92/92/92 114/114/114
f 92/92/92 113/113/113 114/114/114
f 94/94/94 93/93/93 115/115/115
f 93/93/93 114/114/114 115/115/115
f 95/95/95 94/94/94 116/116/116
f 94/94/94 115/115/115 116/116/116
f 96/96/96 95/95/95 117/117/117
f 95/95/95 116/116/116 117/117/117
f 97/97/97 96/96/96 118/118/118
f 96/96/96 117/117/117 118/118/118
f 98/98/98 97/97/97 119/119/119
f 97/97/97 118/118/118 119/119/119
f 99/99/99 98/98/98 120/120/120
f 98/98/98 119/119/119 120/120/120
f 100/100/100 99/99/99 121/121/121
f 99/99/99 120/120/120 121/121/121
f 101/101/101 100/100/100 122/122/122
f 100/100/100 121/121/121 122/122/122
f 102/102/102 101/101/101 123/123/123
f 101/101/101 122/122/122 123/123/123
f 103/103/103 102/102/102 124/124/124
f 102/102/102 123/123/123 124/124/124
f 104/104/104 103/103/103 125/125/125
f 103/103/103 124/124/124 125/125/125
f 105/105/105 104/104/104 126/126/126
f 104/104/104 125/125/125 126/126/126
f 107/107/107 106/106/106 128/128/128
f 106/106/106 127/127/127 128/128/128
f 108/108/108 107/107/107 129/129/129
f 107/107/107 128/128/128 129/129/129
f 109/109/109 108/108/108 130/130/130
f 108/108/108 129/129/129 130/130/130
f 110/110/110 109/109/109 131/131/131
f 109/109/109 130/130/130 131/131/131
f 111/111/111 110/110/110 132/132/132
f 110/110/110 131/131/131 132/132/132
f 112/112/112 111/111/111 133/133/133
f 111/111/111 132/132/132 133/133/133
f 113/113/113 112/112/112 134/134/134
f 112/112/112 133/133/133 134/134/134
f 114/114/114 113/113/113 135/135/135
f 113/113/113 134/134/134 135/135/135
f 115/115/115 114/114/114 136/136/136
f 114/114/114 135/135/135 136/136/136
f 116/116/116 115/115/115 137/137/137
f 115/115/115 136/136/136 137/137/137
f 117/117/117 116/116/116 138/138/138
f 116/116/116 137/137/137 138/138/138
f 118/118/118 117/117/117 139/139/139
f 117/117/117 138/138/138 139/139/139
f 119/119/119 118/118/118 140/140/140
f 118/118/118 139/139/139 140/140/140
f 120/120/120 119/119/119 141/141/141
f 119/119/119 140/140/140 141/141/141
f 121/121/121 120/120/120 142/142/142
f 120/120/120 141/141/141 142/142/142
f 122/122/122 121/121/121 143/143/143
f 121/121/121 142/142/142 143/143/143
f 123/123/123 122/122/122 144/144/144
f 122/122/122 143/143/143 144/144/144
f 124/124/124 123/123/123 145/145/145
f 123/123/123 144/144/144 145/145/145
f 125/125/125 124/124/124 146/146/146
f 124/124/124 145/145/145 146/146/146
f 126/126/126 125/125/125 147/147/147
f 125/125/125 146/146/146 147/147/147
f 128/128/128 127/127/127 149/149/149
f 127/127/127 148/148/148 149/149/149
f 129/129/129 128/128/128 150/150/150
f 128/128/128 149/149/149 150/150/150
f 130/130/130 129/129/129 151/151/151
f 129/129/129 150/150/150 151/151/151
f 131/131/131 130/130/130 152/152/152
f 130/130/130 151/151/151 152/152/152
f 132/132/132 131/131/131 153/153/153
f 131/131/131 152/152/152 153/153/153
f 133/133/133 132/132/132 154/154/154
f 132/132/132 153/153/153 154/154/154
f 134/134/134 133/133/133 155/155/155
f 133/133/133 154/154/154 155/155/155
f 135/135/135 134/134/134 156/156/156
f 134/134/134 155/155/155 156/156/156
f 136/136/136 135/135/135 157/157/157
f 135/135/135 156/156/156 157/157/157
f 137/137/137 136/136/136 158/158/158
f 136/136/136 157/157/157 158/158/158
f 138/138/138 137/137/137 159/159/159
f 137/137/137 158/158/158 159/159/159
f 139/139/139 138/138/138 160/160/160
f 138/138/138 159/159/159 160/160/160
f 140/140/140 139/139/139 161/161/161
f 139/139/139 160/160/160 161/161/161
f 141/141/141 140/140/140 162/162/162
f 140/140/140 161/161/161 162/162/162
f 142/142/142 141/141/141 163/163/163
f 141/141/141 162/162/162 163/163/163
f 143/143/143 142/142/142 164/164/164
f 142/142/142 163/163/163 164/164/164
f 144/144/144 143/143/143 165/165/165
f 143/143/143 164/164/164 165/165/165
f 145/145/145 144/144/144 166/166/166
f 144/144/144 165/165/165 166/166/166
f 146/146/146 145/145/145 167/167/167
f 145/145/145 166/166/166 167/167/167
f 147/147/147 146/146/146 168/168/168
f 146/146/146 167/167/167 168/168/168
f 149/149/149 148/148/148 170/170/170
f 148/148/148 169/169/169 170/170/170
f 150/150/150 149/149/149 171/171/171
f 149/149/149 170/170/170 171/171/171
f 151/151/151 150/150/150 172/172/172
f 150/150/150 171/171/171 172/172/172
f 152/152/152 151/151/151 173/173/173
f 151/151/151 172/172/172 173/173/173
f 153/153/153 152/152/152 174/174/174
f 152/152/152 173/173/173 174/174/174
f 154/154/154 153/153/153 175/175/175
f 153/153/153 174/174/174 175/175/175
f 155/155/155 154/154/154 176/176/176
f 154/154/154 175/175/175 176/176/176
f 156/156/156 155/155/155 177/177/177
f 155/155/155 176/176/176 177/177/177
f 157/157/157 156/156/156 178/178/178
f 156/156/156 177/177/177 178/178/178
f 158/158/158 157/157/157 179/179/179
f 157/157/157 178/178/178 179/179/179
f 159/159/159 158/158/158 180/180/180
f 158/158/158 179/179/179 180/180/180
f 160/160/160 159/159/159 181/181/181
f 159/159/159 180/180/180 181/181/181
f 161/161/161 160/160/160 182/182/182
f 160/160/160 181/181/181 182/182/182
f 162/162/162 161/161/161 183/183/183
f 161/161/161 182/182/182 183/183/183
f 163/163/163 162/162/162 184/184/184
f 162/162/162 183/183/183 184/184/184
f 164/164/164 163/163/163 185/185/185
f 163/163/163 184/184/184 185/185/185
f 165/165/165 164/164/164 186/186/186
f 164/164/164 185/185/185 186/186/186
f 166/166/166 165/165/165 187/187/187
f 165/165/165 186/186/186 187/187/187
f 167/167/167 166/166/166 188/188/188
f 166/166/166 187/187/187 188/188/188
f 168/168/168 167/167/167 189/189/189
f 167/167/167 188/188/188 189/189/189
f 170/170/170 169/169/169 191/191/191
f 169/169/169 190/190/190 191/191/191
f 171/171/171 170/170/170 192/192/192
f 170/170/170 191/191/191 192/192/192
f 172/172/172 171/171/171 193/193/193
f 171/171/171 192/192/192 193/193/193
f 173/173/173 172/172/172 194/194/194
f 172/172/172 193/193/193 194/194/194
f 174/174/174 173/173/173 195/195/195
f 173/173/173 194/194/194 195/195/195
f 175/175/175 174/174/174 196/196/196
f 174/174/174 195/195/195 196/196/196
f 176/176/176 175/175/175 197/197/197
f 175/175/175 196/196/196 197/197/197
f 177/177/177 176/176/176 198/198/198
f 176/176/176 197/197/197 198/198/198
f 178/178/178 177/177/177 199/199/199
f 177/177/177 198/198/198 199/199/199
f 179/179/179 178/178/178 200/200/200
f 178/178/178 199/199/199 200/200/200
f 180/180/180 179/179/179 201/201/201
f 179/179/179 200/200/200 201/201/201
f 181/181/181 180/180/180 202/202/202
f 180/180/180 201/201/201 202/202/202
f 182/182/182 181/181/181 203/203/203
f 181/181/181 202/202/202 203/203/203
f 183/183/183 182/182/182 204/204/204
f 182/182/182 203/203/203 204/204/204
f 184/184/184 183/183/183 205/205/205
f 183/183/183 204/204/204 205/205/205
f 185/185/185 184/184/184 206/206/206
f 184/184/184 205/205/205 206/206/206
f 186/186/186 185/185/185 207/207/207
f 185/185/185 206/206/206 207/207/207
f 187/187/187 186/186/186 208/208/208
f 186/186/186 207/207/207 208/208/208
f 188/188/188 187/187/187 209/209/209
f 187/187/187 208/208/208 209/209/209
f 189/189/189 188/188/188 210/210/210
f 188/188/188 209/209/209 210/210/210
f 191/191/191 190/190/190 212/212/212
f 190/190/190 211/211/211 212/212/212
f 192/192/192 191/191/191 213/213/213
f 191/191/191 212/212/212 213/213/213
f 193/193/193 192/192/192 214/214/214
f 192/192/192 213/213/213 214/214/214
f 194/194/194 193/193/193 215/215/215
f 193/193/193 214/214/214 215/215/215
f 195/195/195 194/194/194 216/216/216
f 194/194/194 215/215/215 216/216/216
f 196/196/196 195/195/195 217/217/217
f 195/195/195 216/216/216 217/217/217
f 197/197/197 196/196/196 218/218/218
f 196/196/196 217/217/217 218/218/218
f 198/198/198 197/197/197 219/219/219
f 197/197/197 218/218/218 219/219/219
f 199/199/199 198/198/198 220/220/220
f 198/198/198 219/219/219 220/220/220
f 200/200/200 199/199/199 221/221/221
f 199/199/199 220/220/220 221/221/221
f 201/201/201 200/200/200 222/222/222
f 200/200/200 221/221/221 222/222/222
f 202/202/202 201/201/201 223/223/223
f 201/201/201 222/222/222 223/223/223
f 203/203/203 202/202/202 224/224/224
f 202/202/202 223/223/223 224/224/224
f 204/204/204 203/203/203 225/225/225
f 203/203/203 224/224/224 225/225/225
f 205/205/205 204/204/204 226/226/226
f 204/204/204 225/225/225 226/226/226
f 206/206/206 205/205/205 227/227/227
f 205/205/205 226/226/226 227/227/227
f 207/207/207 206/206/206 228/228/228
f 206/206/206 227/227/227 228/228/228
f 208/208/208 207/207/207 229/229/229
f 207/207/207 228/228/228 229/229/229
f 209/209/209 208/208/208 230/230/230
f 208/208/208 229/229/229 230/230/230
f 210/210/210 209/209/209 231/231/231
f 209/209/209 230/230/230 231/231/231
f 212/212/212 211/211/211 233/233/233
f 211/211/211 232/232/232 233/233/233
f 213/213/213 212/212/212 234/234/234
f 212/212/212 233/233/233 234/234/234
f 214/214/214 213/213/213 235/235/235
f 213/213/213 234/234/234 235/235/235
f 215/215/215 214/214/214 236/236/236
f 214/214/214 235/235/235 236/236/236
f 216/216/216 215/215/215 237/237/237
f 215/215/215 236/236/236 237/237/237
f 217/217/217 216/216/216 238/238/238
f 216/216/216 237/237/237 238/238/238
f 218/218/218 217/217/217 239/239/239
f 217/217/217 238/238/238 239/239/239
f 219/219/219 218/218/218 240/240/240
f 218/218/218 239/239/239 240/240/240
f 220/220/220 219/219/219 241/241/241
f 219/219/219 240/240/240 241/241/241
f 221/221/221 220/220/220 242/242/242
f 220/220/220 241/241/241 242/242/242
f 222/222/222 221/221/221 243/243/243
f 221/221/221 242/242/242 243/243/243
f 223/223/223 222/222/222 244/244/244
f 222/222/222 243/243/243 244/244/244
f 224/224/224 223/223/223 245/245/245
f 223/223/223 244/244/244 245/245/245
f 225/225/225 224/224/224 246/246/246
f 224/224/224 245/245/245 246/246/246
f 226/226/226 225/225/225 247/247/247
f 225/225/225 246/246/246 247/247/247
f 227/227/227 226/226/226 248/248/248
f 226/226/226 247/247/247 248/248/248
f 228/228/228 227/227/227 249/249/249
f 227/227/227 248/248/248 249/249/249
f 229/229/229 228/228/228 250/250/250
f 228/228/228 249/249/249 250/250/250
f 230/230/230 229/229/229 251/251/251
f 229/229/229 250/250/250 251/251/251
f 231/231/231 230/230/230 252/252/252
f 230/230/230 251/251/251 252/252/252
f 233/233/233 232/232/232 254/254/254
f 232/232/232 253/253/253 254/254/254
f 234/234/234 233/233/233 255/255/255
f 233/233/233 254/254/254 255/255/255
f 235/235/235 234/234/234 256/256/256
f 234/234/234 255/255/255 256/256/256
f 236/236/236 235/235/235 257/257/257
f 235/235/235 256/256/256 257/257/257
f 237/237/237 236/236/236 258/258/258
f 236/236/236 257/257/257 258/258/258
f 238/238/238 237/237/237 259/259/259
f 237/237/237 258/258/258 259/259/259
f 239/239/239 238/238/238 260/260/260
f 238/238/238 259/259/259 260/260/260
f 240/240/240 239/239/239 261/261/261
f 239/239/239 260/260/260 261/261/261
f 241/241/241 240/240/240 262/262/262
f 240/240/240 261/261/261 262/262/262
f 242/242/242 241/241/241 263/263/263
f 241/241/241 262/262/262 263/263/263
f 243/243/243 242/242/242 264/264/264
f 242/242/242 263/263/263 264/264/264
f 244/244/244 243/243/243 265/265/265
f 243/243/243 264/264/264 265/265/265
f 245/245/245 244/244/244 266/266/266
f 244/244/244 265/265/265 266/266/266
f 246/246/246 245/245/245 267/267/267
f 245/245/245 266/266/266 267/267/267
f 247/247/247 246/246/246 268/268/268
f 246/246/246 267/267/267 268/268/268
f 248/248/248 247/247/247 269/269/269
f 247/247/247 268/268/268 269/269/269
f 249/249/249 248/248/248 270/270/270
f 248/248/248 269/269/269 270/270/270
f 250/250/250 249/249/249 271/271/271
f 249/249/249 270/270/270 271/271/271
f 251/251/251 250/250/250 272/272/272
f 250/250/250 271/271/271 272/272/272
f 252/252/252 251/251/251 273/273/273
f 251/251/251 272/272/272 273/273/273
f 254/254/254 253/253/253 275/275/275
f 253/253/253 274/274/274 275/275/275
f 255/255/255 254/254/254 276/276/276
f 254/254/254 275/275/275 276/276/276
f 256/256/256 255/255/255 277/277/277
f 255/255/255 276/276/276 277/277/277
f 257/257/257 256/256/256 278/278/278
f 256/256/256 277/277/277 278/278/278
f 258/258/258 257/257/257 279/279/279
f 257/257/257 278/278/278 279/279/279
f 259/259/259 258/258/258 280/280/280
f 258/258/258 279/279/279 280/280/280
f 260/260/260 259/259/259 281/281/281
f 259/259/259 280/280/280 281/281/281
f 261/261/261 260/260/260 282/282/282
f 260/260/260 281/281/281 282/282/282
f 262/262/262 261/261/261 283/283/283
f 261/261/261 282/282/282 283/283/283
f 263/263/263 262/262/262 284/284/284
f 262/262/262 283/283/283 284/284/284
f 264/264/264 263/263/263 285/285/285
f 263/263/263 284/284/284 285/285/285
f 265/265/265 264/264/264 286/286/286
f 264/264/264 285/285/285 286/286/286
f 266/266/266 265/265/265 287/287/287
f 265/265/265 286/286/286 287/287/287
f 267/267/267 266/266/266 288/288/288
f 266/266/266 287/287/287 288/288/288
f 268/268/268 267/267/267 289/289/289
f 267/267/267 288/288/288 289/289/289
f 269/269/269 268/268/268 290/290/290
f 268/268/268 289/289/289 290/290/290
f 270/270/270 269/269/269 291/291/291
f 269/269/269 290/290/290 291/291/291
f 271/271/271 270/270/270 292/292/292
f 270/270/270 291/291/291 292/292/292
f 272/272/272 271/271/271 293/293/293
f 271/271/271 292/292/292 293/293/293
f 273/273/273 272/272/272 294/294/294
f 272/272/272 293/293/293 294/294/294
f 275/275/275 274/274/274 296/296/296
f 276/276/276 275/275/275 297/297/297
f 277/277/277 276/276/276 298/298/298
f 278/278/278 277/277/277 299/299/299
f 279/279/279 278/278/278 300/300/300
f 280/280/280 279/279/279 301/301/301
f 281/281/281 280/280/280 302/302/302
f 282/282/282 281/281/281 303/303/303
f 283/283/283 282/282/282 304/304/304
f 284/284/284 283/283/283 305/305/305
f 285/285/285 284/284/284 306/306/306
f 286/286/286 285/285/285 307/307/307
f 287/287/287 286/286/286 308/308/308
f 288/288/288 287/287/287 309/309/309
f 289/289/289 288/288/288 310/310/310
f 290/290/290 289/289/289 311/311/311
f 291/291/291 290/290/290 312/312/312
f 292/292/292 291/291/291 313/313/313
f 293/293/293 292/292/292 314/314/314
f 294/294/294 293/293/293 315/315/315
f 316/316/316 337/337/337 338/338/338
f 317/317/317 338/338/338 339/339/339
f 318/318/318 339/339/339 340/340/340
f 319/319/319 340/340/340 341/341/341
f 320/320/320 341/341/341 342/342/342
f 321/321/321 342/342/342 343/343/343
f 322/322/322 343/343/343 344/344/344
f 323/323/323 344/344/344 345/345/345
f 324/324/324 345/345/345 346/346/346
f 325/325/325 346/346/346 347/347/347
f 326/326/326 347/347/347 348/348/348
f 327/327/327 348/348/348 349/349/349
f 328/328/328 349/349/349 350/350/350
f 329/329/329 350/350/350 351/351/351
f 330/330/330 351/351/351 352/352/352
f 331/331/331 352/352/352 353/353/353
f 332/332/332 353/353/353 354/354/354
f 333/333/333 354/354/354 355/355/355
f 334/334/334 355/355/355 356/356/356
f 335/335/335 356/356/356 357/357/357
f 338/338/338 337/337/337 359/359/359
f 337/337/337 358/358/358 359/359/359
f 339/339/339 338/338/338 360/360/360
f 338/338/338 359/359/359 360/360/360
f 340/340/340 339/339/339 361/361/361
f 339/339/339 360/360/360 361/361/361
f 341/341/341 340/340/340 362/362/362
f 340/340/340 361/361/361 362/362/362
f 342/342/342 341/341/341 363/363/363
f 341/341/341 362/362/362 363/363/363
f 343/343/343 342/342/342 364/364/364
f 342/342/342 363/363/363 364/364/364
f 344/344/344 343/343/343 365/365/365
f 343/343/343 364/364/364 365/365/365
f 345/345/345 344/344/344 366/366/366
f 344/344/344 365/365/365 366/366/366
f 346/346/346 345/345/345 367/367/367
f 345/345/345 366/366/366 367/367/367
f 347/347/347 346/346/346 368/368/368
f 346/346/346 367/367/367 368/368/368
f 348/348/348 347/347/347 369/369/369
f 347/347/347 368/368/368 369/369/369
f 349/349/349 348/348/348 370/370/370
f 348/348/348 369/369/369 370/370/370
f 350/350/350 349/349/349 371/371/371
f 349/349/349 370/370/370 371/371/371
f 351/351/351 350/350/350 372/372/372
f 350/350/350 371/371/371 372/372/372
f 352/352/352 351/351/351 373/373/373
f 351/351/351 372/372/372 373/373/373
f 353/353/353 352/352/352 374/374/374
f 352/352/352 373/373/373 374/374/374
f 354/354/354 353/353/353 375/375/375
f 353/353/353 374/374/374 375/375/375
f 355/355/355 354/354/354 376/376/376
f 354/354/354 375/375/375 376/376/376
f 356/356/356 355/355/355 377/377/377
f 355/355/355 376/376/376 377/377/377
f 357/357/357 356/356/356 378/378/378
f 356/356/356 377/377/377 378/378/378
f 359/359/359 358/358/358 380/380/380
f 358/358/358 379/379/379 380/380/380
f 360/360/360 359/359/359 381/381/381
f 359/359/359 380/380/380 381/381/381
f 361/361/361 360/360/360 382/382/382
f 360/360/360 381/381/381 382/382/382
f 362/362/362 361/361/361 383/383/383
f 361/361/361 382/382/382 383/383/383
f 363/363/363 362/362/362 384/384/384
f 362/362/362 383/383/383 384/384/384
f 364/364/364 363/363/363 385/385/385
f 363/363/363 384/384/384 385/385/385
f 365/365/365 364/364/364 386/386/386
f 364/364/364 385/385/385 386/386/386
f 366/366/366 365/365/365 387/387/387
f 365/365/365 386/386/386 387/387/387
f 367/367/367 366/366/366 388/388/388
f 366/366/366 387/387/387 388/388/388
f 368/368/368 367/367/367 389/389/389
f 367/367/367 388/388/388 389/389/389
f 369/369/369 368/368/368 390/390/390
f 368/368/368 389/389/389 390/390/390
f 370/370/370 369/369/369 391/391/391
f 369/369/369 390/390/390 391/391/391
f 371/371/371 370/370/370 392/392/392
f 370/370/370 391/391/391 392/392/392
f 372/372/372 371/371/371 393/393/393
f 371/371/371 392/392/392 393/393/393
f 373/373/373 372/372/372 394/394/394
f 372/372/372 393/393/393 394/394/394
f 374/374/374 373/373/373 395/395/395
f 373/373/373 394/394/394 395/395/395
f 375/375/375 374/374/374 396/396/396
f 374/374/374 395/395/395 396/396/396
f 376/376/376 375/375/375 397/397/397
f 375/375/375 396/396/396 397/397/397
f 377/377/377 376/376/376 398/398/398
f 376/376/376 397/397/397 398/398/398
f 378/378/378 377/377/377 399/399/399
f 377/377/377 398/398/398 399/399/399
f 380/380/380 379/379/379 401/401/401
f 379/379/379 400/400/400 401/401/401
f 381/381/381 380/380/380 402/402/402
f 380/380/380 401/401/401 402/402/402
f 382/382/382 381/381/381 403/403/403
f 381/381/381 402/402/402 403/403/403
f 383/383/383 382/382/382 404/404/404
f 382/382/382 403/403/403 404/404/404
f 384/384/384 383/383/383 405/405/405
f 383/383/383 404/404/404 405/405/405
f 385/385/385 384/384/384 406/406/406
f 384/384/384 405/405/405 406/406/406
f 386/386/386 385/385/385 407/407/407
f 385/385/385 406/406/406 407/407/407
f 387/387/387 386/386/386 408/408/408
f 386/386/386 407/407/407 408/408/408
f 388/388/388 387/387/387 409/409/409
f 387/387/387 408/408/408 409/409/409
f 389/389/389 388/388/388 410/410/410
f 388/388/388 409/409/409 410/410/410
f 390/390/390 389/389/389 411/411/411
f 389/389/389 410/410/410 411/411/411
f 391/391/391 390/390/390 412/412/412
f 390/390/390 411/411/411 412/412/412
f 392/392/392 391/391/391 413/413/413
f 391/391/391 412/412/412 413/413/413
f 393/393/393 392/392/392 414/414/414
f 392/392/392 413/413/413 414/414/414
f 394/394/394 393/393/393 415/415/415
f 393/393/393 414/414/414 415/415/415
f 395/395/395 394/394/394 416/416/416
f 394/394/394 415/415/415 416/416/416
f 396/396/396 395/395/395 417/417/417
f 395/395/395 416/416/416 417/417/417
f 397/397/397 396/396/396 418/418/418
f 396/396/396 417/417/417 418/418/418
f 398/398/398 397/397/397 419/419/419
f 397/397/397 418/418/418 419/419/419
f 399/399/399 398/398/398 420/420/420
f 398/398/398 419/419/419 420/420/420
f 401/401/401 400/400/400 422/422/422
f 400/400/400 421/421/421 422/422/422
f 402/402/402 401/401/401 423/423/423
f 401/401/401 422/422/422 423/423/423
f 403/403/403 402/402/402 424/424/424
f 402/402/402 423/423/423 424/424/424
f 404/404/404 403/403/403 425/425/425
f 403/403/403 424/424/424 425/425/425
f 405/405/405 404/404/404 426/426/426
f 404/404/404 425/425/425 426/426/426
f 406/406/406 405/405/405 427/427/427
f 405/405/405 426/426/426 427/427/427
f 407/407/407 406/406/406 428/428/428
f 406/406/406 427/427/427 428/428/428
f 408/408/408 407/407/407 429/429/429
f 407/407/407 428/428/428 429/429/429
f 409/409/409 408/408/408 430/430/430
f 408/408/408 429/429/429 430/430/430
f 410/410/410 409/409/409 431/431/431
f 409/409/409 430/430/430 431/431/431
f 411/411/411 410/410/410 432/432/432
f 410/410/410 431/431/431 432/432/432
f 412/412/412 411/411/411 433/433/433
f 411/411/411 432/432/432 433/433/433
f 413/413/413 412/412/412 434/434/434
f 412/412/412 433/433/433 434/434/434
f 414/414/414 413/413/413 435/435/435
f 413/413/413 434/434/434 435/435/435
f 415/415/415 414/414/414 436/436/436
f 414/414/414 435/435/435 436/436/436
f 416/416/416 415/415/415 437/437/437
f 415/415/415 436/436/436 437/437/437
f 417/417/417 416/416/416 438/438/438
f 416/416/416 437/437/437 438/438/438
f 418/418/418 417/417/417 439/439/439
f 417/417/417 438/438/438 439/439/439
f 419/419/419 418/418/418 440/440/440
f 418/418/418 439/439/439 440/440/440
f 420/420/420 419/419/419 441/441/441
f 419/419/419 440/440/440 441/441/441
f 422/422/422 421/421/421 443/443/443
f 421/421/421 442/442/442 443/443/443
f 423/423/423 422/422/422 444/444/444
f 422/422/422 443/443/443 444/444/444
f 424/424/424 423/423/423 445/445/445
f 423/423/423 444/444/444 445/445/445
f 425/425/425 424/424/424 446/446/446
f 424/424/424 445/445/445 446/446/446
f 426/426/426 425/425/425 447/447/447
f 425/425/425 446/446/446 447/447/447
f 427/427/427 426/426/426 448/448/448
f 426/426/426 447/447/447 448/448/448
f 428/428/428 427/427/427 449/449/449
f 427/427/427 448/448/448 449/449/449
f 429/429/429 428/428/428 450/450/450
f 428/428/428 449/449/449 450/450/450
f 430/430/430 429/429/429 451/451/451
f 429/429/429 450/450/450 451/451/451
f 431/431/431 430/430/430 452/452/452
f 430/430/430 451/451/451 452/452/452
f 432/432/432 431/431/431 453/453/453
f 431/431/431 452/452/452 453/453/453
f 433/433/433 432/432/432 454/454/454
f 432/432/432 453/453/453 454/454/454
f 434/434/434 433/433/433 455/455/455
f 433/433/433 454/454/454 455/455/455
f 435/435/435 434/434/434 456/456/456
f 434/434/434 455/455/455 456/456/456
f 436/436/436 435/435/435 457/457/457
f 435/435/435 456/456/456 457/457/457
f 437/437/437 436/436/436 458/458/458
f 436/436/436 457/457/457 458/458/458
f 438/438/438 437/437/437 459/459/459
f 437/437/437 458/458/458 459/459/459
f 439/439/439 438/438/438 460/460/460
f 438/438/438 459/459/459 460/460/460
f 440/440/440 439/439/439 461/461/461
f 439/439/439 460/460/460 461/461/461
f 441/441/441 440/440/440 462/462/462
f 440/440/440 461/461/461 462/462/462
f 443/443/443 442/442/442 464/464/464
f 442/442/442 463/463/463 464/464/464
f 444/444/444 443/443/443 465/465/465
f 443/443/443 464/464/464 465/465/465
f 445/445/445 444/444/444 466/466/466
f 444/444/444 465/465/465 466/466/466
f 446/446/446 445/445/445 467/467/467
f 445/445/445 466/466/466 467/467/467
f 447/447/447 446/446/446 468/468/468
f 446/446/446 467/467/467 468/468/468
f 448/448/448 447/447/447 469/469/469
f 447/447/447 468/468/468 469/469/469
f 449/449/449 448/448/448 470/470/470
f 448/448/448 469/469/469 470/470/470
f 450/450/450 449/449/449 471/471/471
f 449/449/449 470/470/470 471/471/471
f 451/451/451 450/450/450 472/472/472
f 450/450/450 471/471/471 472/472/472
f 452/452/452 451/451/451 473/473/473
f 451/451/451 472/472/472 473/473/473
f 453/453/453 452/452/452 474/474/474
f 452/452/452 473/473/473 474/474/474
f 454/454/454 453/453/453 475/475/475
f 453/453/453 474/474/474 475/475/475
f 455/455/455 454/454/454 476/476/476
f 454/454/454 475/475/475 476/476/476
f 456/456/456 455/455/455 477/477/477
f 455/455/455 476/476/476 477/477/477
f 457/457/457 456/456/456 478/478/478
f 456/456/456 477/477/477 478/478/478
f 458/458/458 457/457/457 479/479/479
f 457/457/457 478/478/478 479/479/479
f 459/459/459 458/458/458 480/480/480
f 458/458/458 479/479/479 480/480/480
f 460/460/460 459/459/459 481/481/481
f 459/459/459 480/480/480 481/481/481
f 461/461/461 460/460/460 482/482/482
f 460/460/460 481/481/481 482/482/482
f 462/462/462 461/461/461 483/483/483
f 461/461/461 482/482/482 483/483/483
f 464/464/464 463/463/463 485/485/485
f 463/463/463 484/484/484 485/485/485
f 465/465/465 464/464/464 486/486/486
f 464/464/464 485/485/485 486/486/486
f 466/466/466 465/465/465 487/487/487
f 465/465/465 486/486/486 487/487/487
f 467/467/467 466/466/466 488/488/488
f 466/466/466 487/487/487 488/488/488
f 468/468/468 467/467/467 489/489/489
f 467/467/467 488/488/488 489/489/489
f 469/469/469 468/468/468 490/490/490
f 468/468/468 489/489/489 490/490/490
f 470/470/470 469/469/469 491/491/491
f 469/469/469 490/490/490 491/491/491
f 471/471/471 470/470/470 492/492/492
f 470/470/470 491/491/491 492/492/492
f 472/472/472 471/471/471 493/493/493
f 471/471/471 492/492/492 493/493/493
f 473/473/473 472/472/472 494/494/494
f 472/472/472 493/493/493 494/494/494
f 474/474/474 473/473/473 495/495/495
f 473/473/473 494/494/494 495/495/495
f 475/475/475 474/474/474 496/496/496
f 474/474/474 495/495/495 496/496/496
f 476/476/476 475/475/475 497/497/497
f 475/475/475 496/496/496 497/497/497
f 477/477/477 476/476/476 498/498/498
f 476/476/476 497/497/497 498/498/498
f 478/478/478 477/477/477 499/499/499
f 477/477/477 498/498/498 499/499/499
f 479/479/479 478/478/478 500/500/500
f 478/478/478 499/499/499 500/500/500
f 480/480/480 479/479/479 501/501/501
f 479/479/479 500/500/500 501/501/501
f 481/481/481 480/480/480 502/502/502
f 480/480/480 501/501/501 502/502/502
f 482/482/482 481/481/481 503/503/503
f 481/481/481 502/502/502 503/503/503
f 483/483/483 482/482/482 504/504/504
f 482/482/482 503/503/503 504/504/504
f 485/485/485 484/484/484 506/506/506
f 484/484/484 505/505/505 506/506/506
f 486/486/486 485/485/485 507/507/507
f 485/485/485 506/506/506 507/507/507
f 487/487/487 486/486/486 508/508/508
f 486/486/486 507/507/507 508/508/508
f 488/488/488 487/487/487 509/509/509
f 487/487/487 508/508/508 509/509/509
f 489/489/489 488/488/488 510/510/510
f 488/488/488 509/509/509 510/510/510
f 490/490/490 489/489/489 511/511/511
f 489/489/489 510/510/510 511/511/511
f 491/491/491 490/490/490 512/512/512
f 490/490/490 511/511/511 512/512/512
f 492/492/492 491/491/491 513/513/513
f 491/491/491 512/512/512 513/513/513
f 493/493/493 492/492/492 514/514/514
f 492/492/492 513/513/513 514/514/514
f 494/494/494 493/493/493 515/515/515
f 493/493/493 514/514/514 515/515/515
f 495/495/495 494/494/494 516/516/516
f 494/494/494 515/515/515 516/516/516
f 496/496/496 495/495/495 517/517/517
f 495/495/495 516/516/516 517/517/517
f 497/497/497 496/496/496 518/518/518
f 496/496/496 517/517/517 518/518/518
f 498/498/498 497/497/497 519/519/519
f 497/497/497 518/518/518 519/519/519
f 499/499/499 498/498/498 520/520/520
f 498/498/498 519/519/519 520/520/520
f 500/500/500 499/499/499 521/521/521
f 499/499/499 520/520/520 521/521/521
f 501/501/501 500/500/500 522/522/522
f 500/500/500 521/521/521 522/522/522
f 502/502/502 501/501/501 523/523/523
f 501/501/501 522/522/522 523/523/523
f 503/503/503 502/502/502 524/524/524
f 502/502/502 523/523/523 524/524/524
f 504/504/504 503/503/503 525/525/525
f 503/503/503 524/524/524 525/525/525
f 506/506/506 505/505/505 527/527/527
f 505/505/505 526/526/526 527/527/527
f 507/507/507 506/506/506 528/528/528
f 506/506/506 527/527/527 528/528/528
f 508/508/508 507/507/507 529/529/529
f 507/507/507 528/528/528 529/529/529
f 509/509/509 508/508/508 530/530/530
f 508/508/508 529/529/529 530/530/530
f 510/510/510 509/509/509 531/531/531
f 509/509/509 530/530/530 531/531/531
f 511/511/511 510/510/510 532/532/532
f 510/510/510 531/531/531 532/532/532
f 512/512/512 511/511/511 533/533/533
f 511/511/511 532/532/532 533/533/533
f 513/513/513 512/512/512 534/534/534
f 512/512/512 533/533/533 534/534/534
f 514/514/514 513/513/513 535/535/535
f 513/513/513 534/534/534 535/535/535
f 515/515/515 514/514/514 536/536/536
f 514/514/514 535/535/535 536/536/536
f 516/516/516 515/515/515 537/537/537
f 515/515/515 536/536/536 537/537/537
f 517/517/517 516/516/516 538/538/538
f 516/516/516 537/537/537 538/538/538
f 518/518/518 517/517/517 539/539/539
f 517/517/517 538/538/538 539/539/539
f 519/519/519 518/518/518 540/540/540
f 518/518/518 539/539/539 540/540/540
f 520/520/520 519/519/519 541/541/541
f 519/519/519 540/540/540 541/541/541
f 521/521/521 520/520/520 542/542/542
f 520/520/520 541/541/541 542/542/542
f 522/522/522 521/521/521 543/543/543
f 521/521/521 542/542/542 543/543/543
f 523/523/523 522/522/522 544/544/544
f 522/522/522 543/543/543 544/544/544
f 524/524/524 523/523/523 545/545/545
f 523/523/523 544/544/544 545/545/545
f 525/525/525 524/524/524 546/546/546
f 524/524/524 545/545/545 546/546/546
f 527/527/527 526/526/526 548/548/548
f 526/526/526 547/547/547 548/548/548
f 528/528/528 527/527/527 549/549/549
f 527/527/527 548/548/548 549/549/549
f 529/529/529 528/528/528 550/550/550
f 528/528/528 549/549/549 550/550/550
f 530/530/530 529/529/529 551/551/551
f 529/529/529 550/550/550 551/551/551
f 531/531/531 530/530/530 552/552/552
f 530/530/530 551/551/551 552/552/552
f 532/532/532 531/531/531 553/553/553
f 531/531/531 552/552/552 553/553/553
f 533/533/533 532/532/532 554/554/554
f 532/532/532 553/553/553 554/554/554
f 534/534/534 533/533/533 555/555/555
f 533/533/533 554/554/554 555/555/555
f 535/535/535 534/534/534 556/556/556
f 534/534/534 555/555/555 556/556/556
f 536/536/536 535/535/535 557/557/557
f 535/535/535 556/556/556 557/557/557
f 537/537/537 536/536/536 558/558/558
f 536/536/536 557/557/557 558/558/558
f 538/538/538 537/537/537 559/559/559
f 537/537/537 558/558/558 559/559/559
f 539/539/539 538/538/538 560/560/560
f 538/538/538 559/559/559 560/560/560
f 540/540/540 539/539/539 561/561/561
f 539/539/539 560/560/560 561/561/561
f 541/541/541 540/540/540 562/562/562
f 540/540/540 561/561/561 562/562/562
f 542/542/542 541/541/541 563/563/563
f 541/541/541 562/562/562 563/563/563
f 543/543/543 542/542/542 564/564/564
f 542/542/542 563/563/563 564/564/564
f 544/544/544 543/543/543 565/565/565
f 543/543/543 564/564/564 565/565/565
f 545/545/545 544/544/544 566/566/566
f 544/544/544 565/565/565 566/566/566
f 546/546/546 545/545/545 567/567/567
f 545/545/545 566/566/566 567/567/567
f 548/548/548 547/547/547 569/569/569
f 547/547/547 568/568/568 569/569/569
f 549/549/549 548/548/548 570/570/570
f 548/548/548 569/569/569 570/570/570
f 550/550/550 549/549/549 571/571/571
f 549/549/549 570/570/570 571/571/571
f 551/551/551 550/550/550 572/572/572
f 550/550/550 571/571/571 572/572/572
f 552/552/552 551/551/551 573/573/573
f 551/551/551 572/572/572 573/573/573
f 553/553/553 552/552/552 574/574/574
f 552/552/552 573/573/573 574/574/574
f 554/554/554 553/553/553 575/575/575
f 553/553/553 574/574/574 575/575/575
f 555/555/555 554/554/554 576/576/576
f 554/554/554 575/575/575 576/576/576
f 556/556/556 555/555/555 577/577/577
f 555/555/555 576/576/576 577/577/577
f 557/557/557 556/556/556 578/578/578
f 556/556/556 577/577/577 578/578/578
f 558/558/558 557/557/557 579/579/579
f 557/557/557 578/578/578 579/579/579
f 559/559/559 558/558/558 580/580/580
f 558/558/558 579/579/579 580/580/580
f 560/560/560 559/559/559 581/581/581
f 559/559/559 580/580/580 581/581/581
f 561/561/561 560/560/560 582/582/582
f 560/560/560 581/581/581 582/582/582
f 562/562/562 561/561/561 583/583/583
f 561/561/561 582/582/582 583/583/583
f 563/563/563 562/562/562 584/584/584
f 562/562/562 583/583/583 584/584/584
f 564/564/564 563/563/563 585/585/585
f 563/563/563 584/584/584 585/585/585
f 565/565/565 564/564/564 586/586/586
f 564/564/564 585/585/585 586/586/586
f 566/566/566 565/565/565 587/587/587
f 565/565/565 586/586/586 587/587/587
f 567/567/567 566/566/566 588/588/588
f 566/566/566 587/587/587 588/588/588
f 569/569/569 568/568/568 590/590/590
f 568/568/568 589/589/589 590/590/590
f 570/570/570 569/569/569 591/591/591
f 569/569/569 590/590/590 591/591/591
f 571/571/571 570/570/570 592/592/592
f 570/570/570 591/591/591 592/592/592
f 572/572/572 571/571/571 593/593/593
f 571/571/571 592/592/592 593/593/593
f 573/573/573 572/572/572 594/594/594
f 572/572/572 593/593/593 594/594/594
f 574/574/574 573/573/573 595/595/595
f 573/573/573 594/594/594 595/595/595
f 575/575/575 574/574/574 596/596/596
f 574/574/574 595/595/595 596/596/596
f 576/576/576 575/575/575 597/597/597
f 575/575/575 596/596/596 597/597/597
f 577/577/577 576/576/576 598/598/598
f 576/576/576 597/597/597 598/598/598
f 578/578/578 577/577/577 599/599/599
f 577/577/577 598/598/598 599/599/599
f 579/579/579 578/578/578 600/600/600
f 578/578/578 599/599/599 600/600/600
f 580/580/580 579/579/579 601/601/601
f 579/579/579 600/600/600 601/601/601
f 581/581/581 580/580/580 602/602/602
f 580/580/580 601/601/601 602/602/602
f 582/582/582 581/581/581 603/603/603
f 581/581/581 602/602/602 603/603/603
f 583/583/583 582/582/582 604/604/604
f 582/582/582 603/603/603 604/604/604
f 584/584/584 583/583/583 605/605/605
f 583/583/583 604/604/604 605/605/605
f 585/585/585 584/584/584 606/606/606
f 584/584/584 605/605/605 606/606/606
f 586/586/586 585/585/585 607/607/607
f 585/585/585 606/606/606 607/607/607
f 587/587/587 586/586/586 608/608/608
f 586/586/586 607/607/607 608/608/608
f 588/588/588 587/587/587 609/609/609
f 587/587/587 608/608/608 609/609/609
f 590/590/590 589/589/589 611/611/611
f 591/591/591 590/590/590 612/612/612
f 592/592/592 591/591/591 613/613/613
f 593/593/593 592/592/592 614/614/614
f 594/594/594 593/593/593 615/615/615
f 595/595/595 594/594/594 616/616/616
f 596/596/596 595/595/595 617/617/617
f 597/597/597 596/596/596 618/618/618
f 598/598/598 597/597/597 619/619/619
f 599/599/599 598/598/598 620/620/620
f 600/600/600 599/599/599 621/621/621
f 601/601/601 600/600/600 622/622/622
f 602/602/602 601/601/601 623/623/623
f 603/603/603 602/602/602 624/624/624
f 604/604/604 603/603/603 625/625/625
f 605/605/605 604/604/604 626/626/626
f 606/606/606 605/605/605 627/627/627
f 607/607/607 606/606/606 628/628/628
f 608/608/608 607/607/607 629/629/629
f 609/609/609 608/608/608 630/630/630
f 631/631/631 652/652/652 653/653/653
f 632/632/632 653/653/653 654/654/654
f 633/633/633 654/654/654 655/655/655
f 634/634/634 655/655/655 656/656/656
f 635/635/635 656/656/656 657/657/657
f 636/636/636 657/657/657 658/658/658
f 637/637/637 658/658/658 659/659/659
f 638/638/638 659/659/659 660/660/660
f 639/639/639 660/660/660 661/661/661
f 640/640/640 661/661/661 662/662/662
f 641/641/641 662/662/662 663/663/663
f 642/642/642 663/663/663 664/664/664
f 643/643/643 664/664/664 665/665/665
f 644/644/644 665/665/665 666/666/666
f 645/645/645 666/666/666 667/667/667
f 646/646/646 667/667/667 668/668/668
f 647/647/647 668/668/668 669/669/669
f 648/648/648 669/669/669 670/670/670
f 649/649/649 670/670/670 671/671/671
f 650/650/650 671/671/671 672/672/672
f 653/653/653 652/652/652 674/674/674
f 652/652/652 673/673/673 674/674/674
f 654/654/654 653/653/653 675/675/675
f 653/653/653 674/674/674 675/675/675
f 655/655/655 654/654/654 676/676/676
f 654/654/654 675/675/675 676/676/676
f 656/656/656 655/655/655 677/677/677
f 655/655/655 676/676/676 677/677/677
f 657/657/657 656/656/656 678/678/678
f 656/656/656 677/677/677 678/678/678
f 658/658/658 657/657/657 679/679/679
f 657/657/657 678/678/678 679/679/679
f 659/659/659 658/658/658 680/680/680
f 658/658/658 679/679/679 680/680/680
f 660/660/660 659/659/659 681/681/681
f 659/659/659 680/680/680 681/681/681
f 661/661/661 660/660/660 682/682/682
f 660/660/660 681/681/681 682/682/682
f 662/662/662 661/661/661 683/683/683
f 661/661/661 682/682/682 683/683/683
f 663/663/663 662/662/662 684/684/684
f 662/662/662 683/683/683 684/684/684
f 664/664/664 663/663/663 685/685/685
f 663/663/663 684/684/684 685/685/685
f 665/665/665 664/664/664 686/686/686
f 664/664/664 685/685/685 686/686/686
f 666/666/666 665/665/665 687/687/687
f 665/665/665 686/686/686 687/687/687
f 667/667/667 666/666/666 688/688/688
f 666/666/666 687/687/687 688/688/688
f 668/668/668 667/667/667 689/689/689
f 667/667/667 688/688/688 689/689/689
f 669/669/669 668/668/668 690/690/690
f 668/668/668 689/689/689 690/690/690
f 670/670/670 669/669/669 691/691/691
f 669/669/669 690/690/690 691/691/691
f 671/671/671 670/670/670 692/692/692
f 670/670/670 691/691/691 692/692/692
f 672/672/672 671/671/671 693/693/693
f 671/671/671 692/692/692 693/693/693
f 674/674/674 673/673/673 695/695/695
f 673/673/673 694/694/694 695/695/695
f 675/675/675 674/674/674 696/696/696
f 674/674/674 695/695/695 696/696/696
f 676/676/676 675/675/675 697/697/697
f 675/675/675 696/696/696 697/697/697
f 677/677/677 676/676/676 698/698/698
f 676/676/676 697/697/697 698/698/698
f 678/678/678 677/677/677 699/699/699
f 677/677/677 698/698/698 699/699/699
f 679/679/679 678/678/678 700/700/700
f 678/678/678 699/699/699 700/700/700
f 680/680/680 679/679/679 701/701/701
f 679/679/679 700/700/700 701/701/701
f 681/681/681 680/680/680 702/702/702
f 680/680/680 701/701/701 702/702/702
f 682/682/682 681/681/681 703/703/703
f 681/681/681 702/702/702 703/703/703
f 683/683/683 682/682/682 704/704/704
f 682/682/682 703/703/703 704/704/704
f 684/684/684 683/683/683 705/705/705
f 683/683/683 704/704/704 705/705/705
f 685/685/685 684/684/684 706/706/706
f 684/684/684 705/705/705 706/706/706
f 686/686/686 685/685/685 707/707/707
f 685/685/685 706/706/706 707/707/707
f 687/687/687 686/686/686 708/708/708
f 686/686/686 707/707/707 708/708/708
f 688/688/688 687/687/687 709/709/709
f 687/687/687 708/708/708 709/709/709
f 689/689/689 688/688/688 710/710/710
f 688/688/688 709/709/709 710/710/710
f 690/690/690 689/689/689 711/711/711
f 689/689/689 710/710/710 711/711/711
f 691/691/691 690/690/690 712/712/712
f 690/690/690 711/711/711 712/712/712
f 692/692/692 691/691/691 713/713/713
f 691/691/691 712/712/712 713/713/713
f 693/693/693 692/692/692 714/714/714
f 692/692/692 713/713/713 714/714/714
f 695/695/695 694/694/694 716/716/716
f 694/694/694 715/715/715 716/716/716
f 696/696/696 695/695/695 717/717/717
f 695/695/695 716/716/716 717/717/717
f 697/697/697 696/696/696 718/718/718
f 696/696/696 717/717/717 718/718/718
f 698/698/698 697/697/697 719/719/719
f 697/697/697 718/718/718 719/719/719
f 699/699/699 698/698/698 720/720/720
f 698/698/698 719/719/719 720/720/720
f 700/700/700 699/699/699 721/721/721
f 699/699/699 720/720/720 721/721/721
f 701/701/701 700/700/700 722/722/722
f 700/700/700 721/721/721 722/722/722
f 702/702/702 701/701/701 723/723/723
f 701/701/701 722/722/722 723/723/723
f 703/703/703 702/702/702 724/724/724
f 702/702/702 723/723/723 724/724/724
f 704/704/704 703/703/703 725/725/725
f 703/703/703 724/724/724 725/725/725
f 705/705/705 704/704/704 726/726/726
f 704/704/704 725/725/725 726/726/726
f 706/706/706 705/705/705 727/727/727
f 705/705/705 726/726/726 727/727/727
f 707/707/707 706/706/706 728/728/728
f 706/706/706 727/727/727 728/728/728
f 708/708/708 707/707/707 729/729/729
f 707/707/707 728/728/728 729/729/729
f 709/709/709 708/708/708 730/730/730
f 708/708/708 729/729/729 730/730/730
f 710/710/710 709/709/709 731/731/731
f 709/709/709 730/730/730 731/731/731
f 711/711/711 710/710/710 732/732/732
f 710/710/710 731/731/731 732/732/732
f 712/712/712 711/711/711 733/733/733
f 711/711/711 732/732/732 733/733/733
f 713/713/713 712/712/712 734/734/734
f 712/712/712 733/733/733 734/734/734
f 714/714/714 713/713/713 735/735/735
f 713/713/713 734/734/734 735/735/735
f 716/716/716 715/715/715 737/737/737
f 715/715/715 736/736/736 737/737/737
f 717/717/717 716/716/716 738/738/738
f 716/716/716 737/737/737 738/738/738
f 718/718/718 717/717/717 739/739/739
f 717/717/717 738/738/738 739/739/739
f 719/719/719 718/718/718 740/740/740
f 718/718/718 739/739/739 740/740/740
f 720/720/720 719/719/719 741/741/741
f 719/719/719 740/740/740 741/741/741
f 721/721/721 720/720/720 742/742/742
f 720/720/720 741/741/741 742/742/742
f 722/722/722 721/721/721 743/743/743
f 721/721/721 742/742/742 743/743/743
f 723/723/723 722/722/722 744/744/744
f 722/722/722 743/743/743 744/744/744
f 724/724/724 723/723/723 745/745/745
f 723/723/723 744/744/744 745/745/745
f 725/725/725 724/724/724 746/746/746
f 724/724/724 745/745/745 746/746/746
f 726/726/726 725/725/725 747/747/747
f 725/725/725 746/746/746 747/747/747
f 727/727/727 726/726/726 748/748/748
f 726/726/726 747/747/747 748/748/748
f 728/728/728 727/727/727 749/749/749
f 727/727/727 748/748/748 749/749/749
f 729/729/729 728/728/728 750/750/750
f 728/728/728 749/749/749 750/750/750
f 730/730/730 729/729/729 751/751/751
f 729/729/729 750/750/750 751/751/751
f 731/731/731 730/730/730 752/752/752
f 730/730/730 751/751/751 752/752/752
f 732/732/732 731/731/731 753/753/753
f 731/731/731 752/752/752 753/753/753
f 733/733/733 732/732/732 754/754/754
f 732/732/732 753/753/753 754/754/754
f 734/734/734 733/733/733 755/755/755
f 733/733/733 754/754/754 755/755/755
f 735/735/735 734/734/734 756/756/756
f 734/734/734 755/755/755 756/756/756
f 737/737/737 736/736/736 758/758/758
f 736/736/736 757/757/757 758/758/758
f 738/738/738 737/737/737 759/759/759
f 737/737/737 758/758/758 759/759/759
f 739/739/739 738/738/738 760/760/760
f 738/738/738 759/759/759 760/760/760
f 740/740/740 739/739/739 761/761/761
f 739/739/739 760/760/760 761/761/761
f 741/741/741 740/740/740 762/762/762
f 740/740/740 761/761/761 762/762/762
f 742/742/742 741/741/741 763/763/763
f 741/741/741 762/762/762 763/763/763
f 743/743/743 742/742/742 764/764/764
f 742/742/742 763/763/763 764/764/764
f 744/744/744 743/743/743 765/765/765
f 743/743/743 764/764/764 765/765/765
f 745/745/745 744/744/744 766/766/766
f 744/744/744 765/765/765 766/766/766
f 746/746/746 745/745/745 767/767/767
f 745/745/745 766/766/766 767/767/767
f 747/747/747 746/746/746 768/768/768
f 746/746/746 767/767/767 768/768/768
f 748/748/748 747/747/747 769/769/769
f 747/747/747 768/768/768 769/769/769
f 749/749/749 748/748/748 770/770/770
f 748/748/748 769/769/769 770/770/770
f 750/750/750 749/749/749 771/771/771
f 749/749/749 770/770/770 771/771/771
f 751/751/751 750/750/750 772/772/772
f 750/750/750 771/771/771 772/772/772
f 752/752/752 751/751/751 773/773/773
f 751/751/751 772/772/772 773/773/773
f 753/753/753 752/752/752 774/774/774
f 752/752/752 773/773/773 774/774/774
f 754/754/754 753/753/753 775/775/775
f 753/753/753 774/774/774 775/775/775
f 755/755/755 754/754/754 776/776/776
f 754/754/754 775/775/775 776/776/776
f 756/756/756 755/755/755 777/777/777
f 755/755/755 776/776/776 777/777/777
f 758/758/758 757/757/757 779/779/779
f 757/757/757 778/778/778 779/779/779
f 759/759/759 758/758/758 780/780/780
f 758/758/758 779/779/779 780/780/780
f 760/760/760 759/759/759 781/781/781
f 759/759/759 780/780/780 781/781/781
f 761/761/761 760/760/760 782/782/782
f 760/760/760 781/781/781 782/782/782
f 762/762/762 761/761/761 783/783/783
f 761/761/761 782/782/782 783/783/783
f 763/763/763 762/762/762 784/784/784
f 762/762/762 783/783/783 784/784/784
f 764/764/764 763/763/763 785/785/785
f 763/763/763 784/784/784 785/785/785
f 765/765/765 764/764/764 786/786/786
f 764/764/764 785/785/785 786/786/786
f 766/766/766 765/765/765 787/787/787
f 765/765/765 786/786/786 787/787/787
f 767/767/767 766/766/766 788/788/788
f 766/766/766 787/787/787 788/788/788
f 768/768/768 767/767/767 789/789/789
f 767/767/767 788/788/788 789/789/789
f 769/769/769 768/768/768 790/790/790
f 768/768/768 789/789/789 790/790/790
f 770/770/770 769/769/769 791/791/791
f 769/769/769 790/790/790 791/791/791
f 771/771/771 770/770/770 792/792/792
f 770/770/770 791/791/791 792/792/792
f 772/772/772 771/771/771 793/793/793
f 771/771/771 792/792/792 793/793/793
f 773/773/773 772/772/772 794/794/794
f 772/772/772 793/793/793 794/794/794
f 774/774/774 773/773/773 795/795/795
f 773/773/773 794/794/794 795/795/795
f 775/775/775 774/774/774 796/796/796
f 774/774/774 795/795/795 796/796/796
f 776/776/776 775/775/775 797/797/797
f 775/775/775 796/796/796 797/797/797
f 777/777/777 776/776/776 798/798/798
f 776/776/776 797/797/797 798/798/798
f 779/779/779 778/778/778 800/800/800
f 778/778/778 799/799/799 800/800/800
f 780/780/780 779/779/779 801/801/801
f 779/779/779 800/800/800 801/801/801
f 781/781/781 780/780/780 802/802/802
f 780/780/780 801/801/801 802/802/802
f 782/782/782 781/781/781 803/803/803
f 781/781/781 802/802/802 803/803/803
f 783/783/783 782/782/782 804/804/804
f 782/782/782 803/803/803 804/804/804
f 784/784/784 783/783/783 805/805/805
f 783/783/783 804/804/804 805/805/805
f 785/785/785 784/784/784 806/806/806
f 784/784/784 805/805/805 806/806/806
f 786/786/786 785/785/785 807/807/807
f 785/785/785 806/806/806 807/807/807
f 787/787/787 786/786/786 808/808/808
f 786/786/786 807/807/807 808/808/808
f 788/788/788 787/787/787 809/809/809
f 787/787/787 808/808/808 809/809/809
f 789/789/789 788/788/788 810/810/810
f 788/788/788 809/809/809 810/810/810
f 790/790/790 789/789/789 811/811/811
f 789/789/789 810/810/810 811/811/811
f 791/791/791 790/790/790 812/812/812
f 790/790/790 811/811/811 812/812/812
f 792/792/792 791/791/791 813/813/813
f 791/791/791 812/812/812 813/813/813
f 793/793/793 792/792/792 814/814/814
f 792/792/792 813/813/813 814/814/814
f 794/794/794 793/793/793 815/815/815
f 793/793/793 814/814/814 815/815/815
f 795/795/795 794/794/794 816/816/816
f 794/794/794 815/815/815 816/816/816
f 796/796/796 795/795/795 817/817/817
f 795/795/795 816/816/816 817/817/817
f 797/797/797 796/796/796 818/818/818
f 796/796/796 817/817/817 818/818/818
f 798/798/798 797/797/797 819/819/819
f 797/797/797 818/818/818 819/819/819
f 800/800/800 799/799/799 821/821/821
f 799/799/799 820/820/820 821/821/821
f 801/801/801 800/800/800 822/822/822
f 800/800/800 821/821/821 822/822/822
f 802/802/802 801/801/801 823/823/823
f 801/801/801 822/822/822 823/823/823
f 803/803/803 802/802/802 824/824/824
f 802/802/802 823/823/823 824/824/824
f 804/804/804 803/803/803 825/825/825
f 803/803/803 824/824/824 825/825/825
f 805/805/805 804/804/804 826/826/826
f 804/804/804 825/825/825 826/826/826
f 806/806/806 805/805/805 827/827/827
f 805/805/805 826/826/826 827/827/827
f 807/807/807 806/806/806 828/828/828
f 806/806/806 827/827/827 828/828/828
f 808/808/808 807/807/807 829/829/829
f 807/807/807 828/828/828 829/829/829
f 809/809/809 808/808/808 830/830/830
f 808/808/808 829/829/829 830/830/830
f 810/810/810 809/809/809 831/831/831
f 809/809/809 830/830/830 831/831/831
f 811/811/811 810/810/810 832/832/832
f 810/810/810 831/831/831 832/832/832
f 812/812/812 811/811/811 833/833/833
f 811/811/811 832/832/832 833/833/833
f 813/813/813 812/812/812 834/834/834
f 812/812/812 833/833/833 834/834/834
f 814/814/814 813/813/813 835/835/835
f 813/813/813 834/834/834 835/835/835
f 815/815/815 814/814/814 836/836/836
f 814/814/814 835/835/835 836/836/836
f 816/816/816 815/815/815 837/837/837
f 815/815/815 836/836/836 837/837/837
f 817/817/817 816/816/816 838/838/838
f 816/816/816 837/837/837 838/838/838
f 818/818/818 817/817/817 839/839/839
f 817/817/817 838/838/838 839/839/839
f 819/819/819 818/818/818 840/840/840
f 818/818/818 839/839/839 840/840/840
f 821/821/821 820/820/820 842/842/842
f 820/820/820 841/841/841 842/842/842
f 822/822/822 821/821/821 843/843/843
f 821/821/821 842/842/842 843/843/843
f 823/823/823 822/822/822 844/844/844
f 822/822/822 843/843/843 844/844/844
f 824/824/824 823/823/823 845/845/845
f 823/823/823 844/844/844 845/845/845
f 825/825/825 824/824/824 846/846/846
f 824/824/824 845/845/845 846/846/846
f 826/826/826 825/825/825 847/847/847
f 825/825/825 846/846/846 847/847/847
f 827/827/827 826/826/826 848/848/848
f 826/826/826 847/847/847 848/848/848
f 828/828/828 827/827/827 849/849/849
f 827/827/827 848/848/848 849/849/849
f 829/829/829 828/828/828 850/850/850
f 828/828/828 849/849/849 850/850/850
f 830/830/830 829/829/829 851/851/851
f 829/829/829 850/850/850 851/851/851
f 831/831/831 830/830/830 852/852/852
f 830/830/830 851/851/851 852/852/852
f 832/832/832 831/831/831 853/853/853
f 831/831/831 852/852/852 853/853/853
f 833/833/833 832/832/832 854/854/854
f 832/832/832 853/853/853 854/854/854
f 834/834/834 833/833/833 855/855/855
f 833/833/833 854/854/854 855/855/855
f 835/835/835 834/834/834 856/856/856
f 834/834/834 855/855/855 856/856/856
f 836/836/836 835/835/835 857/857/857
f 835/835/835 856/856/856 857/857/857
f 837/837/837 836/836/836 858/858/858
f 836/836/836 857/857/857 858/858/858
f 838/838/838 837/837/837 859/859/859
f 837/837/837 858/858/858 859/859/859
f 839/839/839 838/838/838 860/860/860
f 838/838/838 859/859/859 860/860/860
f 840/840/840 839/839/839 861/861/861
f 839/839/839 860/860/860 861/861/861
f 842/842/842 841/841/841 863/863/863
f 841/841/841 862/862/862 863/863/863
f 843/843/843 842/842/842 864/864/864
f 842/842/842 863/863/863 864/864/864
f 844/844/844 843/843/843 865/865/865
f 843/843/843 864/864/864 865/865/865
f 845/845/845 844/844/844 866/866/866
f 844/844/844 865/865/865 866/866/866
f 846/846/846 845/845/845 867/867/867
f 845/845/845 866/866/866 867/867/867
f 847/847/847 846/846/846 868/868/868
f 846/846/846 867/867/867 868/868/868
f 848/848/848 847/847/847 869/869/869
f 847/847/847 868/868/868 869/869/869
f 849/849/849 848/848/848 870/870/870
f 848/848/848 869/869/869 870/870/870
f 850/850/850 849/849/849 871/871/871
f 849/849/849 870/870/870 871/871/871
f 851/851/851 850/850/850 872/872/872
f 850/850/850 871/871/871 872/872/872
f 852/852/852 851/851/851 873/873/873
f 851/851/851 872/872/872 873/873/873
f 853/853/853 852/852/852 874/874/874
f 852/852/852 873/873/873 874/874/874
f 854/854/854 853/853/853 875/875/875
f 853/853/853 874/874/874 875/875/875
f 855/855/855 854/854/854 876/876/876
f 854/854/854 875/875/875 876/876/876
f 856/856/856 855/855/855 877/877/877
f 855/855/855 876/876/876 877/877/877
f 857/857/857 856/856/856 878/878/878
f 856/856/856 877/877/877 878/878/878
f 858/858/858 857/857/857 879/879/879
f 857/857/857 878/878/878 879/879/879
f 859/859/859 858/858/858 880/880/880
f 858/858/858 879/879/879 880/880/880
f 860/860/860 859/859/859 881/881/881
f 859/859/859 880/880/880 881/881/881
f 861/861/861 860/860/860 882/882/882
f 860/860/860 881/881/881 882/882/882
f 863/863/863 862/862/862 884/884/884
f 862/862/862 883/883/883 884/884/884
f 864/864/864 863/863/863 885/885/885
f 863/863/863 884/884/884 885/885/885
f 865/865/865 864/864/864 886/886/886
f 864/864/864 885/885/885 886/886/886
f 866/866/866 865/865/865 887/887/887
f 865/865/865 886/886/886 887/887/887
f 867/867/867 866/866/866 888/888/888
f 866/866/866 887/887/887 888/888/888
f 868/868/868 867/867/867 889/889/889
f 867/867/867 888/888/888 889/889/889
f 869/869/869 868/868/868 890/890/890
f 868/868/868 889/889/889 890/890/890
f 870/870/870 869/869/869 891/891/891
f 869/869/869 890/890/890 891/891/891
f 871/871/871 870/870/870 892/892/892
f 870/870/870 891/891/891 892/892/892
f 872/872/872 871/871/871 893/893/893
f 871/871/871 892/892/892 893/893/893
f 873/873/873 872/872/872 894/894/894
f 872/872/872 893/893/893 894/894/894
f 874/874/874 873/873/873 895/895/895
f 873/873/873 894/894/894 895/895/895
f 875/875/875 874/874/874 896/896/896
f 874/874/874 895/895/895 896/896/896
f 876/876/876 875/875/875 897/897/897
f 875/875/875 896/896/896 897/897/897
f 877/877/877 876/876/876 898/898/898
f 876/876/876 897/897/897 898/898/898
f 878/878/878 877/877/877 899/899/899
f 877/877/877 898/898/898 899/899/899
f 879/879/879 878/878/878 900/900/900
f 878/878/878 899/899/899 900/900/900
f 880/880/880 879/879/879 901/901/901
f 879/879/879 900/900/900 901/901/901
f 881/881/881 880/880/880 902/902/902
f 880/880/880 901/901/901 902/902/902
f 882/882/882 881/881/881 903/903/903
f 881/881/881 902/902/902 903/903/903
f 884/884/884 883/883/883 905/905/905
f 883/883/883 904/904/904 905/905/905
f 885/885/885 884/884/884 906/906/906
f 884/884/884 905/905/905 906/906/906
f 886/886/886 885/885/885 907/907/907
f 885/885/885 906/906/906 907/907/907
f 887/887/887 886/886/886 908/908/908
f 886/886/886 907/907/907 908/908/908
f 888/888/888 887/887/887 909/909/909
f 887/887/887 908/908/908 909/909/909
f 889/889/889 888/888/888 910/910/910
f 888/888/888 909/909/909 910/910/910
f 890/890/890 889/889/889 911/911/911
f 889/889/889 910/910/910 911/911/911
f 891/891/891 890/890/890 912/912/912
f 890/890/890 911/911/911 912/912/912
f 892/892/892 891/891/891 913/913/913
f 891/891/891 912/912/912 913/913/913
f 893/893/893 892/892/892 914/914/914
f 892/892/892 913/913/913 914/914/914
f 894/894/894 893/893/893 915/915/915
f 893/893/893 914/914/914 915/915/915
f 895/895/895 894/894/894 916/916/916
f 894/894/894 915/915/915 916/916/916
f 896/896/896 895/895/895 917/917/917
f 895/895/895 916/916/916 917/917/917
f 897/897/897 896/896/896 918/918/918
f 896/896/896 917/917/917 918/918/918
f 898/898/898 897/897/897 919/919/919
f 897/897/897 918/918/918 919/919/919
f 899/899/899 898/898/898 920/920/920
f 898/898/898 919/919/919 920/920/920
f 900/900/900 899/899/899 921/921/921
f 899/899/899 920/920/920 921/921/921
f 901/901/901 900/900/900 922/922/922
f 900/900/900 921/921/921 922/922/922
f 902/902/902 901/901/901 923/923/923
f 901/901/901 922/922/922 923/923/923
f 903/903/903 902/902/902 924/924/924
f 902/902/902 923/923/923 924/924/924
f 905/905/905 904/904/904 926/926/926
f 906/906/906 905/905/905 927/927/927
f 907/907/907 906/906/906 928/928/928
f 908/908/908 907/907/907 929/929/929
f 909/909/909 908/908/908 930/930/930
f 910/910/910 909/909/909 931/931/931
f 911/911/911 910/910/910 932/932/932
f 912/912/912 911/911/911 933/933/933
f 913/913/913 912/912/912 934/934/934
f 914/914/914 913/913/913 935/935/935
f 915/915/915 914/914/914 936/936/936
f 916/916/916 915/915/915 937/937/937
f 917/917/917 916/916/916 938/938/938
f 918/918/918 917/917/917 939/939/939
f 919/919/919 918/918/918 940/940/940
f 920/920/920 919/919/919 941/941/941
f 921/921/921 920/920/920 942/942/942
f 922/922/922 921/921/921 943/943/943
f 923/923/923 922/922/922 944/944/944
f 924/924/924 923/923/923 945/945/945
f 946/946/946 971/971/971 947/947/947
f 971/971/971 972/972/972 947/947/947
f 947/947/947 972/972/972 948/948/948
f 972/972/972 973/973/973 948/948/948
f 948/948/948 973/973/973 949/949/949
f 973/973/973 974/974/974 949/949/949
f 949/949/949 974/974/974 950/950/950
f 974/974/974 975/975/975 950/950/950
f 950/950/950 975/975/975 951/951/951
f 975/975/975 976/976/976 951/951/951
f 951/951/951 976/976/976 952/952/952
f 976/976/976 977/977/977 952/952/952
f 952/952/952 977/977/977 953/953/953
f 977/977/977 978/978/978 953/953/953
f 953/953/953 978/978/978 954/954/954
f 978/978/978 979/979/979 954/954/954
f 954/954/954 979/979/979 955/955/955
f 979/979/979 980/980/980 955/955/955
f 955/955/955 980/980/980 956/956/956
f 980/980/980 981/981/981 956/956/956
f 956/956/956 981/981/981 957/957/957
f 981/981/981 982/982/982 957/957/957
f 957/957/957 982/982/982 958/958/958
f 982/982/982 983/983/983 958/958/958
f 958/958/958 983/983/983 959/959/959
f 983/983/983 984/984/984 959/959/959
f 959/959/959 984/984/984 960/960/960
f 984/984/984 985/985/985 960/960/960
f 960/960/960 985/985/985 961/961/961
f 985/985/985 986/986/986 961/961/961
f 961/961/961 986/986/986 962/962/962
f 986/986/986 987/987/987 962/962/962
f 962/962/962 987/987/987 963/963/963
f 987/987/987 988/988/988 963/963/963
f 963/963/963 988/988/988 964/964/964
f 988/988/988 989/989/989 964/964/964
f 964/964/964 989/989/989 965/965/965
f 989/989/989 990/990/990 965/965/965
f 965/965/965 990/990/990 966/966/966
f 990/990/990 991/991/991 966/966/966
f 966/966/966 991/991/991 967/967/967
f 991/991/991 992/992/992 967/967/967
f 967/967/967 992/992/992 968/968/968
f 992/992/992 993/993/993 968/968/968
f 968/968/968 993/993/993 969/969/969
f 993/993/993 994/994/994 969/969/969
f 969/969/969 994/994/994 970/970/970
f 994/994/994 995/995/995 970/970/970
f 1021/1021/1021 1020/1020/1020 996/996/996
f 1022/1022/1022 1021/1021/1021 997/997/997
f 1023/1023/1023 1022/1022/1022 998/998/998
f 1024/1024/1024 1023/1023/1023 999/999/999
f 1025/1025/1025 1024/1024/1024 1000/1000/1000
f 1026/1026/1026 1025/1025/1025 1001/1001/1001
f 1027/1027/1027 1026/1026/1026 1002/1002/1002
f 1028/1028/1028 1027/1027/1027 1003/1003/1003
f 1029/1029/1029 1028/1028/1028 1004/1004/1004
f 1030/1030/1030 1029/1029/1029 1005/1005/1005
f 1031/1031/1031 1030/1030/1030 1006/1006/1006
f 1032/1032/1032 1031/1031/1031 1007/1007/1007
f 1033/1033/1033 1032/1032/1032 1008/1008/1008
f 1034/1034/1034 1033/1033/1033 1009/1009/1009
f 1035/1035/1035 1034/1034/1034 1010/1010/1010
f 1036/1036/1036 1035/1035/1035 1011/1011/1011
f 1037/1037/1037 1036/1036/1036 1012/1012/1012
f 1038/1038/1038 1037/1037/1037 1013/1013/1013
f 1039/1039/1039 1038/1038/1038 1014/1014/1014
f 1040/1040/1040 1039/1039/1039 1015/1015/1015
f 1041/1041/1041 1040/1040/1040 1016/1016/1016
f 1042/1042/1042 1041/1041/1041 1017/1017/1017
f 1043/1043/1043 1042/1042/1042 1018/1018/1018
f 1044/1044/1044 1043/1043/1043 1019/1019/1019
o 
v 0.10948079079389572 0.7137824892997742 0.10000000149011612
v 0.1465594619512558 0.7043147683143616 0.09238795191049576
v 0.17799323797225952 0.6962884068489075 0.0707106739282608
v 0.1989966183900833 0.6909253597259521 0.03826834261417389
v 0.20637203752994537 0.6890420913696289 6.123234262925839e-18
v 0.1989966183900833 0.6909253597259521 -0.03826834261417389
v 0.17799323797225952 0.6962884068489075 -0.0707106739282608
v 0.1465594619512558 0.7043147683143616 -0.09238795191049576
v 0.10948079079389572 0.7137824892997742 -0.10000000149011612
v 0.07240211963653564 0.7232502102851868 -0.09238795191049576
v 0.04096833989024162 0.7312765717506409 -0.0707106739282608
v 0.01996495947241783 0.7366396188735962 -0.03826834261417389
v 0.012589549645781517 0.7385228872299194 -1.8369701134416293e-17
v 0.01996495947241783 0.7366396188735962 0.03826834261417389
v 0.04096833989024162 0.7312765717506409 0.0707106739282608
v 0.07240211963653564 0.7232502102851868 0.09238795191049576
v 0.10948079079389572 0.7137824892997742 0.10000000149011612
v 0.010519208386540413 0.32621750235557556 0.10000000149011612
v 0.04759788140654564 0.31674978137016296 0.09238795191049576
v 0.07903166115283966 0.30872341990470886 0.0707106739282608
v 0.10003504157066345 0.30336037278175354 0.03826834261417389
v 0.10741045325994492 0.3014771342277527 6.123234262925839e-18
v 0.10003504157066345 0.30336037278175354 -0.03826834261417389
v 0.07903166115283966 0.30872341990470886 -0.0707106739282608
v 0.04759788140654564 0.31674978137016296 -0.09238795191049576
v 0.010519208386540413 0.32621750235557556 -0.10000000149011612
v -0.026559464633464813 0.33568525314331055 -0.09238795191049576
v -0.057993244379758835 0.34371161460876465 -0.0707106739282608
v -0.07899662107229233 0.34907466173171997 -0.03826834261417389
v -0.08637203276157379 0.3509579002857208 -1.8369701134416293e-17
v -0.07899662107229233 0.34907466173171997 0.03826834261417389
v -0.057993244379758835 0.34371161460876465 0.0707106739282608
v -0.026559464633464813 0.33568525314331055 0.09238795191049576
v 0.010519208386540413 0.32621750235557556 0.10000000149011612
v 0.10948079079389572 0.7137824892997742 0
v 0.10948079079389572 0.7137824892997742 0
v 0.10948079079389572 0.7137824892997742 0
v 0.10948079079389572 0.7137824892997742 0
v 0.10948079079389572 0.7137824892997742 0
v 0.10948079079389572 0.7137824892997742 0
v 0.10948079079389572 0.7137824892997742 0
v 0.10948079079389572 0.7137824892997742 0
v 0.10948079079389572 0.7137824892997742 0
v 0.10948079079389572 0.7137824892997742 0
v 0.10948079079389572 0.7137824892997742 0
v 0.10948079079389572 0.7137824892997742 0
v 0.10948079079389572 0.7137824892997742 0
v 0.10948079079389572 0.7137824892997742 0
v 0.10948079079389572 0.7137824892997742 0
v 0.10948079079389572 0.7137824892997742 0
v 0.10948079079389572 0.7137824892997742 0.10000000149011612
v 0.1465594619512558 0.7043147683143616 0.09238795191049576
v 0.17799323797225952 0.6962884068489075 0.0707106739282608
v 0.1989966183900833 0.6909253597259521 0.03826834261417389
v 0.20637203752994537 0.6890420913696289 6.123234262925839e-18
v 0.1989966183900833 0.6909253597259521 -0.03826834261417389
v 0.17799323797225952 0.6962884068489075 -0.0707106739282608
v 0.1465594619512558 0.7043147683143616 -0.09238795191049576
v 0.10948079079389572 0.7137824892997742 -0.10000000149011612
v 0.07240211963653564 0.7232502102851868 -0.09238795191049576
v 0.04096833989024162 0.7312765717506409 -0.0707106739282608
v 0.01996495947241783 0.7366396188735962 -0.03826834261417389
v 0.012589549645781517 0.7385228872299194 -1.8369701134416293e-17
v 0.01996495947241783 0.7366396188735962 0.03826834261417389
v 0.04096833989024162 0.7312765717506409 0.0707106739282608
v 0.07240211963653564 0.7232502102851868 0.09238795191049576
v 0.10948079079389572 0.7137824892997742 0.10000000149011612
v 0.010519208386540413 0.32621750235557556 0
v 0.010519208386540413 0.32621750235557556 0
v 0.010519208386540413 0.32621750235557556 0
v 0.010519208386540413 0.32621750235557556 0
v 0.010519208386540413 0.32621750235557556 0
v 0.010519208386540413 0.32621750235557556 0
v 0.010519208386540413 0.32621750235557556 0
v 0.010519208386540413 0.32621750235557556 0
v 0.010519208386540413 0.32621750235557556 0
v 0.010519208386540413 0.32621750235557556 0
v 0.010519208386540413 0.32621750235557556 0
v 0.010519208386540413 0.32621750235557556 0
v 0.010519208386540413 0.32621750235557556 0
v 0.010519208386540413 0.32621750235557556 0
v 0.010519208386540413 0.32621750235557556 0
v 0.010519208386540413 0.32621750235557556 0
v 0.010519208386540413 0.32621750235557556 0.10000000149011612
v 0.04759788140654564 0.31674978137016296 0.09238795191049576
v 0.07903166115283966 0.30872341990470886 0.0707106739282608
v 0.10003504157066345 0.30336037278175354 0.03826834261417389
v 0.10741045325994492 0.3014771342277527 6.123234262925839e-18
v 0.10003504157066345 0.30336037278175354 -0.03826834261417389
v 0.07903166115283966 0.30872341990470886 -0.0707106739282608
v 0.04759788140654564 0.31674978137016296 -0.09238795191049576
v 0.010519208386540413 0.32621750235557556 -0.10000000149011612
v -0.026559464633464813 0.33568525314331055 -0.09238795191049576
v -0.057993244379758835 0.34371161460876465 -0.0707106739282608
v -0.07899662107229233 0.34907466173171997 -0.03826834261417389
v -0.08637203276157379 0.3509579002857208 -1.8369701134416293e-17
v -0.07899662107229233 0.34907466173171997 0.03826834261417389
v -0.057993244379758835 0.34371161460876465 0.0707106739282608
v -0.026559464633464813 0.33568525314331055 0.09238795191049576
v 0.010519208386540413 0.32621750235557556 0.10000000149011612
vt 0 1
vt 0.0625 1
vt 0.125 1
vt 0.1875 1
vt 0.25 1
vt 0.3125 1
vt 0.375 1
vt 0.4375 1
vt 0.5 1
vt 0.5625 1
vt 0.625 1
vt 0.6875 1
vt 0.75 1
vt 0.8125 1
vt 0.875 1
vt 0.9375 1
vt 1 1
vt 0 0
vt 0.0625 0
vt 0.125 0
vt 0.1875 0
vt 0.25 0
vt 0.3125 0
vt 0.375 0
vt 0.4375 0
vt 0.5 0
vt 0.5625 0
vt 0.625 0
vt 0.6875 0
vt 0.75 0
vt 0.8125 0
vt 0.875 0
vt 0.9375 0
vt 1 0
vt 0.5 0.5
vt 0.5 0.5
vt 0.5 0.5
vt 0.5 0.5
vt 0.5 0.5
vt 0.5 0.5
vt 0.5 0.5
vt 0.5 0.5
vt 0.5 0.5
vt 0.5 0.5
vt 0.5 0.5
vt 0.5 0.5
vt 0.5 0.5
vt 0.5 0.5
vt 0.5 0.5
vt 0.5 0.5
vt 1 0.5
vt 0.9619397521018982 0.6913416981697083
vt 0.8535534143447876 0.8535534143447876
vt 0.6913416981697083 0.9619397521018982
vt 0.5 1
vt 0.30865827202796936 0.9619397521018982
vt 0.1464466154575348 0.8535534143447876
vt 0.03806023299694061 0.6913416981697083
vt 0 0.5
vt 0.03806023299694061 0.30865827202796936
vt 0.1464466154575348 0.1464466154575348
vt 0.30865827202796936 0.03806023299694061
vt 0.5 0
vt 0.6913416981697083 0.03806023299694061
vt 0.8535534143447876 0.1464466154575348
vt 0.9619397521018982 0.30865827202796936
vt 1 0.5
vt 0.5 0.5
vt 0.5 0.5
vt 0.5 0.5
vt 0.5 0.5
vt 0.5 0.5
vt 0.5 0.5
vt 0.5 0.5
vt 0.5 0.5
vt 0.5 0.5
vt 0.5 0.5
vt 0.5 0.5
vt 0.5 0.5
vt 0.5 0.5
vt 0.5 0.5
vt 0.5 0.5
vt 0.5 0.5
vt 1 0.5
vt 0.9619397521018982 0.30865827202796936
vt 0.8535534143447876 0.1464466154575348
vt 0.6913416981697083 0.03806023299694061
vt 0.5 0
vt 0.30865827202796936 0.03806023299694061
vt 0.1464466154575348 0.1464466154575348
vt 0.03806023299694061 0.30865827202796936
vt 0 0.5
vt 0.03806023299694061 0.6913416981697083
vt 0.1464466154575348 0.8535534143447876
vt 0.30865827202796936 0.9619397521018982
vt 0.5 1
vt 0.6913416981697083 0.9619397521018982
vt 0.8535534143447876 0.8535534143447876
vt 0.9619397521018982 0.6913416981697083
vt 1 0.5
vn 0 0 1
vn 0.37078673682832763 -0.09467739876234027 0.9238795300015028
vn 0.6851245350421412 -0.1749410229616371 0.7071067882352888
vn 0.8951583552914278 -0.22857146088269792 0.38268342820390766
vn 0.9689124205350644 -0.24740396385846902 6.123234249515765e-17
vn 0.8951583552914278 -0.22857146088269792 -0.38268342820390766
vn 0.6851245350421412 -0.1749410229616371 -0.7071067882352888
vn 0.37078673682832763 -0.09467739876234027 -0.9238795300015028
vn 1.1865755009329452e-16 -3.0298249409278115e-17 -1
vn -0.37078673682832763 0.09467739876234027 -0.9238795300015028
vn -0.6851245350421412 0.1749410229616371 -0.7071067882352888
vn -0.8951583552914278 0.22857146088269792 -0.38268342820390766
vn -0.9689124205350644 0.24740396385846902 -1.8369701425058318e-16
vn -0.8951583552914278 0.22857146088269792 0.38268342820390766
vn -0.6851245350421412 0.1749410229616371 0.7071067882352888
vn -0.37078673682832763 0.09467739876234027 0.9238795300015028
vn -2.3731510018658905e-16 6.059649881855623e-17 1
vn 0 0 1
vn 0.37078673682832763 -0.09467739876234027 0.9238795300015028
vn 0.6851245350421412 -0.1749410229616371 0.7071067882352888
vn 0.8951583552914278 -0.22857146088269792 0.38268342820390766
vn 0.9689124205350644 -0.24740396385846902 6.123234249515765e-17
vn 0.8951583552914278 -0.22857146088269792 -0.38268342820390766
vn 0.6851245350421412 -0.1749410229616371 -0.7071067882352888
vn 0.37078673682832763 -0.09467739876234027 -0.9238795300015028
vn 1.1865755009329452e-16 -3.0298249409278115e-17 -1
vn -0.37078673682832763 0.09467739876234027 -0.9238795300015028
vn -0.6851245350421412 0.1749410229616371 -0.7071067882352888
vn -0.8951583552914278 0.22857146088269792 -0.38268342820390766
vn -0.9689124205350644 0.24740396385846902 -1.8369701425058318e-16
vn -0.8951583552914278 0.22857146088269792 0.38268342820390766
vn -0.6851245350421412 0.1749410229616371 0.7071067882352888
vn -0.37078673682832763 0.09467739876234027 0.9238795300015028
vn -2.3731510018658905e-16 6.059649881855623e-17 1
vn 0.24740396385846902 0.9689124205350644 0
vn 0.24740396385846902 0.9689124205350644 0
vn 0.24740396385846902 0.9689124205350644 0
vn 0.24740396385846902 0.9689124205350644 0
vn 0.24740396385846902 0.9689124205350644 0
vn 0.24740396385846902 0.9689124205350644 0
vn 0.24740396385846902 0.9689124205350644 0
vn 0.24740396385846902 0.9689124205350644 0
vn 0.24740396385846902 0.9689124205350644 0
vn 0.24740396385846902 0.9689124205350644 0
vn 0.24740396385846902 0.9689124205350644 0
vn 0.24740396385846902 0.9689124205350644 0
vn 0.24740396385846902 0.9689124205350644 0
vn 0.24740396385846902 0.9689124205350644 0
vn 0.24740396385846902 0.9689124205350644 0
vn 0.24740396385846902 0.9689124205350644 0
vn 0.24740396385846902 0.9689124205350644 0
vn 0.24740396385846902 0.9689124205350644 0
vn 0.24740396385846902 0.9689124205350644 0
vn 0.24740396385846902 0.9689124205350644 0
vn 0.24740396385846902 0.9689124205350644 0
vn 0.24740396385846902 0.9689124205350644 0
vn 0.24740396385846902 0.9689124205350644 0
vn 0.24740396385846902 0.9689124205350644 0
vn 0.24740396385846902 0.9689124205350644 0
vn 0.24740396385846902 0.9689124205350644 0
vn 0.24740396385846902 0.9689124205350644 0
vn 0.24740396385846902 0.9689124205350644 0
vn 0.24740396385846902 0.9689124205350644 0
vn 0.24740396385846902 0.9689124205350644 0
vn 0.24740396385846902 0.9689124205350644 0
vn 0.24740396385846902 0.9689124205350644 0
vn 0.24740396385846902 0.9689124205350644 0
vn -0.24740396385846902 -0.9689124205350644 0
vn -0.24740396385846902 -0.9689124205350644 0
vn -0.24740396385846902 -0.9689124205350644 0
vn -0.24740396385846902 -0.9689124205350644 0
vn -0.24740396385846902 -0.9689124205350644 0
vn -0.24740396385846902 -0.9689124205350644 0
vn -0.24740396385846902 -0.9689124205350644 0
vn -0.24740396385846902 -0.9689124205350644 0
vn -0.24740396385846902 -0.9689124205350644 0
vn -0.24740396385846902 -0.9689124205350644 0
vn -0.24740396385846902 -0.9689124205350644 0
vn -0.24740396385846902 -0.9689124205350644 0
vn -0.24740396385846902 -0.9689124205350644 0
vn -0.24740396385846902 -0.9689124205350644 0
vn -0.24740396385846902 -0.9689124205350644 0
vn -0.24740396385846902 -0.9689124205350644 0
vn -0.24740396385846902 -0.9689124205350644 0
vn -0.24740396385846902 -0.9689124205350644 0
vn -0.24740396385846902 -0.9689124205350644 0
vn -0.24740396385846902 -0.9689124205350644 0
vn -0.24740396385846902 -0.9689124205350644 0
vn -0.24740396385846902 -0.9689124205350644 0
vn -0.24740396385846902 -0.9689124205350644 0
vn -0.24740396385846902 -0.9689124205350644 0
vn -0.24740396385846902 -0.9689124205350644 0
vn -0.24740396385846902 -0.9689124205350644 0
vn -0.24740396385846902 -0.9689124205350644 0
vn -0.24740396385846902 -0.9689124205350644 0
vn -0.24740396385846902 -0.9689124205350644 0
vn -0.24740396385846902 -0.9689124205350644 0
vn -0.24740396385846902 -0.9689124205350644 0
vn -0.24740396385846902 -0.9689124205350644 0
vn -0.24740396385846902 -0.9689124205350644 0
f 1045/1045/1045 1062/1062/1062 1046/1046/1046
f 1062/1062/1062 1063/1063/1063 1046/1046/1046
f 1046/1046/1046 1063/1063/1063 1047/1047/1047
f 1063/1063/1063 1064/1064/1064 1047/1047/1047
f 1047/1047/1047 1064/1064/1064 1048/1048/1048
f 1064/1064/1064 1065/1065/1065 1048/1048/1048
f 1048/1048/1048 1065/1065/1065 1049/1049/1049
f 1065/1065/1065 1066/1066/1066 1049/1049/1049
f 1049/1049/1049 1066/1066/1066 1050/1050/1050
f 1066/1066/1066 1067/1067/1067 1050/1050/1050
f 1050/1050/1050 1067/1067/1067 1051/1051/1051
f 1067/1067/1067 1068/1068/1068 1051/1051/1051
f 1051/1051/1051 1068/1068/1068 1052/1052/1052
f 1068/1068/1068 1069/1069/1069 1052/1052/1052
f 1052/1052/1052 1069/1069/1069 1053/1053/1053
f 1069/1069/1069 1070/1070/1070 1053/1053/1053
f 1053/1053/1053 1070/1070/1070 1054/1054/1054
f 1070/1070/1070 1071/1071/1071 1054/1054/1054
f 1054/1054/1054 1071/1071/1071 1055/1055/1055
f 1071/1071/1071 1072/1072/1072 1055/1055/1055
f 1055/1055/1055 1072/1072/1072 1056/1056/1056
f 1072/1072/1072 1073/1073/1073 1056/1056/1056
f 1056/1056/1056 1073/1073/1073 1057/1057/1057
f 1073/1073/1073 1074/1074/1074 1057/1057/1057
f 1057/1057/1057 1074/1074/1074 1058/1058/1058
f 1074/1074/1074 1075/1075/1075 1058/1058/1058
f 1058/1058/1058 1075/1075/1075 1059/1059/1059
f 1075/1075/1075 1076/1076/1076 1059/1059/1059
f 1059/1059/1059 1076/1076/1076 1060/1060/1060
f 1076/1076/1076 1077/1077/1077 1060/1060/1060
f 1060/1060/1060 1077/1077/1077 1061/1061/1061
f 1077/1077/1077 1078/1078/1078 1061/1061/1061
f 1095/1095/1095 1096/1096/1096 1079/1079/1079
f 1096/1096/1096 1097/1097/1097 1080/1080/1080
f 1097/1097/1097 1098/1098/1098 1081/1081/1081
f 1098/1098/1098 1099/1099/1099 1082/1082/1082
f 1099/1099/1099 1100/1100/1100 1083/1083/1083
f 1100/1100/1100 1101/1101/1101 1084/1084/1084
f 1101/1101/1101 1102/1102/1102 1085/1085/1085
f 1102/1102/1102 1103/1103/1103 1086/1086/1086
f 1103/1103/1103 1104/1104/1104 1087/1087/1087
f 1104/1104/1104 1105/1105/1105 1088/1088/1088
f 1105/1105/1105 1106/1106/1106 1089/1089/1089
f 1106/1106/1106 1107/1107/1107 1090/1090/1090
f 1107/1107/1107 1108/1108/1108 1091/1091/1091
f 1108/1108/1108 1109/1109/1109 1092/1092/1092
f 1109/1109/1109 1110/1110/1110 1093/1093/1093
f 1110/1110/1110 1111/1111/1111 1094/1094/1094
f 1129/1129/1129 1128/1128/1128 1112/1112/1112
f 1130/1130/1130 1129/1129/1129 1113/1113/1113
f 1131/1131/1131 1130/1130/1130 1114/1114/1114
f 1132/1132/1132 1131/1131/1131 1115/1115/1115
f 1133/1133/1133 1132/1132/1132 1116/1116/1116
f 1134/1134/1134 1133/1133/1133 1117/1117/1117
f 1135/1135/1135 1134/1134/1134 1118/1118/1118
f 1136/1136/1136 1135/1135/1135 1119/1119/1119
f 1137/1137/1137 1136/1136/1136 1120/1120/1120
f 1138/1138/1138 1137/1137/1137 1121/1121/1121
f 1139/1139/1139 1138/1138/1138 1122/1122/1122
f 1140/1140/1140 1139/1139/1139 1123/1123/1123
f 1141/1141/1141 1140/1140/1140 1124/1124/1124
f 1142/1142/1142 1141/1141/1141 1125/1125/1125
f 1143/1143/1143 1142/1142/1142 1126/1126/1126
f 1144/1144/1144 1143/1143/1143 1127/1127/1127
o 
v -0.1872832328081131 0.6339133977890015 0.15877269208431244
v -0.15803591907024384 0.6439900994300842 0.15460185706615448
v -0.13324123620986938 0.6549524068832397 0.13912948966026306
v -0.11667396873235703 0.6651313900947571 0.11471112817525864
v -0.1108563169836998 0.6729772686958313 0.08506423234939575
v -0.11667396873235703 0.6772957444190979 0.054702285677194595
v -0.13324123620986938 0.6774293184280396 0.028247617185115814
v -0.15803591907024384 0.6733575463294983 0.00972770806401968
v -0.1872832328081131 0.6657004952430725 0.0019620435778051615
v -0.21653054654598236 0.655623733997345 0.0061328839510679245
v -0.2413252294063568 0.6446614265441895 0.021605247631669044
v -0.2578924894332886 0.6344825029373169 0.04602361470460892
v -0.2637101411819458 0.6266365647315979 0.0756705030798912
v -0.2578924894332886 0.6223181486129761 0.10603245347738266
v -0.2413252294063568 0.6221845746040344 0.13248711824417114
v -0.21653054654598236 0.6262562870979309 0.1510070264339447
v -0.1872832328081131 0.6339133977890015 0.15877269208431244
v -0.0927167683839798 0.3342995047569275 0.0980379581451416
v -0.06346945464611053 0.34437626600265503 0.09386711567640305
v -0.03867477551102638 0.35533854365348816 0.07839474827051163
v -0.022107502445578575 0.3655174970626831 0.0539763867855072
v -0.01628984697163105 0.3733634054660797 0.024329494684934616
v -0.022107502445578575 0.3776818811893463 -0.0060324519872665405
v -0.03867477551102638 0.3778154253959656 -0.03248712047934532
v -0.06346945464611053 0.3737436830997467 -0.05100703239440918
v -0.0927167683839798 0.36608660221099854 -0.05877269431948662
v -0.12196408212184906 0.3560098707675934 -0.05460185557603836
v -0.1467587649822235 0.34504759311676025 -0.03912949189543724
v -0.16332602500915527 0.3348686397075653 -0.014711124822497368
v -0.1691436916589737 0.3270227015018463 0.014935766346752644
v -0.16332602500915527 0.3227042555809021 0.045297712087631226
v -0.1467587649822235 0.32257071137428284 0.0717523843050003
v -0.12196408212184906 0.3266424238681793 0.09027229249477386
v -0.0927167683839798 0.3342995047569275 0.0980379581451416
v -0.1872832328081131 0.6498069167137146 0.08036737143993378
v -0.1872832328081131 0.6498069167137146 0.08036737143993378
v -0.1872832328081131 0.6498069167137146 0.08036737143993378
v -0.1872832328081131 0.6498069167137146 0.08036737143993378
v -0.1872832328081131 0.6498069167137146 0.08036737143993378
v -0.1872832328081131 0.6498069167137146 0.08036737143993378
v -0.1872832328081131 0.6498069167137146 0.08036737143993378
v -0.1872832328081131 0.6498069167137146 0.08036737143993378
v -0.1872832328081131 0.6498069167137146 0.08036737143993378
v -0.1872832328081131 0.6498069167137146 0.08036737143993378
v -0.1872832328081131 0.6498069167137146 0.08036737143993378
v -0.1872832328081131 0.6498069167137146 0.08036737143993378
v -0.1872832328081131 0.6498069167137146 0.08036737143993378
v -0.1872832328081131 0.6498069167137146 0.08036737143993378
v -0.1872832328081131 0.6498069167137146 0.08036737143993378
v -0.1872832328081131 0.6498069167137146 0.08036737143993378
v -0.1872832328081131 0.6339133977890015 0.15877269208431244
v -0.15803591907024384 0.6439900994300842 0.15460185706615448
v -0.13324123620986938 0.6549524068832397 0.13912948966026306
v -0.11667396873235703 0.6651313900947571 0.11471112817525864
v -0.1108563169836998 0.6729772686958313 0.08506423234939575
v -0.11667396873235703 0.6772957444190979 0.054702285677194595
v -0.13324123620986938 0.6774293184280396 0.028247617185115814
v -0.15803591907024384 0.6733575463294983 0.00972770806401968
v -0.1872832328081131 0.6657004952430725 0.0019620435778051615
v -0.21653054654598236 0.655623733997345 0.0061328839510679245
v -0.2413252294063568 0.6446614265441895 0.021605247631669044
v -0.2578924894332886 0.6344825029373169 0.04602361470460892
v -0.2637101411819458 0.6266365647315979 0.0756705030798912
v -0.2578924894332886 0.6223181486129761 0.10603245347738266
v -0.2413252294063568 0.6221845746040344 0.13248711824417114
v -0.21653054654598236 0.6262562870979309 0.1510070264339447
v -0.1872832328081131 0.6339133977890015 0.15877269208431244
v -0.0927167683839798 0.350193053483963 0.019632630050182343
v -0.0927167683839798 0.350193053483963 0.019632630050182343
v -0.0927167683839798 0.350193053483963 0.019632630050182343
v -0.0927167683839798 0.350193053483963 0.019632630050182343
v -0.0927167683839798 0.350193053483963 0.019632630050182343
v -0.0927167683839798 0.350193053483963 0.019632630050182343
v -0.0927167683839798 0.350193053483963 0.019632630050182343
v -0.0927167683839798 0.350193053483963 0.019632630050182343
v -0.0927167683839798 0.350193053483963 0.019632630050182343
v -0.0927167683839798 0.350193053483963 0.019632630050182343
v -0.0927167683839798 0.350193053483963 0.019632630050182343
v -0.0927167683839798 0.350193053483963 0.019632630050182343
v -0.0927167683839798 0.350193053483963 0.019632630050182343
v -0.0927167683839798 0.350193053483963 0.019632630050182343
v -0.0927167683839798 0.350193053483963 0.019632630050182343
v -0.0927167683839798 0.350193053483963 0.019632630050182343
v -0.0927167683839798 0.3342995047569275 0.0980379581451416
v -0.06346945464611053 0.34437626600265503 0.09386711567640305
v -0.03867477551102638 0.35533854365348816 0.07839474827051163
v -0.022107502445578575 0.3655174970626831 0.0539763867855072
v -0.01628984697163105 0.3733634054660797 0.024329494684934616
v -0.022107502445578575 0.3776818811893463 -0.0060324519872665405
v -0.03867477551102638 0.3778154253959656 -0.03248712047934532
v -0.06346945464611053 0.3737436830997467 -0.05100703239440918
v -0.0927167683839798 0.36608660221099854 -0.05877269431948662
v -0.12196408212184906 0.3560098707675934 -0.05460185557603836
v -0.1467587649822235 0.34504759311676025 -0.03912949189543724
v -0.16332602500915527 0.3348686397075653 -0.014711124822497368
v -0.1691436916589737 0.3270227015018463 0.014935766346752644
v -0.16332602500915527 0.3227042555809021 0.045297712087631226
v -0.1467587649822235 0.32257071137428284 0.0717523843050003
v -0.12196408212184906 0.3266424238681793 0.09027229249477386
v -0.0927167683839798 0.3342995047569275 0.0980379581451416
v 0.34019047021865845 0.5570778846740723 0.014999999664723873
v 0.35921549797058105 0.5410533547401428 0.010052167810499668
v 0.37534409761428833 0.5274683833122253 -0.004038060083985329
v 0.38612091541290283 0.5183912515640259 -0.025125578045845032
v 0.3899052143096924 0.5152037739753723 -0.05000000074505806
v 0.38612091541290283 0.5183912515640259 -0.07487442344427109
v 0.37534409761428833 0.5274683833122253 -0.09596194326877594
v 0.35921549797058105 0.5410533547401428 -0.11005216836929321
v 0.34019047021865845 0.5570778846740723 -0.11500000208616257
v 0.3211654722690582 0.5731024742126465 -0.11005216836929321
v 0.30503684282302856 0.5866873860359192 -0.09596194326877594
v 0.29426005482673645 0.5957645773887634 -0.07487442344427109
v 0.2904757261276245 0.598952054977417 -0.05000000074505806
v 0.29426005482673645 0.5957645773887634 -0.025125578045845032
v 0.30503684282302856 0.5866873860359192 -0.004038060083985329
v 0.3211654722690582 0.5731024742126465 0.010052167810499668
v 0.34019047021865845 0.5570778846740723 0.014999999664723873
v 0.15980952978134155 0.3429220914840698 0.014999999664723873
v 0.17883452773094177 0.3268975615501404 0.010052167810499668
v 0.19496315717697144 0.3133125901222229 -0.004038060083985329
v 0.20573996007442474 0.30423542857170105 -0.025125578045845032
v 0.2095242589712143 0.3010479509830475 -0.05000000074505806
v 0.20573996007442474 0.30423542857170105 -0.07487442344427109
v 0.19496315717697144 0.3133125901222229 -0.09596194326877594
v 0.17883452773094177 0.3268975615501404 -0.11005216836929321
v 0.15980952978134155 0.3429220914840698 -0.11500000208616257
v 0.14078451693058014 0.35894665122032166 -0.11005216836929321
v 0.12465589493513107 0.37253159284591675 -0.09596194326877594
v 0.11387909203767776 0.3816087543964386 -0.07487442344427109
v 0.11009477823972702 0.38479623198509216 -0.05000000074505806
v 0.11387909203767776 0.3816087543964386 -0.025125578045845032
v 0.12465589493513107 0.37253159284591675 -0.004038060083985329
v 0.14078451693058014 0.35894665122032166 0.010052167810499668
v 0.15980952978134155 0.3429220914840698 0.014999999664723873
v 0.34019047021865845 0.5570778846740723 -0.05000000074505806
v 0.34019047021865845 0.5570778846740723 -0.05000000074505806
v 0.34019047021865845 0.5570778846740723 -0.05000000074505806
v 0.34019047021865845 0.5570778846740723 -0.05000000074505806
v 0.34019047021865845 0.5570778846740723 -0.05000000074505806
v 0.34019047021865845 0.5570778846740723 -0.05000000074505806
v 0.34019047021865845 0.5570778846740723 -0.05000000074505806
v 0.34019047021865845 0.5570778846740723 -0.05000000074505806
v 0.34019047021865845 0.5570778846740723 -0.05000000074505806
v 0.34019047021865845 0.5570778846740723 -0.05000000074505806
v 0.34019047021865845 0.5570778846740723 -0.05000000074505806
v 0.34019047021865845 0.5570778846740723 -0.05000000074505806
v 0.34019047021865845 0.5570778846740723 -0.05000000074505806
v 0.34019047021865845 0.5570778846740723 -0.05000000074505806
v 0.34019047021865845 0.5570778846740723 -0.05000000074505806
v 0.34019047021865845 0.5570778846740723 -0.05000000074505806
v 0.34019047021865845 0.5570778846740723 0.014999999664723873
v 0.35921549797058105 0.5410533547401428 0.010052167810499668
v 0.37534409761428833 0.5274683833122253 -0.004038060083985329
v 0.38612091541290283 0.5183912515640259 -0.025125578045845032
v 0.3899052143096924 0.5152037739753723 -0.05000000074505806
v 0.38612091541290283 0.5183912515640259 -0.07487442344427109
v 0.37534409761428833 0.5274683833122253 -0.09596194326877594
v 0.35921549797058105 0.5410533547401428 -0.11005216836929321
v 0.34019047021865845 0.5570778846740723 -0.11500000208616257
v 0.3211654722690582 0.5731024742126465 -0.11005216836929321
v 0.30503684282302856 0.5866873860359192 -0.09596194326877594
v 0.29426005482673645 0.5957645773887634 -0.07487442344427109
v 0.2904757261276245 0.598952054977417 -0.05000000074505806
v 0.29426005482673645 0.5957645773887634 -0.025125578045845032
v 0.30503684282302856 0.5866873860359192 -0.004038060083985329
v 0.3211654722690582 0.5731024742126465 0.010052167810499668
v 0.34019047021865845 0.5570778846740723 0.014999999664723873
v 0.15980952978134155 0.3429220914840698 -0.05000000074505806
v 0.15980952978134155 0.3429220914840698 -0.05000000074505806
v 0.15980952978134155 0.3429220914840698 -0.05000000074505806
v 0.15980952978134155 0.3429220914840698 -0.05000000074505806
v 0.15980952978134155 0.3429220914840698 -0.05000000074505806
v 0.15980952978134155 0.3429220914840698 -0.05000000074505806
v 0.15980952978134155 0.3429220914840698 -0.05000000074505806
v 0.15980952978134155 0.3429220914840698 -0.05000000074505806
v 0.15980952978134155 0.3429220914840698 -0.05000000074505806
v 0.15980952978134155 0.3429220914840698 -0.05000000074505806
v 0.15980952978134155 0.3429220914840698 -0.05000000074505806
v 0.15980952978134155 0.3429220914840698 -0.05000000074505806
v 0.15980952978134155 0.3429220914840698 -0.05000000074505806
v 0.15980952978134155 0.3429220914840698 -0.05000000074505806
v 0.15980952978134155 0.3429220914840698 -0.05000000074505806
v 0.15980952978134155 0.3429220914840698 -0.05000000074505806
v 0.15980952978134155 0.3429220914840698 0.014999999664723873
v 0.17883452773094177 0.3268975615501404 0.010052167810499668
v 0.19496315717697144 0.3133125901222229 -0.004038060083985329
v 0.20573996007442474 0.30423542857170105 -0.025125578045845032
v 0.2095242589712143 0.3010479509830475 -0.05000000074505806
v 0.20573996007442474 0.30423542857170105 -0.07487442344427109
v 0.19496315717697144 0.3133125901222229 -0.09596194326877594
v 0.17883452773094177 0.3268975615501404 -0.11005216836929321
v 0.15980952978134155 0.3429220914840698 -0.11500000208616257
v 0.14078451693058014 0.35894665122032166 -0.11005216836929321
v 0.12465589493513107 0.37253159284591675 -0.09596194326877594
v 0.11387909203767776 0.3816087543964386 -0.07487442344427109
v 0.11009477823972702 0.38479623198509216 -0.05000000074505806
v 0.11387909203767776 0.3816087543964386 -0.025125578045845032
v 0.12465589493513107 0.37253159284591675 -0.004038060083985329
v 0.14078451693058014 0.35894665122032166 0.010052167810499668
v 0.15980952978134155 0.3429220914840698 0.014999999664723873
vt 0 1
vt 0.0625 1
vt 0.125 1
vt 0.1875 1
vt 0.25 1
vt 0.3125 1
vt 0.375 1
vt 0.4375 1
vt 0.5 1
vt 0.5625 1
vt 0.625 1
vt 0.6875 1
vt 0.75 1
vt 0.8125 1
vt 0.875 1
vt 0.9375 1
vt 1 1
vt 0 0
vt 0.0625 0
vt 0.125 0
vt 0.1875 0
vt 0.25 0
vt 0.3125 0
vt 0.375 0
vt 0.4375 0
vt 0.5 0
vt 0.5625 0
vt 0.625 0
vt 0.6875 0
vt 0.75 0
vt 0.8125 0
vt 0.875 0
vt 0.9375 0
vt 1 0
vt 0.5 0.5
vt 0.5 0.5
vt 0.5 0.5
vt 0.5 0.5
vt 0.5 0.5
vt 0.5 0.5
vt 0.5 0.5
vt 0.5 0.5
vt 0.5 0.5
vt 0.5 0.5
vt 0.5 0.5
vt 0.5 0.5
vt 0.5 0.5
vt 0.5 0.5
vt 0.5 0.5
vt 0.5 0.5
vt 1 0.5
vt 0.9619397521018982 0.6913416981697083
vt 0.8535534143447876 0.8535534143447876
vt 0.6913416981697083 0.9619397521018982
vt 0.5 1
vt 0.30865827202796936 0.9619397521018982
vt 0.1464466154575348 0.8535534143447876
vt 0.03806023299694061 0.6913416981697083
vt 0 0.5
vt 0.03806023299694061 0.30865827202796936
vt 0.1464466154575348 0.1464466154575348
vt 0.30865827202796936 0.03806023299694061
vt 0.5 0
vt 0.6913416981697083 0.03806023299694061
vt 0.8535534143447876 0.1464466154575348
vt 0.9619397521018982 0.30865827202796936
vt 1 0.5
vt 0.5 0.5
vt 0.5 0.5
vt 0.5 0.5
vt 0.5 0.5
vt 0.5 0.5
vt 0.5 0.5
vt 0.5 0.5
vt 0.5 0.5
vt 0.5 0.5
vt 0.5 0.5
vt 0.5 0.5
vt 0.5 0.5
vt 0.5 0.5
vt 0.5 0.5
vt 0.5 0.5
vt 0.5 0.5
vt 1 0.5
vt 0.9619397521018982 0.30865827202796936
vt 0.8535534143447876 0.1464466154575348
vt 0.6913416981697083 0.03806023299694061
vt 0.5 0
vt 0.30865827202796936 0.03806023299694061
vt 0.1464466154575348 0.1464466154575348
vt 0.03806023299694061 0.30865827202796936
vt 0 0.5
vt 0.03806023299694061 0.6913416981697083
vt 0.1464466154575348 0.8535534143447876
vt 0.30865827202796936 0.9619397521018982
vt 0.5 1
vt 0.6913416981697083 0.9619397521018982
vt 0.8535534143447876 0.8535534143447876
vt 0.9619397521018982 0.6913416981697083
vt 1 0.5
vt 0 1
vt 0.0625 1
vt 0.125 1
vt 0.1875 1
vt 0.25 1
vt 0.3125 1
vt 0.375 1
vt 0.4375 1
vt 0.5 1
vt 0.5625 1
vt 0.625 1
vt 0.6875 1
vt 0.75 1
vt 0.8125 1
vt 0.875 1
vt 0.9375 1
vt 1 1
vt 0 0
vt 0.0625 0
vt 0.125 0
vt 0.1875 0
vt 0.25 0
vt 0.3125 0
vt 0.375 0
vt 0.4375 0
vt 0.5 0
vt 0.5625 0
vt 0.625 0
vt 0.6875 0
vt 0.75 0
vt 0.8125 0
vt 0.875 0
vt 0.9375 0
vt 1 0
vt 0.5 0.5
vt 0.5 0.5
vt 0.5 0.5
vt 0.5 0.5
vt 0.5 0.5
vt 0.5 0.5
vt 0.5 0.5
vt 0.5 0.5
vt 0.5 0.5
vt 0.5 0.5
vt 0.5 0.5
vt 0.5 0.5
vt 0.5 0.5
vt 0.5 0.5
vt 0.5 0.5
vt 0.5 0.5
vt 1 0.5
vt 0.9619397521018982 0.6913416981697083
vt 0.8535534143447876 0.8535534143447876
vt 0.6913416981697083 0.9619397521018982
vt 0.5 1
vt 0.30865827202796936 0.9619397521018982
vt 0.1464466154575348 0.8535534143447876
vt 0.03806023299694061 0.6913416981697083
vt 0 0.5
vt 0.03806023299694061 0.30865827202796936
vt 0.1464466154575348 0.1464466154575348
vt 0.30865827202796936 0.03806023299694061
vt 0.5 0
vt 0.6913416981697083 0.03806023299694061
vt 0.8535534143447876 0.1464466154575348
vt 0.9619397521018982 0.30865827202796936
vt 1 0.5
vt 0.5 0.5
vt 0.5 0.5
vt 0.5 0.5
vt 0.5 0.5
vt 0.5 0.5
vt 0.5 0.5
vt 0.5 0.5
vt 0.5 0.5
vt 0.5 0.5
vt 0.5 0.5
vt 0.5 0.5
vt 0.5 0.5
vt 0.5 0.5
vt 0.5 0.5
vt 0.5 0.5
vt 0.5 0.5
vt 1 0.5
vt 0.9619397521018982 0.30865827202796936
vt 0.8535534143447876 0.1464466154575348
vt 0.6913416981697083 0.03806023299694061
vt 0.5 0
vt 0.30865827202796936 0.03806023299694061
vt 0.1464466154575348 0.1464466154575348
vt 0.03806023299694061 0.30865827202796936
vt 0 0.5
vt 0.03806023299694061 0.6913416981697083
vt 0.1464466154575348 0.8535534143447876
vt 0.30865827202796936 0.9619397521018982
vt 0.5 1
vt 0.6913416981697083 0.9619397521018982
vt 0.8535534143447876 0.8535534143447876
vt 0.9619397521018982 0.6913416981697083
vt 1 0.5
vn 1.6940658624408203e-17 -0.19866932552491529 0.980066578909553
vn 0.3655914287740751 -0.07271012507708664 0.9279311100066668
vn 0.6755249062562658 0.06431853921964194 0.7345265322233869
vn 0.8826158285929835 0.19155528170465003 0.4292969521999581
vn 0.9553364878131378 0.28962948211290335 0.05871080091320213
vn 0.8826158260122614 0.34361020561353933 -0.3208135444006608
vn 0.6755248869445462 0.34527939380244954 -0.651496943457121
vn 0.36559144339656885 0.29438293525495024 -0.8829958006388782
vn 1.0005432239744997e-16 0.19866932552491529 -0.980066578909553
vn -0.3655914287740751 0.07271012507708664 -0.9279311100066668
vn -0.6755249062562658 -0.06431853921964194 -0.7345265322233869
vn -0.8826158285929835 -0.19155528170465003 -0.4292969521999581
vn -0.9553364878131378 -0.28962948211290335 -0.05871080091320213
vn -0.8826158260122614 -0.34361020561353933 0.3208135444006608
vn -0.6755248869445462 -0.34527939380244954 0.651496943457121
vn -0.36559144339656885 -0.29438293525495024 0.8829958006388782
vn -2.1704930341930815e-16 -0.19866932552491529 0.980066578909553
vn 1.6940658624408203e-17 -0.19866932552491529 0.980066578909553
vn 0.3655914287740751 -0.07271012507708664 0.9279311100066668
vn 0.6755249062562658 0.06431853921964194 0.7345265322233869
vn 0.8826158285929835 0.19155528170465003 0.4292969521999581
vn 0.9553364878131378 0.28962948211290335 0.05871080091320213
vn 0.8826158260122614 0.34361020561353933 -0.3208135444006608
vn 0.6755248869445462 0.34527939380244954 -0.651496943457121
vn 0.36559144339656885 0.29438293525495024 -0.8829958006388782
vn 1.0005432239744997e-16 0.19866932552491529 -0.980066578909553
vn -0.3655914287740751 0.07271012507708664 -0.9279311100066668
vn -0.6755249062562658 -0.06431853921964194 -0.7345265322233869
vn -0.8826158285929835 -0.19155528170465003 -0.4292969521999581
vn -0.9553364878131378 -0.28962948211290335 -0.05871080091320213
vn -0.8826158260122614 -0.34361020561353933 0.3208135444006608
vn -0.6755248869445462 -0.34527939380244954 0.651496943457121
vn -0.36559144339656885 -0.29438293525495024 0.8829958006388782
vn -2.1704930341930815e-16 -0.19866932552491529 0.980066578909553
vn -0.29552021543156687 0.9362933610523431 0.1897960598131243
vn -0.29552021543156687 0.9362933610523431 0.1897960598131243
vn -0.29552021543156687 0.9362933610523431 0.1897960598131243
vn -0.29552021543156687 0.9362933610523431 0.1897960598131243
vn -0.29552021543156687 0.9362933610523431 0.1897960598131243
vn -0.29552021543156687 0.9362933610523431 0.1897960598131243
vn -0.29552021543156687 0.9362933610523431 0.1897960598131243
vn -0.29552021543156687 0.9362933610523431 0.1897960598131243
vn -0.29552021543156687 0.9362933610523431 0.1897960598131243
vn -0.29552021543156687 0.9362933610523431 0.1897960598131243
vn -0.29552021543156687 0.9362933610523431 0.1897960598131243
vn -0.29552021543156687 0.9362933610523431 0.1897960598131243
vn -0.29552021543156687 0.9362933610523431 0.1897960598131243
vn -0.29552021543156687 0.9362933610523431 0.1897960598131243
vn -0.29552021543156687 0.9362933610523431 0.1897960598131243
vn -0.29552021543156687 0.9362933610523431 0.1897960598131243
vn -0.29552021543156687 0.9362933610523431 0.1897960598131243
vn -0.29552021543156687 0.9362933610523431 0.1897960598131243
vn -0.29552021543156687 0.9362933610523431 0.1897960598131243
vn -0.29552021543156687 0.9362933610523431 0.1897960598131243
vn -0.29552021543156687 0.9362933610523431 0.1897960598131243
vn -0.29552021543156687 0.9362933610523431 0.1897960598131243
vn -0.29552021543156687 0.9362933610523431 0.1897960598131243
vn -0.29552021543156687 0.9362933610523431 0.1897960598131243
vn -0.29552021543156687 0.9362933610523431 0.1897960598131243
vn -0.29552021543156687 0.9362933610523431 0.1897960598131243
vn -0.29552021543156687 0.9362933610523431 0.1897960598131243
vn -0.29552021543156687 0.9362933610523431 0.1897960598131243
vn -0.29552021543156687 0.9362933610523431 0.1897960598131243
vn -0.29552021543156687 0.9362933610523431 0.1897960598131243
vn -0.29552021543156687 0.9362933610523431 0.1897960598131243
vn -0.29552021543156687 0.9362933610523431 0.1897960598131243
vn -0.29552021543156687 0.9362933610523431 0.1897960598131243
vn 0.29552021543156687 -0.9362933610523431 -0.1897960598131243
vn 0.29552021543156687 -0.9362933610523431 -0.1897960598131243
vn 0.29552021543156687 -0.9362933610523431 -0.1897960598131243
vn 0.29552021543156687 -0.9362933610523431 -0.1897960598131243
vn 0.29552021543156687 -0.9362933610523431 -0.1897960598131243
vn 0.29552021543156687 -0.9362933610523431 -0.1897960598131243
vn 0.29552021543156687 -0.9362933610523431 -0.1897960598131243
vn 0.29552021543156687 -0.9362933610523431 -0.1897960598131243
vn 0.29552021543156687 -0.9362933610523431 -0.1897960598131243
vn 0.29552021543156687 -0.9362933610523431 -0.1897960598131243
vn 0.29552021543156687 -0.9362933610523431 -0.1897960598131243
vn 0.29552021543156687 -0.9362933610523431 -0.1897960598131243
vn 0.29552021543156687 -0.9362933610523431 -0.1897960598131243
vn 0.29552021543156687 -0.9362933610523431 -0.1897960598131243
vn 0.29552021543156687 -0.9362933610523431 -0.1897960598131243
vn 0.29552021543156687 -0.9362933610523431 -0.1897960598131243
vn 0.29552021543156687 -0.9362933610523431 -0.1897960598131243
vn 0.29552021543156687 -0.9362933610523431 -0.1897960598131243
vn 0.29552021543156687 -0.9362933610523431 -0.1897960598131243
vn 0.29552021543156687 -0.9362933610523431 -0.1897960598131243
vn 0.29552021543156687 -0.9362933610523431 -0.1897960598131243
vn 0.29552021543156687 -0.9362933610523431 -0.1897960598131243
vn 0.29552021543156687 -0.9362933610523431 -0.1897960598131243
vn 0.29552021543156687 -0.9362933610523431 -0.1897960598131243
vn 0.29552021543156687 -0.9362933610523431 -0.1897960598131243
vn 0.29552021543156687 -0.9362933610523431 -0.1897960598131243
vn 0.29552021543156687 -0.9362933610523431 -0.1897960598131243
vn 0.29552021543156687 -0.9362933610523431 -0.1897960598131243
vn 0.29552021543156687 -0.9362933610523431 -0.1897960598131243
vn 0.29552021543156687 -0.9362933610523431 -0.1897960598131243
vn 0.29552021543156687 -0.9362933610523431 -0.1897960598131243
vn 0.29552021543156687 -0.9362933610523431 -0.1897960598131243
vn 0.29552021543156687 -0.9362933610523431 -0.1897960598131243
vn 0 0 1
vn 0.29269243099030817 -0.2465314486500659 0.9238795298454682
vn 0.5408250798946183 -0.4555307122857549 0.7071067833937196
vn 0.706622045685225 -0.5951795422782725 0.38268341616152385
vn 0.7648422061361606 -0.6442176648561967 6.123234214378155e-17
vn 0.706622045685225 -0.5951795422782725 -0.38268341616152385
vn 0.5408250798946183 -0.4555307122857549 -0.7071067833937196
vn 0.29269243099030817 -0.2465314486500659 -0.9238795298454682
vn 9.366616062191161e-17 -7.889391925668642e-17 -1
vn -0.29269243099030817 0.2465314486500659 -0.9238795298454682
vn -0.5408250798946183 0.4555307122857549 -0.7071067833937196
vn -0.706622045685225 0.5951795422782725 -0.38268341616152385
vn -0.7648422061361606 0.6442176648561967 -1.8369701319645495e-16
vn -0.706622045685225 0.5951795422782725 0.38268341616152385
vn -0.5408250798946183 0.4555307122857549 0.7071067833937196
vn -0.29269243099030817 0.2465314486500659 0.9238795298454682
vn -1.8733232124382322e-16 1.5778783851337283e-16 1
vn 0 0 1
vn 0.29269243099030817 -0.2465314486500659 0.9238795298454682
vn 0.5408250798946183 -0.4555307122857549 0.7071067833937196
vn 0.706622045685225 -0.5951795422782725 0.38268341616152385
vn 0.7648422061361606 -0.6442176648561967 6.123234214378155e-17
vn 0.706622045685225 -0.5951795422782725 -0.38268341616152385
vn 0.5408250798946183 -0.4555307122857549 -0.7071067833937196
vn 0.29269243099030817 -0.2465314486500659 -0.9238795298454682
vn 9.366616062191161e-17 -7.889391925668642e-17 -1
vn -0.29269243099030817 0.2465314486500659 -0.9238795298454682
vn -0.5408250798946183 0.4555307122857549 -0.7071067833937196
vn -0.706622045685225 0.5951795422782725 -0.38268341616152385
vn -0.7648422061361606 0.6442176648561967 -1.8369701319645495e-16
vn -0.706622045685225 0.5951795422782725 0.38268341616152385
vn -0.5408250798946183 0.4555307122857549 0.7071067833937196
vn -0.29269243099030817 0.2465314486500659 0.9238795298454682
vn -1.8733232124382322e-16 1.5778783851337283e-16 1
vn 0.6442176648561967 0.7648422061361606 0
vn 0.6442176648561967 0.7648422061361606 0
vn 0.6442176648561967 0.7648422061361606 0
vn 0.6442176648561967 0.7648422061361606 0
vn 0.6442176648561967 0.7648422061361606 0
vn 0.6442176648561967 0.7648422061361606 0
vn 0.6442176648561967 0.7648422061361606 0
vn 0.6442176648561967 0.7648422061361606 0
vn 0.6442176648561967 0.7648422061361606 0
vn 0.6442176648561967 0.7648422061361606 0
vn 0.6442176648561967 0.7648422061361606 0
vn 0.6442176648561967 0.7648422061361606 0
vn 0.6442176648561967 0.7648422061361606 0
vn 0.6442176648561967 0.7648422061361606 0
vn 0.6442176648561967 0.7648422061361606 0
vn 0.6442176648561967 0.7648422061361606 0
vn 0.6442176648561967 0.7648422061361606 0
vn 0.6442176648561967 0.7648422061361606 0
vn 0.6442176648561967 0.7648422061361606 0
vn 0.6442176648561967 0.7648422061361606 0
vn 0.6442176648561967 0.7648422061361606 0
vn 0.6442176648561967 0.7648422061361606 0
vn 0.6442176648561967 0.7648422061361606 0
vn 0.6442176648561967 0.7648422061361606 0
vn 0.6442176648561967 0.7648422061361606 0
vn 0.6442176648561967 0.7648422061361606 0
vn 0.6442176648561967 0.7648422061361606 0
vn 0.6442176648561967 0.7648422061361606 0
vn 0.6442176648561967 0.7648422061361606 0
vn 0.6442176648561967 0.7648422061361606 0
vn 0.6442176648561967 0.7648422061361606 0
vn 0.6442176648561967 0.7648422061361606 0
vn 0.6442176648561967 0.7648422061361606 0
vn -0.6442176648561967 -0.7648422061361606 0
vn -0.6442176648561967 -0.7648422061361606 0
vn -0.6442176648561967 -0.7648422061361606 0
vn -0.6442176648561967 -0.7648422061361606 0
vn -0.6442176648561967 -0.7648422061361606 0
vn -0.6442176648561967 -0.7648422061361606 0
vn -0.6442176648561967 -0.7648422061361606 0
vn -0.6442176648561967 -0.7648422061361606 0
vn -0.6442176648561967 -0.7648422061361606 0
vn -0.6442176648561967 -0.7648422061361606 0
vn -0.6442176648561967 -0.7648422061361606 0
vn -0.6442176648561967 -0.7648422061361606 0
vn -0.6442176648561967 -0.7648422061361606 0
vn -0.6442176648561967 -0.7648422061361606 0
vn -0.6442176648561967 -0.7648422061361606 0
vn -0.6442176648561967 -0.7648422061361606 0
vn -0.6442176648561967 -0.7648422061361606 0
vn -0.6442176648561967 -0.7648422061361606 0
vn -0.6442176648561967 -0.7648422061361606 0
vn -0.6442176648561967 -0.7648422061361606 0
vn -0.6442176648561967 -0.7648422061361606 0
vn -0.6442176648561967 -0.7648422061361606 0
vn -0.6442176648561967 -0.7648422061361606 0
vn -0.6442176648561967 -0.7648422061361606 0
vn -0.6442176648561967 -0.7648422061361606 0
vn -0.6442176648561967 -0.7648422061361606 0
vn -0.6442176648561967 -0.7648422061361606 0
vn -0.6442176648561967 -0.7648422061361606 0
vn -0.6442176648561967 -0.7648422061361606 0
vn -0.6442176648561967 -0.7648422061361606 0
vn -0.6442176648561967 -0.7648422061361606 0
vn -0.6442176648561967 -0.7648422061361606 0
vn -0.6442176648561967 -0.7648422061361606 0
f 1145/1145/1145 1162/1162/1162 1146/1146/1146
f 1162/1162/1162 1163/1163/1163 1146/1146/1146
f 1146/1146/1146 1163/1163/1163 1147/1147/1147
f 1163/1163/1163 1164/1164/1164 1147/1147/1147
f 1147/1147/1147 1164/1164/1164 1148/1148/1148
f 1164/1164/1164 1165/1165/1165 1148/1148/1148
f 1148/1148/1148 1165/1165/1165 1149/1149/1149
f 1165/1165/1165 1166/1166/1166 1149/1149/1149
f 1149/1149/1149 1166/1166/1166 1150/1150/1150
f 1166/1166/1166 1167/1167/1167 1150/1150/1150
f 1150/1150/1150 1167/1167/1167 1151/1151/1151
f 1167/1167/1167 1168/1168/1168 1151/1151/1151
f 1151/1151/1151 1168/1168/1168 1152/1152/1152
f 1168/1168/1168 1169/1169/1169 1152/1152/1152
f 1152/1152/1152 1169/1169/1169 1153/1153/1153
f 1169/1169/1169 1170/1170/1170 1153/1153/1153
f 1153/1153/1153 1170/1170/1170 1154/1154/1154
f 1170/1170/1170 1171/1171/1171 1154/1154/1154
f 1154/1154/1154 1171/1171/1171 1155/1155/1155
f 1171/1171/1171 1172/1172/1172 1155/1155/1155
f 1155/1155/1155 1172/1172/1172 1156/1156/1156
f 1172/1172/1172 1173/1173/1173 1156/1156/1156
f 1156/1156/1156 1173/1173/1173 1157/1157/1157
f 1173/1173/1173 1174/1174/1174 1157/1157/1157
f 1157/1157/1157 1174/1174/1174 1158/1158/1158
f 1174/1174/1174 1175/1175/1175 1158/1158/1158
f 1158/1158/1158 1175/1175/1175 1159/1159/1159
f 1175/1175/1175 1176/1176/1176 1159/1159/1159
f 1159/1159/1159 1176/1176/1176 1160/1160/1160
f 1176/1176/1176 1177/1177/1177 1160/1160/1160
f 1160/1160/1160 1177/1177/1177 1161/1161/1161
f 1177/1177/1177 1178/1178/1178 1161/1161/1161
f 1195/1195/1195 1196/1196/1196 1179/1179/1179
f 1196/1196/1196 1197/1197/1197 1180/1180/1180
f 1197/1197/1197 1198/1198/1198 1181/1181/1181
f 1198/1198/1198 1199/1199/1199 1182/1182/1182
f 1199/1199/1199 1200/1200/1200 1183/1183/1183
f 1200/1200/1200 1201/1201/1201 1184/1184/1184
f 1201/1201/1201 1202/1202/1202 1185/1185/1185
f 1202/1202/1202 1203/1203/1203 1186/1186/1186
f 1203/1203/1203 1204/1204/1204 1187/1187/1187
f 1204/1204/1204 1205/1205/1205 1188/1188/1188
f 1205/1205/1205 1206/1206/1206 1189/1189/1189
f 1206/1206/1206 1207/1207/1207 1190/1190/1190
f 1207/1207/1207 1208/1208/1208 1191/1191/1191
f 1208/1208/1208 1209/1209/1209 1192/1192/1192
f 1209/1209/1209 1210/1210/1210 1193/1193/1193
f 1210/1210/1210 1211/1211/1211 1194/1194/1194
f 1229/1229/1229 1228/1228/1228 1212/1212/1212
f 1230/1230/1230 1229/1229/1229 1213/1213/1213
f 1231/1231/1231 1230/1230/1230 1214/1214/1214
f 1232/1232/1232 1231/1231/1231 1215/1215/1215
f 1233/1233/1233 1232/1232/1232 1216/1216/1216
f 1234/1234/1234 1233/1233/1233 1217/1217/1217
f 1235/1235/1235 1234/1234/1234 1218/1218/1218
f 1236/1236/1236 1235/1235/1235 1219/1219/1219
f 1237/1237/1237 1236/1236/1236 1220/1220/1220
f 1238/1238/1238 1237/1237/1237 1221/1221/1221
f 1239/1239/1239 1238/1238/1238 1222/1222/1222
f 1240/1240/1240 1239/1239/1239 1223/1223/1223
f 1241/1241/1241 1240/1240/1240 1224/1224/1224
f 1242/1242/1242 1241/1241/1241 1225/1225/1225
f 1243/1243/1243 1242/1242/1242 1226/1226/1226
f 1244/1244/1244 1243/1243/1243 1227/1227/1227
f 1245/1245/1245 1262/1262/1262 1246/1246/1246
f 1262/1262/1262 1263/1263/1263 1246/1246/1246
f 1246/1246/1246 1263/1263/1263 1247/1247/1247
f 1263/1263/1263 1264/1264/1264 1247/1247/1247
f 1247/1247/1247 1264/1264/1264 1248/1248/1248
f 1264/1264/1264 1265/1265/1265 1248/1248/1248
f 1248/1248/1248 1265/1265/1265 1249/1249/1249
f 1265/1265/1265 1266/1266/1266 1249/1249/1249
f 1249/1249/1249 1266/1266/1266 1250/1250/1250
f 1266/1266/1266 1267/1267/1267 1250/1250/1250
f 1250/1250/1250 1267/1267/1267 1251/1251/1251
f 1267/1267/1267 1268/1268/1268 1251/1251/1251
f 1251/1251/1251 1268/1268/1268 1252/1252/1252
f 1268/1268/1268 1269/1269/1269 1252/1252/1252
f 1252/1252/1252 1269/1269/1269 1253/1253/1253
f 1269/1269/1269 1270/1270/1270 1253/1253/1253
f 1253/1253/1253 1270/1270/1270 1254/1254/1254
f 1270/1270/1270 1271/1271/1271 1254/1254/1254
f 1254/1254/1254 1271/1271/1271 1255/1255/1255
f 1271/1271/1271 1272/1272/1272 1255/1255/1255
f 1255/1255/1255 1272/1272/1272 1256/1256/1256
f 1272/1272/1272 1273/1273/1273 1256/1256/1256
f 1256/1256/1256 1273/1273/1273 1257/1257/1257
f 1273/1273/1273 1274/1274/1274 1257/1257/1257
f 1257/1257/1257 1274/1274/1274 1258/1258/1258
f 1274/1274/1274 1275/1275/1275 1258/1258/1258
f 1258/1258/1258 1275/1275/1275 1259/1259/1259
f 1275/1275/1275 1276/1276/1276 1259/1259/1259
f 1259/1259/1259 1276/1276/1276 1260/1260/1260
f 1276/1276/1276 1277/1277/1277 1260/1260/1260
f 1260/1260/1260 1277/1277/1277 1261/1261/1261
f 1277/1277/1277 1278/1278/1278 1261/1261/1261
f 1295/1295/1295 1296/1296/1296 1279/1279/1279
f 1296/1296/1296 1297/1297/1297 1280/1280/1280
f 1297/1297/1297 1298/1298/1298 1281/1281/1281
f 1298/1298/1298 1299/1299/1299 1282/1282/1282
f 1299/1299/1299 1300/1300/1300 1283/1283/1283
f 1300/1300/1300 1301/1301/1301 1284/1284/1284
f 1301/1301/1301 1302/1302/1302 1285/1285/1285
f 1302/1302/1302 1303/1303/1303 1286/1286/1286
f 1303/1303/1303 1304/1304/1304 1287/1287/1287
f 1304/1304/1304 1305/1305/1305 1288/1288/1288
f 1305/1305/1305 1306/1306/1306 1289/1289/1289
f 1306/1306/1306 1307/1307/1307 1290/1290/1290
f 1307/1307/1307 1308/1308/1308 1291/1291/1291
f 1308/1308/1308 1309/1309/1309 1292/1292/1292
f 1309/1309/1309 1310/1310/1310 1293/1293/1293
f 1310/1310/1310 1311/1311/1311 1294/1294/1294
f 1329/1329/1329 1328/1328/1328 1312/1312/1312
f 1330/1330/1330 1329/1329/1329 1313/1313/1313
f 1331/1331/1331 1330/1330/1330 1314/1314/1314
f 1332/1332/1332 1331/1331/1331 1315/1315/1315
f 1333/1333/1333 1332/1332/1332 1316/1316/1316
f 1334/1334/1334 1333/1333/1333 1317/1317/1317
f 1335/1335/1335 1334/1334/1334 1318/1318/1318
f 1336/1336/1336 1335/1335/1335 1319/1319/1319
f 1337/1337/1337 1336/1336/1336 1320/1320/1320
f 1338/1338/1338 1337/1337/1337 1321/1321/1321
f 1339/1339/1339 1338/1338/1338 1322/1322/1322
f 1340/1340/1340 1339/1339/1339 1323/1323/1323
f 1341/1341/1341 1340/1340/1340 1324/1324/1324
f 1342/1342/1342 1341/1341/1341 1325/1325/1325
f 1343/1343/1343 1342/1342/1342 1326/1326/1326
f 1344/1344/1344 1343/1343/1343 1327/1327/1327
o 
v 0.07999999821186066 0.36000001430511475 0.20000000298023224
v 0.07999999821186066 0.36000001430511475 0.20000000298023224
v 0.07999999821186066 0.36000001430511475 0.20000000298023224
v 0.07999999821186066 0.36000001430511475 0.20000000298023224
v 0.07999999821186066 0.36000001430511475 0.20000000298023224
v 0.07999999821186066 0.36000001430511475 0.20000000298023224
v 0.07999999821186066 0.36000001430511475 0.20000000298023224
v 0.07999999821186066 0.36000001430511475 0.20000000298023224
v 0.07999999821186066 0.36000001430511475 0.20000000298023224
v 0.07999999821186066 0.36000001430511475 0.20000000298023224
v 0.07999999821186066 0.36000001430511475 0.20000000298023224
v 0.07999999821186066 0.36000001430511475 0.20000000298023224
v 0.07999999821186066 0.36000001430511475 0.20000000298023224
v 0.07999999821186066 0.36000001430511475 0.20000000298023224
v 0.07999999821186066 0.36000001430511475 0.20000000298023224
v 0.07999999821186066 0.36000001430511475 0.20000000298023224
v 0.07999999821186066 0.36000001430511475 0.20000000298023224
v 0.07999999821186066 0.36000001430511475 0.20000000298023224
v 0.07999999821186066 0.36000001430511475 0.20000000298023224
v 0.07999999821186066 0.36000001430511475 0.20000000298023224
v 0.07999999821186066 0.36000001430511475 0.20000000298023224
v 0.046621859073638916 0.3579942286014557 0.20000000298023224
v 0.04825550317764282 0.3579942286014557 0.20687627792358398
v 0.05299651622772217 0.3579942286014557 0.21307945251464844
v 0.06038082018494606 0.3579942286014557 0.2180023193359375
v 0.06968558579683304 0.3579942286014557 0.22116300463676453
v 0.07999999821186066 0.3579942286014557 0.22225210070610046
v 0.09031441062688828 0.3579942286014557 0.22116300463676453
v 0.09961917996406555 0.3579942286014557 0.2180023193359375
v 0.10700348019599915 0.3579942286014557 0.21307945251464844
v 0.11174450069665909 0.3579942286014557 0.20687627792358398
v 0.1133781373500824 0.3579942286014557 0.20000000298023224
v 0.11174450069665909 0.3579942286014557 0.1931237280368805
v 0.10700348019599915 0.3579942286014557 0.18692055344581604
v 0.09961917996406555 0.3579942286014557 0.18199767172336578
v 0.09031441062688828 0.3579942286014557 0.17883700132369995
v 0.07999999821186066 0.3579942286014557 0.177747905254364
v 0.06968558579683304 0.3579942286014557 0.17883700132369995
v 0.06038082018494606 0.3579942286014557 0.18199767172336578
v 0.05299651622772217 0.3579942286014557 0.18692055344581604
v 0.04825550317764282 0.3579942286014557 0.1931237280368805
v 0.046621859073638916 0.3579942286014557 0.20000000298023224
v 0.014917440712451935 0.35207751393318176 0.20000000298023224
v 0.01810280606150627 0.35207751393318176 0.2134077399969101
v 0.027347100898623466 0.35207751393318176 0.22550304234027863
v 0.04174543172121048 0.35207751393318176 0.23510193824768066
v 0.05988838151097298 0.35207751393318176 0.24126479029655457
v 0.07999999821186066 0.35207751393318176 0.243388369679451
v 0.10011161863803864 0.35207751393318176 0.24126479029655457
v 0.11825456470251083 0.35207751393318176 0.23510193824768066
v 0.1326528936624527 0.35207751393318176 0.22550304234027863
v 0.14189720153808594 0.35207751393318176 0.2134077399969101
v 0.14508256316184998 0.35207751393318176 0.20000000298023224
v 0.14189720153808594 0.35207751393318176 0.1865922510623932
v 0.1326528936624527 0.35207751393318176 0.17449694871902466
v 0.11825456470251083 0.35207751393318176 0.1648980677127838
v 0.10011161863803864 0.35207751393318176 0.15873520076274872
v 0.07999999821186066 0.35207751393318176 0.1566116213798523
v 0.05988838151097298 0.35207751393318176 0.15873520076274872
v 0.04174543172121048 0.35207751393318176 0.1648980677127838
v 0.027347100898623466 0.35207751393318176 0.17449694871902466
v 0.01810280606150627 0.35207751393318176 0.1865922510623932
v 0.014917440712451935 0.35207751393318176 0.20000000298023224
v -0.013523469679057598 0.3425465226173401 0.20000000298023224
v -0.008946109563112259 0.3425465226173401 0.2192668914794922
v 0.004337923601269722 0.3425465226173401 0.2366478145122528
v 0.025028282776474953 0.3425465226173401 0.25044137239456177
v 0.05109965801239014 0.3425465226173401 0.2592974007129669
v 0.07999999821186066 0.3425465226173401 0.2623489797115326
v 0.10890033841133118 0.3425465226173401 0.2592974007129669
v 0.1349717229604721 0.3425465226173401 0.25044137239456177
v 0.15566207468509674 0.3425465226173401 0.2366478145122528
v 0.16894611716270447 0.3425465226173401 0.2192668914794922
v 0.17352347075939178 0.3425465226173401 0.20000000298023224
v 0.16894611716270447 0.3425465226173401 0.1807330995798111
v 0.15566207468509674 0.3425465226173401 0.16335219144821167
v 0.1349717229604721 0.3425465226173401 0.14955861866474152
v 0.10890033841133118 0.3425465226173401 0.14070259034633636
v 0.07999999821186066 0.3425465226173401 0.13765102624893188
v 0.05109965801239014 0.3425465226173401 0.14070259034633636
v 0.025028282776474953 0.3425465226173401 0.14955861866474152
v 0.004337923601269722 0.3425465226173401 0.16335219144821167
v -0.008946109563112259 0.3425465226173401 0.1807330995798111
v -0.013523469679057598 0.3425465226173401 0.20000000298023224
v -0.03727472573518753 0.32987919449806213 0.20000000298023224
v -0.031534887850284576 0.32987919449806213 0.22415992617607117
v -0.014877242967486382 0.32987919449806213 0.24595490097999573
v 0.0110676484182477 0.32987919449806213 0.26325148344039917
v 0.04376011714339256 0.32987919449806213 0.2743566036224365
v 0.07999999821186066 0.32987919449806213 0.2781831622123718
v 0.11623988300561905 0.32987919449806213 0.2743566036224365
v 0.1489323526620865 0.32987919449806213 0.26325148344039917
v 0.17487724125385284 0.32987919449806213 0.24595490097999573
v 0.1915348917245865 0.32987919449806213 0.22415992617607117
v 0.19727472960948944 0.32987919449806213 0.20000000298023224
v 0.1915348917245865 0.32987919449806213 0.1758400797843933
v 0.17487724125385284 0.32987919449806213 0.15404510498046875
v 0.1489323526620865 0.32987919449806213 0.1367485076189041
v 0.11623988300561905 0.32987919449806213 0.12564340233802795
v 0.07999999821186066 0.32987919449806213 0.12181685119867325
v 0.04376011714339256 0.32987919449806213 0.12564340233802795
v 0.0110676484182477 0.32987919449806213 0.1367485076189041
v -0.014877242967486382 0.32987919449806213 0.15404510498046875
v -0.031534887850284576 0.32987919449806213 0.1758400797843933
v -0.03727472573518753 0.32987919449806213 0.20000000298023224
v -0.055145327001810074 0.31471070647239685 0.20000000298023224
v -0.04853084683418274 0.31471070647239685 0.22784146666526794
v -0.029334867373108864 0.31471070647239685 0.25295761227607727
v 0.0005635637207888067 0.31471070647239685 0.2728899121284485
v 0.0382377952337265 0.31471070647239685 0.28568723797798157
v 0.07999999821186066 0.31471070647239685 0.29009687900543213
v 0.12176220118999481 0.31471070647239685 0.28568723797798157
v 0.15943643450737 0.31471070647239685 0.2728899121284485
v 0.18933486938476562 0.31471070647239685 0.25295761227607727
v 0.20853084325790405 0.31471070647239685 0.22784146666526794
v 0.21514533460140228 0.31471070647239685 0.20000000298023224
v 0.20853084325790405 0.31471070647239685 0.17215852439403534
v 0.18933486938476562 0.31471070647239685 0.147042378783226
v 0.15943643450737 0.31471070647239685 0.127110093832016
v 0.12176220118999481 0.31471070647239685 0.11431276798248291
v 0.07999999821186066 0.31471070647239685 0.10990311205387115
v 0.0382377952337265 0.31471070647239685 0.11431276798248291
v 0.0005635637207888067 0.31471070647239685 0.127110093832016
v -0.029334867373108864 0.31471070647239685 0.147042378783226
v -0.04853084683418274 0.31471070647239685 0.17215852439403534
v -0.055145327001810074 0.31471070647239685 0.20000000298023224
v -0.06623918563127518 0.297801673412323 0.20000000298023224
v -0.059081729501485825 0.297801673412323 0.23012693226337433
v -0.038309987634420395 0.297801673412323 0.2573048174381256
v -0.005957235116511583 0.297801673412323 0.2788733243942261
v 0.03480960428714752 0.297801673412323 0.292721152305603
v 0.07999999821186066 0.297801673412323 0.2974928021430969
v 0.1251903921365738 0.297801673412323 0.292721152305603
v 0.1659572422504425 0.297801673412323 0.2788733243942261
v 0.198309987783432 0.297801673412323 0.2573048174381256
v 0.21908172965049744 0.297801673412323 0.23012693226337433
v 0.2262391895055771 0.297801673412323 0.20000000298023224
v 0.21908172965049744 0.297801673412323 0.16987307369709015
v 0.198309987783432 0.297801673412323 0.14269517362117767
v 0.1659572422504425 0.297801673412323 0.1211266741156578
v 0.1251903921365738 0.297801673412323 0.10727884620428085
v 0.07999999821186066 0.297801673412323 0.10250721126794815
v 0.03480960428714752 0.297801673412323 0.10727884620428085
v -0.005957235116511583 0.297801673412323 0.1211266741156578
v -0.038309987634420395 0.297801673412323 0.14269517362117767
v -0.059081729501485825 0.297801673412323 0.16987307369709015
v -0.06623918563127518 0.297801673412323 0.20000000298023224
v -0.07000000029802322 0.2800000011920929 0.20000000298023224
v -0.06265848129987717 0.2800000011920929 0.23090170323848724
v -0.04135255143046379 0.2800000011920929 0.25877851247787476
v -0.00816778652369976 0.2800000011920929 0.280901700258255
v 0.03364744782447815 0.2800000011920929 0.2951056659221649
v 0.07999999821186066 0.2800000011920929 0.30000001192092896
v 0.12635254859924316 0.2800000011920929 0.2951056659221649
v 0.16816778481006622 0.2800000011920929 0.280901700258255
v 0.2013525515794754 0.2800000011920929 0.25877851247787476
v 0.22265848517417908 0.2800000011920929 0.23090170323848724
v 0.23000000417232513 0.2800000011920929 0.20000000298023224
v 0.22265848517417908 0.2800000011920929 0.16909830272197723
v 0.2013525515794754 0.2800000011920929 0.14122147858142853
v 0.16816778481006622 0.2800000011920929 0.11909829825162888
v 0.12635254859924316 0.2800000011920929 0.10489434748888016
v 0.07999999821186066 0.2800000011920929 0.10000000149011612
v 0.03364744782447815 0.2800000011920929 0.10489434748888016
v -0.00816778652369976 0.2800000011920929 0.11909829825162888
v -0.04135255143046379 0.2800000011920929 0.14122147858142853
v -0.06265848129987717 0.2800000011920929 0.16909830272197723
v -0.07000000029802322 0.2800000011920929 0.20000000298023224
v -0.06623918563127518 0.2621983289718628 0.20000000298023224
v -0.059081729501485825 0.2621983289718628 0.23012693226337433
v -0.038309987634420395 0.2621983289718628 0.2573048174381256
v -0.005957235116511583 0.2621983289718628 0.2788733243942261
v 0.03480960428714752 0.2621983289718628 0.292721152305603
v 0.07999999821186066 0.2621983289718628 0.2974928021430969
v 0.1251903921365738 0.2621983289718628 0.292721152305603
v 0.1659572422504425 0.2621983289718628 0.2788733243942261
v 0.198309987783432 0.2621983289718628 0.2573048174381256
v 0.21908172965049744 0.2621983289718628 0.23012693226337433
v 0.2262391895055771 0.2621983289718628 0.20000000298023224
v 0.21908172965049744 0.2621983289718628 0.16987307369709015
v 0.198309987783432 0.2621983289718628 0.14269517362117767
v 0.1659572422504425 0.2621983289718628 0.1211266741156578
v 0.1251903921365738 0.2621983289718628 0.10727884620428085
v 0.07999999821186066 0.2621983289718628 0.10250721126794815
v 0.03480960428714752 0.2621983289718628 0.10727884620428085
v -0.005957235116511583 0.2621983289718628 0.1211266741156578
v -0.038309987634420395 0.2621983289718628 0.14269517362117767
v -0.059081729501485825 0.2621983289718628 0.16987307369709015
v -0.06623918563127518 0.2621983289718628 0.20000000298023224
v -0.055145327001810074 0.24528929591178894 0.20000000298023224
v -0.04853084683418274 0.24528929591178894 0.22784146666526794
v -0.029334867373108864 0.24528929591178894 0.25295761227607727
v 0.0005635637207888067 0.24528929591178894 0.2728899121284485
v 0.0382377952337265 0.24528929591178894 0.28568723797798157
v 0.07999999821186066 0.24528929591178894 0.29009687900543213
v 0.12176220118999481 0.24528929591178894 0.28568723797798157
v 0.15943643450737 0.24528929591178894 0.2728899121284485
v 0.18933486938476562 0.24528929591178894 0.25295761227607727
v 0.20853084325790405 0.24528929591178894 0.22784146666526794
v 0.21514533460140228 0.24528929591178894 0.20000000298023224
v 0.20853084325790405 0.24528929591178894 0.17215852439403534
v 0.18933486938476562 0.24528929591178894 0.147042378783226
v 0.15943643450737 0.24528929591178894 0.127110093832016
v 0.12176220118999481 0.24528929591178894 0.11431276798248291
v 0.07999999821186066 0.24528929591178894 0.10990311205387115
v 0.0382377952337265 0.24528929591178894 0.11431276798248291
v 0.0005635637207888067 0.24528929591178894 0.127110093832016
v -0.029334867373108864 0.24528929591178894 0.147042378783226
v -0.04853084683418274 0.24528929591178894 0.17215852439403534
v -0.055145327001810074 0.24528929591178894 0.20000000298023224
v -0.03727472573518753 0.23012082278728485 0.20000000298023224
v -0.031534887850284576 0.23012082278728485 0.22415992617607117
v -0.014877242967486382 0.23012082278728485 0.24595490097999573
v 0.0110676484182477 0.23012082278728485 0.26325148344039917
v 0.04376011714339256 0.23012082278728485 0.2743566036224365
v 0.07999999821186066 0.23012082278728485 0.2781831622123718
v 0.11623988300561905 0.23012082278728485 0.2743566036224365
v 0.1489323526620865 0.23012082278728485 0.26325148344039917
v 0.17487724125385284 0.23012082278728485 0.24595490097999573
v 0.1915348917245865 0.23012082278728485 0.22415992617607117
v 0.19727472960948944 0.23012082278728485 0.20000000298023224
v 0.1915348917245865 0.23012082278728485 0.1758400797843933
v 0.17487724125385284 0.23012082278728485 0.15404510498046875
v 0.1489323526620865 0.23012082278728485 0.1367485076189041
v 0.11623988300561905 0.23012082278728485 0.12564340233802795
v 0.07999999821186066 0.23012082278728485 0.12181685119867325
v 0.04376011714339256 0.23012082278728485 0.12564340233802795
v 0.0110676484182477 0.23012082278728485 0.1367485076189041
v -0.014877242967486382 0.23012082278728485 0.15404510498046875
v -0.031534887850284576 0.23012082278728485 0.1758400797843933
v -0.03727472573518753 0.23012082278728485 0.20000000298023224
v -0.013523469679057598 0.2174534797668457 0.20000000298023224
v -0.008946109563112259 0.2174534797668457 0.2192668914794922
v 0.004337923601269722 0.2174534797668457 0.2366478145122528
v 0.025028282776474953 0.2174534797668457 0.25044137239456177
v 0.05109965801239014 0.2174534797668457 0.2592974007129669
v 0.07999999821186066 0.2174534797668457 0.2623489797115326
v 0.10890033841133118 0.2174534797668457 0.2592974007129669
v 0.1349717229604721 0.2174534797668457 0.25044137239456177
v 0.15566207468509674 0.2174534797668457 0.2366478145122528
v 0.16894611716270447 0.2174534797668457 0.2192668914794922
v 0.17352347075939178 0.2174534797668457 0.20000000298023224
v 0.16894611716270447 0.2174534797668457 0.1807330995798111
v 0.15566207468509674 0.2174534797668457 0.16335219144821167
v 0.1349717229604721 0.2174534797668457 0.14955861866474152
v 0.10890033841133118 0.2174534797668457 0.14070259034633636
v 0.07999999821186066 0.2174534797668457 0.13765102624893188
v 0.05109965801239014 0.2174534797668457 0.14070259034633636
v 0.025028282776474953 0.2174534797668457 0.14955861866474152
v 0.004337923601269722 0.2174534797668457 0.16335219144821167
v -0.008946109563112259 0.2174534797668457 0.1807330995798111
v -0.013523469679057598 0.2174534797668457 0.20000000298023224
v 0.014917440712451935 0.20792248845100403 0.20000000298023224
v 0.01810280606150627 0.20792248845100403 0.2134077399969101
v 0.027347100898623466 0.20792248845100403 0.22550304234027863
v 0.04174543172121048 0.20792248845100403 0.23510193824768066
v 0.05988838151097298 0.20792248845100403 0.24126479029655457
v 0.07999999821186066 0.20792248845100403 0.243388369679451
v 0.10011161863803864 0.20792248845100403 0.24126479029655457
v 0.11825456470251083 0.20792248845100403 0.23510193824768066
v 0.1326528936624527 0.20792248845100403 0.22550304234027863
v 0.14189720153808594 0.20792248845100403 0.2134077399969101
v 0.14508256316184998 0.20792248845100403 0.20000000298023224
v 0.14189720153808594 0.20792248845100403 0.1865922510623932
v 0.1326528936624527 0.20792248845100403 0.17449694871902466
v 0.11825456470251083 0.20792248845100403 0.1648980677127838
v 0.10011161863803864 0.20792248845100403 0.15873520076274872
v 0.07999999821186066 0.20792248845100403 0.1566116213798523
v 0.05988838151097298 0.20792248845100403 0.15873520076274872
v 0.04174543172121048 0.20792248845100403 0.1648980677127838
v 0.027347100898623466 0.20792248845100403 0.17449694871902466
v 0.01810280606150627 0.20792248845100403 0.1865922510623932
v 0.014917440712451935 0.20792248845100403 0.20000000298023224
v 0.046621859073638916 0.2020057737827301 0.20000000298023224
v 0.04825550317764282 0.2020057737827301 0.20687627792358398
v 0.05299651622772217 0.2020057737827301 0.21307945251464844
v 0.06038082018494606 0.2020057737827301 0.2180023193359375
v 0.06968558579683304 0.2020057737827301 0.22116300463676453
v 0.07999999821186066 0.2020057737827301 0.22225210070610046
v 0.09031441062688828 0.2020057737827301 0.22116300463676453
v 0.09961917996406555 0.2020057737827301 0.2180023193359375
v 0.10700348019599915 0.2020057737827301 0.21307945251464844
v 0.11174450069665909 0.2020057737827301 0.20687627792358398
v 0.1133781373500824 0.2020057737827301 0.20000000298023224
v 0.11174450069665909 0.2020057737827301 0.1931237280368805
v 0.10700348019599915 0.2020057737827301 0.18692055344581604
v 0.09961917996406555 0.2020057737827301 0.18199767172336578
v 0.09031441062688828 0.2020057737827301 0.17883700132369995
v 0.07999999821186066 0.2020057737827301 0.177747905254364
v 0.06968558579683304 0.2020057737827301 0.17883700132369995
v 0.06038082018494606 0.2020057737827301 0.18199767172336578
v 0.05299651622772217 0.2020057737827301 0.18692055344581604
v 0.04825550317764282 0.2020057737827301 0.1931237280368805
v 0.046621859073638916 0.2020057737827301 0.20000000298023224
v 0.07999999821186066 0.20000000298023224 0.20000000298023224
v 0.07999999821186066 0.20000000298023224 0.20000000298023224
v 0.07999999821186066 0.20000000298023224 0.20000000298023224
v 0.07999999821186066 0.20000000298023224 0.20000000298023224
v 0.07999999821186066 0.20000000298023224 0.20000000298023224
v 0.07999999821186066 0.20000000298023224 0.20000000298023224
v 0.07999999821186066 0.20000000298023224 0.20000000298023224
v 0.07999999821186066 0.20000000298023224 0.20000000298023224
v 0.07999999821186066 0.20000000298023224 0.20000000298023224
v 0.07999999821186066 0.20000000298023224 0.20000000298023224
v 0.07999999821186066 0.20000000298023224 0.20000000298023224
v 0.07999999821186066 0.20000000298023224 0.20000000298023224
v 0.07999999821186066 0.20000000298023224 0.20000000298023224
v 0.07999999821186066 0.20000000298023224 0.20000000298023224
v 0.07999999821186066 0.20000000298023224 0.20000000298023224
v 0.07999999821186066 0.20000000298023224 0.20000000298023224
v 0.07999999821186066 0.20000000298023224 0.20000000298023224
v 0.07999999821186066 0.20000000298023224 0.20000000298023224
v 0.07999999821186066 0.20000000298023224 0.20000000298023224
v 0.07999999821186066 0.20000000298023224 0.20000000298023224
v 0.07999999821186066 0.20000000298023224 0.20000000298023224
vt 0.02500000037252903 1
vt 0.07500000298023224 1
vt 0.125 1
vt 0.17499999701976776 1
vt 0.22499999403953552 1
vt 0.2750000059604645 1
vt 0.32499998807907104 1
vt 0.375 1
vt 0.42500001192092896 1
vt 0.4749999940395355 1
vt 0.5249999761581421 1
vt 0.574999988079071 1
vt 0.625 1
vt 0.675000011920929 1
vt 0.7250000238418579 1
vt 0.7749999761581421 1
vt 0.824999988079071 1
vt 0.875 1
vt 0.925000011920929 1
vt 0.9750000238418579 1
vt 1.024999976158142 1
vt 0 0.9285714030265808
vt 0.05000000074505806 0.9285714030265808
vt 0.10000000149011612 0.9285714030265808
vt 0.15000000596046448 0.9285714030265808
vt 0.20000000298023224 0.9285714030265808
vt 0.25 0.9285714030265808
vt 0.30000001192092896 0.9285714030265808
vt 0.3499999940395355 0.9285714030265808
vt 0.4000000059604645 0.9285714030265808
vt 0.44999998807907104 0.9285714030265808
vt 0.5 0.9285714030265808
vt 0.550000011920929 0.9285714030265808
vt 0.6000000238418579 0.9285714030265808
vt 0.6499999761581421 0.9285714030265808
vt 0.699999988079071 0.9285714030265808
vt 0.75 0.9285714030265808
vt 0.800000011920929 0.9285714030265808
vt 0.8500000238418579 0.9285714030265808
vt 0.8999999761581421 0.9285714030265808
vt 0.949999988079071 0.9285714030265808
vt 1 0.9285714030265808
vt 0 0.8571428656578064
vt 0.05000000074505806 0.8571428656578064
vt 0.10000000149011612 0.8571428656578064
vt 0.15000000596046448 0.8571428656578064
vt 0.20000000298023224 0.8571428656578064
vt 0.25 0.8571428656578064
vt 0.30000001192092896 0.8571428656578064
vt 0.3499999940395355 0.8571428656578064
vt 0.4000000059604645 0.8571428656578064
vt 0.44999998807907104 0.8571428656578064
vt 0.5 0.8571428656578064
vt 0.550000011920929 0.8571428656578064
vt 0.6000000238418579 0.8571428656578064
vt 0.6499999761581421 0.8571428656578064
vt 0.699999988079071 0.8571428656578064
vt 0.75 0.8571428656578064
vt 0.800000011920929 0.8571428656578064
vt 0.8500000238418579 0.8571428656578064
vt 0.8999999761581421 0.8571428656578064
vt 0.949999988079071 0.8571428656578064
vt 1 0.8571428656578064
vt 0 0.7857142686843872
vt 0.05000000074505806 0.7857142686843872
vt 0.10000000149011612 0.7857142686843872
vt 0.15000000596046448 0.7857142686843872
vt 0.20000000298023224 0.7857142686843872
vt 0.25 0.7857142686843872
vt 0.30000001192092896 0.7857142686843872
vt 0.3499999940395355 0.7857142686843872
vt 0.4000000059604645 0.7857142686843872
vt 0.44999998807907104 0.7857142686843872
vt 0.5 0.7857142686843872
vt 0.550000011920929 0.7857142686843872
vt 0.6000000238418579 0.7857142686843872
vt 0.6499999761581421 0.7857142686843872
vt 0.699999988079071 0.7857142686843872
vt 0.75 0.7857142686843872
vt 0.800000011920929 0.7857142686843872
vt 0.8500000238418579 0.7857142686843872
vt 0.8999999761581421 0.7857142686843872
vt 0.949999988079071 0.7857142686843872
vt 1 0.7857142686843872
vt 0 0.7142857313156128
vt 0.05000000074505806 0.7142857313156128
vt 0.10000000149011612 0.7142857313156128
vt 0.15000000596046448 0.7142857313156128
vt 0.20000000298023224 0.7142857313156128
vt 0.25 0.7142857313156128
vt 0.30000001192092896 0.7142857313156128
vt 0.3499999940395355 0.7142857313156128
vt 0.4000000059604645 0.7142857313156128
vt 0.44999998807907104 0.7142857313156128
vt 0.5 0.7142857313156128
vt 0.550000011920929 0.7142857313156128
vt 0.6000000238418579 0.7142857313156128
vt 0.6499999761581421 0.7142857313156128
vt 0.699999988079071 0.7142857313156128
vt 0.75 0.7142857313156128
vt 0.800000011920929 0.7142857313156128
vt 0.8500000238418579 0.7142857313156128
vt 0.8999999761581421 0.7142857313156128
vt 0.949999988079071 0.7142857313156128
vt 1 0.7142857313156128
vt 0 0.6428571343421936
vt 0.05000000074505806 0.6428571343421936
vt 0.10000000149011612 0.6428571343421936
vt 0.15000000596046448 0.6428571343421936
vt 0.20000000298023224 0.6428571343421936
vt 0.25 0.6428571343421936
vt 0.30000001192092896 0.6428571343421936
vt 0.3499999940395355 0.6428571343421936
vt 0.4000000059604645 0.6428571343421936
vt 0.44999998807907104 0.6428571343421936
vt 0.5 0.6428571343421936
vt 0.550000011920929 0.6428571343421936
vt 0.6000000238418579 0.6428571343421936
vt 0.6499999761581421 0.6428571343421936
vt 0.699999988079071 0.6428571343421936
vt 0.75 0.6428571343421936
vt 0.800000011920929 0.6428571343421936
vt 0.8500000238418579 0.6428571343421936
vt 0.8999999761581421 0.6428571343421936
vt 0.949999988079071 0.6428571343421936
vt 1 0.6428571343421936
vt 0 0.5714285969734192
vt 0.05000000074505806 0.5714285969734192
vt 0.10000000149011612 0.5714285969734192
vt 0.15000000596046448 0.5714285969734192
vt 0.20000000298023224 0.5714285969734192
vt 0.25 0.5714285969734192
vt 0.30000001192092896 0.5714285969734192
vt 0.3499999940395355 0.5714285969734192
vt 0.4000000059604645 0.5714285969734192
vt 0.44999998807907104 0.5714285969734192
vt 0.5 0.5714285969734192
vt 0.550000011920929 0.5714285969734192
vt 0.6000000238418579 0.5714285969734192
vt 0.6499999761581421 0.5714285969734192
vt 0.699999988079071 0.5714285969734192
vt 0.75 0.5714285969734192
vt 0.800000011920929 0.5714285969734192
vt 0.8500000238418579 0.5714285969734192
vt 0.8999999761581421 0.5714285969734192
vt 0.949999988079071 0.5714285969734192
vt 1 0.5714285969734192
vt 0 0.5
vt 0.05000000074505806 0.5
vt 0.10000000149011612 0.5
vt 0.15000000596046448 0.5
vt 0.20000000298023224 0.5
vt 0.25 0.5
vt 0.30000001192092896 0.5
vt 0.3499999940395355 0.5
vt 0.4000000059604645 0.5
vt 0.44999998807907104 0.5
vt 0.5 0.5
vt 0.550000011920929 0.5
vt 0.6000000238418579 0.5
vt 0.6499999761581421 0.5
vt 0.699999988079071 0.5
vt 0.75 0.5
vt 0.800000011920929 0.5
vt 0.8500000238418579 0.5
vt 0.8999999761581421 0.5
vt 0.949999988079071 0.5
vt 1 0.5
vt 0 0.4285714328289032
vt 0.05000000074505806 0.4285714328289032
vt 0.10000000149011612 0.4285714328289032
vt 0.15000000596046448 0.4285714328289032
vt 0.20000000298023224 0.4285714328289032
vt 0.25 0.4285714328289032
vt 0.30000001192092896 0.4285714328289032
vt 0.3499999940395355 0.4285714328289032
vt 0.4000000059604645 0.4285714328289032
vt 0.44999998807907104 0.4285714328289032
vt 0.5 0.4285714328289032
vt 0.550000011920929 0.4285714328289032
vt 0.6000000238418579 0.4285714328289032
vt 0.6499999761581421 0.4285714328289032
vt 0.699999988079071 0.4285714328289032
vt 0.75 0.4285714328289032
vt 0.800000011920929 0.4285714328289032
vt 0.8500000238418579 0.4285714328289032
vt 0.8999999761581421 0.4285714328289032
vt 0.949999988079071 0.4285714328289032
vt 1 0.4285714328289032
vt 0 0.3571428656578064
vt 0.05000000074505806 0.3571428656578064
vt 0.10000000149011612 0.3571428656578064
vt 0.15000000596046448 0.3571428656578064
vt 0.20000000298023224 0.3571428656578064
vt 0.25 0.3571428656578064
vt 0.30000001192092896 0.3571428656578064
vt 0.3499999940395355 0.3571428656578064
vt 0.4000000059604645 0.3571428656578064
vt 0.44999998807907104 0.3571428656578064
vt 0.5 0.3571428656578064
vt 0.550000011920929 0.3571428656578064
vt 0.6000000238418579 0.3571428656578064
vt 0.6499999761581421 0.3571428656578064
vt 0.699999988079071 0.3571428656578064
vt 0.75 0.3571428656578064
vt 0.800000011920929 0.3571428656578064
vt 0.8500000238418579 0.3571428656578064
vt 0.8999999761581421 0.3571428656578064
vt 0.949999988079071 0.3571428656578064
vt 1 0.3571428656578064
vt 0 0.2857142984867096
vt 0.05000000074505806 0.2857142984867096
vt 0.10000000149011612 0.2857142984867096
vt 0.15000000596046448 0.2857142984867096
vt 0.20000000298023224 0.2857142984867096
vt 0.25 0.2857142984867096
vt 0.30000001192092896 0.2857142984867096
vt 0.3499999940395355 0.2857142984867096
vt 0.4000000059604645 0.2857142984867096
vt 0.44999998807907104 0.2857142984867096
vt 0.5 0.2857142984867096
vt 0.550000011920929 0.2857142984867096
vt 0.6000000238418579 0.2857142984867096
vt 0.6499999761581421 0.2857142984867096
vt 0.699999988079071 0.2857142984867096
vt 0.75 0.2857142984867096
vt 0.800000011920929 0.2857142984867096
vt 0.8500000238418579 0.2857142984867096
vt 0.8999999761581421 0.2857142984867096
vt 0.949999988079071 0.2857142984867096
vt 1 0.2857142984867096
vt 0 0.2142857164144516
vt 0.05000000074505806 0.2142857164144516
vt 0.10000000149011612 0.2142857164144516
vt 0.15000000596046448 0.2142857164144516
vt 0.20000000298023224 0.2142857164144516
vt 0.25 0.2142857164144516
vt 0.30000001192092896 0.2142857164144516
vt 0.3499999940395355 0.2142857164144516
vt 0.4000000059604645 0.2142857164144516
vt 0.44999998807907104 0.2142857164144516
vt 0.5 0.2142857164144516
vt 0.550000011920929 0.2142857164144516
vt 0.6000000238418579 0.2142857164144516
vt 0.6499999761581421 0.2142857164144516
vt 0.699999988079071 0.2142857164144516
vt 0.75 0.2142857164144516
vt 0.800000011920929 0.2142857164144516
vt 0.8500000238418579 0.2142857164144516
vt 0.8999999761581421 0.2142857164144516
vt 0.949999988079071 0.2142857164144516
vt 1 0.2142857164144516
vt 0 0.1428571492433548
vt 0.05000000074505806 0.1428571492433548
vt 0.10000000149011612 0.1428571492433548
vt 0.15000000596046448 0.1428571492433548
vt 0.20000000298023224 0.1428571492433548
vt 0.25 0.1428571492433548
vt 0.30000001192092896 0.1428571492433548
vt 0.3499999940395355 0.1428571492433548
vt 0.4000000059604645 0.1428571492433548
vt 0.44999998807907104 0.1428571492433548
vt 0.5 0.1428571492433548
vt 0.550000011920929 0.1428571492433548
vt 0.6000000238418579 0.1428571492433548
vt 0.6499999761581421 0.1428571492433548
vt 0.699999988079071 0.1428571492433548
vt 0.75 0.1428571492433548
vt 0.800000011920929 0.1428571492433548
vt 0.8500000238418579 0.1428571492433548
vt 0.8999999761581421 0.1428571492433548
vt 0.949999988079071 0.1428571492433548
vt 1 0.1428571492433548
vt 0 0.0714285746216774
vt 0.05000000074505806 0.0714285746216774
vt 0.10000000149011612 0.0714285746216774
vt 0.15000000596046448 0.0714285746216774
vt 0.20000000298023224 0.0714285746216774
vt 0.25 0.0714285746216774
vt 0.30000001192092896 0.0714285746216774
vt 0.3499999940395355 0.0714285746216774
vt 0.4000000059604645 0.0714285746216774
vt 0.44999998807907104 0.0714285746216774
vt 0.5 0.0714285746216774
vt 0.550000011920929 0.0714285746216774
vt 0.6000000238418579 0.0714285746216774
vt 0.6499999761581421 0.0714285746216774
vt 0.699999988079071 0.0714285746216774
vt 0.75 0.0714285746216774
vt 0.800000011920929 0.0714285746216774
vt 0.8500000238418579 0.0714285746216774
vt 0.8999999761581421 0.0714285746216774
vt 0.949999988079071 0.0714285746216774
vt 1 0.0714285746216774
vt -0.02500000037252903 0
vt 0.02500000037252903 0
vt 0.07500000298023224 0
vt 0.125 0
vt 0.17499999701976776 0
vt 0.22499999403953552 0
vt 0.2750000059604645 0
vt 0.32499998807907104 0
vt 0.375 0
vt 0.42500001192092896 0
vt 0.4749999940395355 0
vt 0.5249999761581421 0
vt 0.574999988079071 0
vt 0.625 0
vt 0.675000011920929 0
vt 0.7250000238418579 0
vt 0.7749999761581421 0
vt 0.824999988079071 0
vt 0.875 0
vt 0.925000011920929 0
vt 0.9750000238418579 0
vn 0 1 0
vn 0 1 0
vn 0 1 0
vn 0 1 0
vn 0 1 0
vn 0 1 0
vn 0 1 0
vn 0 1 0
vn 0 1 0
vn 0 1 0
vn 0 1 0
vn 0 1 0
vn 0 1 0
vn 0 1 0
vn 0 1 0
vn 0 1 0
vn 0 1 0
vn 0 1 0
vn 0 1 0
vn 0 1 0
vn 0 1 0
vn -0.12083785166877033 0.9926722589072772 0
vn -0.11482360357225936 0.9918083076217552 0.05596267501782249
vn -0.09745308816233249 0.9895570934535073 0.10620571737656735
vn -0.07060621853741965 0.9867955094655672 0.14577168587362235
vn -0.03703647807647963 0.9845781804583835 0.1709798404986656
vn -7.332568785319977e-18 0.9837351736327246 0.17962490962501015
vn 0.03703647807647963 0.9845781804583835 0.1709798404986656
vn 0.07060621853741965 0.9867955094655672 0.14577168587362235
vn 0.09745308816233249 0.9895570934535073 0.10620571737656735
vn 0.11482360357225936 0.9918083076217552 0.05596267501782249
vn 0.12083785166877033 0.9926722589072772 2.2197553738500844e-17
vn 0.11482360357225936 0.9918083076217552 -0.05596267501782249
vn 0.09745308816233249 0.9895570934535073 -0.10620571737656735
vn 0.07060621853741965 0.9867955094655672 -0.14577168587362235
vn 0.03703647807647963 0.9845781804583835 -0.1709798404986656
vn 2.1997706355959932e-17 0.9837351736327246 -0.17962490962501015
vn -0.03703647807647963 0.9845781804583835 -0.1709798404986656
vn -0.07060621853741965 0.9867955094655672 -0.14577168587362235
vn -0.09745308816233249 0.9895570934535073 -0.10620571737656735
vn -0.11482360357225936 0.9918083076217552 -0.05596267501782249
vn -0.12083785166877033 0.9926722589072772 -4.439510747700169e-17
vn -0.24876571059545854 0.9685636898170076 0
vn -0.23572124205412748 0.9650060993218976 0.11488570109458811
vn -0.19861906434673557 0.9558747250890931 0.21645779545647725
vn -0.14265412329090624 0.944938019707876 0.2945198465615868
vn -0.0743168582174745 0.9363595713813616 0.3430856418843499
vn -1.4675464376994403e-17 0.9331440224455002 0.35950275850712426
vn 0.0743168582174745 0.9363595713813616 0.3430856418843499
vn 0.14265412329090624 0.944938019707876 0.2945198465615868
vn 0.19861906434673557 0.9558747250890931 0.21645779545647725
vn 0.23572124205412748 0.9650060993218976 0.11488570109458811
vn 0.24876571059545854 0.9685636898170076 4.569751749741311e-17
vn 0.23572124205412748 0.9650060993218976 -0.11488570109458811
vn 0.19861906434673557 0.9558747250890931 -0.21645779545647725
vn 0.14265412329090624 0.944938019707876 -0.2945198465615868
vn 0.0743168582174745 0.9363595713813616 -0.3430856418843499
vn 4.4026389822260795e-17 0.9331440224455002 -0.35950275850712426
vn -0.0743168582174745 0.9363595713813616 -0.3430856418843499
vn -0.14265412329090624 0.944938019707876 -0.2945198465615868
vn -0.19861906434673557 0.9558747250890931 -0.21645779545647725
vn -0.23572124205412748 0.9650060993218976 -0.11488570109458811
vn -0.24876571059545854 0.9685636898170076 -9.139503499482622e-17
vn -0.39138937905914495 0.9202251648154905 0
vn -0.368876283209149 0.9119256853728055 0.17978273566486522
vn -0.3066594952564637 0.891217783846294 0.33420175900966065
vn -0.2168644831078903 0.8674706878256336 0.4477325113610465
vn -0.1116621263537591 0.84958844826245 0.5154910650216543
vn -2.1955641735092005e-17 0.8430442271107487 0.5378442443079968
vn 0.1116621263537591 0.84958844826245 0.5154910650216543
vn 0.2168644831078903 0.8674706878256336 0.4477325113610465
vn 0.3066594952564637 0.891217783846294 0.33420175900966065
vn 0.368876283209149 0.9119256853728055 0.17978273566486522
vn 0.39138937905914495 0.9202251648154905 7.189706482353731e-17
vn 0.368876283209149 0.9119256853728055 -0.17978273566486522
vn 0.3066594952564637 0.891217783846294 -0.33420175900966065
vn 0.2168644831078903 0.8674706878256336 -0.4477325113610465
vn 0.1116621263537591 0.84958844826245 -0.5154910650216543
vn 6.586692355091478e-17 0.8430442271107487 -0.5378442443079968
vn -0.1116621263537591 0.84958844826245 -0.5154910650216543
vn -0.2168644831078903 0.8674706878256336 -0.4477325113610465
vn -0.3066594952564637 0.891217783846294 -0.33420175900966065
vn -0.368876283209149 0.9119256853728055 -0.17978273566486522
vn -0.39138937905914495 0.9202251648154905 -1.4379412964707461e-16
vn -0.5559151264419125 0.8312390583899871 0
vn -0.5192168402317184 0.8163189962411849 0.2530556642234556
vn -0.4224372865215486 0.7807681077306448 0.46037799785287215
vn -0.29193064656689677 0.7426402590761454 0.602712156169385
vn -0.14788302736958853 0.7155721763199592 0.6827056984475249
vn -2.8910819037450035e-17 0.7059875049973118 0.7082242884762359
vn 0.14788302736958853 0.7155721763199592 0.6827056984475249
vn 0.29193064656689677 0.7426402590761454 0.602712156169385
vn 0.4224372865215486 0.7807681077306448 0.46037799785287215
vn 0.5192168402317184 0.8163189962411849 0.2530556642234556
vn 0.5559151264419125 0.8312390583899871 1.0211995478564154e-16
vn 0.5192168402317184 0.8163189962411849 -0.2530556642234556
vn 0.4224372865215486 0.7807681077306448 -0.46037799785287215
vn 0.29193064656689677 0.7426402590761454 -0.602712156169385
vn 0.14788302736958853 0.7155721763199592 -0.6827056984475249
vn 8.673246042107251e-17 0.7059875049973118 -0.7082242884762359
vn -0.14788302736958853 0.7155721763199592 -0.6827056984475249
vn -0.29193064656689677 0.7426402590761454 -0.602712156169385
vn -0.4224372865215486 0.7807681077306448 -0.46037799785287215
vn -0.5192168402317184 0.8163189962411849 -0.2530556642234556
vn -0.5559151264419125 0.8312390583899871 -2.0423990957128307e-16
vn -0.7422035907336847 0.6701744772087528 0
vn -0.6837556269969429 0.6491715224483985 0.33324852136513045
vn -0.5396820744846348 0.6023448529352247 0.5881529874296345
vn -0.3622058297776057 0.5564185328412659 0.7478003431303634
vn -0.18004001837770536 0.5260796593902827 0.8311593010719183
vn -3.497379263735835e-17 0.5157351607172116 0.856748063318495
vn 0.18004001837770536 0.5260796593902827 0.8311593010719183
vn 0.3622058297776057 0.5564185328412659 0.7478003431303634
vn 0.5396820744846348 0.6023448529352247 0.5881529874296345
vn 0.6837556269969429 0.6491715224483985 0.33324852136513045
vn 0.7422035907336847 0.6701744772087528 1.3634058001409892e-16
vn 0.6837556269969429 0.6491715224483985 -0.33324852136513045
vn 0.5396820744846348 0.6023448529352247 -0.5881529874296345
vn 0.3622058297776057 0.5564185328412659 -0.7478003431303634
vn 0.18004001837770536 0.5260796593902827 -0.8311593010719183
vn 1.049213845295201e-16 0.5157351607172116 -0.856748063318495
vn -0.18004001837770536 0.5260796593902827 -0.8311593010719183
vn -0.3622058297776057 0.5564185328412659 -0.7478003431303634
vn -0.5396820744846348 0.6023448529352247 -0.5881529874296345
vn -0.6837556269969429 0.6491715224483985 -0.33324852136513045
vn -0.7422035907336847 0.6701744772087528 -2.7268116002819785e-16
vn -0.9193495939301854 0.3934416400692779 0
vn -0.8333272773086048 0.3749807106584088 0.40614666750761647
vn -0.636604770167042 0.33675330044041757 0.6937806434623652
vn -0.4154937619374086 0.3025139907610426 0.857817124557984
vn -0.2031519978072884 0.28134446907322896 0.9378563618746799
vn -3.925515245520676e-17 0.2743566595040248 0.9616280067603026
vn 0.2031519978072884 0.28134446907322896 0.9378563618746799
vn 0.4154937619374086 0.3025139907610426 0.857817124557984
vn 0.636604770167042 0.33675330044041757 0.6937806434623652
vn 0.8333272773086048 0.3749807106584088 0.40614666750761647
vn 0.9193495939301854 0.3934416400692779 1.6888177003075031e-16
vn 0.8333272773086048 0.3749807106584088 -0.40614666750761647
vn 0.636604770167042 0.33675330044041757 -0.6937806434623652
vn 0.4154937619374086 0.3025139907610426 -0.857817124557984
vn 0.2031519978072884 0.28134446907322896 -0.9378563618746799
vn 1.1776546398306508e-16 0.2743566595040248 -0.9616280067603026
vn -0.2031519978072884 0.28134446907322896 -0.9378563618746799
vn -0.4154937619374086 0.3025139907610426 -0.857817124557984
vn -0.636604770167042 0.33675330044041757 -0.6937806434623652
vn -0.8333272773086048 0.3749807106584088 -0.40614666750761647
vn -0.9193495939301854 0.3934416400692779 -3.3776354006150063e-16
vn -1 1.148106440842207e-16 0
vn -0.8989190476881029 1.0851665348590749e-16 0.43811476316544523
vn -0.6760933999582809 9.594695571260412e-17 0.7368159298853765
vn -0.4359187468548747 8.514693455134385e-17 0.8999860255251054
vn -0.21170337561165462 7.865522163566648e-17 0.9773339658246974
vn -4.082156175283893e-17 7.654042497785054e-17 1
vn 0.21170337561165462 7.865522163566648e-17 0.9773339658246974
vn 0.4359187468548747 8.514693455134385e-17 0.8999860255251054
vn 0.6760933999582809 9.594695571260412e-17 0.7368159298853765
vn 0.8989190476881029 1.0851665348590749e-16 0.43811476316544523
vn 1 1.148106440842207e-16 1.8369702788777518e-16
vn 0.8989190476881029 1.0851665348590749e-16 -0.43811476316544523
vn 0.6760933999582809 9.594695571260412e-17 -0.7368159298853765
vn 0.4359187468548747 8.514693455134385e-17 -0.8999860255251054
vn 0.21170337561165462 7.865522163566648e-17 -0.9773339658246974
vn 1.2246467202362698e-16 7.654042497785054e-17 -1
vn -0.21170337561165462 7.865522163566648e-17 -0.9773339658246974
vn -0.4359187468548747 8.514693455134385e-17 -0.8999860255251054
vn -0.6760933999582809 9.594695571260412e-17 -0.7368159298853765
vn -0.8989190476881029 1.0851665348590749e-16 -0.43811476316544523
vn -1 1.148106440842207e-16 -3.6739405577555036e-16
vn -0.9193495939301854 -0.3934416400692779 0
vn -0.8333272773086048 -0.3749807106584088 0.40614666750761647
vn -0.636604770167042 -0.33675330044041757 0.6937806434623652
vn -0.4154937619374086 -0.3025139907610426 0.857817124557984
vn -0.2031519978072884 -0.28134446907322896 0.9378563618746799
vn -3.925515245520676e-17 -0.2743566595040248 0.9616280067603026
vn 0.2031519978072884 -0.28134446907322896 0.9378563618746799
vn 0.4154937619374086 -0.3025139907610426 0.857817124557984
vn 0.636604770167042 -0.33675330044041757 0.6937806434623652
vn 0.8333272773086048 -0.3749807106584088 0.40614666750761647
vn 0.9193495939301854 -0.3934416400692779 1.6888177003075031e-16
vn 0.8333272773086048 -0.3749807106584088 -0.40614666750761647
vn 0.636604770167042 -0.33675330044041757 -0.6937806434623652
vn 0.4154937619374086 -0.3025139907610426 -0.857817124557984
vn 0.2031519978072884 -0.28134446907322896 -0.9378563618746799
vn 1.1776546398306508e-16 -0.2743566595040248 -0.9616280067603026
vn -0.2031519978072884 -0.28134446907322896 -0.9378563618746799
vn -0.4154937619374086 -0.3025139907610426 -0.857817124557984
vn -0.636604770167042 -0.33675330044041757 -0.6937806434623652
vn -0.8333272773086048 -0.3749807106584088 -0.40614666750761647
vn -0.9193495939301854 -0.3934416400692779 -3.3776354006150063e-16
vn -0.7422035907336847 -0.6701744772087528 0
vn -0.6837556269969429 -0.6491715224483985 0.33324852136513045
vn -0.5396820744846348 -0.6023448529352247 0.5881529874296345
vn -0.3622058297776057 -0.5564185328412659 0.7478003431303634
vn -0.18004001837770536 -0.5260796593902827 0.8311593010719183
vn -3.497379263735835e-17 -0.5157351607172116 0.856748063318495
vn 0.18004001837770536 -0.5260796593902827 0.8311593010719183
vn 0.3622058297776057 -0.5564185328412659 0.7478003431303634
vn 0.5396820744846348 -0.6023448529352247 0.5881529874296345
vn 0.6837556269969429 -0.6491715224483985 0.33324852136513045
vn 0.7422035907336847 -0.6701744772087528 1.3634058001409892e-16
vn 0.6837556269969429 -0.6491715224483985 -0.33324852136513045
vn 0.5396820744846348 -0.6023448529352247 -0.5881529874296345
vn 0.3622058297776057 -0.5564185328412659 -0.7478003431303634
vn 0.18004001837770536 -0.5260796593902827 -0.8311593010719183
vn 1.049213845295201e-16 -0.5157351607172116 -0.856748063318495
vn -0.18004001837770536 -0.5260796593902827 -0.8311593010719183
vn -0.3622058297776057 -0.5564185328412659 -0.7478003431303634
vn -0.5396820744846348 -0.6023448529352247 -0.5881529874296345
vn -0.6837556269969429 -0.6491715224483985 -0.33324852136513045
vn -0.7422035907336847 -0.6701744772087528 -2.7268116002819785e-16
vn -0.5559151264419125 -0.8312390583899871 0
vn -0.5192168402317184 -0.8163189962411849 0.2530556642234556
vn -0.4224372865215486 -0.7807681077306448 0.46037799785287215
vn -0.29193064656689677 -0.7426402590761454 0.602712156169385
vn -0.14788302736958853 -0.7155721763199592 0.6827056984475249
vn -2.8910819037450035e-17 -0.7059875049973118 0.7082242884762359
vn 0.14788302736958853 -0.7155721763199592 0.6827056984475249
vn 0.29193064656689677 -0.7426402590761454 0.602712156169385
vn 0.4224372865215486 -0.7807681077306448 0.46037799785287215
vn 0.5192168402317184 -0.8163189962411849 0.2530556642234556
vn 0.5559151264419125 -0.8312390583899871 1.0211995478564154e-16
vn 0.5192168402317184 -0.8163189962411849 -0.2530556642234556
vn 0.4224372865215486 -0.7807681077306448 -0.46037799785287215
vn 0.29193064656689677 -0.7426402590761454 -0.602712156169385
vn 0.14788302736958853 -0.7155721763199592 -0.6827056984475249
vn 8.673246042107251e-17 -0.7059875049973118 -0.7082242884762359
vn -0.14788302736958853 -0.7155721763199592 -0.6827056984475249
vn -0.29193064656689677 -0.7426402590761454 -0.602712156169385
vn -0.4224372865215486 -0.7807681077306448 -0.46037799785287215
vn -0.5192168402317184 -0.8163189962411849 -0.2530556642234556
vn -0.5559151264419125 -0.8312390583899871 -2.0423990957128307e-16
vn -0.39138937905914495 -0.9202251648154905 0
vn -0.368876283209149 -0.9119256853728055 0.17978273566486522
vn -0.3066594952564637 -0.891217783846294 0.33420175900966065
vn -0.2168644831078903 -0.8674706878256336 0.4477325113610465
vn -0.1116621263537591 -0.84958844826245 0.5154910650216543
vn -2.1955641735092005e-17 -0.8430442271107487 0.5378442443079968
vn 0.1116621263537591 -0.84958844826245 0.5154910650216543
vn 0.2168644831078903 -0.8674706878256336 0.4477325113610465
vn 0.3066594952564637 -0.891217783846294 0.33420175900966065
vn 0.368876283209149 -0.9119256853728055 0.17978273566486522
vn 0.39138937905914495 -0.9202251648154905 7.189706482353731e-17
vn 0.368876283209149 -0.9119256853728055 -0.17978273566486522
vn 0.3066594952564637 -0.891217783846294 -0.33420175900966065
vn 0.2168644831078903 -0.8674706878256336 -0.4477325113610465
vn 0.1116621263537591 -0.84958844826245 -0.5154910650216543
vn 6.586692355091478e-17 -0.8430442271107487 -0.5378442443079968
vn -0.1116621263537591 -0.84958844826245 -0.5154910650216543
vn -0.2168644831078903 -0.8674706878256336 -0.4477325113610465
vn -0.3066594952564637 -0.891217783846294 -0.33420175900966065
vn -0.368876283209149 -0.9119256853728055 -0.17978273566486522
vn -0.39138937905914495 -0.9202251648154905 -1.4379412964707461e-16
vn -0.24876571059545854 -0.9685636898170076 0
vn -0.23572124205412748 -0.9650060993218976 0.11488570109458811
vn -0.19861906434673557 -0.9558747250890931 0.21645779545647725
vn -0.14265412329090624 -0.944938019707876 0.2945198465615868
vn -0.0743168582174745 -0.9363595713813616 0.3430856418843499
vn -1.4675464376994403e-17 -0.9331440224455002 0.35950275850712426
vn 0.0743168582174745 -0.9363595713813616 0.3430856418843499
vn 0.14265412329090624 -0.944938019707876 0.2945198465615868
vn 0.19861906434673557 -0.9558747250890931 0.21645779545647725
vn 0.23572124205412748 -0.9650060993218976 0.11488570109458811
vn 0.24876571059545854 -0.9685636898170076 4.569751749741311e-17
vn 0.23572124205412748 -0.9650060993218976 -0.11488570109458811
vn 0.19861906434673557 -0.9558747250890931 -0.21645779545647725
vn 0.14265412329090624 -0.944938019707876 -0.2945198465615868
vn 0.0743168582174745 -0.9363595713813616 -0.3430856418843499
vn 4.4026389822260795e-17 -0.9331440224455002 -0.35950275850712426
vn -0.0743168582174745 -0.9363595713813616 -0.3430856418843499
vn -0.14265412329090624 -0.944938019707876 -0.2945198465615868
vn -0.19861906434673557 -0.9558747250890931 -0.21645779545647725
vn -0.23572124205412748 -0.9650060993218976 -0.11488570109458811
vn -0.24876571059545854 -0.9685636898170076 -9.139503499482622e-17
vn -0.12083785166877033 -0.9926722589072772 0
vn -0.11482360357225936 -0.9918083076217552 0.05596267501782249
vn -0.09745308816233249 -0.9895570934535073 0.10620571737656735
vn -0.07060621853741965 -0.9867955094655672 0.14577168587362235
vn -0.03703647807647963 -0.9845781804583835 0.1709798404986656
vn -7.332568785319977e-18 -0.9837351736327246 0.17962490962501015
vn 0.03703647807647963 -0.9845781804583835 0.1709798404986656
vn 0.07060621853741965 -0.9867955094655672 0.14577168587362235
vn 0.09745308816233249 -0.9895570934535073 0.10620571737656735
vn 0.11482360357225936 -0.9918083076217552 0.05596267501782249
vn 0.12083785166877033 -0.9926722589072772 2.2197553738500844e-17
vn 0.11482360357225936 -0.9918083076217552 -0.05596267501782249
vn 0.09745308816233249 -0.9895570934535073 -0.10620571737656735
vn 0.07060621853741965 -0.9867955094655672 -0.14577168587362235
vn 0.03703647807647963 -0.9845781804583835 -0.1709798404986656
vn 2.1997706355959932e-17 -0.9837351736327246 -0.17962490962501015
vn -0.03703647807647963 -0.9845781804583835 -0.1709798404986656
vn -0.07060621853741965 -0.9867955094655672 -0.14577168587362235
vn -0.09745308816233249 -0.9895570934535073 -0.10620571737656735
vn -0.11482360357225936 -0.9918083076217552 -0.05596267501782249
vn -0.12083785166877033 -0.9926722589072772 -4.439510747700169e-17
vn -6.531449880454229e-17 -1 0
vn -6.211777660926985e-17 -1 3.027493615089392e-17
vn -5.2840539066626273e-17 -1 5.758634224736146e-17
vn -3.839089814029676e-17 -1 7.926080363685573e-17
vn -2.018328966435513e-17 -1 9.317666160518233e-17
vn -3.999359450547714e-33 -1 9.797174820681343e-17
vn 2.018328966435513e-17 -1 9.317666160518233e-17
vn 3.839089814029676e-17 -1 7.926080363685573e-17
vn 5.2840539066626273e-17 -1 5.758634224736146e-17
vn 6.211777660926985e-17 -1 3.027493615089392e-17
vn 6.531449880454229e-17 -1 1.1998078351643141e-32
vn 6.211777660926985e-17 -1 -3.027493615089392e-17
vn 5.2840539066626273e-17 -1 -5.758634224736146e-17
vn 3.839089814029676e-17 -1 -7.926080363685573e-17
vn 2.018328966435513e-17 -1 -9.317666160518233e-17
vn 1.1998078351643141e-32 -1 -9.797174820681343e-17
vn -2.018328966435513e-17 -1 -9.317666160518233e-17
vn -3.839089814029676e-17 -1 -7.926080363685573e-17
vn -5.2840539066626273e-17 -1 -5.758634224736146e-17
vn -6.211777660926985e-17 -1 -3.027493615089392e-17
vn -6.531449880454229e-17 -1 -2.3996156703286283e-32
f 1345/1345/1345 1366/1366/1366 1367/1367/1367
f 1346/1346/1346 1367/1367/1367 1368/1368/1368
f 1347/1347/1347 1368/1368/1368 1369/1369/1369
f 1348/1348/1348 1369/1369/1369 1370/1370/1370
f 1349/1349/1349 1370/1370/1370 1371/1371/1371
f 1350/1350/1350 1371/1371/1371 1372/1372/1372
f 1351/1351/1351 1372/1372/1372 1373/1373/1373
f 1352/1352/1352 1373/1373/1373 1374/1374/1374
f 1353/1353/1353 1374/1374/1374 1375/1375/1375
f 1354/1354/1354 1375/1375/1375 1376/1376/1376
f 1355/1355/1355 1376/1376/1376 1377/1377/1377
f 1356/1356/1356 1377/1377/1377 1378/1378/1378
f 1357/1357/1357 1378/1378/1378 1379/1379/1379
f 1358/1358/1358 1379/1379/1379 1380/1380/1380
f 1359/1359/1359 1380/1380/1380 1381/1381/1381
f 1360/1360/1360 1381/1381/1381 1382/1382/1382
f 1361/1361/1361 1382/1382/1382 1383/1383/1383
f 1362/1362/1362 1383/1383/1383 1384/1384/1384
f 1363/1363/1363 1384/1384/1384 1385/1385/1385
f 1364/1364/1364 1385/1385/1385 1386/1386/1386
f 1367/1367/1367 1366/1366/1366 1388/1388/1388
f 1366/1366/1366 1387/1387/1387 1388/1388/1388
f 1368/1368/1368 1367/1367/1367 1389/1389/1389
f 1367/1367/1367 1388/1388/1388 1389/1389/1389
f 1369/1369/1369 1368/1368/1368 1390/1390/1390
f 1368/1368/1368 1389/1389/1389 1390/1390/1390
f 1370/1370/1370 1369/1369/1369 1391/1391/1391
f 1369/1369/1369 1390/1390/1390 1391/1391/1391
f 1371/1371/1371 1370/1370/1370 1392/1392/1392
f 1370/1370/1370 1391/1391/1391 1392/1392/1392
f 1372/1372/1372 1371/1371/1371 1393/1393/1393
f 1371/1371/1371 1392/1392/1392 1393/1393/1393
f 1373/1373/1373 1372/1372/1372 1394/1394/1394
f 1372/1372/1372 1393/1393/1393 1394/1394/1394
f 1374/1374/1374 1373/1373/1373 1395/1395/1395
f 1373/1373/1373 1394/1394/1394 1395/1395/1395
f 1375/1375/1375 1374/1374/1374 1396/1396/1396
f 1374/1374/1374 1395/1395/1395 1396/1396/1396
f 1376/1376/1376 1375/1375/1375 1397/1397/1397
f 1375/1375/1375 1396/1396/1396 1397/1397/1397
f 1377/1377/1377 1376/1376/1376 1398/1398/1398
f 1376/1376/1376 1397/1397/1397 1398/1398/1398
f 1378/1378/1378 1377/1377/1377 1399/1399/1399
f 1377/1377/1377 1398/1398/1398 1399/1399/1399
f 1379/1379/1379 1378/1378/1378 1400/1400/1400
f 1378/1378/1378 1399/1399/1399 1400/1400/1400
f 1380/1380/1380 1379/1379/1379 1401/1401/1401
f 1379/1379/1379 1400/1400/1400 1401/1401/1401
f 1381/1381/1381 1380/1380/1380 1402/1402/1402
f 1380/1380/1380 1401/1401/1401 1402/1402/1402
f 1382/1382/1382 1381/1381/1381 1403/1403/1403
f 1381/1381/1381 1402/1402/1402 1403/1403/1403
f 1383/1383/1383 1382/1382/1382 1404/1404/1404
f 1382/1382/1382 1403/1403/1403 1404/1404/1404
f 1384/1384/1384 1383/1383/1383 1405/1405/1405
f 1383/1383/1383 1404/1404/1404 1405/1405/1405
f 1385/1385/1385 1384/1384/1384 1406/1406/1406
f 1384/1384/1384 1405/1405/1405 1406/1406/1406
f 1386/1386/1386 1385/1385/1385 1407/1407/1407
f 1385/1385/1385 1406/1406/1406 1407/1407/1407
f 1388/1388/1388 1387/1387/1387 1409/1409/1409
f 1387/1387/1387 1408/1408/1408 1409/1409/1409
f 1389/1389/1389 1388/1388/1388 1410/1410/1410
f 1388/1388/1388 1409/1409/1409 1410/1410/1410
f 1390/1390/1390 1389/1389/1389 1411/1411/1411
f 1389/1389/1389 1410/1410/1410 1411/1411/1411
f 1391/1391/1391 1390/1390/1390 1412/1412/1412
f 1390/1390/1390 1411/1411/1411 1412/1412/1412
f 1392/1392/1392 1391/1391/1391 1413/1413/1413
f 1391/1391/1391 1412/1412/1412 1413/1413/1413
f 1393/1393/1393 1392/1392/1392 1414/1414/1414
f 1392/1392/1392 1413/1413/1413 1414/1414/1414
f 1394/1394/1394 1393/1393/1393 1415/1415/1415
f 1393/1393/1393 1414/1414/1414 1415/1415/1415
f 1395/1395/1395 1394/1394/1394 1416/1416/1416
f 1394/1394/1394 1415/1415/1415 1416/1416/1416
f 1396/1396/1396 1395/1395/1395 1417/1417/1417
f 1395/1395/1395 1416/1416/1416 1417/1417/1417
f 1397/1397/1397 1396/1396/1396 1418/1418/1418
f 1396/1396/1396 1417/1417/1417 1418/1418/1418
f 1398/1398/1398 1397/1397/1397 1419/1419/1419
f 1397/1397/1397 1418/1418/1418 1419/1419/1419
f 1399/1399/1399 1398/1398/1398 1420/1420/1420
f 1398/1398/1398 1419/1419/1419 1420/1420/1420
f 1400/1400/1400 1399/1399/1399 1421/1421/1421
f 1399/1399/1399 1420/1420/1420 1421/1421/1421
f 1401/1401/1401 1400/1400/1400 1422/1422/1422
f 1400/1400/1400 1421/1421/1421 1422/1422/1422
f 1402/1402/1402 1401/1401/1401 1423/1423/1423
f 1401/1401/1401 1422/1422/1422 1423/1423/1423
f 1403/1403/1403 1402/1402/1402 1424/1424/1424
f 1402/1402/1402 1423/1423/1423 1424/1424/1424
f 1404/1404/1404 1403/1403/1403 1425/1425/1425
f 1403/1403/1403 1424/1424/1424 1425/1425/1425
f 1405/1405/1405 1404/1404/1404 1426/1426/1426
f 1404/1404/1404 1425/1425/1425 1426/1426/1426
f 1406/1406/1406 1405/1405/1405 1427/1427/1427
f 1405/1405/1405 1426/1426/1426 1427/1427/1427
f 1407/1407/1407 1406/1406/1406 1428/1428/1428
f 1406/1406/1406 1427/1427/1427 1428/1428/1428
f 1409/1409/1409 1408/1408/1408 1430/1430/1430
f 1408/1408/1408 1429/1429/1429 1430/1430/1430
f 1410/1410/1410 1409/1409/1409 1431/1431/1431
f 1409/1409/1409 1430/1430/1430 1431/1431/1431
f 1411/1411/1411 1410/1410/1410 1432/1432/1432
f 1410/1410/1410 1431/1431/1431 1432/1432/1432
f 1412/1412/1412 1411/1411/1411 1433/1433/1433
f 1411/1411/1411 1432/1432/1432 1433/1433/1433
f 1413/1413/1413 1412/1412/1412 1434/1434/1434
f 1412/1412/1412 1433/1433/1433 1434/1434/1434
f 1414/1414/1414 1413/1413/1413 1435/1435/1435
f 1413/1413/1413 1434/1434/1434 1435/1435/1435
f 1415/1415/1415 1414/1414/1414 1436/1436/1436
f 1414/1414/1414 1435/1435/1435 1436/1436/1436
f 1416/1416/1416 1415/1415/1415 1437/1437/1437
f 1415/1415/1415 1436/1436/1436 1437/1437/1437
f 1417/1417/1417 1416/1416/1416 1438/1438/1438
f 1416/1416/1416 1437/1437/1437 1438/1438/1438
f 1418/1418/1418 1417/1417/1417 1439/1439/1439
f 1417/1417/1417 1438/1438/1438 1439/1439/1439
f 1419/1419/1419 1418/1418/1418 1440/1440/1440
f 1418/1418/1418 1439/1439/1439 1440/1440/1440
f 1420/1420/1420 1419/1419/1419 1441/1441/1441
f 1419/1419/1419 1440/1440/1440 1441/1441/1441
f 1421/1421/1421 1420/1420/1420 1442/1442/1442
f 1420/1420/1420 1441/1441/1441 1442/1442/1442
f 1422/1422/1422 1421/1421/1421 1443/1443/1443
f 1421/1421/1421 1442/1442/1442 1443/1443/1443
f 1423/1423/1423 1422/1422/1422 1444/1444/1444
f 1422/1422/1422 1443/1443/1443 1444/1444/1444
f 1424/1424/1424 1423/1423/1423 1445/1445/1445
f 1423/1423/1423 1444/1444/1444 1445/1445/1445
f 1425/1425/1425 1424/1424/1424 1446/1446/1446
f 1424/1424/1424 1445/1445/1445 1446/1446/1446
f 1426/1426/1426 1425/1425/1425 1447/1447/1447
f 1425/1425/1425 1446/1446/1446 1447/1447/1447
f 1427/1427/1427 1426/1426/1426 1448/1448/1448
f 1426/1426/1426 1447/1447/1447 1448/1448/1448
f 1428/1428/1428 1427/1427/1427 1449/1449/1449
f 1427/1427/1427 1448/1448/1448 1449/1449/1449
f 1430/1430/1430 1429/1429/1429 1451/1451/1451
f 1429/1429/1429 1450/1450/1450 1451/1451/1451
f 1431/1431/1431 1430/1430/1430 1452/1452/1452
f 1430/1430/1430 1451/1451/1451 1452/1452/1452
f 1432/1432/1432 1431/1431/1431 1453/1453/1453
f 1431/1431/1431 1452/1452/1452 1453/1453/1453
f 1433/1433/1433 1432/1432/1432 1454/1454/1454
f 1432/1432/1432 1453/1453/1453 1454/1454/1454
f 1434/1434/1434 1433/1433/1433 1455/1455/1455
f 1433/1433/1433 1454/1454/1454 1455/1455/1455
f 1435/1435/1435 1434/1434/1434 1456/1456/1456
f 1434/1434/1434 1455/1455/1455 1456/1456/1456
f 1436/1436/1436 1435/1435/1435 1457/1457/1457
f 1435/1435/1435 1456/1456/1456 1457/1457/1457
f 1437/1437/1437 1436/1436/1436 1458/1458/1458
f 1436/1436/1436 1457/1457/1457 1458/1458/1458
f 1438/1438/1438 1437/1437/1437 1459/1459/1459
f 1437/1437/1437 1458/1458/1458 1459/1459/1459
f 1439/1439/1439 1438/1438/1438 1460/1460/1460
f 1438/1438/1438 1459/1459/1459 1460/1460/1460
f 1440/1440/1440 1439/1439/1439 1461/1461/1461
f 1439/1439/1439 1460/1460/1460 1461/1461/1461
f 1441/1441/1441 1440/1440/1440 1462/1462/1462
f 1440/1440/1440 1461/1461/1461 1462/1462/1462
f 1442/1442/1442 1441/1441/1441 1463/1463/1463
f 1441/1441/1441 1462/1462/1462 1463/1463/1463
f 1443/1443/1443 1442/1442/1442 1464/1464/1464
f 1442/1442/1442 1463/1463/1463 1464/1464/1464
f 1444/1444/1444 1443/1443/1443 1465/1465/1465
f 1443/1443/1443 1464/1464/1464 1465/1465/1465
f 1445/1445/1445 1444/1444/1444 1466/1466/1466
f 1444/1444/1444 1465/1465/1465 1466/1466/1466
f 1446/1446/1446 1445/1445/1445 1467/1467/1467
f 1445/1445/1445 1466/1466/1466 1467/1467/1467
f 1447/1447/1447 1446/1446/1446 1468/1468/1468
f 1446/1446/1446 1467/1467/1467 1468/1468/1468
f 1448/1448/1448 1447/1447/1447 1469/1469/1469
f 1447/1447/1447 1468/1468/1468 1469/1469/1469
f 1449/1449/1449 1448/1448/1448 1470/1470/1470
f 1448/1448/1448 1469/1469/1469 1470/1470/1470
f 1451/1451/1451 1450/1450/1450 1472/1472/1472
f 1450/1450/1450 1471/1471/1471 1472/1472/1472
f 1452/1452/1452 1451/1451/1451 1473/1473/1473
f 1451/1451/1451 1472/1472/1472 1473/1473/1473
f 1453/1453/1453 1452/1452/1452 1474/1474/1474
f 1452/1452/1452 1473/1473/1473 1474/1474/1474
f 1454/1454/1454 1453/1453/1453 1475/1475/1475
f 1453/1453/1453 1474/1474/1474 1475/1475/1475
f 1455/1455/1455 1454/1454/1454 1476/1476/1476
f 1454/1454/1454 1475/1475/1475 1476/1476/1476
f 1456/1456/1456 1455/1455/1455 1477/1477/1477
f 1455/1455/1455 1476/1476/1476 1477/1477/1477
f 1457/1457/1457 1456/1456/1456 1478/1478/1478
f 1456/1456/1456 1477/1477/1477 1478/1478/1478
f 1458/1458/1458 1457/1457/1457 1479/1479/1479
f 1457/1457/1457 1478/1478/1478 1479/1479/1479
f 1459/1459/1459 1458/1458/1458 1480/1480/1480
f 1458/1458/1458 1479/1479/1479 1480/1480/1480
f 1460/1460/1460 1459/1459/1459 1481/1481/1481
f 1459/1459/1459 1480/1480/1480 1481/1481/1481
f 1461/1461/1461 1460/1460/1460 1482/1482/1482
f 1460/1460/1460 1481/1481/1481 1482/1482/1482
f 1462/1462/1462 1461/1461/1461 1483/1483/1483
f 1461/1461/1461 1482/1482/1482 1483/1483/1483
f 1463/1463/1463 1462/1462/1462 1484/1484/1484
f 1462/1462/1462 1483/1483/1483 1484/1484/1484
f 1464/1464/1464 1463/1463/1463 1485/1485/1485
f 1463/1463/1463 1484/1484/1484 1485/1485/1485
f 1465/1465/1465 1464/1464/1464 1486/1486/1486
f 1464/1464/1464 1485/1485/1485 1486/1486/1486
f 1466/1466/1466 1465/1465/1465 1487/1487/1487
f 1465/1465/1465 1486/1486/1486 1487/1487/1487
f 1467/1467/1467 1466/1466/1466 1488/1488/1488
f 1466/1466/1466 1487/1487/1487 1488/1488/1488
f 1468/1468/1468 1467/1467/1467 1489/1489/1489
f 1467/1467/1467 1488/1488/1488 1489/1489/1489
f 1469/1469/1469 1468/1468/1468 1490/1490/1490
f 1468/1468/1468 1489/1489/1489 1490/1490/1490
f 1470/1470/1470 1469/1469/1469 1491/1491/1491
f 1469/1469/1469 1490/1490/1490 1491/1491/1491
f 1472/1472/1472 1471/1471/1471 1493/1493/1493
f 1471/1471/1471 1492/1492/1492 1493/1493/1493
f 1473/1473/1473 1472/1472/1472 1494/1494/1494
f 1472/1472/1472 1493/1493/1493 1494/1494/1494
f 1474/1474/1474 1473/1473/1473 1495/1495/1495
f 1473/1473/1473 1494/1494/1494 1495/1495/1495
f 1475/1475/1475 1474/1474/1474 1496/1496/1496
f 1474/1474/1474 1495/1495/1495 1496/1496/1496
f 1476/1476/1476 1475/1475/1475 1497/1497/1497
f 1475/1475/1475 1496/1496/1496 1497/1497/1497
f 1477/1477/1477 1476/1476/1476 1498/1498/1498
f 1476/1476/1476 1497/1497/1497 1498/1498/1498
f 1478/1478/1478 1477/1477/1477 1499/1499/1499
f 1477/1477/1477 1498/1498/1498 1499/1499/1499
f 1479/1479/1479 1478/1478/1478 1500/1500/1500
f 1478/1478/1478 1499/1499/1499 1500/1500/1500
f 1480/1480/1480 1479/1479/1479 1501/1501/1501
f 1479/1479/1479 1500/1500/1500 1501/1501/1501
f 1481/1481/1481 1480/1480/1480 1502/1502/1502
f 1480/1480/1480 1501/1501/1501 1502/1502/1502
f 1482/1482/1482 1481/1481/1481 1503/1503/1503
f 1481/1481/1481 1502/1502/1502 1503/1503/1503
f 1483/1483/1483 1482/1482/1482 1504/1504/1504
f 1482/1482/1482 1503/1503/1503 1504/1504/1504
f 1484/1484/1484 1483/1483/1483 1505/1505/1505
f 1483/1483/1483 1504/1504/1504 1505/1505/1505
f 1485/1485/1485 1484/1484/1484 1506/1506/1506
f 1484/1484/1484 1505/1505/1505 1506/1506/1506
f 1486/1486/1486 1485/1485/1485 1507/1507/1507
f 1485/1485/1485 1506/1506/1506 1507/1507/1507
f 1487/1487/1487 1486/1486/1486 1508/1508/1508
f 1486/1486/1486 1507/1507/1507 1508/1508/1508
f 1488/1488/1488 1487/1487/1487 1509/1509/1509
f 1487/1487/1487 1508/1508/1508 1509/1509/1509
f 1489/1489/1489 1488/1488/1488 1510/1510/1510
f 1488/1488/1488 1509/1509/1509 1510/1510/1510
f 1490/1490/1490 1489/1489/1489 1511/1511/1511
f 1489/1489/1489 1510/1510/1510 1511/1511/1511
f 1491/1491/1491 1490/1490/1490 1512/1512/1512
f 1490/1490/1490 1511/1511/1511 1512/1512/1512
f 1493/1493/1493 1492/1492/1492 1514/1514/1514
f 1492/1492/1492 1513/1513/1513 1514/1514/1514
f 1494/1494/1494 1493/1493/1493 1515/1515/1515
f 1493/1493/1493 1514/1514/1514 1515/1515/1515
f 1495/1495/1495 1494/1494/1494 1516/1516/1516
f 1494/1494/1494 1515/1515/1515 1516/1516/1516
f 1496/1496/1496 1495/1495/1495 1517/1517/1517
f 1495/1495/1495 1516/1516/1516 1517/1517/1517
f 1497/1497/1497 1496/1496/1496 1518/1518/1518
f 1496/1496/1496 1517/1517/1517 1518/1518/1518
f 1498/1498/1498 1497/1497/1497 1519/1519/1519
f 1497/1497/1497 1518/1518/1518 1519/1519/1519
f 1499/1499/1499 1498/1498/1498 1520/1520/1520
f 1498/1498/1498 1519/1519/1519 1520/1520/1520
f 1500/1500/1500 1499/1499/1499 1521/1521/1521
f 1499/1499/1499 1520/1520/1520 1521/1521/1521
f 1501/1501/1501 1500/1500/1500 1522/1522/1522
f 1500/1500/1500 1521/1521/1521 1522/1522/1522
f 1502/1502/1502 1501/1501/1501 1523/1523/1523
f 1501/1501/1501 1522/1522/1522 1523/1523/1523
f 1503/1503/1503 1502/1502/1502 1524/1524/1524
f 1502/1502/1502 1523/1523/1523 1524/1524/1524
f 1504/1504/1504 1503/1503/1503 1525/1525/1525
f 1503/1503/1503 1524/1524/1524 1525/1525/1525
f 1505/1505/1505 1504/1504/1504 1526/1526/1526
f 1504/1504/1504 1525/1525/1525 1526/1526/1526
f 1506/1506/1506 1505/1505/1505 1527/1527/1527
f 1505/1505/1505 1526/1526/1526 1527/1527/1527
f 1507/1507/1507 1506/1506/1506 1528/1528/1528
f 1506/1506/1506 1527/1527/1527 1528/1528/1528
f 1508/1508/1508 1507/1507/1507 1529/1529/1529
f 1507/1507/1507 1528/1528/1528 1529/1529/1529
f 1509/1509/1509 1508/1508/1508 1530/1530/1530
f 1508/1508/1508 1529/1529/1529 1530/1530/1530
f 1510/1510/1510 1509/1509/1509 1531/1531/1531
f 1509/1509/1509 1530/1530/1530 1531/1531/1531
f 1511/1511/1511 1510/1510/1510 1532/1532/1532
f 1510/1510/1510 1531/1531/1531 1532/1532/1532
f 1512/1512/1512 1511/1511/1511 1533/1533/1533
f 1511/1511/1511 1532/1532/1532 1533/1533/1533
f 1514/1514/1514 1513/1513/1513 1535/1535/1535
f 1513/1513/1513 1534/1534/1534 1535/1535/1535
f 1515/1515/1515 1514/1514/1514 1536/1536/1536
f 1514/1514/1514 1535/1535/1535 1536/1536/1536
f 1516/1516/1516 1515/1515/1515 1537/1537/1537
f 1515/1515/1515 1536/1536/1536 1537/1537/1537
f 1517/1517/1517 1516/1516/1516 1538/1538/1538
f 1516/1516/1516 1537/1537/1537 1538/1538/1538
f 1518/1518/1518 1517/1517/1517 1539/1539/1539
f 1517/1517/1517 1538/1538/1538 1539/1539/1539
f 1519/1519/1519 1518/1518/1518 1540/1540/1540
f 1518/1518/1518 1539/1539/1539 1540/1540/1540
f 1520/1520/1520 1519/1519/1519 1541/1541/1541
f 1519/1519/1519 1540/1540/1540 1541/1541/1541
f 1521/1521/1521 1520/1520/1520 1542/1542/1542
f 1520/1520/1520 1541/1541/1541 1542/1542/1542
f 1522/1522/1522 1521/1521/1521 1543/1543/1543
f 1521/1521/1521 1542/1542/1542 1543/1543/1543
f 1523/1523/1523 1522/1522/1522 1544/1544/1544
f 1522/1522/1522 1543/1543/1543 1544/1544/1544
f 1524/1524/1524 1523/1523/1523 1545/1545/1545
f 1523/1523/1523 1544/1544/1544 1545/1545/1545
f 1525/1525/1525 1524/1524/1524 1546/1546/1546
f 1524/1524/1524 1545/1545/1545 1546/1546/1546
f 1526/1526/1526 1525/1525/1525 1547/1547/1547
f 1525/1525/1525 1546/1546/1546 1547/1547/1547
f 1527/1527/1527 1526/1526/1526 1548/1548/1548
f 1526/1526/1526 1547/1547/1547 1548/1548/1548
f 1528/1528/1528 1527/1527/1527 1549/1549/1549
f 1527/1527/1527 1548/1548/1548 1549/1549/1549
f 1529/1529/1529 1528/1528/1528 1550/1550/1550
f 1528/1528/1528 1549/1549/1549 1550/1550/1550
f 1530/1530/1530 1529/1529/1529 1551/1551/1551
f 1529/1529/1529 1550/1550/1550 1551/1551/1551
f 1531/1531/1531 1530/1530/1530 1552/1552/1552
f 1530/1530/1530 1551/1551/1551 1552/1552/1552
f 1532/1532/1532 1531/1531/1531 1553/1553/1553
f 1531/1531/1531 1552/1552/1552 1553/1553/1553
f 1533/1533/1533 1532/1532/1532 1554/1554/1554
f 1532/1532/1532 1553/1553/1553 1554/1554/1554
f 1535/1535/1535 1534/1534/1534 1556/1556/1556
f 1534/1534/1534 1555/1555/1555 1556/1556/1556
f 1536/1536/1536 1535/1535/1535 1557/1557/1557
f 1535/1535/1535 1556/1556/1556 1557/1557/1557
f 1537/1537/1537 1536/1536/1536 1558/1558/1558
f 1536/1536/1536 1557/1557/1557 1558/1558/1558
f 1538/1538/1538 1537/1537/1537 1559/1559/1559
f 1537/1537/1537 1558/1558/1558 1559/1559/1559
f 1539/1539/1539 1538/1538/1538 1560/1560/1560
f 1538/1538/1538 1559/1559/1559 1560/1560/1560
f 1540/1540/1540 1539/1539/1539 1561/1561/1561
f 1539/1539/1539 1560/1560/1560 1561/1561/1561
f 1541/1541/1541 1540/1540/1540 1562/1562/1562
f 1540/1540/1540 1561/1561/1561 1562/1562/1562
f 1542/1542/1542 1541/1541/1541 1563/1563/1563
f 1541/1541/1541 1562/1562/1562 1563/1563/1563
f 1543/1543/1543 1542/1542/1542 1564/1564/1564
f 1542/1542/1542 1563/1563/1563 1564/1564/1564
f 1544/1544/1544 1543/1543/1543 1565/1565/1565
f 1543/1543/1543 1564/1564/1564 1565/1565/1565
f 1545/1545/1545 1544/1544/1544 1566/1566/1566
f 1544/1544/1544 1565/1565/1565 1566/1566/1566
f 1546/1546/1546 1545/1545/1545 1567/1567/1567
f 1545/1545/1545 1566/1566/1566 1567/1567/1567
f 1547/1547/1547 1546/1546/1546 1568/1568/1568
f 1546/1546/1546 1567/1567/1567 1568/1568/1568
f 1548/1548/1548 1547/1547/1547 1569/1569/1569
f 1547/1547/1547 1568/1568/1568 1569/1569/1569
f 1549/1549/1549 1548/1548/1548 1570/1570/1570
f 1548/1548/1548 1569/1569/1569 1570/1570/1570
f 1550/1550/1550 1549/1549/1549 1571/1571/1571
f 1549/1549/1549 1570/1570/1570 1571/1571/1571
f 1551/1551/1551 1550/1550/1550 1572/1572/1572
f 1550/1550/1550 1571/1571/1571 1572/1572/1572
f 1552/1552/1552 1551/1551/1551 1573/1573/1573
f 1551/1551/1551 1572/1572/1572 1573/1573/1573
f 1553/1553/1553 1552/1552/1552 1574/1574/1574
f 1552/1552/1552 1573/1573/1573 1574/1574/1574
f 1554/1554/1554 1553/1553/1553 1575/1575/1575
f 1553/1553/1553 1574/1574/1574 1575/1575/1575
f 1556/1556/1556 1555/1555/1555 1577/1577/1577
f 1555/1555/1555 1576/1576/1576 1577/1577/1577
f 1557/1557/1557 1556/1556/1556 1578/1578/1578
f 1556/1556/1556 1577/1577/1577 1578/1578/1578
f 1558/1558/1558 1557/1557/1557 1579/1579/1579
f 1557/1557/1557 1578/1578/1578 1579/1579/1579
f 1559/1559/1559 1558/1558/1558 1580/1580/1580
f 1558/1558/1558 1579/1579/1579 1580/1580/1580
f 1560/1560/1560 1559/1559/1559 1581/1581/1581
f 1559/1559/1559 1580/1580/1580 1581/1581/1581
f 1561/1561/1561 1560/1560/1560 1582/1582/1582
f 1560/1560/1560 1581/1581/1581 1582/1582/1582
f 1562/1562/1562 1561/1561/1561 1583/1583/1583
f 1561/1561/1561 1582/1582/1582 1583/1583/1583
f 1563/1563/1563 1562/1562/1562 1584/1584/1584
f 1562/1562/1562 1583/1583/1583 1584/1584/1584
f 1564/1564/1564 1563/1563/1563 1585/1585/1585
f 1563/1563/1563 1584/1584/1584 1585/1585/1585
f 1565/1565/1565 1564/1564/1564 1586/1586/1586
f 1564/1564/1564 1585/1585/1585 1586/1586/1586
f 1566/1566/1566 1565/1565/1565 1587/1587/1587
f 1565/1565/1565 1586/1586/1586 1587/1587/1587
f 1567/1567/1567 1566/1566/1566 1588/1588/1588
f 1566/1566/1566 1587/1587/1587 1588/1588/1588
f 1568/1568/1568 1567/1567/1567 1589/1589/1589
f 1567/1567/1567 1588/1588/1588 1589/1589/1589
f 1569/1569/1569 1568/1568/1568 1590/1590/1590
f 1568/1568/1568 1589/1589/1589 1590/1590/1590
f 1570/1570/1570 1569/1569/1569 1591/1591/1591
f 1569/1569/1569 1590/1590/1590 1591/1591/1591
f 1571/1571/1571 1570/1570/1570 1592/1592/1592
f 1570/1570/1570 1591/1591/1591 1592/1592/1592
f 1572/1572/1572 1571/1571/1571 1593/1593/1593
f 1571/1571/1571 1592/1592/1592 1593/1593/1593
f 1573/1573/1573 1572/1572/1572 1594/1594/1594
f 1572/1572/1572 1593/1593/1593 1594/1594/1594
f 1574/1574/1574 1573/1573/1573 1595/1595/1595
f 1573/1573/1573 1594/1594/1594 1595/1595/1595
f 1575/1575/1575 1574/1574/1574 1596/1596/1596
f 1574/1574/1574 1595/1595/1595 1596/1596/1596
f 1577/1577/1577 1576/1576/1576 1598/1598/1598
f 1576/1576/1576 1597/1597/1597 1598/1598/1598
f 1578/1578/1578 1577/1577/1577 1599/1599/1599
f 1577/1577/1577 1598/1598/1598 1599/1599/1599
f 1579/1579/1579 1578/1578/1578 1600/1600/1600
f 1578/1578/1578 1599/1599/1599 1600/1600/1600
f 1580/1580/1580 1579/1579/1579 1601/1601/1601
f 1579/1579/1579 1600/1600/1600 1601/1601/1601
f 1581/1581/1581 1580/1580/1580 1602/1602/1602
f 1580/1580/1580 1601/1601/1601 1602/1602/1602
f 1582/1582/1582 1581/1581/1581 1603/1603/1603
f 1581/1581/1581 1602/1602/1602 1603/1603/1603
f 1583/1583/1583 1582/1582/1582 1604/1604/1604
f 1582/1582/1582 1603/1603/1603 1604/1604/1604
f 1584/1584/1584 1583/1583/1583 1605/1605/1605
f 1583/1583/1583 1604/1604/1604 1605/1605/1605
f 1585/1585/1585 1584/1584/1584 1606/1606/1606
f 1584/1584/1584 1605/1605/1605 1606/1606/1606
f 1586/1586/1586 1585/1585/1585 1607/1607/1607
f 1585/1585/1585 1606/1606/1606 1607/1607/1607
f 1587/1587/1587 1586/1586/1586 1608/1608/1608
f 1586/1586/1586 1607/1607/1607 1608/1608/1608
f 1588/1588/1588 1587/1587/1587 1609/1609/1609
f 1587/1587/1587 1608/1608/1608 1609/1609/1609
f 1589/1589/1589 1588/1588/1588 1610/1610/1610
f 1588/1588/1588 1609/1609/1609 1610/1610/1610
f 1590/1590/1590 1589/1589/1589 1611/1611/1611
f 1589/1589/1589 1610/1610/1610 1611/1611/1611
f 1591/1591/1591 1590/1590/1590 1612/1612/1612
f 1590/1590/1590 1611/1611/1611 1612/1612/1612
f 1592/1592/1592 1591/1591/1591 1613/1613/1613
f 1591/1591/1591 1612/1612/1612 1613/1613/1613
f 1593/1593/1593 1592/1592/1592 1614/1614/1614
f 1592/1592/1592 1613/1613/1613 1614/1614/1614
f 1594/1594/1594 1593/1593/1593 1615/1615/1615
f 1593/1593/1593 1614/1614/1614 1615/1615/1615
f 1595/1595/1595 1594/1594/1594 1616/1616/1616
f 1594/1594/1594 1615/1615/1615 1616/1616/1616
f 1596/1596/1596 1595/1595/1595 1617/1617/1617
f 1595/1595/1595 1616/1616/1616 1617/1617/1617
f 1598/1598/1598 1597/1597/1597 1619/1619/1619
f 1597/1597/1597 1618/1618/1618 1619/1619/1619
f 1599/1599/1599 1598/1598/1598 1620/1620/1620
f 1598/1598/1598 1619/1619/1619 1620/1620/1620
f 1600/1600/1600 1599/1599/1599 1621/1621/1621
f 1599/1599/1599 1620/1620/1620 1621/1621/1621
f 1601/1601/1601 1600/1600/1600 1622/1622/1622
f 1600/1600/1600 1621/1621/1621 1622/1622/1622
f 1602/1602/1602 1601/1601/1601 1623/1623/1623
f 1601/1601/1601 1622/1622/1622 1623/1623/1623
f 1603/1603/1603 1602/1602/1602 1624/1624/1624
f 1602/1602/1602 1623/1623/1623 1624/1624/1624
f 1604/1604/1604 1603/1603/1603 1625/1625/1625
f 1603/1603/1603 1624/1624/1624 1625/1625/1625
f 1605/1605/1605 1604/1604/1604 1626/1626/1626
f 1604/1604/1604 1625/1625/1625 1626/1626/1626
f 1606/1606/1606 1605/1605/1605 1627/1627/1627
f 1605/1605/1605 1626/1626/1626 1627/1627/1627
f 1607/1607/1607 1606/1606/1606 1628/1628/1628
f 1606/1606/1606 1627/1627/1627 1628/1628/1628
f 1608/1608/1608 1607/1607/1607 1629/1629/1629
f 1607/1607/1607 1628/1628/1628 1629/1629/1629
f 1609/1609/1609 1608/1608/1608 1630/1630/1630
f 1608/1608/1608 1629/1629/1629 1630/1630/1630
f 1610/1610/1610 1609/1609/1609 1631/1631/1631
f 1609/1609/1609 1630/1630/1630 1631/1631/1631
f 1611/1611/1611 1610/1610/1610 1632/1632/1632
f 1610/1610/1610 1631/1631/1631 1632/1632/1632
f 1612/1612/1612 1611/1611/1611 1633/1633/1633
f 1611/1611/1611 1632/1632/1632 1633/1633/1633
f 1613/1613/1613 1612/1612/1612 1634/1634/1634
f 1612/1612/1612 1633/1633/1633 1634/1634/1634
f 1614/1614/1614 1613/1613/1613 1635/1635/1635
f 1613/1613/1613 1634/1634/1634 1635/1635/1635
f 1615/1615/1615 1614/1614/1614 1636/1636/1636
f 1614/1614/1614 1635/1635/1635 1636/1636/1636
f 1616/1616/1616 1615/1615/1615 1637/1637/1637
f 1615/1615/1615 1636/1636/1636 1637/1637/1637
f 1617/1617/1617 1616/1616/1616 1638/1638/1638
f 1616/1616/1616 1637/1637/1637 1638/1638/1638
f 1619/1619/1619 1618/1618/1618 1640/1640/1640
f 1620/1620/1620 1619/1619/1619 1641/1641/1641
f 1621/1621/1621 1620/1620/1620 1642/1642/1642
f 1622/1622/1622 1621/1621/1621 1643/1643/1643
f 1623/1623/1623 1622/1622/1622 1644/1644/1644
f 1624/1624/1624 1623/1623/1623 1645/1645/1645
f 1625/1625/1625 1624/1624/1624 1646/1646/1646
f 1626/1626/1626 1625/1625/1625 1647/1647/1647
f 1627/1627/1627 1626/1626/1626 1648/1648/1648
f 1628/1628/1628 1627/1627/1627 1649/1649/1649
f 1629/1629/1629 1628/1628/1628 1650/1650/1650
f 1630/1630/1630 1629/1629/1629 1651/1651/1651
f 1631/1631/1631 1630/1630/1630 1652/1652/1652
f 1632/1632/1632 1631/1631/1631 1653/1653/1653
f 1633/1633/1633 1632/1632/1632 1654/1654/1654
f 1634/1634/1634 1633/1633/1633 1655/1655/1655
f 1635/1635/1635 1634/1634/1634 1656/1656/1656
f 1636/1636/1636 1635/1635/1635 1657/1657/1657
f 1637/1637/1637 1636/1636/1636 1658/1658/1658
f 1638/1638/1638 1637/1637/1637 1659/1659/1659
